ISO-10303-21;
HEADER;
FILE_DESCRIPTION (( 'STEP AP214' ),
    '1' );
FILE_NAME ('FG26X7S2A225KRT06.STEP',
    '2024-08-09T12:59:51',
    ( 'LENOVO' ),
    ( '' ),
    'SwSTEP 2.0',
    'SolidWorks 2021',
    '' );
FILE_SCHEMA (( 'AUTOMOTIVE_DESIGN' ));
ENDSEC;

DATA;
#1 = CARTESIAN_POINT ( 'NONE',  ( 2.750000000000000888, 0.2091053074975594839, 1.629239150284240045 ) ) ;
#2 = CARTESIAN_POINT ( 'NONE',  ( -1.749999999999920064, 0.8544593004390629298, -1.747680156139234997 ) ) ;
#3 = CARTESIAN_POINT ( 'NONE',  ( -2.003633779954654859, -0.9737267632371290338, 0.2989205570147525082 ) ) ;
#4 = CARTESIAN_POINT ( 'NONE',  ( 2.666785445233598395, 1.706242010981654289, -1.750000000000004219 ) ) ;
#5 = CARTESIAN_POINT ( 'NONE',  ( 1.685521865094593341, -0.6828263724249445943, -0.7728191443229451840 ) ) ;
#6 = CARTESIAN_POINT ( 'NONE',  ( 1.750189691146443849, -0.9023754570017867849, 0.3969272258880526261 ) ) ;
#7 = CARTESIAN_POINT ( 'NONE',  ( 0.8871362607651656074, -0.3297250977968531616, 1.227438772243748755 ) ) ;
#8 = DIRECTION ( 'NONE',  ( -1.000000000000000000, 0.000000000000000000, 0.000000000000000000 ) ) ;
#9 = CARTESIAN_POINT ( 'NONE',  ( 1.731757144955975214, -0.7621910331179699849, -0.6177299682498619271 ) ) ;
#10 = MANIFOLD_SOLID_BREP ( 'NONE', #642 ) ;
#11 = CARTESIAN_POINT ( 'NONE',  ( 2.750000000000000000, 1.313753328945229892, -0.7500000000000000000 ) ) ;
#12 = CARTESIAN_POINT ( 'NONE',  ( -2.007561474229430321, 1.338308537175880053, 1.718052740679964829 ) ) ;
#13 = CARTESIAN_POINT ( 'NONE',  ( -2.750000000000000888, -0.2522286055817890560, 1.304743563019805208 ) ) ;
#14 =( LENGTH_UNIT ( ) NAMED_UNIT ( * ) SI_UNIT ( .MILLI., .METRE. ) );
#15 = CARTESIAN_POINT ( 'NONE',  ( 1.877266030407959807, 1.337470559137341919, -1.743523089144340066 ) ) ;
#16 = CARTESIAN_POINT ( 'NONE',  ( -1.065979439369712178, -0.2895183946315670331, -1.267027511184025901 ) ) ;
#17 = CARTESIAN_POINT ( 'NONE',  ( -1.057306403420125385, -0.2882404320326586444, -1.268063782856549748 ) ) ;
#18 = CARTESIAN_POINT ( 'NONE',  ( 1.494308911717640909, -0.8196314480929801638, 0.2207730590015908323 ) ) ;
#19 =( BOUNDED_SURFACE ( )  B_SPLINE_SURFACE ( 3, 2, ( 
 ( #2018, #4488, #196 ),
 ( #4785, #2123, #4929 ),
 ( #4391, #4821, #3714 ),
 ( #1392, #2841, #4074 ),
 ( #4458, #63, #2916 ),
 ( #448, #4896, #162 ),
 ( #2958, #3346, #843 ),
 ( #2422, #1470, #616 ),
 ( #649, #3408, #3788 ),
 ( #4999, #684, #1071 ),
 ( #2659, #1432, #3153 ),
 ( #1500, #3532, #3919 ),
 ( #1137, #1873, #3000 ),
 ( #4965, #2260, #1813 ),
 ( #4183, #1935, #1041 ),
 ( #230, #2300, #5097 ),
 ( #2603, #3074, #2331 ),
 ( #3467, #4594, #4562 ),
 ( #2689, #3855, #1844 ),
 ( #2722, #5031, #4249 ) ),
 .UNSPECIFIED., .F., .F., .F. ) 
 B_SPLINE_SURFACE_WITH_KNOTS ( ( 4, 2, 2, 2, 2, 2, 2, 2, 2, 4 ),
 ( 3, 3 ),
 ( -3.489775742687715086E-18, 0.0001284637291981840059, 0.0002569274583963715355, 0.0005138549167927459983, 0.0007707823751891210032, 0.0008992461043873080720, 0.001027709833585496117, 0.001284637291981870037, 0.001541564750378245042, 0.002055419667170995269 ),
 ( 0.000000000000000000, 1.000000000000000000 ),
 .UNSPECIFIED. ) 
 GEOMETRIC_REPRESENTATION_ITEM ( )  RATIONAL_B_SPLINE_SURFACE ( (
 ( 1.000000000000000000, 0.7071067811865470176, 1.000000000000000000),
 ( 1.000000000000000000, 0.7145156772503399312, 1.000000000000000000),
 ( 1.000000000000000000, 0.7227172643629130588, 1.000000000000000000),
 ( 1.000000000000000000, 0.7395062818547690764, 1.000000000000000000),
 ( 1.000000000000000000, 0.7481082330339049458, 1.000000000000000000),
 ( 1.000000000000000000, 0.7746865674208630592, 1.000000000000000000),
 ( 1.000000000000000000, 0.7934575154305909539, 1.000000000000000000),
 ( 1.000000000000000000, 0.8352809254276439832, 1.000000000000000000),
 ( 1.000000000000000000, 0.8585490882326419770, 1.000000000000000000),
 ( 1.000000000000000000, 0.8953576761805790429, 1.000000000000000000),
 ( 1.000000000000000000, 0.9077610155896909117, 1.000000000000000000),
 ( 1.000000000000000000, 0.9300404938399979837, 1.000000000000000000),
 ( 1.000000000000000000, 0.9397763628370450206, 1.000000000000000000),
 ( 1.000000000000000000, 0.9636773508994389559, 1.000000000000000000),
 ( 1.000000000000000000, 0.9729950951221080224, 1.000000000000000000),
 ( 1.000000000000000000, 0.9862283041692488927, 1.000000000000000000),
 ( 1.000000000000000000, 0.9901849049821870308, 1.000000000000000000),
 ( 1.000000000000000000, 0.9987154368476519606, 1.000000000000000000),
 ( 1.000000000000000000, 0.9998412512312270239, 1.000000000000000000),
 ( 1.000000000000000000, 1.000000000000000000, 1.000000000000000000) ) ) 
 REPRESENTATION_ITEM ( '' )  SURFACE ( )  );
#20 = CARTESIAN_POINT ( 'NONE',  ( 1.746303540964780021, 1.315041531246739837, 1.750000000000000000 ) ) ;
#21 = CARTESIAN_POINT ( 'NONE',  ( -1.738492936111757148, -0.9047734857444473811, 0.3926496653658420599 ) ) ;
#22 = CARTESIAN_POINT ( 'NONE',  ( -1.685521865094822713, -0.6828263724256075085, 0.7728191443217429235 ) ) ;
#23 = CARTESIAN_POINT ( 'NONE',  ( -1.200375502609569267, -0.4501448242224413976, 0.9514737449834501648 ) ) ;
#24 = CARTESIAN_POINT ( 'NONE',  ( -0.6406304578192192345, 2.950968099112726506, 0.5499941236388491417 ) ) ;
#25 = CARTESIAN_POINT ( 'NONE',  ( 1.750000000000000000, 0.1188600259137341936, 1.588706042564304921 ) ) ;
#26 = CARTESIAN_POINT ( 'NONE',  ( -2.750000000000004441, 0.2091053074975102455, -1.629239150284220727 ) ) ;
#27 = CARTESIAN_POINT ( 'NONE',  ( 2.003633779954649974, -0.9737267632371290338, -0.2989205570147525082 ) ) ;
#28 = CARTESIAN_POINT ( 'NONE',  ( -2.699482967177345927, 1.619541692619827389, -1.749999999999998446 ) ) ;
#29 = CARTESIAN_POINT ( 'NONE',  ( 1.652528657478670393, -0.9047546216965007826, 0.3582391399092020867 ) ) ;
#30 = CARTESIAN_POINT ( 'NONE',  ( -1.286858859026389856, -0.4920342772614280102, 0.9047378324345520806 ) ) ;
#31 = ITEM_DEFINED_TRANSFORMATION ( 'NONE', 'NONE', #539,  #4935 ) ;
#32 = DIRECTION ( 'NONE',  ( 0.7071067811865515695, 0.7071067811865435759, 0.000000000000000000 ) ) ;
#33 = CARTESIAN_POINT ( 'NONE',  ( 1.445411751665416800, -0.9253316306213598130, -0.3747155852895486250 ) ) ;
#34 = CARTESIAN_POINT ( 'NONE',  ( 2.193039244131054666, 1.334842982511165843, -1.648877732248595018 ) ) ;
#35 = EDGE_CURVE ( 'NONE', #2094, #4700, #4687, .T. ) ;
#36 = CARTESIAN_POINT ( 'NONE',  ( 1.750000000000000000, -0.8099529597696560890, -0.5313215506047089809 ) ) ;
#37 = CARTESIAN_POINT ( 'NONE',  ( -2.750000000000000000, 0.5321683703066629745, 0.6702927007442900376 ) ) ;
#38 =( NAMED_UNIT ( * ) PLANE_ANGLE_UNIT ( ) SI_UNIT ( $, .RADIAN. ) );
#39 = CARTESIAN_POINT ( 'NONE',  ( 0.6797602862986776850, 2.942573538557359925, -0.3799662533327252123 ) ) ;
#40 = CARTESIAN_POINT ( 'NONE',  ( -1.476089989292133309, -0.6855223146792784883, 0.2205239958163135172 ) ) ;
#41 = CARTESIAN_POINT ( 'NONE',  ( 0.8535874152647680013, -0.3197254283083195148, -1.100559003834742144 ) ) ;
#42 = VERTEX_POINT ( 'NONE', #3367 ) ;
#43 = CARTESIAN_POINT ( 'NONE',  ( 1.749999999999880096, 0.9681580816140349377, -1.750000000000000000 ) ) ;
#44 = CARTESIAN_POINT ( 'NONE',  ( 0.6323000227719339783, 2.951443946044454592, 0.3584458815777254448 ) ) ;
#45 = CARTESIAN_POINT ( 'NONE',  ( 1.991996957716472672, -0.9941860799899784329, -0.2901467922822063006 ) ) ;
#46 = CARTESIAN_POINT ( 'NONE',  ( -2.545107625578660215, 1.312106051867742096, 1.359989791892027844 ) ) ;
#47 = ORIENTED_EDGE ( 'NONE', *, *, #1231, .T. ) ;
#48 = CARTESIAN_POINT ( 'NONE',  ( 1.280231950625786208, -0.6055544870011240199, 0.000000000000000000 ) ) ;
#49 = CARTESIAN_POINT ( 'NONE',  ( 1.916666666283077358, 1.307053563263371521, 1.750000000000000000 ) ) ;
#50 = DIRECTION ( 'NONE',  ( 0.6278770561785631532, -0.7783125351197561770, 0.000000000000000000 ) ) ;
#51 = CARTESIAN_POINT ( 'NONE',  ( -2.736368737774201421, 1.313585834803183250, 0.9496230857098563183 ) ) ;
#52 = CARTESIAN_POINT ( 'NONE',  ( -2.750000000000039080, 0.4455700316677761452, -1.697921736881805144 ) ) ;
#53 = ORIENTED_EDGE ( 'NONE', *, *, #2228, .F. ) ;
#54 = CARTESIAN_POINT ( 'NONE',  ( -0.2653583034009275310, 2.989313432838329732, -0.3259829928768069873 ) ) ;
#55 = SHAPE_DEFINITION_REPRESENTATION ( #2554, #2736 ) ;
#56 = CARTESIAN_POINT ( 'NONE',  ( -2.583455654851771754, 1.621777979844824191, -1.273022177484103068 ) ) ;
#57 = CARTESIAN_POINT ( 'NONE',  ( 1.750000000000000000, -0.8099529597696579764, 0.5313215506047070935 ) ) ;
#58 = CARTESIAN_POINT ( 'NONE',  ( -2.696509128778460163, 1.541247257005370130, -1.012799113545095997 ) ) ;
#59 = CARTESIAN_POINT ( 'NONE',  ( 1.749999999988505195, 1.305713610130921909, 1.750000000000000000 ) ) ;
#60 = ORIENTED_EDGE ( 'NONE', *, *, #2660, .F. ) ;
#61 = CARTESIAN_POINT ( 'NONE',  ( 2.007306357359714521, -0.9812838512536878888, -0.3064068462207950039 ) ) ;
#62 = CARTESIAN_POINT ( 'NONE',  ( 1.457008645922422074, -0.7823311822977629948, -3.061616997868380553E-17 ) ) ;
#63 = CARTESIAN_POINT ( 'NONE',  ( 2.091547508831835156, 2.381979287275065804, -1.622615258029041607 ) ) ;
#64 = CARTESIAN_POINT ( 'NONE',  ( -2.750000000000000000, 0.5342418448216019744, 0.6752814769350918844 ) ) ;
#65 = CARTESIAN_POINT ( 'NONE',  ( -1.750000000000000000, -0.5816251537179559783, 0.9366453718570350029 ) ) ;
#66 = DIRECTION ( 'NONE',  ( 1.000000000000000000, 0.000000000000000000, 0.000000000000000000 ) ) ;
#67 = CARTESIAN_POINT ( 'NONE',  ( 2.309125774313298685, 2.225511183619808708, -0.7500000000000001110 ) ) ;
#68 = DIRECTION ( 'NONE',  ( 0.9558172740508308340, 0.2939614577219929470, 0.000000000000000000 ) ) ;
#69 = CARTESIAN_POINT ( 'NONE',  ( -0.5360321586568776997, -0.1245457893671944316, 1.428500869817596053 ) ) ;
#70 = ORIENTED_EDGE ( 'NONE', *, *, #3590, .F. ) ;
#71 = EDGE_CURVE ( 'NONE', #2283, #976, #4025, .T. ) ;
#72 = CARTESIAN_POINT ( 'NONE',  ( 2.749999999999841460, 0.9681580863628161948, -1.750000023898078183 ) ) ;
#73 = AXIS2_PLACEMENT_3D ( 'NONE', #2396, #4720, #2064 ) ;
#74 = CARTESIAN_POINT ( 'NONE',  ( 0.4760667326364869667, 2.936064354155664802, 0.5947697022254310184 ) ) ;
#75 = CARTESIAN_POINT ( 'NONE',  ( -1.597104341942585659, -0.8911795736383679722, -0.3272609836683004203 ) ) ;
#76 = DIRECTION ( 'NONE',  ( 1.000000000000000000, 0.000000000000000000, 0.000000000000000000 ) ) ;
#77 = CARTESIAN_POINT ( 'NONE',  ( -2.648787782685024794, 1.364778237253883919, 1.193262162615200017 ) ) ;
#78 = ORIENTED_EDGE ( 'NONE', *, *, #4707, .F. ) ;
#79 = DIRECTION ( 'NONE',  ( 1.000000000000000000, 0.000000000000000000, 0.000000000000000000 ) ) ;
#80 = CARTESIAN_POINT ( 'NONE',  ( 1.406585782257176120, -0.9005555596060097479, 0.3696721688788745519 ) ) ;
#81 = CARTESIAN_POINT ( 'NONE',  ( 1.069303119511079148, 2.404456767276944795, -1.439531712428617105 ) ) ;
#82 = DIRECTION ( 'NONE',  ( 1.000000000000000000, 0.000000000000000000, 0.000000000000000000 ) ) ;
#83 = B_SPLINE_CURVE_WITH_KNOTS ( 'NONE', 3,
 ( #4359, #3280, #3609, #2771 ),
 .UNSPECIFIED., .F., .F.,
 ( 4, 4 ),
 ( 0.000000000000000000, 1.000000000000000000 ),
 .UNSPECIFIED. ) ;
#84 = ADVANCED_FACE ( 'NONE', ( #4057 ), #3379, .T. ) ;
#85 = CARTESIAN_POINT ( 'NONE',  ( -1.463629297337905921, -0.7699048365869080035, -0.04174111343455200185 ) ) ;
#86 = CARTESIAN_POINT ( 'NONE',  ( -1.750000000000000000, 0.3974686311734850208, -1.688659068430180099 ) ) ;
#87 = VERTEX_POINT ( 'NONE', #1025 ) ;
#88 = CARTESIAN_POINT ( 'NONE',  ( 2.500000000000000000, -12.00000000000000000, 0.000000000000000000 ) ) ;
#89 = CARTESIAN_POINT ( 'NONE',  ( -1.695203652891880131, 1.393856782217540058, -1.750000000000000000 ) ) ;
#90 = CARTESIAN_POINT ( 'NONE',  ( -1.750000000000000000, -0.6401450635739970307, 0.8992299248416779633 ) ) ;
#91 = CARTESIAN_POINT ( 'NONE',  ( -1.260252589506410947, 2.797099223882897334, -0.5982246804483172253 ) ) ;
#92 = AXIS2_PLACEMENT_3D ( 'NONE', #1974, #2003, #1111 ) ;
#93 = CARTESIAN_POINT ( 'NONE',  ( -2.722112298309970146, 1.547939782706985179, -0.8813473939352730602 ) ) ;
#94 = CARTESIAN_POINT ( 'NONE',  ( 1.815343927003605140, -1.135984858746621917, 0.02226931228879614963 ) ) ;
#95 = VERTEX_POINT ( 'NONE', #4199 ) ;
#96 = CARTESIAN_POINT ( 'NONE',  ( 2.524067438376394357, -0.8366310981674492941, -0.001315619619692629102 ) ) ;
#97 = CARTESIAN_POINT ( 'NONE',  ( 1.741630121403865195, -1.014162213809931767, -0.3137906052877050267 ) ) ;
#98 = CARTESIAN_POINT ( 'NONE',  ( 2.001624688613399705, 1.368312649555095906, -1.718082687354925087 ) ) ;
#99 = CARTESIAN_POINT ( 'NONE',  ( -1.750000000000000000, -0.5287652274660230578, 1.006287766519051941 ) ) ;
#100 = CARTESIAN_POINT ( 'NONE',  ( 1.749999999988505195, 1.305713610130923907, -1.750000000000000000 ) ) ;
#101 = CARTESIAN_POINT ( 'NONE',  ( -1.467197230596249513, -0.6432124484402740316, -0.3884075142685270987 ) ) ;
#102 = CARTESIAN_POINT ( 'NONE',  ( -0.1289933114432705308, -0.1943285378250410589, -1.370659250599538304 ) ) ;
#103 = EDGE_LOOP ( 'NONE', ( #2848, #2938, #2991, #1402 ) ) ;
#104 = CARTESIAN_POINT ( 'NONE',  ( -1.750000000000000000, -1.680000000000000160, 0.7500000000000000000 ) ) ;
#105 = CARTESIAN_POINT ( 'NONE',  ( -1.830680869562915092, -1.136120436312212156, 0.06430114619214979954 ) ) ;
#106 = DIRECTION ( 'NONE',  ( 0.000000000000000000, 0.000000000000000000, 1.000000000000000000 ) ) ;
#107 = CARTESIAN_POINT ( 'NONE',  ( -2.685062396475904833, 1.660315896328979912, 0.7500000000000000000 ) ) ;
#108 = CARTESIAN_POINT ( 'NONE',  ( -2.482301131310560294, 1.487221622377802088, 1.411009156712647927 ) ) ;
#109 = ORIENTED_EDGE ( 'NONE', *, *, #3652, .F. ) ;
#110 = CARTESIAN_POINT ( 'NONE',  ( 1.923195259079574226, -0.9464986299802088388, -0.3389303369963868051 ) ) ;
#111 = CARTESIAN_POINT ( 'NONE',  ( 1.517709170700245025, -0.8430317070755840581, 0.2562738891372024486 ) ) ;
#112 = CARTESIAN_POINT ( 'NONE',  ( -1.743713449350365213E-15, 3.000000000000000000, -6.071532165918820097E-15 ) ) ;
#113 = CARTESIAN_POINT ( 'NONE',  ( -1.750000000000000000, -0.3434211163662994615, -1.211014234246466037 ) ) ;
#114 = VERTEX_POINT ( 'NONE', #5016 ) ;
#115 = CARTESIAN_POINT ( 'NONE',  ( -2.103166820781033675, -0.9596536054415956141, 0.2769056727240988280 ) ) ;
#116 = CARTESIAN_POINT ( 'NONE',  ( 1.750000000000000000, -0.4171489463327630043, 1.133398341970820011 ) ) ;
#117 = MECHANICAL_DESIGN_GEOMETRIC_PRESENTATION_REPRESENTATION (  '', ( #296 ), #3923 ) ;
#118 = CARTESIAN_POINT ( 'NONE',  ( -1.586186386679961480, 1.616294991419247262, -1.737848423434666056 ) ) ;
#119 = CARTESIAN_POINT ( 'NONE',  ( 1.353019271138999891, -2.277908637025415128, 0.000000000000000000 ) ) ;
#120 = CARTESIAN_POINT ( 'NONE',  ( -1.735649886218229909, 1.336077295675338172, 1.750000000000000000 ) ) ;
#121 = ADVANCED_FACE ( 'NONE', ( #2207 ), #3279, .T. ) ;
#122 = CARTESIAN_POINT ( 'NONE',  ( 1.821181035507374979, -1.136113108907454095, 0.04375730330470949808 ) ) ;
#123 = ORIENTED_EDGE ( 'NONE', *, *, #4153, .F. ) ;
#124 = CARTESIAN_POINT ( 'NONE',  ( 2.750000000000000000, 1.313753328945229892, 0.7500000000368129971 ) ) ;
#125 = CARTESIAN_POINT ( 'NONE',  ( -0.3373387318123380330, 0.3373387318123345358, -5.000000000000000000 ) ) ;
#126 = DIRECTION ( 'NONE',  ( 0.000000000000000000, -1.000000000000000000, 0.000000000000000000 ) ) ;
#127 = CARTESIAN_POINT ( 'NONE',  ( -2.750000000000000888, -0.3134905195314061643, 1.242407128161946650 ) ) ;
#128 = DIRECTION ( 'NONE',  ( 1.000000000000000000, 0.000000000000000000, 0.000000000000000000 ) ) ;
#129 = CARTESIAN_POINT ( 'NONE',  ( 2.750000000000000000, 0.008945637124560860964, 0.05074337525940090382 ) ) ;
#130 = CARTESIAN_POINT ( 'NONE',  ( 1.323223304703363912, -1.623223304703365066, 0.000000000000000000 ) ) ;
#131 = CARTESIAN_POINT ( 'NONE',  ( -0.4958206888749069896, -0.2342511115050950055, -1.188992679705886069 ) ) ;
#132 = VERTEX_POINT ( 'NONE', #1752 ) ;
#133 = AXIS2_PLACEMENT_3D ( 'NONE', #144, #3663, #1723 ) ;
#134 = CARTESIAN_POINT ( 'NONE',  ( -1.445015422536171323, -0.4577708866563778844, -1.091319105641851639 ) ) ;
#135 = CARTESIAN_POINT ( 'NONE',  ( 1.031373881043964102, 2.462283035248794771, 1.395863024313479750 ) ) ;
#136 = CARTESIAN_POINT ( 'NONE',  ( 1.399352219538918529, -0.5528054861617770488, -0.8083485280763063052 ) ) ;
#137 = AXIS2_PLACEMENT_3D ( 'NONE', #2379, #1671, #2906 ) ;
#138 = CARTESIAN_POINT ( 'NONE',  ( 2.305082976719291299, -1.005096564766732259, 8.403441391617167466E-06 ) ) ;
#139 = CARTESIAN_POINT ( 'NONE',  ( -2.356253307270435027, 1.381972512176770085, 1.545273589072725162 ) ) ;
#140 = VERTEX_POINT ( 'NONE', #274 ) ;
#141 = CARTESIAN_POINT ( 'NONE',  ( 1.469555032191899979, -0.6500994743130715792, 0.3605747725030532536 ) ) ;
#142 = CARTESIAN_POINT ( 'NONE',  ( 1.476789112485670241, -0.7124388040751319373, 0.1437958187663689880 ) ) ;
#143 = CARTESIAN_POINT ( 'NONE',  ( 1.500526299954827003, 1.759234582867228891, -1.716001375647041804 ) ) ;
#144 = CARTESIAN_POINT ( 'NONE',  ( 1.000000000000000000, -1.800000000000000044, 0.000000000000000000 ) ) ;
#145 = CARTESIAN_POINT ( 'NONE',  ( -1.330397352771134800, 2.015408077979624402, 1.647858026413543620 ) ) ;
#146 = EDGE_CURVE ( 'NONE', #2014, #42, #5023, .T. ) ;
#147 = CARTESIAN_POINT ( 'NONE',  ( -1.445411751665435229, -0.9253316306213583697, -0.3747155852895350803 ) ) ;
#148 = CARTESIAN_POINT ( 'NONE',  ( -2.749999999999983125, -0.6706626122434147241, -0.7960816513373820680 ) ) ;
#149 = ADVANCED_FACE ( 'NONE', ( #3962 ), #1518, .T. ) ;
#150 = ORIENTED_EDGE ( 'NONE', *, *, #330, .T. ) ;
#151 = CARTESIAN_POINT ( 'NONE',  ( -2.334458484130617517, -0.8739908611240349012, 0.1771819558336299727 ) ) ;
#152 = CARTESIAN_POINT ( 'NONE',  ( 2.749999999999989786, 0.02827364361588791467, 1.537757121919364867 ) ) ;
#153 = EDGE_CURVE ( 'NONE', #4671, #1762, #2302, .T. ) ;
#154 = EDGE_CURVE ( 'NONE', #2668, #1322, #4568, .T. ) ;
#155 = CARTESIAN_POINT ( 'NONE',  ( -0.7861520263650382256, 2.769872995531357240, -1.026565881072577513 ) ) ;
#156 = CARTESIAN_POINT ( 'NONE',  ( -2.602333024644183812, 1.836077081281110690, 1.750000000000003997 ) ) ;
#157 =( NAMED_UNIT ( * ) PLANE_ANGLE_UNIT ( ) SI_UNIT ( $, .RADIAN. ) );
#158 = CARTESIAN_POINT ( 'NONE',  ( 1.842959887710507116, -0.9236175466629548136, 0.3709118701101170590 ) ) ;
#159 = ORIENTED_EDGE ( 'NONE', *, *, #451, .T. ) ;
#160 = CARTESIAN_POINT ( 'NONE',  ( 1.848009625183231863, -1.136252168485175629, -0.2367013555509730194 ) ) ;
#161 = DIRECTION ( 'NONE',  ( 0.000000000000000000, 0.000000000000000000, -1.000000000000000000 ) ) ;
#162 = CARTESIAN_POINT ( 'NONE',  ( 1.983925083526070221, 2.457480394576180061, -0.7255275397684679550 ) ) ;
#163 = ADVANCED_FACE ( 'NONE', ( #2281 ), #2361, .T. ) ;
#164 = CARTESIAN_POINT ( 'NONE',  ( -2.749999999999996891, -0.7332976178498884501, 0.6780887883435047225 ) ) ;
#165 = CARTESIAN_POINT ( 'NONE',  ( -1.726662449633364682, -0.7538325150046847334, 0.6370494492870938386 ) ) ;
#166 = CARTESIAN_POINT ( 'NONE',  ( 0.9658531634994520498, -0.3568565559617439820, -1.058741330607677833 ) ) ;
#167 = ORIENTED_EDGE ( 'NONE', *, *, #885, .F. ) ;
#168 = CARTESIAN_POINT ( 'NONE',  ( 2.749999999999996891, 0.3057117345252542417, -1.662007570805026146 ) ) ;
#169 = EDGE_CURVE ( 'NONE', #2283, #2516, #640, .T. ) ;
#170 = CARTESIAN_POINT ( 'NONE',  ( 2.750000000000000000, 0.8970534682756099443, 0.7476355244842329828 ) ) ;
#171 = CARTESIAN_POINT ( 'NONE',  ( -1.517709170700245025, -0.8430317070755840581, -0.2562738891372019490 ) ) ;
#172 = CARTESIAN_POINT ( 'NONE',  ( -0.7678951801761589868, 2.788675122811109741, -0.9992194903359228331 ) ) ;
#173 = CARTESIAN_POINT ( 'NONE',  ( 2.554122142337707402, -0.7488670559396219950, 1.230576441842006130E-06 ) ) ;
#174 = CARTESIAN_POINT ( 'NONE',  ( -1.743713449350365213E-15, 3.000000000000000000, -0.7500000000000000000 ) ) ;
#175 = ORIENTED_EDGE ( 'NONE', *, *, #551, .F. ) ;
#176 = CARTESIAN_POINT ( 'NONE',  ( 2.106706413195104766, -0.9561241247550273936, 0.2731496997233784363 ) ) ;
#177 = CARTESIAN_POINT ( 'NONE',  ( 1.447955489961401998, 1.841488949458474966, -1.698708736546703957 ) ) ;
#178 = DIRECTION ( 'NONE',  ( 0.7071067811865515695, 0.7071067811865435759, 0.000000000000000000 ) ) ;
#179 = B_SPLINE_CURVE_WITH_KNOTS ( 'NONE', 3,
 ( #2851, #4047, #2330, #2720 ),
 .UNSPECIFIED., .F., .F.,
 ( 4, 4 ),
 ( 0.000000000000000000, 0.0001038164048426376004 ),
 .UNSPECIFIED. ) ;
#180 = CARTESIAN_POINT ( 'NONE',  ( -1.715546096726584979, 3.000000000000000000, 1.409953756187200202 ) ) ;
#181 = CARTESIAN_POINT ( 'NONE',  ( 2.749999999999996891, -0.4879903627406867450, -1.054900969572190261 ) ) ;
#182 = CARTESIAN_POINT ( 'NONE',  ( -2.750000000000000000, 0.2899193462796930132, -0.4248699545024995361 ) ) ;
#183 = ORIENTED_EDGE ( 'NONE', *, *, #1746, .F. ) ;
#184 = EDGE_CURVE ( 'NONE', #4985, #2465, #3862, .T. ) ;
#185 = DIRECTION ( 'NONE',  ( 0.000000000000000000, 1.000000000000000000, 0.000000000000000000 ) ) ;
#186 = CARTESIAN_POINT ( 'NONE',  ( -1.750000000000000000, 0.1864541761086874749, -1.750000000000000000 ) ) ;
#187 = CARTESIAN_POINT ( 'NONE',  ( -1.994638842005001189, 1.398483567200171196, -1.724028131153081622 ) ) ;
#188 = CARTESIAN_POINT ( 'NONE',  ( -2.750000000000000000, 1.313753328945229892, 0.7500000000172800663 ) ) ;
#189 = DIRECTION ( 'NONE',  ( 1.000000000000000000, 0.000000000000000000, 0.000000000000000000 ) ) ;
#190 = CARTESIAN_POINT ( 'NONE',  ( -2.545031019801310190, 1.357713438266229922, -1.360096854983211978 ) ) ;
#191 = CARTESIAN_POINT ( 'NONE',  ( 1.260252589507033116, 2.797099223882687724, 0.5982246804485019664 ) ) ;
#192 = ADVANCED_FACE ( 'NONE', ( #679 ), #2349, .T. ) ;
#193 = VERTEX_POINT ( 'NONE', #3 ) ;
#194 = CARTESIAN_POINT ( 'NONE',  ( 2.750000000000000000, 0.7011395854399898875, -0.7278606173224790865 ) ) ;
#195 = CARTESIAN_POINT ( 'NONE',  ( 1.280231950625786208, -0.6055544870011240199, 0.000000000000000000 ) ) ;
#196 = CARTESIAN_POINT ( 'NONE',  ( 2.473516188011164907, 2.021733838396690075, -0.7500000000000000000 ) ) ;
#197 = CARTESIAN_POINT ( 'NONE',  ( 2.584683833104255424, 1.865138389376090000, 0.7500000000000000000 ) ) ;
#198 = AXIS2_PLACEMENT_3D ( 'NONE', #390, #3815, #4556 ) ;
#199 = CARTESIAN_POINT ( 'NONE',  ( 1.750000000000000000, -0.6706622598510190159, -0.7960814397176340096 ) ) ;
#200 = CARTESIAN_POINT ( 'NONE',  ( 1.516155642535034875, -0.8414781789103750187, -0.2582632744965859817 ) ) ;
#201 = CARTESIAN_POINT ( 'NONE',  ( 0.5381110820792396332, -0.1369864191340216253, 1.413721774448812640 ) ) ;
#202 = ORIENTED_EDGE ( 'NONE', *, *, #154, .T. ) ;
#203 =( GEOMETRIC_REPRESENTATION_CONTEXT ( 3 ) GLOBAL_UNCERTAINTY_ASSIGNED_CONTEXT ( ( #2405 ) ) GLOBAL_UNIT_ASSIGNED_CONTEXT ( ( #4419, #157, #4484 ) ) REPRESENTATION_CONTEXT ( 'NONE', 'WORKASPACE' ) );
#204 = ADVANCED_FACE ( 'NONE', ( #2256 ), #3992, .T. ) ;
#205 = CARTESIAN_POINT ( 'NONE',  ( 2.749999999999983125, 0.4455700316677868034, 1.697921736881788046 ) ) ;
#206 = DIRECTION ( 'NONE',  ( 0.000000000000000000, 0.000000000000000000, -1.000000000000000000 ) ) ;
#207 = CARTESIAN_POINT ( 'NONE',  ( -1.332087511739354024, 2.772518804196865361, -0.6172337592137370210 ) ) ;
#208 = DIRECTION ( 'NONE',  ( 0.000000000000000000, 0.000000000000000000, 1.000000000000000000 ) ) ;
#209 = CARTESIAN_POINT ( 'NONE',  ( 1.464024658741087892, 3.000000000000000000, -0.7500000000000000000 ) ) ;
#210 = ORIENTED_EDGE ( 'NONE', *, *, #3902, .F. ) ;
#211 = CARTESIAN_POINT ( 'NONE',  ( 1.623969638623045997, -0.8992218435473858795, -0.3434041959417628576 ) ) ;
#212 = CARTESIAN_POINT ( 'NONE',  ( 2.722112298312900247, 1.547939782692369981, 0.8813473939973790472 ) ) ;
#213 = CARTESIAN_POINT ( 'NONE',  ( -2.007806203778949694, -0.9812753180248908746, 0.3063599537388815297 ) ) ;
#214 = EDGE_CURVE ( 'NONE', #4771, #623, #1063, .T. ) ;
#215 = DIRECTION ( 'NONE',  ( 0.000000000000000000, -1.000000000000000000, 0.000000000000000000 ) ) ;
#216 = CARTESIAN_POINT ( 'NONE',  ( -1.201506600048997342, 2.204814350583163662, 1.565068044317525775 ) ) ;
#217 = EDGE_CURVE ( 'NONE', #3314, #1477, #2377, .T. ) ;
#218 = CARTESIAN_POINT ( 'NONE',  ( -2.749999999999996891, -0.3134905195314135473, -1.242407128161916674 ) ) ;
#219 = ORIENTED_EDGE ( 'NONE', *, *, #1397, .T. ) ;
#220 = DIRECTION ( 'NONE',  ( 1.000000000000000000, 0.000000000000000000, 0.000000000000000000 ) ) ;
#221 = CARTESIAN_POINT ( 'NONE',  ( 2.750000000000000000, -0.3446033122158804751, -0.4567003109616299961 ) ) ;
#222 = CARTESIAN_POINT ( 'NONE',  ( -2.750000000000000000, 0.5807799513187700269, 0.6998652876330559991 ) ) ;
#223 = CARTESIAN_POINT ( 'NONE',  ( -2.503573344296630143, 1.984475172425695044, 0.7499999999999690248 ) ) ;
#224 = LINE ( 'NONE', #3490, #1917 ) ;
#225 = CARTESIAN_POINT ( 'NONE',  ( -2.218103141701269987, 1.483231767071012008, -1.618142553551610074 ) ) ;
#226 = CARTESIAN_POINT ( 'NONE',  ( 1.749999999988505195, 1.305713610130921909, 1.750000000000000000 ) ) ;
#227 = ORIENTED_EDGE ( 'NONE', *, *, #309, .T. ) ;
#228 = CARTESIAN_POINT ( 'NONE',  ( -2.637949370633244417, 1.785548781732650525, 0.7500000000000000000 ) ) ;
#229 = CARTESIAN_POINT ( 'NONE',  ( -1.472043087496883951, -0.6565128034466389817, 0.3233927270602935389 ) ) ;
#230 = CARTESIAN_POINT ( 'NONE',  ( 0.5476872099053919918, 2.912035256475499878, -0.6882122695100710841 ) ) ;
#231 = FACE_OUTER_BOUND ( 'NONE', #2296, .T. ) ;
#232 = CARTESIAN_POINT ( 'NONE',  ( -1.749999999999970024, -0.6706622598510110222, 0.7960814397176499968 ) ) ;
#233 = CARTESIAN_POINT ( 'NONE',  ( 1.750000000000000000, -0.5385372515407240712, -0.9943585300188219067 ) ) ;
#234 = CARTESIAN_POINT ( 'NONE',  ( 1.843703965737224948, -0.9293589622435659559, -0.3644052401484320081 ) ) ;
#235 = DIRECTION ( 'NONE',  ( -0.7071067811865510144, -0.7071067811865441310, 0.000000000000000000 ) ) ;
#236 = ORIENTED_EDGE ( 'NONE', *, *, #882, .T. ) ;
#237 = AXIS2_PLACEMENT_3D ( 'NONE', #2056, #1313, #2091 ) ;
#238 = CARTESIAN_POINT ( 'NONE',  ( 1.681467851183515050, -1.006790387558855970, -0.07447762968036339415 ) ) ;
#239 = CARTESIAN_POINT ( 'NONE',  ( -1.400914418953093321, -0.8879272823989483587, -0.3635006660405100676 ) ) ;
#240 = B_SPLINE_CURVE_WITH_KNOTS ( 'NONE', 3,
 ( #948, #3643, #1646, #513, #4784, #2525 ),
 .UNSPECIFIED., .F., .F.,
 ( 4, 2, 4 ),
 ( 0.000000000000000000, 0.5000000000000000000, 1.000000000000000000 ),
 .UNSPECIFIED. ) ;
#241 = CARTESIAN_POINT ( 'NONE',  ( 2.410665975185974030, -0.9237774048088118750, 2.586262727582939379E-05 ) ) ;
#242 = ORIENTED_EDGE ( 'NONE', *, *, #2550, .F. ) ;
#243 = CARTESIAN_POINT ( 'NONE',  ( 2.324805334410599222, -0.8787713915633119655, 0.1822773654684357869 ) ) ;
#244 = CARTESIAN_POINT ( 'NONE',  ( 2.503300384745399843, 1.354950131287407933, 1.410927973886639819 ) ) ;
#245 = CARTESIAN_POINT ( 'NONE',  ( 1.745347102142323470, -0.9034275714766916154, 0.3950849229025307219 ) ) ;
#246 = CARTESIAN_POINT ( 'NONE',  ( 2.220471093291489950, -2.283137044461879928, 0.000000000000000000 ) ) ;
#247 = ADVANCED_FACE ( 'NONE', ( #2294 ), #2311, .T. ) ;
#248 = B_SPLINE_CURVE_WITH_KNOTS ( 'NONE', 3,
 ( #2565, #1308, #1647, #1707 ),
 .UNSPECIFIED., .F., .F.,
 ( 4, 4 ),
 ( 0.000000000000000000, 1.000000000000000000 ),
 .UNSPECIFIED. ) ;
#249 = CARTESIAN_POINT ( 'NONE',  ( 2.750000000000000000, 0.5234470875649499533, -0.6627727555386799807 ) ) ;
#250 = CARTESIAN_POINT ( 'NONE',  ( -1.750000000000000000, -0.6145458737464180032, -0.8887071982077380250 ) ) ;
#251 = ORIENTED_EDGE ( 'NONE', *, *, #1076, .F. ) ;
#252 = CARTESIAN_POINT ( 'NONE',  ( 1.258232522526346875, 2.120201826112091847, 1.606283068617981868 ) ) ;
#253 = CARTESIAN_POINT ( 'NONE',  ( 2.617775617912339925, 1.362627483732149924, -1.251262603677939733 ) ) ;
#254 = AXIS2_PLACEMENT_3D ( 'NONE', #1292, #536, #936 ) ;
#255 = CARTESIAN_POINT ( 'NONE',  ( 2.750000000000000000, 0.2193304456360955224, 0.3357045805034294950 ) ) ;
#256 = CARTESIAN_POINT ( 'NONE',  ( -1.750000000000000000, 0.2091087352659974918, 1.629231373670184890 ) ) ;
#257 = CARTESIAN_POINT ( 'NONE',  ( 1.701467599896839822, -1.026790136272180076, 0.05654510441373959695 ) ) ;
#258 = CARTESIAN_POINT ( 'NONE',  ( -2.533948248704370076, 1.944095773128345694, 1.750000000000037748 ) ) ;
#259 = FACE_OUTER_BOUND ( 'NONE', #4867, .T. ) ;
#260 = CARTESIAN_POINT ( 'NONE',  ( -1.813098053166080081, 1.325529686141370123, -1.749999999999195088 ) ) ;
#261 = CARTESIAN_POINT ( 'NONE',  ( 1.500000000000000000, -1.800000000000000044, 0.000000000000000000 ) ) ;
#262 = ORIENTED_EDGE ( 'NONE', *, *, #1235, .F. ) ;
#263 = DIRECTION ( 'NONE',  ( 0.8574989559356037683, 0.5144857049222548717, 0.000000000000000000 ) ) ;
#264 = CARTESIAN_POINT ( 'NONE',  ( -1.771291846738940023, -1.096614383114282054, -1.585882499069424798E-14 ) ) ;
#265 = CARTESIAN_POINT ( 'NONE',  ( -1.077847618007774289, 2.854950820516438004, 0.5442077818832736780 ) ) ;
#266 = CARTESIAN_POINT ( 'NONE',  ( -1.750000000000039968, -0.7524347867353269326, 0.6393683882303430321 ) ) ;
#267 = CARTESIAN_POINT ( 'NONE',  ( 2.750000000000000000, 0.07620311904523610624, -0.06632192996212070424 ) ) ;
#268 = ORIENTED_EDGE ( 'NONE', *, *, #2354, .F. ) ;
#269 = TOROIDAL_SURFACE ( 'NONE', #4001, 0.5000000000000000000, 0.2500000000000000000 ) ;
#270 = EDGE_CURVE ( 'NONE', #2283, #4215, #662, .T. ) ;
#271 = CARTESIAN_POINT ( 'NONE',  ( -1.280231950625786208, -0.6055544870011240199, 0.000000000000000000 ) ) ;
#272 = CARTESIAN_POINT ( 'NONE',  ( 1.881197039879910493, -1.123590475088556140, 0.1619425407257754912 ) ) ;
#273 = CARTESIAN_POINT ( 'NONE',  ( 1.750000000000000000, 0.3974686311735385336, -1.688659068430194976 ) ) ;
#274 = CARTESIAN_POINT ( 'NONE',  ( -1.285625261016099863, -0.1286214262305653833, 3.061616997868380553E-17 ) ) ;
#275 = CARTESIAN_POINT ( 'NONE',  ( 1.962236507115527440, -1.136221907706261636, 0.05233659384189642827 ) ) ;
#276 = ORIENTED_EDGE ( 'NONE', *, *, #184, .T. ) ;
#277 = CARTESIAN_POINT ( 'NONE',  ( -2.660502796920449775, 1.720488903135779957, -0.7500000000000000000 ) ) ;
#278 = CARTESIAN_POINT ( 'NONE',  ( 2.540350030547405158, 1.405162468741702142, 1.360295618934255879 ) ) ;
#279 = PLANE ( 'NONE',  #3414 ) ;
#280 = CARTESIAN_POINT ( 'NONE',  ( -0.8574238681808841189, 2.695627139820754525, 1.138395089175132435 ) ) ;
#281 = CARTESIAN_POINT ( 'NONE',  ( -2.750000000000000000, 0.9629105905172560265, 0.7500000000000000000 ) ) ;
#282 = CARTESIAN_POINT ( 'NONE',  ( -2.446652753170543093, 1.311073422672488276, -1.479252817181857083 ) ) ;
#283 = ORIENTED_EDGE ( 'NONE', *, *, #633, .F. ) ;
#284 = CARTESIAN_POINT ( 'NONE',  ( 0.9278075193679241606, 2.610415333601577181, 1.246915378427128740 ) ) ;
#285 = CARTESIAN_POINT ( 'NONE',  ( 2.648832960431314998, 1.312939974393860121, -1.193151206371020123 ) ) ;
#286 = CARTESIAN_POINT ( 'NONE',  ( 2.749999999999975575, -0.6303263066509821044, 0.8632490744747342015 ) ) ;
#287 = CARTESIAN_POINT ( 'NONE',  ( -2.750000000000000000, 0.7153211176431298890, 0.7306010113093269753 ) ) ;
#288 = CARTESIAN_POINT ( 'NONE',  ( -1.749999999977009946, 1.305713610127001933, 1.750000000000000000 ) ) ;
#289 = CARTESIAN_POINT ( 'NONE',  ( -2.173617385038574934, 1.438539672778556211, -1.648768003331175125 ) ) ;
#290 = DIRECTION ( 'NONE',  ( 0.9558172740508310561, 0.2939614577219920033, 0.000000000000000000 ) ) ;
#291 = ORIENTED_EDGE ( 'NONE', *, *, #3854, .T. ) ;
#292 = CARTESIAN_POINT ( 'NONE',  ( 1.437036012547781461, -0.4557313111181859888, -1.091582292130064413 ) ) ;
#293 = CARTESIAN_POINT ( 'NONE',  ( -1.400914418953103979, -0.8879272823989717844, 0.3635006660405220580 ) ) ;
#294 = CARTESIAN_POINT ( 'NONE',  ( -1.308902936137248840, 2.780351019815089142, 0.6109911149610498526 ) ) ;
#295 = CARTESIAN_POINT ( 'NONE',  ( -2.750000000000067502, -0.7524347789220392491, 0.6393683841804722601 ) ) ;
#296 = STYLED_ITEM ( 'NONE', ( #1558 ), #1870 ) ;
#297 = CARTESIAN_POINT ( 'NONE',  ( 2.221013289509630173, 1.484330782520702385, -1.623755718373478762 ) ) ;
#298 = CARTESIAN_POINT ( 'NONE',  ( -1.494606689609688122, -0.4769330607705629665, 3.061616997868380553E-17 ) ) ;
#299 = DIRECTION ( 'NONE',  ( 0.000000000000000000, 0.000000000000000000, -1.000000000000000000 ) ) ;
#300 = ORIENTED_EDGE ( 'NONE', *, *, #3477, .F. ) ;
#301 = CARTESIAN_POINT ( 'NONE',  ( 1.457008645922422074, -0.7823311822977619956, -0.02863575532958790096 ) ) ;
#302 = CARTESIAN_POINT ( 'NONE',  ( 2.750000000000000000, 0.5807799513187620333, -0.6998652876330540007 ) ) ;
#303 = CARTESIAN_POINT ( 'NONE',  ( -1.097616993512735561, 2.850663079806020850, -0.9615844205178084581 ) ) ;
#304 = DIRECTION ( 'NONE',  ( 1.000000000000000000, 0.000000000000000000, 0.000000000000000000 ) ) ;
#305 = ORIENTED_EDGE ( 'NONE', *, *, #2718, .T. ) ;
#306 = CARTESIAN_POINT ( 'NONE',  ( 1.690680888524265679, -0.6910655065290888244, -0.7576506701049741110 ) ) ;
#307 = CARTESIAN_POINT ( 'NONE',  ( 1.877266026063824977, 1.337470577698296026, 1.743523089113260038 ) ) ;
#308 = CARTESIAN_POINT ( 'NONE',  ( -0.2674288834916671576, -0.1942697647260619442, -1.225417067063961918 ) ) ;
#309 = EDGE_CURVE ( 'NONE', #1528, #193, #4843, .T. ) ;
#310 = CARTESIAN_POINT ( 'NONE',  ( -0.1261093751134756136, -0.1944184869482935007, 1.225291336332438030 ) ) ;
#311 = CARTESIAN_POINT ( 'NONE',  ( -1.662398367257934995, -0.6476208412197750341, -0.8356473848237180313 ) ) ;
#312 = AXIS2_PLACEMENT_3D ( 'NONE', #583, #3313, #549 ) ;
#313 = CARTESIAN_POINT ( 'NONE',  ( 2.750000000000032419, -0.4171489845977572886, -1.133398377065460094 ) ) ;
#314 = AXIS2_PLACEMENT_3D ( 'NONE', #1837, #2216, #2595 ) ;
#315 = DIRECTION ( 'NONE',  ( -0.2939614577219925584, 0.9558172740508309451, 0.000000000000000000 ) ) ;
#316 = ORIENTED_EDGE ( 'NONE', *, *, #3537, .F. ) ;
#317 = CARTESIAN_POINT ( 'NONE',  ( 1.048090896076454115, 2.436961251433071407, 1.414278905607587067 ) ) ;
#318 = CARTESIAN_POINT ( 'NONE',  ( 2.579091939670155043, 1.565700981822399918, -1.251734051201816023 ) ) ;
#319 = CARTESIAN_POINT ( 'NONE',  ( -1.877266030409154851, 1.337470559139514181, 1.743523089145090132 ) ) ;
#320 = CARTESIAN_POINT ( 'NONE',  ( -2.749999999999940492, 0.8544592942362340127, 1.747680227945453302 ) ) ;
#321 = CARTESIAN_POINT ( 'NONE',  ( -2.750000000000000000, 0.2675411168238094883, -0.4005262616608205040 ) ) ;
#322 = CARTESIAN_POINT ( 'NONE',  ( -1.000000000000000000, -1.800000000000000044, 0.000000000000000000 ) ) ;
#323 = CARTESIAN_POINT ( 'NONE',  ( 2.250000000000000000, -12.00000000000000000, -3.061616997868389797E-17 ) ) ;
#324 = ORIENTED_EDGE ( 'NONE', *, *, #2836, .T. ) ;
#325 = DIRECTION ( 'NONE',  ( 0.000000000000000000, 0.000000000000000000, 1.000000000000000000 ) ) ;
#326 = CARTESIAN_POINT ( 'NONE',  ( -1.459987120856712117, -0.6233737205197980025, 0.4848127269705620468 ) ) ;
#327 = FACE_OUTER_BOUND ( 'NONE', #5052, .T. ) ;
#328 = CARTESIAN_POINT ( 'NONE',  ( 1.948094445866100255, -1.055396312318658492, -0.2483215895443501575 ) ) ;
#329 = CARTESIAN_POINT ( 'NONE',  ( -1.667310148028307903, -0.9064807128073287812, 0.3651306760647597405 ) ) ;
#330 = EDGE_CURVE ( 'NONE', #3789, #95, #519, .T. ) ;
#331 = CARTESIAN_POINT ( 'NONE',  ( -1.516155642535034875, -0.8414781789103761289, 0.2582632744965855376 ) ) ;
#332 = CARTESIAN_POINT ( 'NONE',  ( -1.383293044939168048, -0.5441299923377670433, 0.8361457084366070713 ) ) ;
#333 = CARTESIAN_POINT ( 'NONE',  ( -1.530014947706154205, 2.699960427067726876, 1.327583366931965214 ) ) ;
#334 = EDGE_LOOP ( 'NONE', ( #219, #1944, #2487, #283 ) ) ;
#335 = UNCERTAINTY_MEASURE_WITH_UNIT (LENGTH_MEASURE( 1.000000000000000082E-05 ), #1353, 'distance_accuracy_value', 'NONE');
#336 = CARTESIAN_POINT ( 'NONE',  ( 1.750000000000000000, -0.5017690270209129721, 1.039083594386441822 ) ) ;
#337 = CARTESIAN_POINT ( 'NONE',  ( -2.750000000000000000, 0.5974155714630060565, -0.7054066474886950822 ) ) ;
#338 = CARTESIAN_POINT ( 'NONE',  ( -0.7277152206848790383, 2.935319345231309995, -0.4036391239605970349 ) ) ;
#339 = CARTESIAN_POINT ( 'NONE',  ( -0.6166379824412425714, 2.952779437663394901, -0.3496517501760749713 ) ) ;
#340 = ORIENTED_EDGE ( 'NONE', *, *, #2513, .F. ) ;
#341 = CARTESIAN_POINT ( 'NONE',  ( -2.632177425866574882, 1.780063180734384964, -0.7500000000000000000 ) ) ;
#342 = CARTESIAN_POINT ( 'NONE',  ( 1.815419161373160062, 1.310148908289441971, 1.750000000000750067 ) ) ;
#343 = CARTESIAN_POINT ( 'NONE',  ( -1.500000000000000000, -1.800000000000000044, 0.000000000000000000 ) ) ;
#344 = CARTESIAN_POINT ( 'NONE',  ( -0.6441767448670570051, -0.2636046792432967245, 1.298356059534109264 ) ) ;
#345 = CARTESIAN_POINT ( 'NONE',  ( -1.561819054847110033, -0.5334186584040739865, -1.001024416086812030 ) ) ;
#346 = EDGE_CURVE ( 'NONE', #1354, #504, #3973, .T. ) ;
#347 = CIRCLE ( 'NONE', #868, 0.2500000000000000000 ) ;
#348 = CARTESIAN_POINT ( 'NONE',  ( 1.750000000000000000, -0.3976646605647840005, -1.154006343251398281 ) ) ;
#349 = CARTESIAN_POINT ( 'NONE',  ( 2.698116690284388053, -0.3466081927343292457, 1.351014869735522230E-07 ) ) ;
#350 = VERTEX_POINT ( 'NONE', #4134 ) ;
#351 = CARTESIAN_POINT ( 'NONE',  ( 0.9190793164635551182, 2.621783421820385040, 1.233566288959867530 ) ) ;
#352 = CARTESIAN_POINT ( 'NONE',  ( 2.648787782695255277, 1.364778237254751891, -1.193262162592618081 ) ) ;
#353 = CARTESIAN_POINT ( 'NONE',  ( -2.057922923091629830, 1.402266522209249855, 1.698919859008980016 ) ) ;
#354 = CARTESIAN_POINT ( 'NONE',  ( -2.749999999999983125, 0.3974682580154065836, 1.688660353171481887 ) ) ;
#355 = CARTESIAN_POINT ( 'NONE',  ( -2.750000000000000000, 0.6722593254651020311, -0.7232781030558619317 ) ) ;
#356 = CARTESIAN_POINT ( 'NONE',  ( 1.815450589388555080, 1.306239814465930182, -1.750000000000755174 ) ) ;
#357 = CARTESIAN_POINT ( 'NONE',  ( 1.250000000000000000, -1.800000000000000044, -3.061616997868385483E-17 ) ) ;
#358 = CARTESIAN_POINT ( 'NONE',  ( -1.457008645922422074, -0.7823311822977619956, 0.02863575532958875097 ) ) ;
#359 =( BOUNDED_SURFACE ( )  B_SPLINE_SURFACE ( 3, 2, ( 
 ( #1847, #4899, #200 ),
 ( #234, #3682, #2127 ),
 ( #3826, #1014, #587 ),
 ( #1046, #554, #1437 ) ),
 .UNSPECIFIED., .F., .F., .F. ) 
 B_SPLINE_SURFACE_WITH_KNOTS ( ( 4, 4 ),
 ( 3, 3 ),
 ( -4.069656976791290187E-05, 0.0004549538551892640418 ),
 ( 0.000000000000000000, 1.000000000000000000 ),
 .UNSPECIFIED. ) 
 GEOMETRIC_REPRESENTATION_ITEM ( )  RATIONAL_B_SPLINE_SURFACE ( (
 ( 1.000000000000000000, 0.8909216278258249577, 1.000000000000000000),
 ( 1.000000000000000000, 0.8491613082504729793, 1.000000000000000000),
 ( 1.000000000000000000, 0.7755477971769419998, 1.000000000000000000),
 ( 1.000000000000000000, 0.6934874227762179988, 1.000000000000000000) ) ) 
 REPRESENTATION_ITEM ( '' )  SURFACE ( )  );
#360 = ORIENTED_EDGE ( 'NONE', *, *, #1747, .T. ) ;
#361 = CARTESIAN_POINT ( 'NONE',  ( -1.711364701671179933, -0.7219365191442229657, 0.7032576983111900049 ) ) ;
#362 = AXIS2_PLACEMENT_3D ( 'NONE', #3945, #417, #66 ) ;
#363 = CARTESIAN_POINT ( 'NONE',  ( -1.516155642535029990, -0.8414781789103721321, -0.2582632744965894789 ) ) ;
#364 = CARTESIAN_POINT ( 'NONE',  ( 2.750000000000000000, 0.03784415118891664570, -2.818925648462309951E-15 ) ) ;
#365 =( LENGTH_UNIT ( ) NAMED_UNIT ( * ) SI_UNIT ( .MILLI., .METRE. ) );
#366 = CARTESIAN_POINT ( 'NONE',  ( -1.734723475976809855E-15, 3.000000000000000000, 0.000000000000000000 ) ) ;
#367 = CARTESIAN_POINT ( 'NONE',  ( -2.750000000000000000, 1.313753328945229892, 0.7500000000000000000 ) ) ;
#368 = ORIENTED_EDGE ( 'NONE', *, *, #2721, .T. ) ;
#369 = CIRCLE ( 'NONE', #4317, 0.2500000000000000000 ) ;
#370 = CARTESIAN_POINT ( 'NONE',  ( 2.750000000000000000, 0.5753386119242489549, 0.6978242268668050086 ) ) ;
#371 = CARTESIAN_POINT ( 'NONE',  ( -2.749999999999996891, 0.05794919313327295124, -1.555917859605751019 ) ) ;
#372 = DIRECTION ( 'NONE',  ( 0.000000000000000000, 0.000000000000000000, 1.000000000000000000 ) ) ;
#373 = CARTESIAN_POINT ( 'NONE',  ( -2.309121447965504448, 2.225516546533911733, -0.7499999999999997780 ) ) ;
#374 = EDGE_LOOP ( 'NONE', ( #4979, #391, #4916, #2317 ) ) ;
#375 = CARTESIAN_POINT ( 'NONE',  ( -1.747157069405290031, 1.313087684953073930, -1.750000000000000000 ) ) ;
#376 = CARTESIAN_POINT ( 'NONE',  ( 0.5171328740644740574, -0.2313605863095132553, -1.194422366052969364 ) ) ;
#377 = AXIS2_PLACEMENT_3D ( 'NONE', #2631, #1871, #1008 ) ;
#378 = CARTESIAN_POINT ( 'NONE',  ( -1.006424480757956319, -0.3709139741571692572, 1.182802125620044276 ) ) ;
#379 = CIRCLE ( 'NONE', #4680, 0.2500000000000000000 ) ;
#380 = CARTESIAN_POINT ( 'NONE',  ( 2.580987113963459922, -0.6829318340475459825, 2.098662818720565137E-16 ) ) ;
#381 = AXIS2_PLACEMENT_3D ( 'NONE', #878, #3244, #161 ) ;
#382 = ORIENTED_EDGE ( 'NONE', *, *, #2196, .T. ) ;
#383 = CARTESIAN_POINT ( 'NONE',  ( 1.537245187164452354, -0.7825372363721962987, -0.5773597643687589098 ) ) ;
#384 = CARTESIAN_POINT ( 'NONE',  ( 2.718194481776179838, 1.428309106385449834, -1.012201080160954003 ) ) ;
#385 = CARTESIAN_POINT ( 'NONE',  ( -1.749999999988505195, 1.305713610130923907, 1.750000000000000000 ) ) ;
#386 = CARTESIAN_POINT ( 'NONE',  ( -2.749999999999996891, -0.1115487201349941587, 1.436396621963803577 ) ) ;
#387 =( NAMED_UNIT ( * ) PLANE_ANGLE_UNIT ( ) SI_UNIT ( $, .RADIAN. ) );
#388 = CARTESIAN_POINT ( 'NONE',  ( 2.007826749638229824, -0.9812745425861609805, 0.3063575938040629665 ) ) ;
#389 = CARTESIAN_POINT ( 'NONE',  ( -1.476079889746400475, -0.6854234752520209639, 0.2208507080965635416 ) ) ;
#390 = CARTESIAN_POINT ( 'NONE',  ( -1.750000000000000000, -1.680000000000000160, -0.7500000000000000000 ) ) ;
#391 = ORIENTED_EDGE ( 'NONE', *, *, #4851, .T. ) ;
#392 = CARTESIAN_POINT ( 'NONE',  ( 0.8869797609384975079, -0.2298315123712164065, -1.326888933557449191 ) ) ;
#393 = CARTESIAN_POINT ( 'NONE',  ( 1.097616993512739114, 2.850663079806027067, 0.9615844205178357695 ) ) ;
#394 = EDGE_CURVE ( 'NONE', #3545, #1201, #2441, .T. ) ;
#395 = CARTESIAN_POINT ( 'NONE',  ( 2.699482967177349924, 1.619541692619820061, 0.7500000000000000000 ) ) ;
#396 = CARTESIAN_POINT ( 'NONE',  ( 1.962236507115533657, -1.136221907706261636, -0.05233659384189671276 ) ) ;
#397 = CARTESIAN_POINT ( 'NONE',  ( -1.588798083369466818, -0.9141206197448077386, 0.3715470528626360069 ) ) ;
#398 = CARTESIAN_POINT ( 'NONE',  ( 0.8853235671234628290, 2.663574609912587210, -1.181576239828069363 ) ) ;
#399 = CARTESIAN_POINT ( 'NONE',  ( -0.7277152206848159777, 2.935319345231325094, 0.4036391239607445280 ) ) ;
#400 = ORIENTED_EDGE ( 'NONE', *, *, #4044, .F. ) ;
#401 = B_SPLINE_CURVE_WITH_KNOTS ( 'NONE', 3,
 ( #4343, #4758, #138, #3362, #4469, #929, #241, #3621, #1326, #3658, #4403, #173, #1688 ),
 .UNSPECIFIED., .F., .F.,
 ( 4, 2, 2, 1, 2, 2, 4 ),
 ( 0.000000000000000000, 0.2499999999999997780, 0.3749999999999996669, 0.4374999999999983902, 0.4687499999999980016, 0.4999999999999975575, 1.000000000000000000 ),
 .UNSPECIFIED. ) ;
#402 = CARTESIAN_POINT ( 'NONE',  ( 2.750000000000000000, 0.4729419420652049566, 0.6156970000013309852 ) ) ;
#403 = CARTESIAN_POINT ( 'NONE',  ( -2.749999999999996891, 0.1188583054617326912, -1.588709239061382172 ) ) ;
#404 = CARTESIAN_POINT ( 'NONE',  ( -0.5559070271101286265, 2.963266175807840686, -0.4790365096747082330 ) ) ;
#405 = ORIENTED_EDGE ( 'NONE', *, *, #4632, .F. ) ;
#406 = CARTESIAN_POINT ( 'NONE',  ( -2.699482967177349924, 1.619541692619829831, -0.7500000000000000000 ) ) ;
#407 = CARTESIAN_POINT ( 'NONE',  ( -1.991996647320054548, -0.9941866392836999911, 0.2901465678628636358 ) ) ;
#408 = CARTESIAN_POINT ( 'NONE',  ( 1.525882758779729897, -0.5101445300705819141, 1.028804879991898069 ) ) ;
#409 = LINE ( 'NONE', #2785, #740 ) ;
#410 = EDGE_CURVE ( 'NONE', #2967, #1587, #4783, .T. ) ;
#411 = CARTESIAN_POINT ( 'NONE',  ( 2.693708416678459283, -0.3631018124671260838, -2.262790673800093883E-06 ) ) ;
#412 = ORIENTED_EDGE ( 'NONE', *, *, #4750, .T. ) ;
#413 = CARTESIAN_POINT ( 'NONE',  ( 1.440725085526058047, -0.5751559526271351475, -0.9512059490299317188 ) ) ;
#414 = CARTESIAN_POINT ( 'NONE',  ( 2.356253307261670038, 1.381972512213440085, -1.545273589054835028 ) ) ;
#415 = CARTESIAN_POINT ( 'NONE',  ( -1.749999999988505195, 1.305713610130923907, 1.750000000000000000 ) ) ;
#416 = CARTESIAN_POINT ( 'NONE',  ( -2.750000000000000000, 0.3132419121087219871, 0.4502994451580910051 ) ) ;
#417 = DIRECTION ( 'NONE',  ( 0.000000000000000000, 0.000000000000000000, 1.000000000000000000 ) ) ;
#418 = FACE_OUTER_BOUND ( 'NONE', #4733, .T. ) ;
#419 = CARTESIAN_POINT ( 'NONE',  ( 2.171708150232281476, -1.085117853942098698, 0.1777731962576740710 ) ) ;
#420 = CARTESIAN_POINT ( 'NONE',  ( -1.962236507115526996, -1.136221907706261636, -0.05233659384189671276 ) ) ;
#421 = CARTESIAN_POINT ( 'NONE',  ( -1.055476625774492083, -0.2871825458718066382, 1.269260823845249408 ) ) ;
#422 = ORIENTED_EDGE ( 'NONE', *, *, #1520, .T. ) ;
#423 = EDGE_CURVE ( 'NONE', #808, #2094, #2838, .T. ) ;
#424 = CARTESIAN_POINT ( 'NONE',  ( -1.155074504941976610, -0.3254328756018247670, -1.229596503818704889 ) ) ;
#425 = CARTESIAN_POINT ( 'NONE',  ( 0.3521264199229994785, 2.989063560130495123, 0.2156338865642845048 ) ) ;
#426 = PRODUCT ( 'FG26X7S2A225KRT06', 'FG26X7S2A225KRT06', '', ( #1620 ) ) ;
#427 = CYLINDRICAL_SURFACE ( 'NONE', #5077, 0.1781093808680220825 ) ;
#428 = CARTESIAN_POINT ( 'NONE',  ( 1.855038110086505210, -1.136156462878030515, -0.1170076053826485940 ) ) ;
#429 = CARTESIAN_POINT ( 'NONE',  ( -2.342608659983360209, 1.452663140993146085, 1.545382860254614910 ) ) ;
#430 = CARTESIAN_POINT ( 'NONE',  ( 1.830680869562915092, -1.136120436312212156, -0.06430114619214878646 ) ) ;
#431 = CARTESIAN_POINT ( 'NONE',  ( 1.407990827262850075, -0.5596871820425520783, 0.7847438621723810126 ) ) ;
#432 = CARTESIAN_POINT ( 'NONE',  ( -0.8809021831188641460, -0.3297871368961615701, 1.088964960402913906 ) ) ;
#433 = CARTESIAN_POINT ( 'NONE',  ( -2.160853241888079701, 2.330307044121450399, 1.650692473616139244 ) ) ;
#434 = ORIENTED_EDGE ( 'NONE', *, *, #1397, .F. ) ;
#435 = CARTESIAN_POINT ( 'NONE',  ( -2.750000000000000000, 0.5456855641915699939, -0.6808483020524570550 ) ) ;
#436 = CARTESIAN_POINT ( 'NONE',  ( -1.734723475976809855E-15, 3.000000000000000000, 0.000000000000000000 ) ) ;
#437 = AXIS2_PLACEMENT_3D ( 'NONE', #4422, #511, #1739 ) ;
#438 = ORIENTED_EDGE ( 'NONE', *, *, #1992, .T. ) ;
#439 = CARTESIAN_POINT ( 'NONE',  ( -1.438031954459050743, 1.855999903700643383, -1.694888954402830494 ) ) ;
#440 = CARTESIAN_POINT ( 'NONE',  ( 1.632899960793266825, -0.9012412622486093428, 0.3483001497323398032 ) ) ;
#441 = ADVANCED_FACE ( 'NONE', ( #2368 ), #1580, .T. ) ;
#442 = SURFACE_SIDE_STYLE ('',( #818 ) ) ;
#443 = CARTESIAN_POINT ( 'NONE',  ( 2.332368317879295105, 1.488228547217672171, 1.545584603020544900 ) ) ;
#444 = AXIS2_PLACEMENT_3D ( 'NONE', #1469, #3820, #615 ) ;
#445 = CARTESIAN_POINT ( 'NONE',  ( -1.500000000000000000, -1.734723475976809855E-15, 0.000000000000000000 ) ) ;
#446 = EDGE_LOOP ( 'NONE', ( #3772, #3082, #4601, #1188, #4246, #210, #1169 ) ) ;
#447 = CARTESIAN_POINT ( 'NONE',  ( -1.525882758779729897, -0.5101445300705819141, 1.028804879991896071 ) ) ;
#448 = CARTESIAN_POINT ( 'NONE',  ( 1.439909311195080033, 1.856128512284535015, -1.698186143914750090 ) ) ;
#449 = CARTESIAN_POINT ( 'NONE',  ( 2.009282568499860311, 1.307798169075201855, -1.718016648688404979 ) ) ;
#450 = B_SPLINE_CURVE_WITH_KNOTS ( 'NONE', 3,
 ( #954, #1718, #2469, #2973 ),
 .UNSPECIFIED., .F., .F.,
 ( 4, 4 ),
 ( 1.092387494013427995E-18, 6.679535735257119953E-05 ),
 .UNSPECIFIED. ) ;
#451 = EDGE_CURVE ( 'NONE', #1773, #2981, #671, .T. ) ;
#452 = CARTESIAN_POINT ( 'NONE',  ( -1.750000000000000000, -0.03470055858992875109, 1.496536428723139966 ) ) ;
#453 =( BOUNDED_SURFACE ( )  B_SPLINE_SURFACE ( 3, 2, ( 
 ( #3858, #397, #331 ),
 ( #2304, #5101, #2636 ),
 ( #3504, #1973, #3199 ),
 ( #763, #1110, #3958 ) ),
 .UNSPECIFIED., .F., .F., .F. ) 
 B_SPLINE_SURFACE_WITH_KNOTS ( ( 4, 4 ),
 ( 3, 3 ),
 ( -4.069656976790915460E-05, 0.0004549538551890470388 ),
 ( 0.000000000000000000, 1.000000000000000000 ),
 .UNSPECIFIED. ) 
 GEOMETRIC_REPRESENTATION_ITEM ( )  RATIONAL_B_SPLINE_SURFACE ( (
 ( 1.000000000000000000, 0.8909216278258249577, 1.000000000000000000),
 ( 1.000000000000000000, 0.8491613082504889665, 1.000000000000000000),
 ( 1.000000000000000000, 0.7755477971770079471, 1.000000000000000000),
 ( 1.000000000000000000, 0.6934874227763260235, 1.000000000000000000) ) ) 
 REPRESENTATION_ITEM ( '' )  SURFACE ( )  );
#454 = CARTESIAN_POINT ( 'NONE',  ( 1.332335105085194371, 2.772008656056018427, -0.6168441206469015281 ) ) ;
#455 = DIRECTION ( 'NONE',  ( 0.000000000000000000, -1.000000000000000000, 0.000000000000000000 ) ) ;
#456 = CARTESIAN_POINT ( 'NONE',  ( -0.2647519160577436192, -0.08043909911865497475, 1.460659128873202484 ) ) ;
#457 = EDGE_CURVE ( 'NONE', #3904, #2924, #3937, .T. ) ;
#458 = ORIENTED_EDGE ( 'NONE', *, *, #1640, .F. ) ;
#459 = DIRECTION ( 'NONE',  ( 1.000000000000000000, 0.000000000000000000, 0.000000000000000000 ) ) ;
#460 = CARTESIAN_POINT ( 'NONE',  ( 0.1732179110277130007, 3.000000000000000000, 0.1106908868625705866 ) ) ;
#461 = CARTESIAN_POINT ( 'NONE',  ( -1.603267721360607023, -0.8933186076558690125, -0.3312000972022753897 ) ) ;
#462 = CARTESIAN_POINT ( 'NONE',  ( 2.660502796920444890, 1.720488903135789949, 0.7500000000000000000 ) ) ;
#463 = CARTESIAN_POINT ( 'NONE',  ( -2.540350036184415128, 1.405162411602340011, 1.360295619168377934 ) ) ;
#464 = CARTESIAN_POINT ( 'NONE',  ( 2.750000000000000000, 0.2308609167288734887, 0.3552408468125199392 ) ) ;
#465 = CARTESIAN_POINT ( 'NONE',  ( 1.459987120856714116, -0.6233737205198000009, 0.4848127269705240217 ) ) ;
#466 = CARTESIAN_POINT ( 'NONE',  ( -1.860298420494345129, -0.9860660568387130676, 0.3225116683792434991 ) ) ;
#467 = CARTESIAN_POINT ( 'NONE',  ( -2.446652753144998194, 1.311073422672488498, 1.479252817203333237 ) ) ;
#468 = ORIENTED_EDGE ( 'NONE', *, *, #3516, .F. ) ;
#469 = CARTESIAN_POINT ( 'NONE',  ( -2.749999999999996891, 0.1455552929553998454, -1.601213704947918703 ) ) ;
#470 = DIRECTION ( 'NONE',  ( 0.000000000000000000, -1.000000000000000000, 0.000000000000000000 ) ) ;
#471 = CARTESIAN_POINT ( 'NONE',  ( -2.750000000000000000, 0.2157921689171929946, 0.3306271746026170355 ) ) ;
#472 = ORIENTED_EDGE ( 'NONE', *, *, #1772, .T. ) ;
#473 = CARTESIAN_POINT ( 'NONE',  ( -1.675092683009886674, 1.443570328751071274, -1.749999999999999778 ) ) ;
#474 = CARTESIAN_POINT ( 'NONE',  ( 1.750000000000000000, -0.7376352270447530390, 0.6586401291519650147 ) ) ;
#475 = CARTESIAN_POINT ( 'NONE',  ( -1.274262830395029633, 2.792351211691921797, -0.6019924582847565597 ) ) ;
#476 = CARTESIAN_POINT ( 'NONE',  ( -2.680310438372385029, 1.597598518490085162, -1.013262025617513995 ) ) ;
#477 = AXIS2_PLACEMENT_3D ( 'NONE', #2030, #2066, #4908 ) ;
#478 = CARTESIAN_POINT ( 'NONE',  ( 1.655473505769472498, -0.6388537277123158553, 0.8491870465516391242 ) ) ;
#479 = CARTESIAN_POINT ( 'NONE',  ( 2.750000000000000000, 0.1447006329994370011, -0.2049968935738080145 ) ) ;
#480 = VERTEX_POINT ( 'NONE', #62 ) ;
#481 = CARTESIAN_POINT ( 'NONE',  ( -1.298637826104865889, -0.7008349554924370173, -5.000000000000000000 ) ) ;
#482 = DIRECTION ( 'NONE',  ( 0.5144857049222548717, 0.8574989559356037683, 0.000000000000000000 ) ) ;
#483 = CARTESIAN_POINT ( 'NONE',  ( 2.051231075968384943, 1.419949011551748130, -1.698960036235025228 ) ) ;
#484 = ADVANCED_FACE ( 'NONE', ( #528 ), #2052, .F. ) ;
#485 = CARTESIAN_POINT ( 'NONE',  ( -2.749999999999989786, -0.1329049294466183861, 1.417367805049629226 ) ) ;
#486 = B_SPLINE_CURVE_WITH_KNOTS ( 'NONE', 3,
 ( #2954, #5062, #2297, #1900 ),
 .UNSPECIFIED., .F., .F.,
 ( 4, 4 ),
 ( 0.000000000000000000, 1.000000000000000000 ),
 .UNSPECIFIED. ) ;
#487 = CARTESIAN_POINT ( 'NONE',  ( 2.523154753650068027, -0.8380035338840928771, 0.002126555315639150692 ) ) ;
#488 = CARTESIAN_POINT ( 'NONE',  ( 0.1261093751135162200, -0.1944184869482935007, -1.225291336332408054 ) ) ;
#489 = ORIENTED_EDGE ( 'NONE', *, *, #35, .T. ) ;
#490 = EDGE_CURVE ( 'NONE', #1314, #2583, #83, .T. ) ;
#491 = CARTESIAN_POINT ( 'NONE',  ( -1.525882758779589787, -0.5101445300704938735, -1.028804879992004206 ) ) ;
#492 = CARTESIAN_POINT ( 'NONE',  ( -1.962236507115530104, -1.136221907706261636, 0.05233659384189642827 ) ) ;
#493 = CARTESIAN_POINT ( 'NONE',  ( -1.734723475976809855E-15, 3.000000000000000000, 0.000000000000000000 ) ) ;
#494 = CARTESIAN_POINT ( 'NONE',  ( -2.566264362191326587, 1.906763772420509540, -0.7500000000000000000 ) ) ;
#495 = CARTESIAN_POINT ( 'NONE',  ( -2.498943051043369667, 1.399910788809356044, 1.410989789226197999 ) ) ;
#496 = CARTESIAN_POINT ( 'NONE',  ( 1.464326164698781518, -0.6350006571283816070, 0.4300488705029466008 ) ) ;
#497 = CARTESIAN_POINT ( 'NONE',  ( 2.750000000000000000, 1.372943232689946003, 0.7500000000055140337 ) ) ;
#498 = CARTESIAN_POINT ( 'NONE',  ( 1.457008645922422074, -0.7823311822977619956, -0.02863575532958790096 ) ) ;
#499 = CARTESIAN_POINT ( 'NONE',  ( -0.3095187925572248089, 2.991681823696418885, 0.2712483088801081466 ) ) ;
#500 = ORIENTED_EDGE ( 'NONE', *, *, #146, .F. ) ;
#501 = CARTESIAN_POINT ( 'NONE',  ( -2.750000000000000000, 0.3290198916501350102, -0.4670274041193560599 ) ) ;
#502 = CARTESIAN_POINT ( 'NONE',  ( 1.094419185155676599, 2.365937102735919950, 1.467455493524014276 ) ) ;
#503 = CARTESIAN_POINT ( 'NONE',  ( 2.750000000000000000, 0.3132419121087219871, 0.4502994451580910051 ) ) ;
#504 = VERTEX_POINT ( 'NONE', #3312 ) ;
#505 = CARTESIAN_POINT ( 'NONE',  ( -2.685063317882405709, 1.660313447105640883, -1.013118887111868816 ) ) ;
#506 = DIRECTION ( 'NONE',  ( 0.000000000000000000, 0.000000000000000000, 1.000000000000000000 ) ) ;
#507 = DIRECTION ( 'NONE',  ( 0.000000000000000000, 0.000000000000000000, 1.000000000000000000 ) ) ;
#508 = CARTESIAN_POINT ( 'NONE',  ( -2.705877878262340275, 1.604985523621174970, -0.7499999999394190153 ) ) ;
#509 = CARTESIAN_POINT ( 'NONE',  ( 1.234515659076189431, 2.805648326374712731, 0.5910878032068511700 ) ) ;
#510 = EDGE_CURVE ( 'NONE', #4943, #1519, #2227, .T. ) ;
#511 = DIRECTION ( 'NONE',  ( 0.000000000000000000, 0.000000000000000000, -1.000000000000000000 ) ) ;
#512 = EDGE_LOOP ( 'NONE', ( #4179, #368, #768, #3065 ) ) ;
#513 = CARTESIAN_POINT ( 'NONE',  ( -2.364148421999927141, -0.8638849922786067115, -0.1681031432401964287 ) ) ;
#514 = CARTESIAN_POINT ( 'NONE',  ( -1.595281596348005149, -0.9206041327233459581, 0.1570873764869130107 ) ) ;
#515 = CARTESIAN_POINT ( 'NONE',  ( -1.750000000000000000, -0.5689929831233540014, 0.9543846824249828664 ) ) ;
#516 = PRODUCT_CONTEXT ( 'NONE', #2460, 'mechanical' ) ;
#517 = CARTESIAN_POINT ( 'NONE',  ( 1.750000000000000000, -0.4879904142461650163, -1.054901015044229950 ) ) ;
#518 = CARTESIAN_POINT ( 'NONE',  ( -0.1240959250364371963, -0.1943319383276504719, -1.225366788177377986 ) ) ;
#519 = CIRCLE ( 'NONE', #2097, 0.2500000000000000000 ) ;
#520 = VERTEX_POINT ( 'NONE', #2915 ) ;
#521 = ADVANCED_FACE ( 'NONE', ( #4190 ), #831, .T. ) ;
#522 = CARTESIAN_POINT ( 'NONE',  ( -1.323223304703363912, -1.623223304703365066, 0.000000000000000000 ) ) ;
#523 = CARTESIAN_POINT ( 'NONE',  ( 0.9935940151898099426, 2.519997632147215061, 1.344691378400192150 ) ) ;
#524 = CARTESIAN_POINT ( 'NONE',  ( -2.637949292853547512, 1.785548913253401482, -0.7500000000000000000 ) ) ;
#525 = CARTESIAN_POINT ( 'NONE',  ( -2.648832960431314998, 1.312939974393860121, 1.193151206371020123 ) ) ;
#526 = DIRECTION ( 'NONE',  ( 0.000000000000000000, 1.000000000000000000, 0.000000000000000000 ) ) ;
#528 = FACE_OUTER_BOUND ( 'NONE', #1387, .T. ) ;
#527 = CARTESIAN_POINT ( 'NONE',  ( 2.612740528523020078, 1.414490970404539860, 1.251377386963927973 ) ) ;
#529 = CARTESIAN_POINT ( 'NONE',  ( -2.597157244803597997, -0.7260508405593762982, -0.06393951598879409060 ) ) ;
#530 = B_SPLINE_CURVE_WITH_KNOTS ( 'NONE', 3,
 ( #2921, #3317, #165, #1743, #4113, #4491, #22, #3470, #3040, #4221, #1175, #2371, #3535 ),
 .UNSPECIFIED., .F., .F.,
 ( 4, 2, 2, 1, 2, 2, 4 ),
 ( 0.000000000000000000, 0.2499999999999984457, 0.3749999999999977796, 0.4374999999999975575, 0.4687499999999976130, 0.4999999999999976685, 1.000000000000000000 ),
 .UNSPECIFIED. ) ;
#531 = CARTESIAN_POINT ( 'NONE',  ( -0.8334234181933187768, 2.720413859591106487, 1.101231692946445406 ) ) ;
#532 = ORIENTED_EDGE ( 'NONE', *, *, #3717, .T. ) ;
#533 = CARTESIAN_POINT ( 'NONE',  ( 2.750000000000000000, 0.2822077293617055171, -0.4163411348169159809 ) ) ;
#534 = CARTESIAN_POINT ( 'NONE',  ( -1.750000000000000000, -0.6881264923790679777, -0.7633756128151270026 ) ) ;
#535 = CARTESIAN_POINT ( 'NONE',  ( -2.473937495435219791, -0.7877627955901476131, 0.09179419877222884383 ) ) ;
#537 = SURFACE_STYLE_FILL_AREA ( #5100 ) ;
#536 = DIRECTION ( 'NONE',  ( 0.000000000000000000, 0.000000000000000000, 1.000000000000000000 ) ) ;
#538 = CARTESIAN_POINT ( 'NONE',  ( 2.749999999999996891, -0.6145464996399873092, 0.8887076280294962105 ) ) ;
#539 = AXIS2_PLACEMENT_3D ( 'NONE', #3648, #552, #128 ) ;
#540 = ORIENTED_EDGE ( 'NONE', *, *, #1499, .T. ) ;
#541 = CARTESIAN_POINT ( 'NONE',  ( 1.494606689609688122, -0.4769330607705629665, -3.061616997868380553E-17 ) ) ;
#542 = CARTESIAN_POINT ( 'NONE',  ( -1.830680869562915092, -1.136120436312212156, 0.06430114619214979954 ) ) ;
#543 = CARTESIAN_POINT ( 'NONE',  ( -1.748765272507114998, 1.309144344053264186, 1.750000000000000000 ) ) ;
#544 = CARTESIAN_POINT ( 'NONE',  ( -2.593563878536845113, 1.515110474653434958, -1.251478561996189898 ) ) ;
#545 = DIRECTION ( 'NONE',  ( 0.5144857049222549827, -0.8574989559356037683, 0.000000000000000000 ) ) ;
#546 = CARTESIAN_POINT ( 'NONE',  ( 1.978056393058500007, -1.137120542637903853, -0.05116948333350379574 ) ) ;
#547 =( BOUNDED_SURFACE ( )  B_SPLINE_SURFACE ( 3, 2, ( 
 ( #4895, #160, #2913 ),
 ( #61, #580, #546 ),
 ( #3344, #1775, #1348 ),
 ( #4005, #841, #2154 ),
 ( #1675, #96, #1222 ),
 ( #4107, #3577, #3278 ) ),
 .UNSPECIFIED., .F., .F., .F. ) 
 B_SPLINE_SURFACE_WITH_KNOTS ( ( 4, 2, 4 ),
 ( 3, 3 ),
 ( -0.0002087966678916644981, 0.0001020301946789574002, 0.0004128570572495795154 ),
 ( 0.000000000000000000, 1.000000000000000000 ),
 .UNSPECIFIED. ) 
 GEOMETRIC_REPRESENTATION_ITEM ( )  RATIONAL_B_SPLINE_SURFACE ( (
 ( 1.000000000000000000, 0.8657678558415700110, 1.000000000000000000),
 ( 1.000000000000000000, 0.8650517895149779646, 1.000000000000000000),
 ( 1.000000000000000000, 0.8848485575373790102, 1.000000000000000000),
 ( 1.000000000000000000, 0.9285529476331609855, 1.000000000000000000),
 ( 1.000000000000000000, 0.9523177649258109945, 1.000000000000000000),
 ( 1.000000000000000000, 0.9678447351580630187, 1.000000000000000000) ) ) 
 REPRESENTATION_ITEM ( '' )  SURFACE ( )  );
#548 = ORIENTED_EDGE ( 'NONE', *, *, #1992, .F. ) ;
#549 = DIRECTION ( 'NONE',  ( -1.000000000000000000, 0.000000000000000000, 0.000000000000000000 ) ) ;
#550 = CARTESIAN_POINT ( 'NONE',  ( -1.749999999999960032, -0.8388845720282539498, 0.4809308325065200229 ) ) ;
#551 = EDGE_CURVE ( 'NONE', #3283, #1528, #240, .T. ) ;
#552 = DIRECTION ( 'NONE',  ( 0.000000000000000000, 0.000000000000000000, 1.000000000000000000 ) ) ;
#553 = CARTESIAN_POINT ( 'NONE',  ( 2.749999999999989786, -0.5689933583549100504, -0.9543849683106325754 ) ) ;
#554 = CARTESIAN_POINT ( 'NONE',  ( 1.913141727306683526, -1.238464263682027777, -0.2439448171224843642 ) ) ;
#555 = CARTESIAN_POINT ( 'NONE',  ( 0.6414332991727598188, -0.1606829589029204475, 1.392482032827407901 ) ) ;
#556 = AXIS2_PLACEMENT_3D ( 'NONE', #4482, #3403, #608 ) ;
#557 = ORIENTED_EDGE ( 'NONE', *, *, #5050, .F. ) ;
#558 = CARTESIAN_POINT ( 'NONE',  ( 2.750000000000000000, 0.5598347546133629615, -0.6904058809802749996 ) ) ;
#559 = CARTESIAN_POINT ( 'NONE',  ( 2.750000000000000000, 1.080205472464321970, 0.7500000000000000000 ) ) ;
#560 = CARTESIAN_POINT ( 'NONE',  ( -1.525882758779589787, -0.5101445300704938735, -1.028804879992004206 ) ) ;
#561 = CARTESIAN_POINT ( 'NONE',  ( -2.749999999999280131, 1.372410995961909963, 0.8809855859867589123 ) ) ;
#562 = CARTESIAN_POINT ( 'NONE',  ( 1.733859022619832935, -0.9053785054139428246, -0.3909395551132254787 ) ) ;
#563 = CARTESIAN_POINT ( 'NONE',  ( 1.505367058005684155, -0.8959639579809665078, 0.4047744467044246952 ) ) ;
#564 = CARTESIAN_POINT ( 'NONE',  ( 1.274873347483075792, 2.096547379875610684, -1.615412218572421343 ) ) ;
#565 = DIRECTION ( 'NONE',  ( 0.7071067811865436870, -0.7071067811865514585, 0.000000000000000000 ) ) ;
#566 = CARTESIAN_POINT ( 'NONE',  ( -0.9052105128143939083, 2.639352782809329057, 1.212252061432455452 ) ) ;
#567 = VERTEX_POINT ( 'NONE', #975 ) ;
#568 = ADVANCED_FACE ( 'NONE', ( #4250 ), #4423, .F. ) ;
#569 = CARTESIAN_POINT ( 'NONE',  ( -1.764119652239384939, -0.8380560036229569576, -0.4800666328037179742 ) ) ;
#570 = CARTESIAN_POINT ( 'NONE',  ( -2.750000000000000000, 0.2595500472034170114, -0.3904856694504910131 ) ) ;
#571 = CARTESIAN_POINT ( 'NONE',  ( 1.223260453669636094, 2.171749759012982839, 1.582552709337993857 ) ) ;
#572 = CARTESIAN_POINT ( 'NONE',  ( -1.750000000000000000, -0.07291454520837059583, -1.496147290704068045 ) ) ;
#573 = EDGE_CURVE ( 'NONE', #1322, #87, #745, .T. ) ;
#574 = ORIENTED_EDGE ( 'NONE', *, *, #1689, .F. ) ;
#575 = CARTESIAN_POINT ( 'NONE',  ( -1.519591227978596137, 1.728661941018733161, -1.721558919016513700 ) ) ;
#576 = CARTESIAN_POINT ( 'NONE',  ( 2.566264412508214576, 1.906763710048004379, -0.7499999999999982236 ) ) ;
#577 = CARTESIAN_POINT ( 'NONE',  ( -2.533947622076154982, 1.944095370469115069, 0.7500000000000229816 ) ) ;
#578 = CARTESIAN_POINT ( 'NONE',  ( -2.251037729722745517, 1.338576932539132125, -1.617887077176585198 ) ) ;
#579 = CARTESIAN_POINT ( 'NONE',  ( 1.679659479186413451, 2.636327499228425797, 0.6895887584835741491 ) ) ;
#580 = CARTESIAN_POINT ( 'NONE',  ( 2.015042457115145957, -1.133549789319200807, -0.2213273930886868190 ) ) ;
#581 = ORIENTED_EDGE ( 'NONE', *, *, #573, .T. ) ;
#582 = DIRECTION ( 'NONE',  ( -0.000000000000000000, 1.000000000000000000, 0.000000000000000000 ) ) ;
#583 = CARTESIAN_POINT ( 'NONE',  ( -2.000000000000000000, -3.000000000000000000, 0.000000000000000000 ) ) ;
#584 = CARTESIAN_POINT ( 'NONE',  ( 2.642652595335273524, 1.759459519870541611, 1.749999999999986899 ) ) ;
#585 = EDGE_CURVE ( 'NONE', #1124, #682, #2408, .T. ) ;
#586 = CARTESIAN_POINT ( 'NONE',  ( 1.750000000000000000, -0.6145458737464140064, -0.8887071982077430210 ) ) ;
#587 = CARTESIAN_POINT ( 'NONE',  ( 1.701467599896339999, -1.026790136271683807, -0.05654510441488819900 ) ) ;
#588 = ORIENTED_EDGE ( 'NONE', *, *, #1231, .F. ) ;
#589 = ORIENTED_EDGE ( 'NONE', *, *, #169, .F. ) ;
#590 = CARTESIAN_POINT ( 'NONE',  ( 2.750000000000011102, 0.3974682580154051958, 1.688660353171487882 ) ) ;
#591 = CARTESIAN_POINT ( 'NONE',  ( 1.949939066158360212, -1.058901046106275778, 0.2532140727164036154 ) ) ;
#592 = CARTESIAN_POINT ( 'NONE',  ( -1.176517252566560146, 2.824517946322024908, -0.5746882633377419225 ) ) ;
#593 = CARTESIAN_POINT ( 'NONE',  ( -2.073490364430500055, -2.761045681487295234, 3.061616997868380553E-17 ) ) ;
#594 = ADVANCED_FACE ( 'NONE', ( #698 ), #4234, .F. ) ;
#595 = CARTESIAN_POINT ( 'NONE',  ( 2.750000000000000000, 2.203528862443920211, -0.7500000000000000000 ) ) ;
#596 = CARTESIAN_POINT ( 'NONE',  ( 2.385758120274382055, -0.8477918827851183003, 0.1497763024699232393 ) ) ;
#597 = CARTESIAN_POINT ( 'NONE',  ( -1.825181520210314989, -1.136099733132009959, 0.06479624460476759995 ) ) ;
#598 = CARTESIAN_POINT ( 'NONE',  ( 2.583761084282354847, -0.6796415288738720806, -0.002726105605571665230 ) ) ;
#599 = CARTESIAN_POINT ( 'NONE',  ( -1.021865277767399327, 2.476860726830072856, 1.381681146395808746 ) ) ;
#600 = ORIENTED_EDGE ( 'NONE', *, *, #2232, .T. ) ;
#601 = CARTESIAN_POINT ( 'NONE',  ( 2.750000000000000000, 0.4978782648226720564, -0.6395448365346050323 ) ) ;
#602 = CARTESIAN_POINT ( 'NONE',  ( -2.749999999999983125, -0.3976646487908407357, -1.154006332048377770 ) ) ;
#603 = CARTESIAN_POINT ( 'NONE',  ( 1.603045058928090461, 1.585851418181348338, 1.740992326250757616 ) ) ;
#605 = ORIENTED_EDGE ( 'NONE', *, *, #1670, .F. ) ;
#604 = DIRECTION ( 'NONE',  ( 0.000000000000000000, 0.000000000000000000, 1.000000000000000000 ) ) ;
#606 = EDGE_LOOP ( 'NONE', ( #2238, #4370, #1394, #4396, #3840 ) ) ;
#607 = CARTESIAN_POINT ( 'NONE',  ( -1.750000000000000000, 0.1455535790712859934, 1.601217593255000127 ) ) ;
#608 = DIRECTION ( 'NONE',  ( 0.000000000000000000, 0.000000000000000000, -1.000000000000000000 ) ) ;
#609 = CARTESIAN_POINT ( 'NONE',  ( -2.666785445233598395, 1.706242010981654289, 1.749999999999998446 ) ) ;
#610 = ADVANCED_FACE ( 'NONE', ( #2444 ), #2690, .T. ) ;
#611 = CARTESIAN_POINT ( 'NONE',  ( -2.248058250265195124, 1.368442241792414027, -1.617925419280864974 ) ) ;
#612 = CARTESIAN_POINT ( 'NONE',  ( -1.923356167577489950, -0.2196902083094334768, 0.000000000000000000 ) ) ;
#613 = B_SPLINE_CURVE_WITH_KNOTS ( 'NONE', 3,
 ( #3795, #1357, #4567, #1015 ),
 .UNSPECIFIED., .F., .F.,
 ( 4, 4 ),
 ( 0.000000000000000000, 1.000000000000000000 ),
 .UNSPECIFIED. ) ;
#614 = VERTEX_POINT ( 'NONE', #4217 ) ;
#615 = DIRECTION ( 'NONE',  ( -1.000000000000000000, 0.000000000000000000, 0.000000000000000000 ) ) ;
#616 = CARTESIAN_POINT ( 'NONE',  ( 1.651329029168390194, 2.641647666793924820, -0.6818168900819220335 ) ) ;
#617 = CARTESIAN_POINT ( 'NONE',  ( -2.749999999999947153, -0.6706626122433921866, 0.7960816513373989434 ) ) ;
#618 = AXIS2_PLACEMENT_3D ( 'NONE', #4389, #2488, #4818 ) ;
#619 = CARTESIAN_POINT ( 'NONE',  ( 2.749999999999996891, -0.8005056906728197363, -0.5477314005212181591 ) ) ;
#620 = DIRECTION ( 'NONE',  ( -0.7071067811865510144, 0.7071067811865440200, 0.000000000000000000 ) ) ;
#621 = CARTESIAN_POINT ( 'NONE',  ( -1.708981428593585150, -0.3483116345399974723, 0.000000000000000000 ) ) ;
#622 = ORIENTED_EDGE ( 'NONE', *, *, #1178, .F. ) ;
#623 = VERTEX_POINT ( 'NONE', #264 ) ;
#624 = CARTESIAN_POINT ( 'NONE',  ( 1.750000000000000000, 1.080205472464321970, 1.750000000000000000 ) ) ;
#625 = CARTESIAN_POINT ( 'NONE',  ( -1.742093598307008717, -0.9042053385786846809, -0.3939430829254548794 ) ) ;
#626 = CARTESIAN_POINT ( 'NONE',  ( -1.647431958260638263, -0.6281882072686271190, -0.8664062699254085897 ) ) ;
#627 = CARTESIAN_POINT ( 'NONE',  ( 1.525882758779589787, -0.5101445300704938735, -1.028804879992004206 ) ) ;
#629 = ORIENTED_EDGE ( 'NONE', *, *, #1178, .T. ) ;
#628 = CARTESIAN_POINT ( 'NONE',  ( 2.503386811788904875, 1.311770628256172078, 1.410826750584722067 ) ) ;
#630 = CARTESIAN_POINT ( 'NONE',  ( 1.061912467210748057, -0.3949725103462707332, -1.014919093631981184 ) ) ;
#631 = CARTESIAN_POINT ( 'NONE',  ( 1.715546096726584979, 1.393856782217540058, 1.750000000000000000 ) ) ;
#632 = ORIENTED_EDGE ( 'NONE', *, *, #71, .T. ) ;
#633 = EDGE_CURVE ( 'NONE', #3928, #3912, #953, .T. ) ;
#634 = EDGE_CURVE ( 'NONE', #2981, #3231, #4176, .T. ) ;
#635 = CARTESIAN_POINT ( 'NONE',  ( 1.750000000000000000, -0.1717589865811585126, -1.382566057236876089 ) ) ;
#636 = CARTESIAN_POINT ( 'NONE',  ( -2.750000000000004441, -0.6303263066510061963, -0.8632490744747087774 ) ) ;
#637 = ADVANCED_FACE ( 'NONE', ( #2418 ), #2197, .T. ) ;
#638 = DIRECTION ( 'NONE',  ( 0.000000000000000000, 0.000000000000000000, 1.000000000000000000 ) ) ;
#640 = CIRCLE ( 'NONE', #4432, 0.7500000000000000000 ) ;
#639 = CARTESIAN_POINT ( 'NONE',  ( 2.696509161545844968, 1.541247119591754977, -1.012799113639453852 ) ) ;
#641 = CARTESIAN_POINT ( 'NONE',  ( 2.749999999999968914, -0.8005056906728282851, 0.5477314005212173820 ) ) ;
#642 = CLOSED_SHELL ( 'NONE', ( #2124, #1084, #4536, #2577, #4110, #1490, #1415, #850, #521, #4144, #2458, #163, #4384, #3790, #3232, #3385, #4024, #2496, #1725, #2195 ) ) ;
#643 = CARTESIAN_POINT ( 'NONE',  ( -2.749999999999996891, 0.1455552929555050390, 1.601213704947969552 ) ) ;
#644 = CARTESIAN_POINT ( 'NONE',  ( 1.843703965737369943, -0.9293589622438960252, 0.3644052401480010195 ) ) ;
#645 = CARTESIAN_POINT ( 'NONE',  ( -1.749999999988505195, 1.305713610130921909, -1.750000000000000000 ) ) ;
#646 = CARTESIAN_POINT ( 'NONE',  ( 1.780231950625785098, -0.6055544870011240199, 0.000000000000000000 ) ) ;
#647 = CARTESIAN_POINT ( 'NONE',  ( 2.446652753183698792, 1.311073422672486943, -1.479252817166019307 ) ) ;
#648 = ORIENTED_EDGE ( 'NONE', *, *, #510, .T. ) ;
#649 = CARTESIAN_POINT ( 'NONE',  ( 1.144566226277882182, 2.289308046847735145, -1.526289913655479946 ) ) ;
#650 = CARTESIAN_POINT ( 'NONE',  ( -2.750000000000000000, -0.2062037525644145053, -0.3347777547352679961 ) ) ;
#651 = CARTESIAN_POINT ( 'NONE',  ( 2.750000000000004441, -0.5816248407711819279, -0.9366451569461454740 ) ) ;
#652 = CARTESIAN_POINT ( 'NONE',  ( 2.685062319797939523, 1.660316100149460183, 0.7500000000000000000 ) ) ;
#653 = CARTESIAN_POINT ( 'NONE',  ( -2.477575432309899739, -0.8539719426903580324, 0.0001211242564604694935 ) ) ;
#654 = ORIENTED_EDGE ( 'NONE', *, *, #4636, .T. ) ;
#655 = CARTESIAN_POINT ( 'NONE',  ( 1.595281596348000042, -0.9206041327233390748, -0.1570873764869199773 ) ) ;
#656 = CARTESIAN_POINT ( 'NONE',  ( 2.220471093291495279, -2.283137044461879928, 0.000000000000000000 ) ) ;
#657 = CARTESIAN_POINT ( 'NONE',  ( 2.750000000000000000, 0.5918384694523979306, -0.7036697310558330809 ) ) ;
#658 = CARTESIAN_POINT ( 'NONE',  ( -1.701801100678707934, -0.7063893084575109116, -0.7322127954089246993 ) ) ;
#659 = CARTESIAN_POINT ( 'NONE',  ( -0.3759694354288482532, 2.982848374342851994, -0.2246011563155147772 ) ) ;
#660 = CARTESIAN_POINT ( 'NONE',  ( 1.707450415433927171, -0.7190467839854365328, -0.7047651010934713467 ) ) ;
#662 = CIRCLE ( 'NONE', #1170, 0.2500000000000000000 ) ;
#661 = CARTESIAN_POINT ( 'NONE',  ( 2.482301106296215032, 1.487221728368630203, 1.411009156238045792 ) ) ;
#663 = CARTESIAN_POINT ( 'NONE',  ( 1.741880910484566058, -0.9041091131058228703, 0.3937990411691890680 ) ) ;
#664 = CARTESIAN_POINT ( 'NONE',  ( -0.8992482100836711734, 2.646741919258025710, 1.203068193095566674 ) ) ;
#665 = ORIENTED_EDGE ( 'NONE', *, *, #4212, .T. ) ;
#666 = EDGE_CURVE ( 'NONE', #4590, #737, #3733, .T. ) ;
#667 = TOROIDAL_SURFACE ( 'NONE', #4418, 0.5000000000000000000, 0.2500000000000000000 ) ;
#668 = CARTESIAN_POINT ( 'NONE',  ( -2.750000000000000000, 1.080205472464321970, 0.7500000000000000000 ) ) ;
#669 = CARTESIAN_POINT ( 'NONE',  ( -2.749999999999643840, -0.9533549119909848768, -0.3479599525592397824 ) ) ;
#670 = CARTESIAN_POINT ( 'NONE',  ( 1.711364701671139965, -0.7219365191442790319, -0.7032576983110749858 ) ) ;
#671 = CIRCLE ( 'NONE', #381, 0.2500000000000000000 ) ;
#672 = CARTESIAN_POINT ( 'NONE',  ( 2.749999999999996891, -0.7332976178498884501, 0.6780887883435047225 ) ) ;
#673 = EDGE_LOOP ( 'NONE', ( #4760, #3523, #1840, #3963, #3006, #3474 ) ) ;
#674 = CARTESIAN_POINT ( 'NONE',  ( -2.750000000000000000, 0.5753386119242489549, 0.6978242268668050086 ) ) ;
#675 = CARTESIAN_POINT ( 'NONE',  ( -2.750000000000000000, 0.1447006329994351970, -0.2049968935738044895 ) ) ;
#676 = CARTESIAN_POINT ( 'NONE',  ( -1.749999999988505195, 1.305713610130921909, -1.750000000000000000 ) ) ;
#677 = CARTESIAN_POINT ( 'NONE',  ( 1.715546096726584979, 3.000000000000000000, 1.880790961315660013E-34 ) ) ;
#678 = FACE_OUTER_BOUND ( 'NONE', #4121, .T. ) ;
#679 = FACE_OUTER_BOUND ( 'NONE', #374, .T. ) ;
#680 = CARTESIAN_POINT ( 'NONE',  ( -2.583779717640014795, -0.6796192913960020787, 0.002744501786591524873 ) ) ;
#681 = AXIS2_PLACEMENT_3D ( 'NONE', #1506, #3042, #1438 ) ;
#682 = VERTEX_POINT ( 'NONE', #1685 ) ;
#683 = CARTESIAN_POINT ( 'NONE',  ( -1.455920486491350196, -0.7844119636649590221, 0.02640608338884339878 ) ) ;
#684 = CARTESIAN_POINT ( 'NONE',  ( 1.252018256626871828, 2.803283348579240108, -1.107301063970804300 ) ) ;
#685 = DIRECTION ( 'NONE',  ( 0.000000000000000000, 0.000000000000000000, 1.000000000000000000 ) ) ;
#686 = CARTESIAN_POINT ( 'NONE',  ( 0.7853072884550161836, 2.766640922506921729, -1.027197237370595095 ) ) ;
#687 = CARTESIAN_POINT ( 'NONE',  ( -2.465611530647564553, -0.8680817002899838819, 9.856700027085691144E-05 ) ) ;
#688 = AXIS2_PLACEMENT_3D ( 'NONE', #195, #2489, #1263 ) ;
#689 = CIRCLE ( 'NONE', #4369, 0.2500000000000000000 ) ;
#690 = EDGE_LOOP ( 'NONE', ( #3782, #4269, #4817, #4286 ) ) ;
#691 = CARTESIAN_POINT ( 'NONE',  ( 1.750000000000000000, -0.1329050821947306005, 1.417367975582199957 ) ) ;
#692 = CARTESIAN_POINT ( 'NONE',  ( -1.751556229189725533, -0.9020978837107397341, -0.3976131618202743412 ) ) ;
#693 = CARTESIAN_POINT ( 'NONE',  ( 2.750000000000000000, 0.5974155714629989511, -0.7054066474886950822 ) ) ;
#694 = CARTESIAN_POINT ( 'NONE',  ( -1.695203652891885016, 1.393856782217540058, -1.750000000000000000 ) ) ;
#695 = CARTESIAN_POINT ( 'NONE',  ( -1.821225376666799844, -1.136113143108642198, 0.04385319317059575145 ) ) ;
#696 = DIRECTION ( 'NONE',  ( 0.000000000000000000, 0.000000000000000000, 1.000000000000000000 ) ) ;
#698 = FACE_OUTER_BOUND ( 'NONE', #1985, .T. ) ;
#697 = CARTESIAN_POINT ( 'NONE',  ( 1.880097315666475088, 1.322269772817092015, 1.743546707455109868 ) ) ;
#699 = CARTESIAN_POINT ( 'NONE',  ( 1.301628612932849816, -0.5000131997148671292, -0.8942324443114916255 ) ) ;
#700 = CARTESIAN_POINT ( 'NONE',  ( 0.5469298378726410448, -0.1358318739329358038, 1.414908052083124090 ) ) ;
#701 = CARTESIAN_POINT ( 'NONE',  ( -1.516466147884927285, -0.6802022539885028696, -0.7803187300523113379 ) ) ;
#702 = VERTEX_POINT ( 'NONE', #2063 ) ;
#703 = EDGE_CURVE ( 'NONE', #87, #808, #179, .T. ) ;
#704 = CARTESIAN_POINT ( 'NONE',  ( 2.750000000000000000, 0.9629105905172560265, 0.7500000000000000000 ) ) ;
#705 = CARTESIAN_POINT ( 'NONE',  ( -2.736368737803701823, 1.313585834803183028, -0.9496230855779244084 ) ) ;
#706 = CARTESIAN_POINT ( 'NONE',  ( 1.507075619509037345, -0.6580077763265554935, -0.8207078801203818719 ) ) ;
#707 = UNCERTAINTY_MEASURE_WITH_UNIT (LENGTH_MEASURE( 1.000000000000000082E-05 ), #4148, 'distance_accuracy_value', 'NONE');
#708 = CARTESIAN_POINT ( 'NONE',  ( 2.685062396475924817, 1.660315896328929952, -0.8815594434574390847 ) ) ;
#709 = CARTESIAN_POINT ( 'NONE',  ( -2.001624688615275094, 1.368312649563789840, 1.718082687358970073 ) ) ;
#710 = EDGE_LOOP ( 'NONE', ( #1099, #1003, #4106, #60 ) ) ;
#711 = DIRECTION ( 'NONE',  ( 0.000000000000000000, -2.168404344971008868E-16, -1.000000000000000000 ) ) ;
#712 = CARTESIAN_POINT ( 'NONE',  ( -2.750000000000000000, 0.09657276347158330609, -0.09894214681363350250 ) ) ;
#713 = CARTESIAN_POINT ( 'NONE',  ( -1.476202268286239905, -0.6869042359334708303, -0.2161611922652751927 ) ) ;
#714 = CARTESIAN_POINT ( 'NONE',  ( 1.298637826104865889, -0.7008349554924370173, -5.000000000000000000 ) ) ;
#715 = DIRECTION ( 'NONE',  ( 0.000000000000000000, -1.000000000000000000, 0.000000000000000000 ) ) ;
#716 = EDGE_LOOP ( 'NONE', ( #2859, #4578, #2873 ) ) ;
#717 = CARTESIAN_POINT ( 'NONE',  ( -1.505367058005856906, -0.8959639579809416388, 0.4047744467044288585 ) ) ;
#718 = CARTESIAN_POINT ( 'NONE',  ( -1.527044633516697170, 2.695789960069909341, 0.6593728151868303300 ) ) ;
#719 = CARTESIAN_POINT ( 'NONE',  ( 1.918850742282683930, -1.088002220926346464, -0.2121232594567440954 ) ) ;
#720 = CARTESIAN_POINT ( 'NONE',  ( 2.750000000000000000, 0.2675411168238124859, 0.4005262616608240012 ) ) ;
#721 = AXIS2_PLACEMENT_3D ( 'NONE', #872, #3833, #304 ) ;
#722 = CARTESIAN_POINT ( 'NONE',  ( 2.749999999996497468, 1.313753328945230114, 0.8451327215467485665 ) ) ;
#723 = CARTESIAN_POINT ( 'NONE',  ( -1.301628612931073459, -0.5000131997139073414, 0.8942324443127631639 ) ) ;
#724 = CARTESIAN_POINT ( 'NONE',  ( -1.097616993512702921, 2.850663079805987543, 0.9615844205179531201 ) ) ;
#725 = ADVANCED_FACE ( 'NONE', ( #2532 ), #4267, .T. ) ;
#726 = VECTOR ( 'NONE', #2165, 1000.000000000000000 ) ;
#727 = ORIENTED_EDGE ( 'NONE', *, *, #270, .F. ) ;
#728 = CARTESIAN_POINT ( 'NONE',  ( 1.750000000000000000, 0.1455535790712859934, 1.601217593255000127 ) ) ;
#729 = CARTESIAN_POINT ( 'NONE',  ( -1.749999999999940048, 0.5821328925041518998, -1.722793570837349852 ) ) ;
#730 = DIRECTION ( 'NONE',  ( 1.000000000000000000, 0.000000000000000000, 0.000000000000000000 ) ) ;
#731 = CARTESIAN_POINT ( 'NONE',  ( 1.476747206972888193, -0.7008349554922049807, -0.1754738090597530165 ) ) ;
#733 = B_SPLINE_CURVE_WITH_KNOTS ( 'NONE', 3,
 ( #4245, #2255, #4314, #1841 ),
 .UNSPECIFIED., .F., .F.,
 ( 4, 4 ),
 ( 0.000000000000000000, 1.000000000000000000 ),
 .UNSPECIFIED. ) ;
#732 = CARTESIAN_POINT ( 'NONE',  ( -1.743636160942160007, 1.320864499423893834, -1.750000000000000000 ) ) ;
#734 = CARTESIAN_POINT ( 'NONE',  ( 2.063193674158614765, 1.383623833764310085, 1.698889839582149897 ) ) ;
#735 = CARTESIAN_POINT ( 'NONE',  ( 1.830680869562915092, -1.136120436312212156, -0.06430114619214878646 ) ) ;
#736 = CARTESIAN_POINT ( 'NONE',  ( -0.8888405098776462898, -0.3302971086716002258, 1.226821744130549341 ) ) ;
#737 = VERTEX_POINT ( 'NONE', #3829 ) ;
#738 = EDGE_CURVE ( 'NONE', #3529, #3283, #1776, .T. ) ;
#739 = AXIS2_PLACEMENT_3D ( 'NONE', #3099, #5051, #1588 ) ;
#740 = VECTOR ( 'NONE', #3502, 1000.000000000000114 ) ;
#741 = CARTESIAN_POINT ( 'NONE',  ( 2.750000000000000000, 0.3132419121086894576, -0.4502994451580560331 ) ) ;
#742 = CARTESIAN_POINT ( 'NONE',  ( 2.750000000000001776, -0.09375026036386531481, 3.681152016410580175E-06 ) ) ;
#743 = CARTESIAN_POINT ( 'NONE',  ( -1.734723475976809855E-15, 3.000000000000000000, 0.000000000000000000 ) ) ;
#745 = LINE ( 'NONE', #3675, #766 ) ;
#744 = CARTESIAN_POINT ( 'NONE',  ( -2.665225674773291864, -0.4589289495599780944, 4.547717469576360437E-05 ) ) ;
#746 = CARTESIAN_POINT ( 'NONE',  ( -1.815419161392029856, 1.310148905942750019, 1.750000000000750067 ) ) ;
#747 = VERTEX_POINT ( 'NONE', #2573 ) ;
#748 = CARTESIAN_POINT ( 'NONE',  ( -2.750000000000000000, 1.080205472464321970, 0.7500000000000000000 ) ) ;
#749 = CARTESIAN_POINT ( 'NONE',  ( -2.750000000000000000, 0.4705117429161420062, -0.6134598728313089833 ) ) ;
#750 = B_SPLINE_SURFACE_WITH_KNOTS ( 'NONE', 3, 1, ( 
 ( #2653, #3457 ),
 ( #186, #2515 ),
 ( #572, #2147 ),
 ( #3741, #1957 ),
 ( #781, #1096 ),
 ( #3491, #36 ) ),
 .UNSPECIFIED., .F., .F., .F.,
 ( 4, 1, 1, 4 ),
 ( 2, 2 ),
 ( 0.000000000000000000, 0.4650363581194659757, 0.5650363581194659535, 0.7650811116265360257 ),
 ( 0.000000000000000000, 1.000000000000000000 ),
 .UNSPECIFIED. ) ;
#751 = CARTESIAN_POINT ( 'NONE',  ( 2.424156885804087391, -0.9353331091896572858, 0.06658699314907989830 ) ) ;
#752 = CARTESIAN_POINT ( 'NONE',  ( -1.438438028574181127, -0.5904601619488361042, 0.6556787245254861451 ) ) ;
#753 = CARTESIAN_POINT ( 'NONE',  ( -2.000000000000000000, -3.000000000000000000, 3.061616997868380553E-17 ) ) ;
#754 = CIRCLE ( 'NONE', #4205, 1.000000000000000000 ) ;
#755 = CARTESIAN_POINT ( 'NONE',  ( -2.171693606834103729, -1.085000983427846899, -0.1777102724533069500 ) ) ;
#756 = ORIENTED_EDGE ( 'NONE', *, *, #1903, .F. ) ;
#757 = CARTESIAN_POINT ( 'NONE',  ( -1.452390345592760035, -0.6087211279589470614, 0.5684630426653100033 ) ) ;
#758 = CARTESIAN_POINT ( 'NONE',  ( -0.7301371247592687297, 2.933790772878011932, 0.4034333428836372470 ) ) ;
#759 = AXIS2_PLACEMENT_3D ( 'NONE', #125, #1617, #3345 ) ;
#760 = CARTESIAN_POINT ( 'NONE',  ( 1.830680869562915092, -1.136120436312212156, -0.06430114619214878646 ) ) ;
#761 = CARTESIAN_POINT ( 'NONE',  ( -1.637072363851168832, -0.9021392099516863938, 0.3505538806374721150 ) ) ;
#762 = CIRCLE ( 'NONE', #1295, 0.7499999999999997780 ) ;
#763 = CARTESIAN_POINT ( 'NONE',  ( -2.129175835222800295, -1.014048463667672095, 0.2336367895948419926 ) ) ;
#764 = CARTESIAN_POINT ( 'NONE',  ( 0.3161316163282766878, 2.973746383471413512, -0.3919989684801374885 ) ) ;
#765 = CARTESIAN_POINT ( 'NONE',  ( -2.338150297249725451, 1.310235951962256840, 1.572323332103460869 ) ) ;
#766 = VECTOR ( 'NONE', #918, 1000.000000000000000 ) ;
#767 = EDGE_CURVE ( 'NONE', #3545, #2583, #2540, .T. ) ;
#768 = ORIENTED_EDGE ( 'NONE', *, *, #4903, .T. ) ;
#769 = CARTESIAN_POINT ( 'NONE',  ( 2.749999999999996891, -0.05568931608605797584, 1.480014613185436367 ) ) ;
#770 = CARTESIAN_POINT ( 'NONE',  ( -2.750000000000000000, 0.5648567773370619660, -0.6931091090152229350 ) ) ;
#771 = CARTESIAN_POINT ( 'NONE',  ( -2.580987113963459922, -0.6829318340475449833, 5.740719026927770264E-16 ) ) ;
#772 = CARTESIAN_POINT ( 'NONE',  ( -1.023007733439278644, 2.868587635898014465, -0.5234204862753489840 ) ) ;
#773 = CARTESIAN_POINT ( 'NONE',  ( -2.680986552084722696, 1.671405668217262663, -1.749999999999998446 ) ) ;
#774 = VECTOR ( 'NONE', #1750, 1000.000000000000000 ) ;
#775 = CARTESIAN_POINT ( 'NONE',  ( 1.383293044939168048, -0.5441299923377670433, -0.8361457084366070713 ) ) ;
#776 = CARTESIAN_POINT ( 'NONE',  ( 0.2597838341427641251, -0.2030928920136253202, 1.361777676645433033 ) ) ;
#777 = ORIENTED_EDGE ( 'NONE', *, *, #3249, .T. ) ;
#778 = CARTESIAN_POINT ( 'NONE',  ( 2.623541964713772767, -0.5776000518619814894, -6.414089009721006865E-05 ) ) ;
#779 = CARTESIAN_POINT ( 'NONE',  ( 1.022099877010474556, 2.476329765231710667, 1.381454866923774727 ) ) ;
#780 = CARTESIAN_POINT ( 'NONE',  ( -2.700645377877034292, -0.3368349150876364662, 2.041087142061871287E-07 ) ) ;
#781 = CARTESIAN_POINT ( 'NONE',  ( -1.750000000000000000, -0.7376352270447519288, -0.6586401291519669021 ) ) ;
#782 = ORIENTED_EDGE ( 'NONE', *, *, #1628, .T. ) ;
#783 = CARTESIAN_POINT ( 'NONE',  ( -1.750000000000000000, -0.2299484706700279935, 1.327180304835565927 ) ) ;
#784 = DIRECTION ( 'NONE',  ( 0.7652500153133610095, -0.4134036740448259750, -0.4934468728740109555 ) ) ;
#785 = CARTESIAN_POINT ( 'NONE',  ( 2.388268011244965461, -0.9624451950713039938, -0.04554305663249559599 ) ) ;
#786 = CARTESIAN_POINT ( 'NONE',  ( -1.444831075389553021, -0.5990874176909473103, -0.6133166106237138981 ) ) ;
#787 = CARTESIAN_POINT ( 'NONE',  ( 1.383293044939166272, -0.5441299923377680425, -0.8361457084366070713 ) ) ;
#788 = FACE_OUTER_BOUND ( 'NONE', #1551, .T. ) ;
#789 = CARTESIAN_POINT ( 'NONE',  ( -1.333293968850895350, -0.3976471493485113085, -1.154300435124751223 ) ) ;
#790 = ORIENTED_EDGE ( 'NONE', *, *, #3571, .F. ) ;
#791 = CARTESIAN_POINT ( 'NONE',  ( 1.048337486289644183, 2.864196785468437589, 0.9138120553383581868 ) ) ;
#792 = CARTESIAN_POINT ( 'NONE',  ( 1.473631978781936525, -0.7989545151572752246, 0.1611821111993078648 ) ) ;
#793 = PLANE ( 'NONE',  #1891 ) ;
#794 = CARTESIAN_POINT ( 'NONE',  ( 2.219300542607654858, -1.050198758908925889, 2.222932579343084702E-16 ) ) ;
#795 = CARTESIAN_POINT ( 'NONE',  ( 1.642458709298995068, -0.6200562187178541018, 0.8808048046464259651 ) ) ;
#796 = CARTESIAN_POINT ( 'NONE',  ( 0.8992482100837794201, 2.646741919257866726, -1.203068193095765404 ) ) ;
#797 = CARTESIAN_POINT ( 'NONE',  ( -1.048337486289637521, 2.864196785468450468, 0.9138120553383739519 ) ) ;
#798 = COLOUR_RGB ( '',0.7921568627450980005, 0.8196078431372548767, 0.9333333333333333481 ) ;
#799 = ORIENTED_EDGE ( 'NONE', *, *, #3537, .T. ) ;
#800 = CARTESIAN_POINT ( 'NONE',  ( 2.749999999999996891, -0.3434211399142401144, 1.211014256652448440 ) ) ;
#801 = CARTESIAN_POINT ( 'NONE',  ( -1.750000000000000000, -0.03470055859003470106, -1.496536428723062029 ) ) ;
#802 = CARTESIAN_POINT ( 'NONE',  ( -0.6932812815960139874, 2.838525436799100188, -0.8892312966954649678 ) ) ;
#803 = EDGE_CURVE ( 'NONE', #3298, #2967, #1430, .T. ) ;
#804 = CARTESIAN_POINT ( 'NONE',  ( 2.073490364430500055, -2.761045681487295234, -3.061616997868380553E-17 ) ) ;
#805 = CARTESIAN_POINT ( 'NONE',  ( -1.887397313280360756, -1.119588347075949786, 0.1680115030298940937 ) ) ;
#806 = AXIS2_PLACEMENT_3D ( 'NONE', #2894, #178, #565 ) ;
#807 = DIRECTION ( 'NONE',  ( 0.000000000000000000, 0.000000000000000000, 1.000000000000000000 ) ) ;
#808 = VERTEX_POINT ( 'NONE', #1323 ) ;
#809 = CARTESIAN_POINT ( 'NONE',  ( -2.749999999999996891, -0.9928673751719269136, -0.3256454536181261350 ) ) ;
#810 = CARTESIAN_POINT ( 'NONE',  ( 1.475549210352238072, -0.7261239747819510093, -0.1132499010014910018 ) ) ;
#811 = CARTESIAN_POINT ( 'NONE',  ( 2.009193195139930221, 1.322935069830722066, -1.718033194793045171 ) ) ;
#812 = CARTESIAN_POINT ( 'NONE',  ( -1.813098056634504962, 1.325529674579207784, 1.749999999999195088 ) ) ;
#813 = ORIENTED_EDGE ( 'NONE', *, *, #4636, .F. ) ;
#814 = CARTESIAN_POINT ( 'NONE',  ( -2.750000000000000000, 0.2382333518898000213, 0.3638222697317969878 ) ) ;
#815 = CARTESIAN_POINT ( 'NONE',  ( 1.860299418573434949, -0.9860660244228689475, 0.3225115590918274378 ) ) ;
#816 = CARTESIAN_POINT ( 'NONE',  ( -1.447271522548588596, -0.6026551206880023104, -0.5948103579175703093 ) ) ;
#817 = CARTESIAN_POINT ( 'NONE',  ( -0.9619723082993708596, -0.2545034529435550308, 1.302361849881690015 ) ) ;
#818 = SURFACE_STYLE_FILL_AREA ( #2910 ) ;
#819 = CARTESIAN_POINT ( 'NONE',  ( 0.2647519160542845529, -0.08043909911865509965, -1.460659128873201817 ) ) ;
#820 = ORIENTED_EDGE ( 'NONE', *, *, #1980, .F. ) ;
#821 = CARTESIAN_POINT ( 'NONE',  ( 0.9181661030670870138, 2.624865368398709986, 1.233308953747925818 ) ) ;
#822 = EDGE_CURVE ( 'NONE', #3314, #520, #4243, .T. ) ;
#823 = CARTESIAN_POINT ( 'NONE',  ( -1.766276015400874977, -0.8908168466576280586, -0.4116682629721395426 ) ) ;
#824 = CARTESIAN_POINT ( 'NONE',  ( -1.913141727307663187, -1.238464263683008326, -0.2439448171223359274 ) ) ;
#825 = CARTESIAN_POINT ( 'NONE',  ( -2.392492059861530240, 1.465041804065394082, 1.503295561954404835 ) ) ;
#826 = CARTESIAN_POINT ( 'NONE',  ( -1.660730708163092872, -0.9058195090331828681, 0.3621632377091385524 ) ) ;
#827 = CARTESIAN_POINT ( 'NONE',  ( -1.494606689609685901, -0.4769330607705610237, 3.061616997868380553E-17 ) ) ;
#828 = CARTESIAN_POINT ( 'NONE',  ( 0.4797489470150878010, 2.932622835936049555, -0.6004031388125133928 ) ) ;
#829 = CARTESIAN_POINT ( 'NONE',  ( -1.500000000000000000, -1.800000000000000044, 0.000000000000000000 ) ) ;
#830 = CARTESIAN_POINT ( 'NONE',  ( -1.734723475976809855E-15, 3.000000000000000000, 0.000000000000000000 ) ) ;
#831 = CYLINDRICAL_SURFACE ( 'NONE', #2534, 0.2500000000000001110 ) ;
#832 = ORIENTED_EDGE ( 'NONE', *, *, #703, .F. ) ;
#833 = CARTESIAN_POINT ( 'NONE',  ( -2.750000000000000000, 0.5234470875649469557, -0.6627727555386799807 ) ) ;
#834 = EDGE_CURVE ( 'NONE', #4152, #504, #2428, .T. ) ;
#835 = CARTESIAN_POINT ( 'NONE',  ( -0.9662592983793052426, 2.558145966655622772, -1.304421317673182257 ) ) ;
#836 = CARTESIAN_POINT ( 'NONE',  ( 1.750000000000000000, 1.080205472464321970, 1.750000000000000000 ) ) ;
#837 = DIRECTION ( 'NONE',  ( 0.000000000000000000, 1.000000000000000000, 0.000000000000000000 ) ) ;
#838 = ORIENTED_EDGE ( 'NONE', *, *, #3586, .F. ) ;
#839 = CARTESIAN_POINT ( 'NONE',  ( 2.359881758079095171, 1.345602861080054113, 1.545183543061850129 ) ) ;
#840 = EDGE_CURVE ( 'NONE', #1362, #1627, #4118, .T. ) ;
#841 = CARTESIAN_POINT ( 'NONE',  ( 2.423090783265418935, -0.9360863105170929011, -0.06712319005892382340 ) ) ;
#842 = CARTESIAN_POINT ( 'NONE',  ( -1.383293044939170047, -0.5441299923377659331, 0.8361457084366070713 ) ) ;
#843 = CARTESIAN_POINT ( 'NONE',  ( 1.872513856747479943, 2.524511802675100114, -0.7130193092115589826 ) ) ;
#844 = CARTESIAN_POINT ( 'NONE',  ( -2.750000000000000000, 0.5844352076875219959, 0.7048444188957340151 ) ) ;
#845 = ORIENTED_EDGE ( 'NONE', *, *, #889, .T. ) ;
#846 = CARTESIAN_POINT ( 'NONE',  ( -2.749999999999989786, -0.03470757025473508034, 1.496547138685287548 ) ) ;
#847 = CARTESIAN_POINT ( 'NONE',  ( 0.9134116899918554022, 2.895838647398846444, -0.4818800556223092890 ) ) ;
#848 = CARTESIAN_POINT ( 'NONE',  ( -1.407062725490120236, -0.5589396145272939043, 0.7867529354753789450 ) ) ;
#849 = CARTESIAN_POINT ( 'NONE',  ( 0.1310832640416937367, -0.1944219138754275655, -1.370563848043116595 ) ) ;
#850 = ADVANCED_FACE ( 'NONE', ( #788 ), #4149, .T. ) ;
#851 = CARTESIAN_POINT ( 'NONE',  ( -0.4696945988890221524, -0.1236668814568996355, -1.425157481385997738 ) ) ;
#852 = VERTEX_POINT ( 'NONE', #2536 ) ;
#853 = CARTESIAN_POINT ( 'NONE',  ( 1.199311741135485665, 2.820282215903825662, 1.058434778810840582 ) ) ;
#854 = CARTESIAN_POINT ( 'NONE',  ( -1.621366786957969541, -0.8986751965954189458, -0.3420194291423303001 ) ) ;
#855 = B_SPLINE_CURVE_WITH_KNOTS ( 'NONE', 3,
 ( #980, #4970, #3003, #1783, #4078, #2160, #1356, #3412, #4114 ),
 .UNSPECIFIED., .F., .F.,
 ( 4, 1, 2, 2, 4 ),
 ( 0.000000000000000000, 0.2500000000000002776, 0.3750000000000002776, 0.5000000000000003331, 1.000000000000000000 ),
 .UNSPECIFIED. ) ;
#856 = DIRECTION ( 'NONE',  ( -0.7071067811865510144, -0.7071067811865440200, 0.000000000000000000 ) ) ;
#857 = CARTESIAN_POINT ( 'NONE',  ( -2.660249891278289702, 1.650906287833844965, 1.013281458199173812 ) ) ;
#858 = CARTESIAN_POINT ( 'NONE',  ( 2.750000000000000000, 0.1447006329994366125, 0.2049968935738089859 ) ) ;
#859 = CARTESIAN_POINT ( 'NONE',  ( 2.722112298312855394, 1.547939782692475008, 0.7500000000098330233 ) ) ;
#860 = CARTESIAN_POINT ( 'NONE',  ( 1.458779166084985146, -0.7841017024603238461, -0.08120800328091823395 ) ) ;
#861 = CARTESIAN_POINT ( 'NONE',  ( -2.610882744241888265, 1.312413375808859417, 1.275371897354684814 ) ) ;
#862 = CIRCLE ( 'NONE', #3775, 0.2500000000000000000 ) ;
#863 = B_SPLINE_CURVE_WITH_KNOTS ( 'NONE', 3,
 ( #3207, #505, #56, #4919, #1215, #187, #4382, #4812 ),
 .UNSPECIFIED., .F., .F.,
 ( 4, 2, 2, 4 ),
 ( 0.000000000000000000, 0.4999999999999995559, 0.7499999999999997780, 1.000000000000000000 ),
 .UNSPECIFIED. ) ;
#864 = VERTEX_POINT ( 'NONE', #3386 ) ;
#865 = CARTESIAN_POINT ( 'NONE',  ( -2.749999999999989786, -0.03470757025484163399, -1.496547138685213607 ) ) ;
#866 = CARTESIAN_POINT ( 'NONE',  ( 1.750000000000000000, 0.1864541761086870031, 1.750000000000000000 ) ) ;
#867 = CARTESIAN_POINT ( 'NONE',  ( -2.750000000000000000, 0.2308609167288749875, 0.3552408468125219376 ) ) ;
#868 = AXIS2_PLACEMENT_3D ( 'NONE', #646, #4669, #3031 ) ;
#869 = CARTESIAN_POINT ( 'NONE',  ( -1.022099877002951240, 2.476329765242806236, -1.381454866914069379 ) ) ;
#870 = VECTOR ( 'NONE', #2889, 1000.000000000000114 ) ;
#871 = CARTESIAN_POINT ( 'NONE',  ( -2.003633779954654859, -0.9737267632371290338, 0.2989205570147525082 ) ) ;
#872 = CARTESIAN_POINT ( 'NONE',  ( 1.831389411370949905, -0.2175101209390850054, -5.000000000000000000 ) ) ;
#873 = CARTESIAN_POINT ( 'NONE',  ( -2.685062319797939523, 1.660316100149460183, -0.7499999999081410351 ) ) ;
#874 = EDGE_LOOP ( 'NONE', ( #150, #2453, #2023, #4186 ) ) ;
#875 = CARTESIAN_POINT ( 'NONE',  ( 1.671361285863941726, -0.6614067517039847743, 0.8108646198458145937 ) ) ;
#876 = AXIS2_PLACEMENT_3D ( 'NONE', #2964, #924, #4565 ) ;
#877 = CARTESIAN_POINT ( 'NONE',  ( 2.750000000000000000, 1.080205472464321970, -0.7500000000000000000 ) ) ;
#878 = CARTESIAN_POINT ( 'NONE',  ( -1.780231950625785098, -0.6055544870011240199, 0.000000000000000000 ) ) ;
#879 = CARTESIAN_POINT ( 'NONE',  ( 1.766276015400870092, -0.8908168466576259492, -0.4116682629721409858 ) ) ;
#881 = TOROIDAL_SURFACE ( 'NONE', #1575, 0.5000000000000000000, 0.2500000000000000000 ) ;
#880 = CARTESIAN_POINT ( 'NONE',  ( 1.880097316606645030, 1.322269763365506057, -1.743546707475299717 ) ) ;
#882 = EDGE_CURVE ( 'NONE', #5028, #4934, #4158, .T. ) ;
#883 = ORIENTED_EDGE ( 'NONE', *, *, #394, .F. ) ;
#884 = CARTESIAN_POINT ( 'NONE',  ( -2.750000000000000000, 0.4083485791940349996, 0.5502371381124769867 ) ) ;
#885 = EDGE_CURVE ( 'NONE', #1124, #976, #862, .T. ) ;
#886 = CARTESIAN_POINT ( 'NONE',  ( 1.749999999988505195, 1.305713610130923907, -1.750000000000000000 ) ) ;
#887 = CARTESIAN_POINT ( 'NONE',  ( -1.458706213745646352, -0.6226865008829843839, 0.4908163822665384535 ) ) ;
#888 = CARTESIAN_POINT ( 'NONE',  ( 0.6441767448670595586, -0.2636046792433295871, -1.298356059534142792 ) ) ;
#889 = EDGE_CURVE ( 'NONE', #4700, #1601, #754, .T. ) ;
#890 = DIRECTION ( 'NONE',  ( 0.000000000000000000, -1.000000000000000000, 0.000000000000000000 ) ) ;
#891 = ORIENTED_EDGE ( 'NONE', *, *, #3440, .F. ) ;
#892 = CARTESIAN_POINT ( 'NONE',  ( -2.096110719294868918, -1.107587201045738379, 0.03090287844451320570 ) ) ;
#893 = CARTESIAN_POINT ( 'NONE',  ( 1.780231950625785098, -0.6055544870011240199, 0.000000000000000000 ) ) ;
#894 = DIRECTION ( 'NONE',  ( 0.9558172740508309451, 0.2939614577219925029, 0.000000000000000000 ) ) ;
#895 = CARTESIAN_POINT ( 'NONE',  ( -2.454075613949880275, 1.572719131157884975, 1.411285807767606038 ) ) ;
#896 = DIRECTION ( 'NONE',  ( -1.000000000000000000, 0.000000000000000000, 0.000000000000000000 ) ) ;
#897 = CARTESIAN_POINT ( 'NONE',  ( 1.516466147884928839, -0.6802022539884220453, 0.7803187300524168091 ) ) ;
#898 =( BOUNDED_SURFACE ( )  B_SPLINE_SURFACE ( 3, 2, ( 
 ( #4150, #4184, #1780 ),
 ( #1502, #2090, #1742 ),
 ( #5000, #1472, #3716 ),
 ( #2918, #2491, #197 ),
 ( #2876, #1846, #4075 ),
 ( #4490, #4524, #2226 ),
 ( #2634, #584, #2961 ),
 ( #20, #2783, #462 ),
 ( #3076, #5065, #3501 ),
 ( #4637, #3155, #1171 ),
 ( #1875, #3121, #1970 ),
 ( #2333, #2723, #395 ) ),
 .UNSPECIFIED., .F., .F., .F. ) 
 B_SPLINE_SURFACE_WITH_KNOTS ( ( 4, 2, 2, 2, 2, 4 ),
 ( 3, 3 ),
 ( -5.963111948670269572E-19, 5.106241962637970527E-05, 7.659362943956980524E-05, 8.935923434616489249E-05, 9.574203679946240901E-05, 0.0001021248392527600069 ),
 ( 0.000000000000000000, 1.000000000000000000 ),
 .UNSPECIFIED. ) 
 GEOMETRIC_REPRESENTATION_ITEM ( )  RATIONAL_B_SPLINE_SURFACE ( (
 ( 1.000000000000000000, 0.7071067811865480168, 1.000000000000000000),
 ( 1.000000000000000000, 0.7071067811865480168, 1.000000000000000000),
 ( 1.000000000000000000, 0.7071067811865480168, 1.000000000000000000),
 ( 1.000000000000000000, 0.7071067811865480168, 1.000000000000000000),
 ( 1.000000000000000000, 0.7071067811865470176, 1.000000000000000000),
 ( 1.000000000000000000, 0.7071067811865470176, 1.000000000000000000),
 ( 1.000000000000000000, 0.7071067811865470176, 1.000000000000000000),
 ( 1.000000000000000000, 0.7071067811865470176, 1.000000000000000000),
 ( 1.000000000000000000, 0.7071067811865480168, 1.000000000000000000),
 ( 1.000000000000000000, 0.7071067811865480168, 1.000000000000000000),
 ( 1.000000000000000000, 0.7071067811865480168, 1.000000000000000000),
 ( 1.000000000000000000, 0.7071067811865480168, 1.000000000000000000) ) ) 
 REPRESENTATION_ITEM ( '' )  SURFACE ( )  );
#899 = CARTESIAN_POINT ( 'NONE',  ( 1.463205466491389162, -0.7885280028667275287, -0.1115142043075066508 ) ) ;
#900 = CARTESIAN_POINT ( 'NONE',  ( 1.500000000000000000, -1.800000000000000044, 0.000000000000000000 ) ) ;
#901 = FACE_OUTER_BOUND ( 'NONE', #1463, .T. ) ;
#902 = FACE_OUTER_BOUND ( 'NONE', #1198, .T. ) ;
#903 = ADVANCED_FACE ( 'NONE', ( #2486 ), #1943, .T. ) ;
#904 = ORIENTED_EDGE ( 'NONE', *, *, #2718, .F. ) ;
#905 = CARTESIAN_POINT ( 'NONE',  ( -1.776513429682804901, -0.8745647682658739264, -0.4266626580155185033 ) ) ;
#906 = CARTESIAN_POINT ( 'NONE',  ( -1.750000000000000000, -0.4879904142461630179, -1.054901015044231949 ) ) ;
#907 = CARTESIAN_POINT ( 'NONE',  ( 1.070796199461989895, 2.402227910423751389, 1.441544240382497621 ) ) ;
#908 = CARTESIAN_POINT ( 'NONE',  ( 1.750000000000000000, -0.2299484706700279935, 1.327180304835565927 ) ) ;
#909 = CARTESIAN_POINT ( 'NONE',  ( -1.558857422118204106, 1.663536279167854959, -1.731742718978429130 ) ) ;
#910 = FACE_OUTER_BOUND ( 'NONE', #2419, .T. ) ;
#911 = CARTESIAN_POINT ( 'NONE',  ( -1.750000000000000000, -0.7376352270447530390, 0.6586401291519650147 ) ) ;
#912 = CARTESIAN_POINT ( 'NONE',  ( 1.500000000000000000, -1.800000000000000044, -3.061616997868380553E-17 ) ) ;
#913 = CARTESIAN_POINT ( 'NONE',  ( -2.492783121240414790, 1.587398305107384999, -1.360991401937567735 ) ) ;
#914 = AXIS2_PLACEMENT_3D ( 'NONE', #5057, #4241, #4627 ) ;
#915 = CARTESIAN_POINT ( 'NONE',  ( 1.470375111241001287, 2.724778753886912153, 0.6533420135737179058 ) ) ;
#916 =( BOUNDED_SURFACE ( )  B_SPLINE_SURFACE ( 3, 2, ( 
 ( #3598, #1664, #2004 ),
 ( #3627, #1144, #3265 ),
 ( #2035, #4766, #1177 ),
 ( #1908, #433, #3536 ),
 ( #1208, #3960, #1634 ),
 ( #4805, #2440, #5102 ),
 ( #2727, #1574, #4842 ),
 ( #2695, #333, #3160 ),
 ( #2824, #3990, #2308 ),
 ( #1940, #2374, #2404 ),
 ( #2788, #2758, #4022 ),
 ( #3201, #724, #1541 ),
 ( #2340, #797, #3926 ),
 ( #4685, #4323, #1112 ),
 ( #3125, #3506, #4726 ),
 ( #4291, #24, #399 ),
 ( #933, #3330, #1694 ),
 ( #4443, #499, #1331 ),
 ( #2475, #2858, #4880 ),
 ( #2108, #2509, #112 ) ),
 .UNSPECIFIED., .F., .F., .F. ) 
 B_SPLINE_SURFACE_WITH_KNOTS ( ( 4, 2, 2, 2, 2, 2, 2, 2, 2, 4 ),
 ( 3, 3 ),
 ( -3.499940138054769771E-18, 0.0001284637291981835993, 0.0002569274583963705055, 0.0005138549167927450225, 0.0007707823751891190516, 0.0008992461043873060120, 0.001027709833585491997, 0.001284637291981868086, 0.001541564750378240055, 0.002055419667170990065 ),
 ( 0.000000000000000000, 1.000000000000000000 ),
 .UNSPECIFIED. ) 
 GEOMETRIC_REPRESENTATION_ITEM ( )  RATIONAL_B_SPLINE_SURFACE ( (
 ( 1.000000000000000000, 0.7071067811865470176, 1.000000000000000000),
 ( 1.000000000000000000, 0.7145156772503459264, 1.000000000000000000),
 ( 1.000000000000000000, 0.7227172643629060644, 1.000000000000000000),
 ( 1.000000000000000000, 0.7395062818547770700, 1.000000000000000000),
 ( 1.000000000000000000, 0.7481082330339079434, 1.000000000000000000),
 ( 1.000000000000000000, 0.7746865674208580632, 1.000000000000000000),
 ( 1.000000000000000000, 0.7934575154305699707, 1.000000000000000000),
 ( 1.000000000000000000, 0.8352809254276669648, 1.000000000000000000),
 ( 1.000000000000000000, 0.8585490882325960138, 1.000000000000000000),
 ( 1.000000000000000000, 0.8953576761806040230, 1.000000000000000000),
 ( 1.000000000000000000, 0.9077610155897329891, 1.000000000000000000),
 ( 1.000000000000000000, 0.9300404938399560173, 1.000000000000000000),
 ( 1.000000000000000000, 0.9397763628370410238, 1.000000000000000000),
 ( 1.000000000000000000, 0.9636773508994489479, 1.000000000000000000),
 ( 1.000000000000000000, 0.9729950951221270072, 1.000000000000000000),
 ( 1.000000000000000000, 0.9862283041692299079, 1.000000000000000000),
 ( 1.000000000000000000, 0.9901849049821870308, 1.000000000000000000),
 ( 1.000000000000000000, 0.9987154368476519606, 1.000000000000000000),
 ( 1.000000000000000000, 0.9998412512312270239, 1.000000000000000000),
 ( 1.000000000000000000, 1.000000000000000000, 1.000000000000000000) ) ) 
 REPRESENTATION_ITEM ( '' )  SURFACE ( )  );
#917 = CARTESIAN_POINT ( 'NONE',  ( -1.750000000000000000, -0.8050148418556498653, 0.5400853469422319808 ) ) ;
#918 = DIRECTION ( 'NONE',  ( 0.000000000000000000, 1.000000000000000000, 0.000000000000000000 ) ) ;
#919 = CARTESIAN_POINT ( 'NONE',  ( -1.517709170700245025, -0.8430317070755830589, 0.2562738891372039474 ) ) ;
#920 = FACE_OUTER_BOUND ( 'NONE', #1335, .T. ) ;
#921 = CARTESIAN_POINT ( 'NONE',  ( -2.750000000000000000, 0.2349367398278325025, 0.3592240290112639900 ) ) ;
#922 = APPLICATION_CONTEXT ( 'automotive_design' ) ;
#923 = CARTESIAN_POINT ( 'NONE',  ( 2.750000000000000000, 0.2349367398278274788, -0.3592240290112549972 ) ) ;
#924 = DIRECTION ( 'NONE',  ( 0.000000000000000000, 0.000000000000000000, -1.000000000000000000 ) ) ;
#925 = CARTESIAN_POINT ( 'NONE',  ( 0.2596290972006939923, -0.2030696218430338984, -1.361801997762116967 ) ) ;
#926 = CARTESIAN_POINT ( 'NONE',  ( -2.727499369449100541, 1.547512668650171896, -0.7499999999670006190 ) ) ;
#927 = CARTESIAN_POINT ( 'NONE',  ( 2.750000000000000000, 0.7153211176431298890, 0.7306010113093269753 ) ) ;
#928 = CARTESIAN_POINT ( 'NONE',  ( 1.483562768618337024, -0.8088853049936759465, 0.1928353308600268545 ) ) ;
#929 = CARTESIAN_POINT ( 'NONE',  ( 2.399330358579678801, -0.9338101101246618629, 2.889702890955458487E-05 ) ) ;
#930 = CARTESIAN_POINT ( 'NONE',  ( -2.744173366473304565, 1.431918564667414184, 0.7500000000068919315 ) ) ;
#931 = CARTESIAN_POINT ( 'NONE',  ( 1.574208113422525646, -0.8821552980844166170, -0.3110986876989619843 ) ) ;
#932 = CARTESIAN_POINT ( 'NONE',  ( -2.495610350740169903, -0.8672691344144989323, -0.08811766714761330721 ) ) ;
#933 = CARTESIAN_POINT ( 'NONE',  ( -0.4760667326365650154, 2.936064354155710099, 0.5947697022252199650 ) ) ;
#934 = CARTESIAN_POINT ( 'NONE',  ( -2.750000000000000000, 0.1910974077489109857, -0.2868705270439705357 ) ) ;
#935 = CARTESIAN_POINT ( 'NONE',  ( 1.695203652891880131, 1.393856782217540058, 1.750000000000000000 ) ) ;
#936 = DIRECTION ( 'NONE',  ( 1.000000000000000000, 0.000000000000000000, 0.000000000000000000 ) ) ;
#937 = CARTESIAN_POINT ( 'NONE',  ( 1.750000000000039968, -0.8388845720282539498, 0.4809308325065200229 ) ) ;
#938 = CARTESIAN_POINT ( 'NONE',  ( -1.603045058926659161, 1.585851418185087791, -1.740992326250396571 ) ) ;
#939 = DIRECTION ( 'NONE',  ( 0.000000000000000000, 0.000000000000000000, 1.000000000000000000 ) ) ;
#940 = CARTESIAN_POINT ( 'NONE',  ( -2.699483016478640085, 1.619541543763759917, 0.7500000000000000000 ) ) ;
#941 = AXIS2_PLACEMENT_3D ( 'NONE', #88, #470, #1249 ) ;
#942 = ADVANCED_FACE ( 'NONE', ( #4201 ), #750, .F. ) ;
#943 = CARTESIAN_POINT ( 'NONE',  ( -2.503386811788904875, 1.311770628256172078, -1.410826750584722067 ) ) ;
#944 = CARTESIAN_POINT ( 'NONE',  ( 1.749999999988505195, 1.305713610130921909, 1.750000000000000000 ) ) ;
#945 =( BOUNDED_SURFACE ( )  B_SPLINE_SURFACE ( 3, 2, ( 
 ( #3165, #3995, #4809 ),
 ( #4770, #2376, #1978 ),
 ( #2, #3965, #1115 ),
 ( #1578, #1911, #1248 ),
 ( #729, #2008, #4690 ),
 ( #4350, #52, #2762 ),
 ( #86, #1946, #2827 ),
 ( #4258, #3234, #337 ),
 ( #4730, #2793, #1544 ),
 ( #3204, #2407, #1666 ),
 ( #3931, #26, #3601 ),
 ( #2310, #469, #2730 ),
 ( #2699, #403, #770 ),
 ( #3540, #371, #3131 ),
 ( #1610, #4377, #3569 ),
 ( #801, #865, #4325 ),
 ( #1148, #4294, #435 ),
 ( #2040, #2342, #5071 ),
 ( #2443, #3269, #833 ),
 ( #1213, #3865, #4646 ),
 ( #1638, #3509, #1182 ),
 ( #3895, #2942, #2178 ),
 ( #2621, #3701, #4915 ),
 ( #2075, #218, #4132 ),
 ( #113, #1800, #4847 ),
 ( #4984, #602, #501 ),
 ( #3666, #1456, #1377 ),
 ( #3370, #4478, #182 ),
 ( #4169, #4950, #1029 ),
 ( #906, #3020, #4060 ),
 ( #1419, #996, #570 ),
 ( #4097, #1832, #4445 ),
 ( #2588, #4545, #2862 ),
 ( #4883, #1337, #1290 ),
 ( #2985, #3398, #3773 ),
 ( #250, #1696, #2211 ),
 ( #962, #636, #3630 ),
 ( #1765, #148, #2477 ),
 ( #534, #2112, #934 ),
 ( #2899, #4027, #4410 ),
 ( #3300, #1728, #3333 ),
 ( #2512, #2144, #2552 ),
 ( #3739, #4514, #3875 ),
 ( #3940, #5081, #1552 ),
 ( #3547, #4332, #1923 ),
 ( #2319, #2708, #3139 ),
 ( #3518, #669, #2770 ),
 ( #1489, #809, #2247 ) ),
 .UNSPECIFIED., .F., .F., .F. ) 
 B_SPLINE_SURFACE_WITH_KNOTS ( ( 4, 2, 2, 2, 2, 2, 2, 2, 2, 2, 2, 2, 2, 2, 2, 2, 2, 2, 2, 2, 2, 2, 2, 4 ),
 ( 3, 3 ),
 ( 0.000000000000000000, 0.0002737922017273344594, 0.0004106883025910020414, 0.0004791363530228349922, 0.0004962483656307940024, 0.0005133603782387520910, 0.0005219163845427319485, 0.0005304723908467110470, 0.0005475844034546689188, 0.0005818084286705859634, 0.0006160324538865030080, 0.0006844805043183360129, 0.0008213766051820040829, 0.0008898246556138369795, 0.0009240486808297540241, 0.0009582727060456710686, 0.0009753847186536289404, 0.0009924967312615880048, 0.001026720756477504182, 0.001095168806909340006, 0.001232064907773004064, 0.001368961008636672026, 0.001642753210364005130, 0.002190337613818674808 ),
 ( 0.000000000000000000, 1.000000000000000000 ),
 .UNSPECIFIED. ) 
 GEOMETRIC_REPRESENTATION_ITEM ( )  RATIONAL_B_SPLINE_SURFACE ( (
 ( 1.000000000000000000, 0.7071067811865480168, 1.000000000000000000),
 ( 1.000000000000000000, 0.7071067811865480168, 1.000000000000000000),
 ( 1.000000000000000000, 0.7071067811865480168, 1.000000000000000000),
 ( 1.000000000000000000, 0.7071067811865480168, 1.000000000000000000),
 ( 1.000000000000000000, 0.7071067811865480168, 1.000000000000000000),
 ( 1.000000000000000000, 0.7071067811865480168, 1.000000000000000000),
 ( 1.000000000000000000, 0.7071067811865480168, 1.000000000000000000),
 ( 1.000000000000000000, 0.7071067811865480168, 1.000000000000000000),
 ( 1.000000000000000000, 0.7071067811865480168, 1.000000000000000000),
 ( 1.000000000000000000, 0.7071067811865480168, 1.000000000000000000),
 ( 1.000000000000000000, 0.7071067811865480168, 1.000000000000000000),
 ( 1.000000000000000000, 0.7071067811865480168, 1.000000000000000000),
 ( 1.000000000000000000, 0.7071067811865480168, 1.000000000000000000),
 ( 1.000000000000000000, 0.7071067811865480168, 1.000000000000000000),
 ( 1.000000000000000000, 0.7071067811865480168, 1.000000000000000000),
 ( 1.000000000000000000, 0.7071067811865480168, 1.000000000000000000),
 ( 1.000000000000000000, 0.7071067811865480168, 1.000000000000000000),
 ( 1.000000000000000000, 0.7071067811865480168, 1.000000000000000000),
 ( 1.000000000000000000, 0.7071067811865480168, 1.000000000000000000),
 ( 1.000000000000000000, 0.7071067811865480168, 1.000000000000000000),
 ( 1.000000000000000000, 0.7071067811865480168, 1.000000000000000000),
 ( 1.000000000000000000, 0.7071067811865480168, 1.000000000000000000),
 ( 1.000000000000000000, 0.7071067811865480168, 1.000000000000000000),
 ( 1.000000000000000000, 0.7071067811865480168, 1.000000000000000000),
 ( 1.000000000000000000, 0.7071067811865480168, 1.000000000000000000),
 ( 1.000000000000000000, 0.7071067811865480168, 1.000000000000000000),
 ( 1.000000000000000000, 0.7071067811865480168, 1.000000000000000000),
 ( 1.000000000000000000, 0.7071067811865480168, 1.000000000000000000),
 ( 1.000000000000000000, 0.7071067811865480168, 1.000000000000000000),
 ( 1.000000000000000000, 0.7071067811865480168, 1.000000000000000000),
 ( 1.000000000000000000, 0.7071067811865480168, 1.000000000000000000),
 ( 1.000000000000000000, 0.7071067811865480168, 1.000000000000000000),
 ( 1.000000000000000000, 0.7071067811865480168, 1.000000000000000000),
 ( 1.000000000000000000, 0.7071067811865480168, 1.000000000000000000),
 ( 1.000000000000000000, 0.7071067811865480168, 1.000000000000000000),
 ( 1.000000000000000000, 0.7071067811865480168, 1.000000000000000000),
 ( 1.000000000000000000, 0.7071067811865480168, 1.000000000000000000),
 ( 1.000000000000000000, 0.7071067811865480168, 1.000000000000000000),
 ( 1.000000000000000000, 0.7071067811865480168, 1.000000000000000000),
 ( 1.000000000000000000, 0.7071067811865480168, 1.000000000000000000),
 ( 1.000000000000000000, 0.7071067811865480168, 1.000000000000000000),
 ( 1.000000000000000000, 0.7071067811865480168, 1.000000000000000000),
 ( 1.000000000000000000, 0.7071067811865480168, 1.000000000000000000),
 ( 1.000000000000000000, 0.7071067811865480168, 1.000000000000000000),
 ( 1.000000000000000000, 0.7071067811865480168, 1.000000000000000000),
 ( 1.000000000000000000, 0.7071067811865480168, 1.000000000000000000),
 ( 1.000000000000000000, 0.7071067811865480168, 1.000000000000000000),
 ( 1.000000000000000000, 0.7071067811865480168, 1.000000000000000000) ) ) 
 REPRESENTATION_ITEM ( '' )  SURFACE ( )  );
#946 = CARTESIAN_POINT ( 'NONE',  ( 2.750000000000000000, 0.2873960535905150104, -0.4222977610858664743 ) ) ;
#947 = B_SPLINE_CURVE_WITH_KNOTS ( 'NONE', 3,
 ( #1605, #2756, #3123, #297, #1504, #1206, #1906, #3564 ),
 .UNSPECIFIED., .F., .F.,
 ( 4, 2, 2, 4 ),
 ( 0.000000000000000000, 0.2500000000000000000, 0.5000000000000000000, 1.000000000000000000 ),
 .UNSPECIFIED. ) ;
#948 = CARTESIAN_POINT ( 'NONE',  ( -2.003633779954654859, -0.9737267632371280346, -0.2989205570147525082 ) ) ;
#949 = CARTESIAN_POINT ( 'NONE',  ( 2.750000000000000000, -12.00000000000000000, 0.000000000000000000 ) ) ;
#950 = CARTESIAN_POINT ( 'NONE',  ( 1.750000000000000000, -0.5816251537179810693, -0.9366453718570010301 ) ) ;
#951 = CARTESIAN_POINT ( 'NONE',  ( 2.749999999999926281, 0.6528615178973894428, -1.730265515586871805 ) ) ;
#952 = CARTESIAN_POINT ( 'NONE',  ( -1.850647288041061822, -1.136151301412646974, -0.1075088705133019490 ) ) ;
#953 = B_SPLINE_CURVE_WITH_KNOTS ( 'NONE', 3,
 ( #2259, #4283, #3380, #4248 ),
 .UNSPECIFIED., .F., .F.,
 ( 4, 4 ),
 ( 0.000000000000000000, 0.0001037875639951952060 ),
 .UNSPECIFIED. ) ;
#954 = CARTESIAN_POINT ( 'NONE',  ( -1.830680869562915092, -1.136120436312212156, -0.06430114619214828686 ) ) ;
#955 = CARTESIAN_POINT ( 'NONE',  ( 2.750000000000000000, 2.203528862443920211, 0.7500000000368129971 ) ) ;
#956 = CARTESIAN_POINT ( 'NONE',  ( 2.189812927293960598, -0.9324819458774038505, 0.2434730670676997499 ) ) ;
#957 = CARTESIAN_POINT ( 'NONE',  ( 1.776859661648785060, -0.9322866281364240448, 0.3679707308476420358 ) ) ;
#958 = CARTESIAN_POINT ( 'NONE',  ( 1.078708670921747492, 2.390009069842178313, -1.450221956406687607 ) ) ;
#959 = PLANE ( 'NONE',  #2591 ) ;
#960 = CARTESIAN_POINT ( 'NONE',  ( 1.715546096726584979, 3.000000000000000000, 0.000000000000000000 ) ) ;
#961 = CARTESIAN_POINT ( 'NONE',  ( -1.505367058005741221, -0.8959639579809873799, -0.4047744467044044892 ) ) ;
#962 = CARTESIAN_POINT ( 'NONE',  ( -1.750000000000000000, -0.6303264828472009418, -0.8632491802845879691 ) ) ;
#963 = CARTESIAN_POINT ( 'NONE',  ( -2.407817666746553620, -0.8327758103116843502, 0.1352720917433760106 ) ) ;
#964 = LINE ( 'NONE', #2580, #1372 ) ;
#965 = CARTESIAN_POINT ( 'NONE',  ( 2.750000000000060396, -0.8388845665655972894, 0.4809308293680658597 ) ) ;
#966 = AXIS2_PLACEMENT_3D ( 'NONE', #1098, #784, #4277 ) ;
#967 = CARTESIAN_POINT ( 'NONE',  ( -0.9156934800749885195, 2.626136650755978685, -1.228371590839450134 ) ) ;
#968 = DIRECTION ( 'NONE',  ( -1.000000000000000000, 0.000000000000000000, 0.000000000000000000 ) ) ;
#969 = CARTESIAN_POINT ( 'NONE',  ( -1.695203652891880131, 1.393856782217544277, 1.750000000000000000 ) ) ;
#970 = ORIENTED_EDGE ( 'NONE', *, *, #3936, .F. ) ;
#971 = CARTESIAN_POINT ( 'NONE',  ( -2.164418197374375019, 1.462872894157930093, -1.648823830498765020 ) ) ;
#972 = DIRECTION ( 'NONE',  ( 0.000000000000000000, 0.000000000000000000, 1.000000000000000000 ) ) ;
#973 = CARTESIAN_POINT ( 'NONE',  ( 2.750000000000000000, 0.9629105905172540281, -0.7500000000000000000 ) ) ;
#974 = B_SPLINE_CURVE_WITH_KNOTS ( 'NONE', 3,
 ( #2638, #2923, #3860, #981, #3472, #653, #687, #1047, #2608, #3004, #1475, #1848, #2663 ),
 .UNSPECIFIED., .F., .F.,
 ( 4, 2, 2, 1, 2, 2, 4 ),
 ( 0.000000000000000000, 0.2500000000000008327, 0.3750000000000012212, 0.4375000000000014433, 0.4687500000000017764, 0.5000000000000021094, 1.000000000000000000 ),
 .UNSPECIFIED. ) ;
#975 = CARTESIAN_POINT ( 'NONE',  ( -1.695203652891880131, 1.393856782217540058, -1.750000000000000000 ) ) ;
#976 = VERTEX_POINT ( 'NONE', #1159 ) ;
#977 = ADVANCED_FACE ( 'NONE', ( #2561 ), #1665, .T. ) ;
#978 = CARTESIAN_POINT ( 'NONE',  ( 2.500000000000000000, -3.000000000000000000, 0.000000000000000000 ) ) ;
#979 = CARTESIAN_POINT ( 'NONE',  ( 2.750000000000000000, 0.09755381912950601697, -0.1061905491902924020 ) ) ;
#980 = CARTESIAN_POINT ( 'NONE',  ( -1.457008645922422074, -0.7823311822977619956, 0.02863575532958875097 ) ) ;
#981 = CARTESIAN_POINT ( 'NONE',  ( -2.513729596993909521, -0.8069819443453436492, 0.0001711807540376428694 ) ) ;
#982 = EDGE_CURVE ( 'NONE', #4701, #1287, #2522, .T. ) ;
#983 = AXIS2_PLACEMENT_3D ( 'NONE', #2818, #106, #3620 ) ;
#984 = ORIENTED_EDGE ( 'NONE', *, *, #2000, .F. ) ;
#985 = CARTESIAN_POINT ( 'NONE',  ( 2.750000000000000000, 0.6252854389745310382, 0.7135017892268159523 ) ) ;
#986 = FACE_OUTER_BOUND ( 'NONE', #3449, .T. ) ;
#987 = CARTESIAN_POINT ( 'NONE',  ( -1.766276015400874977, -0.8908168466576280586, -0.4116682629721395426 ) ) ;
#988 = CARTESIAN_POINT ( 'NONE',  ( -2.403366230662895120, 2.108691293849024539, -0.7499999613809249510 ) ) ;
#989 = CARTESIAN_POINT ( 'NONE',  ( 1.457008645922422074, -0.7823311822977619956, -5.000000000000000000 ) ) ;
#990 = CARTESIAN_POINT ( 'NONE',  ( -0.1391087173542623900, -0.08045467751565869852, 1.460646816723021768 ) ) ;
#991 = CARTESIAN_POINT ( 'NONE',  ( 2.003633779954649974, -0.9737267632371290338, -0.2989205570147525082 ) ) ;
#992 = CARTESIAN_POINT ( 'NONE',  ( 2.744173359181684813, 1.431918637226861968, 0.7500000000068919315 ) ) ;
#993 = CARTESIAN_POINT ( 'NONE',  ( -0.7853072884546251631, 2.766640922507420886, 1.027197237369718907 ) ) ;
#994 = LINE ( 'NONE', #1995, #2697 ) ;
#995 = CARTESIAN_POINT ( 'NONE',  ( -2.750000000000000000, 0.8459294037907020281, 0.7467584197806589330 ) ) ;
#996 = CARTESIAN_POINT ( 'NONE',  ( -2.749999999999996891, -0.5017693966406868711, -1.039083898642494841 ) ) ;
#997 = CARTESIAN_POINT ( 'NONE',  ( -2.336431019692431832, -0.8729965858757670061, 0.1761306259940587093 ) ) ;
#998 = CARTESIAN_POINT ( 'NONE',  ( -2.750000000000000000, 0.03784415118891609753, 3.361026734705064929E-15 ) ) ;
#999 = CARTESIAN_POINT ( 'NONE',  ( 1.750000000000000000, -0.5385372515406881000, 0.9943585300188669818 ) ) ;
#1000 = CARTESIAN_POINT ( 'NONE',  ( -1.750000000000000000, 0.05794747268154830377, 1.555921056102979927 ) ) ;
#1001 = CARTESIAN_POINT ( 'NONE',  ( 1.803309402829730290, -1.128631939204962187, 0.2605582559744756832 ) ) ;
#1002 = CARTESIAN_POINT ( 'NONE',  ( -2.250000000000000000, -12.00000000000000000, 3.061616997868389797E-17 ) ) ;
#1003 = ORIENTED_EDGE ( 'NONE', *, *, #2979, .T. ) ;
#1004 = CARTESIAN_POINT ( 'NONE',  ( -2.180876825827090304, 1.412763777562985990, -1.648732183149409947 ) ) ;
#1005 = CARTESIAN_POINT ( 'NONE',  ( -1.304747408140930043, -0.3859015645561034713, -1.166562721255783863 ) ) ;
#1006 = ADVANCED_FACE ( 'NONE', ( #2452 ), #4873, .F. ) ;
#1007 = B_SPLINE_CURVE_WITH_KNOTS ( 'NONE', 3,
 ( #498, #2034, #860, #899, #3296, #2070, #2438, #1242, #1285 ),
 .UNSPECIFIED., .F., .F.,
 ( 4, 1, 2, 2, 4 ),
 ( 0.000000000000000000, 0.2499999999999995559, 0.3749999999999993339, 0.4999999999999993339, 1.000000000000000000 ),
 .UNSPECIFIED. ) ;
#1008 = DIRECTION ( 'NONE',  ( 0.000000000000000000, 0.000000000000000000, 1.000000000000000000 ) ) ;
#1009 = CARTESIAN_POINT ( 'NONE',  ( -1.469047506202659781, -0.7546653679180799212, 0.06252825502640300959 ) ) ;
#1010 = CARTESIAN_POINT ( 'NONE',  ( -1.332335105086042804, 2.772008656055714670, 0.6168441206469004179 ) ) ;
#1011 = CARTESIAN_POINT ( 'NONE',  ( -2.749999999999926281, -0.7864913290421386982, 0.5736641189110766037 ) ) ;
#1012 = CIRCLE ( 'NONE', #2968, 0.2500000000000000000 ) ;
#1013 = CARTESIAN_POINT ( 'NONE',  ( 2.750000000000000000, 0.2019089790060910050, -0.3066943351949960039 ) ) ;
#1014 = CARTESIAN_POINT ( 'NONE',  ( 1.803309402828770613, -1.128631939204133516, -0.2605582559752991356 ) ) ;
#1015 = CARTESIAN_POINT ( 'NONE',  ( -2.685062396475904833, 1.660315896328979912, 0.7500000000000000000 ) ) ;
#1016 = ORIENTED_EDGE ( 'NONE', *, *, #4707, .T. ) ;
#1017 = ADVANCED_FACE ( 'NONE', ( #4167 ), #2955, .T. ) ;
#1018 = CARTESIAN_POINT ( 'NONE',  ( -1.982036105020731132, -1.015241563169053229, -0.2811818923131255143 ) ) ;
#1019 = CARTESIAN_POINT ( 'NONE',  ( -1.507655866351422569, -0.8329784027267618240, -0.2434712195381668887 ) ) ;
#1020 = CARTESIAN_POINT ( 'NONE',  ( -1.582414197970270386, -0.5535737468685325569, -0.9759118820251926341 ) ) ;
#1021 = CARTESIAN_POINT ( 'NONE',  ( 2.503573565557626779, 1.984475429739206875, -1.749999999999981126 ) ) ;
#1022 = CARTESIAN_POINT ( 'NONE',  ( 2.319465139627202355, -0.8813660103198062146, 0.1850611007510138684 ) ) ;
#1023 = CARTESIAN_POINT ( 'NONE',  ( 2.164418197374375019, 1.462872894157930093, 1.648823830520935063 ) ) ;
#1024 = CARTESIAN_POINT ( 'NONE',  ( 1.738970163991258255, -0.9046095689925410799, 0.3927491978878858703 ) ) ;
#1025 = CARTESIAN_POINT ( 'NONE',  ( 1.749999999977009946, 1.305713610126999935, 1.750000000000000000 ) ) ;
#1026 = ORIENTED_EDGE ( 'NONE', *, *, #1070, .F. ) ;
#1027 = VECTOR ( 'NONE', #4697, 1000.000000000000000 ) ;
#1028 = CARTESIAN_POINT ( 'NONE',  ( 1.750000000000000000, -0.2522286243951720186, -1.304743581508829964 ) ) ;
#1029 = CARTESIAN_POINT ( 'NONE',  ( -2.750000000000000000, 0.2822077293616899740, -0.4163411348168994941 ) ) ;
#1030 = CARTESIAN_POINT ( 'NONE',  ( -2.333170600034440323, -0.8746376826027455476, 0.1778672301189343219 ) ) ;
#1031 = CARTESIAN_POINT ( 'NONE',  ( 2.749999999999996891, -0.9928673751719269136, 0.3256454536181268011 ) ) ;
#1032 = CARTESIAN_POINT ( 'NONE',  ( -1.750000000000000000, 1.080205472464321970, 1.750000000000000000 ) ) ;
#1033 = CARTESIAN_POINT ( 'NONE',  ( 1.913141727307868356, -1.238464263683213717, 0.2439448171223051742 ) ) ;
#1034 = CARTESIAN_POINT ( 'NONE',  ( -2.583455167870813973, 1.621779273142567757, 1.273022179533967346 ) ) ;
#1035 =( BOUNDED_SURFACE ( )  B_SPLINE_SURFACE ( 3, 2, ( 
 ( #598, #1594, #3252 ),
 ( #2358, #487, #4336 ),
 ( #2324, #751, #785 ),
 ( #2746, #419, #3110 ),
 ( #388, #1228, #3218 ),
 ( #815, #3947, #1652 ) ),
 .UNSPECIFIED., .F., .F., .F. ) 
 B_SPLINE_SURFACE_WITH_KNOTS ( ( 4, 2, 4 ),
 ( 3, 3 ),
 ( -0.0004121102293806735094, -0.0001004397730563660104, 0.0002112306832679414887 ),
 ( 0.000000000000000000, 1.000000000000000000 ),
 .UNSPECIFIED. ) 
 GEOMETRIC_REPRESENTATION_ITEM ( )  RATIONAL_B_SPLINE_SURFACE ( (
 ( 1.000000000000000000, 0.9678408247460840164, 1.000000000000000000),
 ( 1.000000000000000000, 0.9520517252715340328, 1.000000000000000000),
 ( 1.000000000000000000, 0.9287650897452029986, 1.000000000000000000),
 ( 1.000000000000000000, 0.8848353080617389343, 1.000000000000000000),
 ( 1.000000000000000000, 0.8650423807381669716, 1.000000000000000000),
 ( 1.000000000000000000, 0.8657678981608050162, 1.000000000000000000) ) ) 
 REPRESENTATION_ITEM ( '' )  SURFACE ( )  );
#1036 = CARTESIAN_POINT ( 'NONE',  ( -1.749999999988505195, 1.305713610130921909, -1.750000000000000000 ) ) ;
#1037 = DIRECTION ( 'NONE',  ( 0.000000000000000000, 0.000000000000000000, -1.000000000000000000 ) ) ;
#1038 = MANIFOLD_SOLID_BREP ( 'NONE', #2480 ) ;
#1039 = EDGE_CURVE ( 'NONE', #95, #3789, #689, .T. ) ;
#1040 = CARTESIAN_POINT ( 'NONE',  ( 2.308990344923138593, 2.202614228745643388, 1.704027443242016826 ) ) ;
#1041 = CARTESIAN_POINT ( 'NONE',  ( 0.9227377060400959730, 2.894525836541580244, -0.4869193325868730327 ) ) ;
#1042 = CARTESIAN_POINT ( 'NONE',  ( -2.750000000000000000, -0.04022461109871479368, -0.1253815298501670117 ) ) ;
#1043 = CIRCLE ( 'NONE', #4071, 0.2500000000000000000 ) ;
#1044 = AXIS2_PLACEMENT_3D ( 'NONE', #2454, #3213, #2837 ) ;
#1045 = CARTESIAN_POINT ( 'NONE',  ( 2.750000000000000000, 0.2595500472034090178, -0.3904856694504805215 ) ) ;
#1046 = CARTESIAN_POINT ( 'NONE',  ( 2.129175835222994806, -1.014048463667736044, -0.2336367895947334961 ) ) ;
#1047 = CARTESIAN_POINT ( 'NONE',  ( -2.452687389851609279, -0.8821078735728993259, 8.075200544156217416E-05 ) ) ;
#1048 = ADVANCED_FACE ( 'NONE', ( #4102 ), #3903, .T. ) ;
#1049 =( BOUNDED_SURFACE ( )  B_SPLINE_SURFACE ( 3, 2, ( 
 ( #748, #4173, #1032 ),
 ( #3107, #1803, #1556 ),
 ( #1460, #320, #3879 ),
 ( #1494, #4550, #2626 ),
 ( #287, #1526, #2682 ),
 ( #4276, #4665, #3429 ),
 ( #5087, #354, #4584 ),
 ( #1927, #5024, #4990 ),
 ( #2557, #2594, #1836 ),
 ( #222, #2215, #2947 ),
 ( #674, #3375, #256 ),
 ( #2252, #643, #607 ),
 ( #3066, #3743, #3847 ),
 ( #4136, #4517, #1000 ),
 ( #1421, #2181, #3284 ),
 ( #1592, #846, #452 ),
 ( #3552, #2424, #4710 ),
 ( #37, #386, #4863 ),
 ( #4309, #485, #3181 ),
 ( #2808, #3614, #1226 ),
 ( #3647, #2387, #1651 ),
 ( #4039, #3524, #783 ),
 ( #1268, #13, #3581 ),
 ( #884, #127, #1312 ),
 ( #2020, #3250, #4427 ),
 ( #4009, #2775, #3910 ),
 ( #416, #3944, #1679 ),
 ( #4335, #1160, #1958 ),
 ( #2744, #3974, #4361 ),
 ( #2843, #2356, #4393 ),
 ( #1708, #2055, #2323 ),
 ( #4823, #2713, #99 ),
 ( #4744, #2459, #3216 ),
 ( #814, #1193, #515 ),
 ( #921, #3144, #65 ),
 ( #1619, #1988, #4788 ),
 ( #1395, #2527, #3039 ),
 ( #1352, #617, #232 ),
 ( #3348, #2190, #4459 ),
 ( #4930, #164, #4595 ),
 ( #3409, #295, #266 ),
 ( #3791, #1011, #3382 ),
 ( #2158, #1435, #3437 ),
 ( #3823, #3316, #550 ),
 ( #1042, #4897, #3755 ),
 ( #650, #5033, #1072 ),
 ( #1816, #2604, #4219 ),
 ( #3001, #2566, #3678 ) ),
 .UNSPECIFIED., .F., .F., .F. ) 
 B_SPLINE_SURFACE_WITH_KNOTS ( ( 4, 2, 2, 2, 2, 2, 2, 2, 2, 2, 2, 2, 2, 2, 2, 2, 2, 2, 2, 2, 2, 2, 2, 4 ),
 ( 3, 3 ),
 ( 0.000000000000000000, 0.0002737922017273284963, 0.0004106883025909925005, 0.0004791363530228250176, 0.0004962483656307829435, 0.0005133603782387410322, 0.0005219163845427199138, 0.0005304723908466990124, 0.0005475844034546569926, 0.0005818084286705729529, 0.0006160324538864890218, 0.0006844805043183210510, 0.0008213766051819850009, 0.0008898246556138170301, 0.0009240486808297329905, 0.0009582727060456490593, 0.0009753847186536070395, 0.0009924967312615650197, 0.001026720756477480113, 0.001095168806909311817, 0.001232064907772978044, 0.001368961008636642102, 0.001642753210363970002, 0.002190337613818624934 ),
 ( 0.000000000000000000, 1.000000000000000000 ),
 .UNSPECIFIED. ) 
 GEOMETRIC_REPRESENTATION_ITEM ( )  RATIONAL_B_SPLINE_SURFACE ( (
 ( 1.000000000000000000, 0.7071067811865480168, 1.000000000000000000),
 ( 1.000000000000000000, 0.7071067811865480168, 1.000000000000000000),
 ( 1.000000000000000000, 0.7071067811865480168, 1.000000000000000000),
 ( 1.000000000000000000, 0.7071067811865480168, 1.000000000000000000),
 ( 1.000000000000000000, 0.7071067811865480168, 1.000000000000000000),
 ( 1.000000000000000000, 0.7071067811865480168, 1.000000000000000000),
 ( 1.000000000000000000, 0.7071067811865480168, 1.000000000000000000),
 ( 1.000000000000000000, 0.7071067811865480168, 1.000000000000000000),
 ( 1.000000000000000000, 0.7071067811865480168, 1.000000000000000000),
 ( 1.000000000000000000, 0.7071067811865480168, 1.000000000000000000),
 ( 1.000000000000000000, 0.7071067811865480168, 1.000000000000000000),
 ( 1.000000000000000000, 0.7071067811865480168, 1.000000000000000000),
 ( 1.000000000000000000, 0.7071067811865480168, 1.000000000000000000),
 ( 1.000000000000000000, 0.7071067811865480168, 1.000000000000000000),
 ( 1.000000000000000000, 0.7071067811865480168, 1.000000000000000000),
 ( 1.000000000000000000, 0.7071067811865480168, 1.000000000000000000),
 ( 1.000000000000000000, 0.7071067811865480168, 1.000000000000000000),
 ( 1.000000000000000000, 0.7071067811865480168, 1.000000000000000000),
 ( 1.000000000000000000, 0.7071067811865480168, 1.000000000000000000),
 ( 1.000000000000000000, 0.7071067811865480168, 1.000000000000000000),
 ( 1.000000000000000000, 0.7071067811865480168, 1.000000000000000000),
 ( 1.000000000000000000, 0.7071067811865480168, 1.000000000000000000),
 ( 1.000000000000000000, 0.7071067811865470176, 1.000000000000000000),
 ( 1.000000000000000000, 0.7071067811865470176, 1.000000000000000000),
 ( 1.000000000000000000, 0.7071067811865480168, 1.000000000000000000),
 ( 1.000000000000000000, 0.7071067811865480168, 1.000000000000000000),
 ( 1.000000000000000000, 0.7071067811865480168, 1.000000000000000000),
 ( 1.000000000000000000, 0.7071067811865480168, 1.000000000000000000),
 ( 1.000000000000000000, 0.7071067811865480168, 1.000000000000000000),
 ( 1.000000000000000000, 0.7071067811865480168, 1.000000000000000000),
 ( 1.000000000000000000, 0.7071067811865480168, 1.000000000000000000),
 ( 1.000000000000000000, 0.7071067811865480168, 1.000000000000000000),
 ( 1.000000000000000000, 0.7071067811865480168, 1.000000000000000000),
 ( 1.000000000000000000, 0.7071067811865480168, 1.000000000000000000),
 ( 1.000000000000000000, 0.7071067811865480168, 1.000000000000000000),
 ( 1.000000000000000000, 0.7071067811865480168, 1.000000000000000000),
 ( 1.000000000000000000, 0.7071067811865480168, 1.000000000000000000),
 ( 1.000000000000000000, 0.7071067811865480168, 1.000000000000000000),
 ( 1.000000000000000000, 0.7071067811865480168, 1.000000000000000000),
 ( 1.000000000000000000, 0.7071067811865480168, 1.000000000000000000),
 ( 1.000000000000000000, 0.7071067811865480168, 1.000000000000000000),
 ( 1.000000000000000000, 0.7071067811865480168, 1.000000000000000000),
 ( 1.000000000000000000, 0.7071067811865480168, 1.000000000000000000),
 ( 1.000000000000000000, 0.7071067811865480168, 1.000000000000000000),
 ( 1.000000000000000000, 0.7071067811865480168, 1.000000000000000000),
 ( 1.000000000000000000, 0.7071067811865480168, 1.000000000000000000),
 ( 1.000000000000000000, 0.7071067811865480168, 1.000000000000000000),
 ( 1.000000000000000000, 0.7071067811865480168, 1.000000000000000000) ) ) 
 REPRESENTATION_ITEM ( '' )  SURFACE ( )  );
#1050 = AXIS2_PLACEMENT_3D ( 'NONE', #1642, #2011, #1185 ) ;
#1051 = CARTESIAN_POINT ( 'NONE',  ( 2.250000000000000000, -12.00000000000000000, -3.061616997868380553E-17 ) ) ;
#1052 = CARTESIAN_POINT ( 'NONE',  ( -1.699312768636639825, -0.9077819174754550025, -0.3784058960861227949 ) ) ;
#1053 = CARTESIAN_POINT ( 'NONE',  ( 1.750000000000000000, 0.1188600259135999954, -1.588706042564240084 ) ) ;
#1054 = CARTESIAN_POINT ( 'NONE',  ( -2.388125434602496266, 2.127581545203495850, -1.729596723148409509 ) ) ;
#1055 = CARTESIAN_POINT ( 'NONE',  ( -1.470375111240331822, 2.724778753887143967, -0.6533420135737186829 ) ) ;
#1056 = CARTESIAN_POINT ( 'NONE',  ( 2.001624680051749650, 1.368312686158192015, 1.718082687208950077 ) ) ;
#1057 = CARTESIAN_POINT ( 'NONE',  ( 1.049269879479032941, -0.3900611055478410139, -1.020552013601232044 ) ) ;
#1058 = TOROIDAL_SURFACE ( 'NONE', #876, 0.5000000000000000000, 0.2500000000000000000 ) ;
#1059 = EDGE_CURVE ( 'NONE', #504, #4152, #4111, .T. ) ;
#1060 = DIRECTION ( 'NONE',  ( 1.000000000000000000, 0.000000000000000000, 0.000000000000000000 ) ) ;
#1061 = CARTESIAN_POINT ( 'NONE',  ( 0.9163405072509349658, 2.625304616740488317, 1.229364721958851936 ) ) ;
#1062 = CARTESIAN_POINT ( 'NONE',  ( 2.590225144413630165, 1.624350909901879803, -1.193626146264032073 ) ) ;
#1063 = B_SPLINE_CURVE_WITH_KNOTS ( 'NONE', 3,
 ( #3866, #4260, #3541, #1912 ),
 .UNSPECIFIED., .F., .F.,
 ( 4, 4 ),
 ( 3.025549078466429985E-05, 8.723099341290620657E-05 ),
 .UNSPECIFIED. ) ;
#1064 = CARTESIAN_POINT ( 'NONE',  ( -1.749999999977009946, 1.305713610127001933, -1.750000000000000000 ) ) ;
#1065 =( NAMED_UNIT ( * ) SI_UNIT ( $, .STERADIAN. ) SOLID_ANGLE_UNIT ( ) );
#1066 = CARTESIAN_POINT ( 'NONE',  ( -1.457008645922422074, -0.7823311822977619956, -0.02863575532958790096 ) ) ;
#1067 = CARTESIAN_POINT ( 'NONE',  ( 1.715546096726584979, 3.000000000000000000, -1.409953756187200202 ) ) ;
#1068 = CARTESIAN_POINT ( 'NONE',  ( -1.848009622856327860, -1.136252168522821959, -0.2367013557651453659 ) ) ;
#1069 = CARTESIAN_POINT ( 'NONE',  ( -1.524266041028149443, -0.8570331599128205857, 0.4493258302678597715 ) ) ;
#1070 = EDGE_CURVE ( 'NONE', #4633, #4901, #4402, .T. ) ;
#1071 = CARTESIAN_POINT ( 'NONE',  ( 1.384593999151304100, 2.753211369096759675, -0.6296058517348349648 ) ) ;
#1072 = CARTESIAN_POINT ( 'NONE',  ( -1.750000000000000000, -0.9185667535381091264, 0.3763592074118825015 ) ) ;
#1073 = CYLINDRICAL_SURFACE ( 'NONE', #92, 1.000000000000000000 ) ;
#1074 = CARTESIAN_POINT ( 'NONE',  ( 0.9360444119415270992, 2.599718207535754555, -1.259622396668344191 ) ) ;
#1075 = DIRECTION ( 'NONE',  ( 0.000000000000000000, 0.000000000000000000, 1.000000000000000000 ) ) ;
#1076 = EDGE_CURVE ( 'NONE', #737, #3529, #1260, .T. ) ;
#1077 = ORIENTED_EDGE ( 'NONE', *, *, #4845, .T. ) ;
#1078 = CARTESIAN_POINT ( 'NONE',  ( 2.750000000000000000, 0.5502609436887780925, 0.6842568503068721109 ) ) ;
#1079 = FACE_OUTER_BOUND ( 'NONE', #4620, .T. ) ;
#1080 = CARTESIAN_POINT ( 'NONE',  ( -1.483563074291015527, -0.8088856106663542267, -0.1928355133154482093 ) ) ;
#1081 = CARTESIAN_POINT ( 'NONE',  ( 2.750000000000004441, 0.1188583054617374929, -1.588709239061384837 ) ) ;
#1082 = CARTESIAN_POINT ( 'NONE',  ( -2.338990063244900330, 2.172244753877015100, -0.7483856171563439963 ) ) ;
#1083 = CARTESIAN_POINT ( 'NONE',  ( -1.830680869562915092, -1.136120436312212156, 0.06430114619214979954 ) ) ;
#1084 = ADVANCED_FACE ( 'NONE', ( #2705 ), #1195, .T. ) ;
#1085 = CARTESIAN_POINT ( 'NONE',  ( 1.675599242135366929, -0.6676700141322554627, -0.7999133300023342219 ) ) ;
#1086 = CARTESIAN_POINT ( 'NONE',  ( 1.880843076485690046, 1.314498487756326162, 1.743557805325864907 ) ) ;
#1087 = CARTESIAN_POINT ( 'NONE',  ( -2.580987113963459922, -0.6829318340475449833, 5.740719026927770264E-16 ) ) ;
#1088 = CARTESIAN_POINT ( 'NONE',  ( 1.304747408140928044, -0.3859015645561239549, 1.166562721255762103 ) ) ;
#1089 = CARTESIAN_POINT ( 'NONE',  ( -1.731757144956065142, -0.7621910331179889697, -0.6177299682498228472 ) ) ;
#1090 = ORIENTED_EDGE ( 'NONE', *, *, #2877, .T. ) ;
#1091 = CARTESIAN_POINT ( 'NONE',  ( 1.750000000000000000, -0.4171489463327780478, -1.133398341970802026 ) ) ;
#1092 = B_SPLINE_SURFACE_WITH_KNOTS ( 'NONE', 3, 1, ( 
 ( #3744, #4137 ),
 ( #3780, #4174 ),
 ( #3028, #3430 ),
 ( #4101, #188 ) ),
 .UNSPECIFIED., .F., .F., .F.,
 ( 4, 4 ),
 ( 2, 2 ),
 ( 0.000000000000000000, 1.000000000000000000 ),
 ( 0.000000000000000000, 1.000000000000000000 ),
 .UNSPECIFIED. ) ;
#1093 = CARTESIAN_POINT ( 'NONE',  ( -5.000000000000000000, 1.393856782217540058, 1.750000000000000000 ) ) ;
#1094 = CARTESIAN_POINT ( 'NONE',  ( 1.426720902876959851, -0.5764343997994990643, -0.7194761433672569595 ) ) ;
#1095 = CARTESIAN_POINT ( 'NONE',  ( 2.722112332065585338, 1.547939641456349991, -0.7499999999477280355 ) ) ;
#1096 = CARTESIAN_POINT ( 'NONE',  ( 1.750000000000000000, -0.7376352270447519288, -0.6586401291519669021 ) ) ;
#1097 = DIRECTION ( 'NONE',  ( -0.5144857049222548717, 0.8574989559356037683, 0.000000000000000000 ) ) ;
#1098 = CARTESIAN_POINT ( 'NONE',  ( 1.525882758779589787, -0.2801826992906409908, 0.8361457084366930026 ) ) ;
#1099 = ORIENTED_EDGE ( 'NONE', *, *, #982, .F. ) ;
#1100 = CARTESIAN_POINT ( 'NONE',  ( -1.475521508570151186, -0.6785254975224803697, -0.2426091375363667035 ) ) ;
#1102 = CIRCLE ( 'NONE', #5082, 0.2500000000000000000 ) ;
#1101 = DIRECTION ( 'NONE',  ( 0.5144857049222549827, 0.8574989559356037683, 0.000000000000000000 ) ) ;
#1103 = CARTESIAN_POINT ( 'NONE',  ( -2.387135546830124966, -0.9631573474936200308, 0.04519465997752040304 ) ) ;
#1104 = AXIS2_PLACEMENT_3D ( 'NONE', #1390, #4358, #3642 ) ;
#1105 = CARTESIAN_POINT ( 'NONE',  ( -1.479963529793357324, -0.6144561456486955509, 0.8938604125768510045 ) ) ;
#1106 = CARTESIAN_POINT ( 'NONE',  ( -1.477080165230051367, 2.716698864913926315, 0.6495548701654035861 ) ) ;
#1107 = ORIENTED_EDGE ( 'NONE', *, *, #4116, .T. ) ;
#1108 = CARTESIAN_POINT ( 'NONE',  ( 1.887383209031332054, -1.119596640110833041, -0.1679993849029640385 ) ) ;
#1109 = CARTESIAN_POINT ( 'NONE',  ( -1.646316716057286689, -0.9038041315674331111, 0.3552569936497775305 ) ) ;
#1110 = CARTESIAN_POINT ( 'NONE',  ( -1.913141727306520989, -1.238464263681866573, 0.2439448171225083728 ) ) ;
#1111 = DIRECTION ( 'NONE',  ( 0.000000000000000000, 0.000000000000000000, -1.000000000000000000 ) ) ;
#1112 = CARTESIAN_POINT ( 'NONE',  ( -1.023196801603780015, 2.869658262738024934, 0.5252997036291789934 ) ) ;
#1113 = AXIS2_PLACEMENT_3D ( 'NONE', #1133, #4825, #2426 ) ;
#1114 = CARTESIAN_POINT ( 'NONE',  ( 2.750000000000011102, -0.03470757025473840407, 1.496547138685292877 ) ) ;
#1115 = CARTESIAN_POINT ( 'NONE',  ( -2.750000000000000000, 0.8970534682756888811, -0.7476355244842730619 ) ) ;
#1116 = EDGE_CURVE ( 'NONE', #1627, #1131, #2609, .T. ) ;
#1117 = CARTESIAN_POINT ( 'NONE',  ( 1.708981428593590035, -0.3483116345399989711, 0.000000000000000000 ) ) ;
#1118 = CARTESIAN_POINT ( 'NONE',  ( 1.749523500210145022, 1.307156018955816013, -1.750000000000000000 ) ) ;
#1119 = CARTESIAN_POINT ( 'NONE',  ( 1.525882758779589787, -0.5101445300704938735, -1.028804879992004206 ) ) ;
#1120 = CARTESIAN_POINT ( 'NONE',  ( 2.342608639770995094, 1.452663226852924039, 1.545382859823340116 ) ) ;
#1121 = CARTESIAN_POINT ( 'NONE',  ( -0.5159112085591758268, -0.2312536620417210975, -1.194489412884821800 ) ) ;
#1122 = CARTESIAN_POINT ( 'NONE',  ( 1.383293044939168048, -0.5441299923377659331, 0.8361457084366080705 ) ) ;
#1123 = EDGE_CURVE ( 'NONE', #1354, #1287, #1102, .T. ) ;
#1124 = VERTEX_POINT ( 'NONE', #357 ) ;
#1125 = CARTESIAN_POINT ( 'NONE',  ( 2.750000000000000000, 0.03784415118891664570, -2.818925648462309951E-15 ) ) ;
#1126 = CARTESIAN_POINT ( 'NONE',  ( 1.592180430793434853, -0.5629151138444429270, -0.9637639346428280573 ) ) ;
#1127 = CARTESIAN_POINT ( 'NONE',  ( 2.545107625578660215, 1.312106051867742096, -1.359989791892027844 ) ) ;
#1128 = CARTESIAN_POINT ( 'NONE',  ( -1.991883562942850183, 1.397442744720720054, 1.718161044462940046 ) ) ;
#1129 = CARTESIAN_POINT ( 'NONE',  ( -1.146446609406723827, -1.446446609406723871, 0.000000000000000000 ) ) ;
#1130 = DIRECTION ( 'NONE',  ( 0.000000000000000000, 0.000000000000000000, 1.000000000000000000 ) ) ;
#1131 = VERTEX_POINT ( 'NONE', #4395 ) ;
#1132 = CARTESIAN_POINT ( 'NONE',  ( 1.298471155308900116, 2.784010251145166759, -0.6083309054375900526 ) ) ;
#1133 = CARTESIAN_POINT ( 'NONE',  ( -1.500000000000000000, -1.734723475976809855E-15, 0.000000000000000000 ) ) ;
#1134 = CARTESIAN_POINT ( 'NONE',  ( -1.286655222183971992, -0.4919242684837180080, -0.9048826695914979901 ) ) ;
#1135 = CARTESIAN_POINT ( 'NONE',  ( -2.015031874182324323, -1.133549960958063929, -0.2213283674122946132 ) ) ;
#1136 = CARTESIAN_POINT ( 'NONE',  ( 1.023196801603767803, 2.869658262738024934, 0.5252997036291080502 ) ) ;
#1137 = CARTESIAN_POINT ( 'NONE',  ( 0.8805206788677959473, 2.671432320548995154, -1.173846480444283857 ) ) ;
#1138 = ORIENTED_EDGE ( 'NONE', *, *, #1345, .T. ) ;
#1139 = CARTESIAN_POINT ( 'NONE',  ( -1.718982395558569909, -0.8692886612150190206, -0.4380993121472704921 ) ) ;
#1140 = LINE ( 'NONE', #1349, #2897 ) ;
#1141 = CARTESIAN_POINT ( 'NONE',  ( -1.766276015400870092, -0.8908168466576259492, 0.4116682629721420406 ) ) ;
#1142 = CARTESIAN_POINT ( 'NONE',  ( 1.561819054846960153, -0.5334186584038519419, 1.001024416087075819 ) ) ;
#1143 = CARTESIAN_POINT ( 'NONE',  ( 0.4105897948289178867, 2.952716378316392998, -0.5113471342246912466 ) ) ;
#1144 = CARTESIAN_POINT ( 'NONE',  ( -2.388125434602497599, 2.127581545203498514, 1.729596723148341120 ) ) ;
#1145 = ORIENTED_EDGE ( 'NONE', *, *, #2430, .T. ) ;
#1146 = CARTESIAN_POINT ( 'NONE',  ( 1.750000000000000000, -0.1717589865811464944, 1.382566057236888080 ) ) ;
#1147 = SURFACE_STYLE_FILL_AREA ( #2526 ) ;
#1148 = CARTESIAN_POINT ( 'NONE',  ( -1.750000000000000000, -0.05569003863559029294, -1.480015538424009902 ) ) ;
#1149 = CARTESIAN_POINT ( 'NONE',  ( -2.528183212011071213, -0.7451473189579002065, 0.05162116501936685892 ) ) ;
#1150 = CARTESIAN_POINT ( 'NONE',  ( 2.602331664285879587, 1.836076356434594992, -0.7500000000000000000 ) ) ;
#1151 = CARTESIAN_POINT ( 'NONE',  ( 1.766276015400870092, -0.8908168466576259492, -0.4116682629721409858 ) ) ;
#1152 = CARTESIAN_POINT ( 'NONE',  ( -1.342554645929106005, -0.5221222778804275322, -0.8651223456962648939 ) ) ;
#1153 = CARTESIAN_POINT ( 'NONE',  ( -0.9658531634994780291, -0.3568565559617565275, 1.058741330607689823 ) ) ;
#1154 = ORIENTED_EDGE ( 'NONE', *, *, #3896, .F. ) ;
#1155 = PRESENTATION_STYLE_ASSIGNMENT (( #3753 ) ) ;
#1156 = CARTESIAN_POINT ( 'NONE',  ( -1.749999999977009946, 1.305713610127001933, -1.750000000000000000 ) ) ;
#1157 = CARTESIAN_POINT ( 'NONE',  ( 0.9156934800749646497, 2.626136650756001778, 1.228371590839421490 ) ) ;
#1158 = CARTESIAN_POINT ( 'NONE',  ( -2.730199698746436532, -0.2195817754326983839, -3.427062497647426658E-06 ) ) ;
#1159 = CARTESIAN_POINT ( 'NONE',  ( 1.426509635569499945, -2.038954318512709918, 0.000000000000000000 ) ) ;
#1160 = CARTESIAN_POINT ( 'NONE',  ( -2.750000000000004441, -0.4503512047345942237, 1.097196676375688851 ) ) ;
#1161 = EDGE_LOOP ( 'NONE', ( #2474, #777, #268, #1936, #242, #340, #276 ) ) ;
#1162 = CARTESIAN_POINT ( 'NONE',  ( 0.8298376315852932228, 2.914710084990669081, -0.4479268284180980553 ) ) ;
#1163 = CARTESIAN_POINT ( 'NONE',  ( -1.459909649195514358, -0.6243014151275159129, -0.4820659473921887761 ) ) ;
#1165 = TOROIDAL_SURFACE ( 'NONE', #73, 0.5000000000000000000, 0.2500000000000000000 ) ;
#1164 = CARTESIAN_POINT ( 'NONE',  ( -1.485371070074983368, -0.4839071784159655332, 1.060122306370316680 ) ) ;
#1166 = CARTESIAN_POINT ( 'NONE',  ( 1.750000000000000000, -0.8050148418556589691, -0.5400853469422159936 ) ) ;
#1167 = CARTESIAN_POINT ( 'NONE',  ( 0.6932812815960119890, 2.838525436799234747, 0.8892312966951030351 ) ) ;
#1168 = CARTESIAN_POINT ( 'NONE',  ( -1.527507701350197866, -0.8528389758836023571, -0.2687646422661466028 ) ) ;
#1169 = ORIENTED_EDGE ( 'NONE', *, *, #4415, .T. ) ;
#1170 = AXIS2_PLACEMENT_3D ( 'NONE', #4648, #5072, #372 ) ;
#1171 = CARTESIAN_POINT ( 'NONE',  ( 2.680990625651519910, 1.671407329924954999, 0.7500000000000000000 ) ) ;
#1172 = FACE_OUTER_BOUND ( 'NONE', #2678, .T. ) ;
#1173 = CARTESIAN_POINT ( 'NONE',  ( -2.251037729781210306, 1.338576914987539945, 1.617887077148715047 ) ) ;
#1174 = CARTESIAN_POINT ( 'NONE',  ( 2.750000000000000000, 0.2873960535905160096, 0.4222977610858675290 ) ) ;
#1175 = CARTESIAN_POINT ( 'NONE',  ( -1.633993800304857524, -0.6061771095583371460, 0.9074334329865139104 ) ) ;
#1176 = CARTESIAN_POINT ( 'NONE',  ( 0.9052105128144583013, 2.639352782809236242, -1.212252061432570027 ) ) ;
#1177 = CARTESIAN_POINT ( 'NONE',  ( -2.338990063244880346, 2.172244753877030199, 0.7483856171563439963 ) ) ;
#1178 = EDGE_CURVE ( 'NONE', #4609, #3356, #2802, .T. ) ;
#1179 = ORIENTED_EDGE ( 'NONE', *, *, #2660, .T. ) ;
#1180 = CARTESIAN_POINT ( 'NONE',  ( 2.750000000000000000, 0.3290198916501665405, 0.4670274041193890335 ) ) ;
#1181 = CIRCLE ( 'NONE', #4542, 0.2500000000000000000 ) ;
#1182 = CARTESIAN_POINT ( 'NONE',  ( -2.750000000000000000, 0.4978782648226699470, -0.6395448365345980379 ) ) ;
#1183 = CARTESIAN_POINT ( 'NONE',  ( -0.5476872099053569087, 2.912035256475499878, -0.6882122695100760801 ) ) ;
#1184 = CARTESIAN_POINT ( 'NONE',  ( -1.750194205295920069, 1.305136147876065911, -1.750000000000000000 ) ) ;
#1185 = DIRECTION ( 'NONE',  ( 1.000000000000000000, 0.000000000000000000, 0.000000000000000000 ) ) ;
#1186 = ORIENTED_EDGE ( 'NONE', *, *, #3212, .T. ) ;
#1187 = CARTESIAN_POINT ( 'NONE',  ( -2.590225075495750318, 1.624351093043785221, -1.193626146410612154 ) ) ;
#1188 = ORIENTED_EDGE ( 'NONE', *, *, #4080, .T. ) ;
#1189 = CARTESIAN_POINT ( 'NONE',  ( 2.700645377876902398, -0.3368349150881594922, -2.041087001905628670E-07 ) ) ;
#1190 = CARTESIAN_POINT ( 'NONE',  ( 1.469047506202658004, -0.7546653679180790331, -0.06252825502640289856 ) ) ;
#1191 = CARTESIAN_POINT ( 'NONE',  ( 2.406958203837910037, 1.388361297371387915, -1.503441181867279930 ) ) ;
#1192 = EDGE_LOOP ( 'NONE', ( #2523, #3128, #2508, #4782 ) ) ;
#1193 = CARTESIAN_POINT ( 'NONE',  ( -2.749999999999996891, -0.5689933583548859586, 0.9543849683106678805 ) ) ;
#1194 = ORIENTED_EDGE ( 'NONE', *, *, #3999, .F. ) ;
#1195 = PLANE ( 'NONE',  #1113 ) ;
#1196 = LINE ( 'NONE', #2782, #1203 ) ;
#1197 = CARTESIAN_POINT ( 'NONE',  ( 2.750000000000000000, 0.8970534682756309275, -0.7476355244842730619 ) ) ;
#1198 = EDGE_LOOP ( 'NONE', ( #382, #2912, #2111, #3081 ) ) ;
#1199 = CARTESIAN_POINT ( 'NONE',  ( -1.739218462663584872E-15, 3.000000000000000000, -3.035766082959410049E-15 ) ) ;
#1200 = CARTESIAN_POINT ( 'NONE',  ( 1.432484413105028054, -0.5829906601418386458, -0.6856792256426308407 ) ) ;
#1201 = VERTEX_POINT ( 'NONE', #2637 ) ;
#1202 = CARTESIAN_POINT ( 'NONE',  ( 1.935968830804688734, -1.069519733278346818, -0.2341053842167203636 ) ) ;
#1203 = VECTOR ( 'NONE', #2027, 1000.000000000000000 ) ;
#1204 = CARTESIAN_POINT ( 'NONE',  ( -2.469717727261774964, 1.531230896623344995, 1.411210066156310061 ) ) ;
#1205 = CARTESIAN_POINT ( 'NONE',  ( 2.750000000000000000, 0.4705117429161480569, 0.6134598728313139793 ) ) ;
#1206 = CARTESIAN_POINT ( 'NONE',  ( 2.583455167874241898, 1.621779273133465482, -1.273022179452106606 ) ) ;
#1207 = CARTESIAN_POINT ( 'NONE',  ( 0.9091841809915389705, 2.634387527092499681, -1.218367998320364798 ) ) ;
#1208 = CARTESIAN_POINT ( 'NONE',  ( -1.541775747509745109, 1.693326313192194954, 1.728161555831089879 ) ) ;
#1209 = CARTESIAN_POINT ( 'NONE',  ( -0.4105897948042705470, 2.952716378323474000, 0.5113471341897519729 ) ) ;
#1210 = ADVANCED_FACE ( 'NONE', ( #2743 ), #359, .T. ) ;
#1211 = ORIENTED_EDGE ( 'NONE', *, *, #803, .T. ) ;
#1212 = ORIENTED_EDGE ( 'NONE', *, *, #153, .F. ) ;
#1213 = CARTESIAN_POINT ( 'NONE',  ( -1.750000000000000000, -0.1717589865811574856, -1.382566057236876089 ) ) ;
#1214 = CARTESIAN_POINT ( 'NONE',  ( -0.3095187925577357890, 2.991681823696304310, -0.2712483088790539898 ) ) ;
#1215 = CARTESIAN_POINT ( 'NONE',  ( -2.221013835350396537, 1.484329338368857831, -1.623755714987132448 ) ) ;
#1216 = CARTESIAN_POINT ( 'NONE',  ( 1.717665491962603097, -0.9075076789794922494, 0.3854008516108461957 ) ) ;
#1217 = ORIENTED_EDGE ( 'NONE', *, *, #4080, .F. ) ;
#1218 = STYLED_ITEM ( 'NONE', ( #1155 ), #1821 ) ;
#1219 = CARTESIAN_POINT ( 'NONE',  ( -2.617775617878734806, 1.362627514421366204, -1.251262603747069768 ) ) ;
#1220 = CARTESIAN_POINT ( 'NONE',  ( 1.701801100678955070, -0.7063893084582378856, 0.7322127954076536049 ) ) ;
#1221 = VERTEX_POINT ( 'NONE', #130 ) ;
#1222 = CARTESIAN_POINT ( 'NONE',  ( 2.496556385010754830, -0.8659622164196189020, 0.08864706420167049739 ) ) ;
#1223 = CARTESIAN_POINT ( 'NONE',  ( 2.473516188011635197, 2.021733838396105210, -0.7500000000000000000 ) ) ;
#1224 = CARTESIAN_POINT ( 'NONE',  ( 2.007561474229434761, 1.338308537184706104, -1.718052740677064927 ) ) ;
#1225 = ORIENTED_EDGE ( 'NONE', *, *, #5015, .T. ) ;
#1226 = CARTESIAN_POINT ( 'NONE',  ( -1.750000000000000000, -0.1717589865811464944, 1.382566057236888080 ) ) ;
#1227 = ORIENTED_EDGE ( 'NONE', *, *, #2498, .T. ) ;
#1228 = CARTESIAN_POINT ( 'NONE',  ( 2.015638351465164568, -1.133554592984264531, 0.2212812716153408910 ) ) ;
#1229 = CARTESIAN_POINT ( 'NONE',  ( -1.439775563462689867, -0.5921904982269161621, 0.6474906026710047779 ) ) ;
#1230 = CARTESIAN_POINT ( 'NONE',  ( 1.338813396509102693, -0.5172941525587029243, -1.029663938980317495 ) ) ;
#1231 = EDGE_CURVE ( 'NONE', #3356, #1990, #855, .T. ) ;
#1232 = CARTESIAN_POINT ( 'NONE',  ( 0.8649760490122722079, -0.2228460357898076893, -1.333752304677511935 ) ) ;
#1233 = ORIENTED_EDGE ( 'NONE', *, *, #3399, .T. ) ;
#1234 = CARTESIAN_POINT ( 'NONE',  ( 1.769650710164301310, 2.585232373324336752, 1.472200509072658425 ) ) ;
#1235 = EDGE_CURVE ( 'NONE', #4589, #1314, #4448, .T. ) ;
#1236 = CARTESIAN_POINT ( 'NONE',  ( 1.476747206972888193, -0.7008349554922049807, -0.1754738090597530165 ) ) ;
#1237 = EDGE_LOOP ( 'NONE', ( #588, #622, #1537, #3170, #2161, #1845 ) ) ;
#1238 = CARTESIAN_POINT ( 'NONE',  ( 2.003633779954649974, -0.9737267632371290338, -0.2989205570147525082 ) ) ;
#1239 = CARTESIAN_POINT ( 'NONE',  ( -2.685062396475924817, 1.660315896328929952, 0.8815594435665781159 ) ) ;
#1240 = DIRECTION ( 'NONE',  ( 1.000000000000000000, 0.000000000000000000, 0.000000000000000000 ) ) ;
#1241 = CARTESIAN_POINT ( 'NONE',  ( 1.475549210352238072, -0.7261239747819560053, 0.1132499010014666047 ) ) ;
#1242 = CARTESIAN_POINT ( 'NONE',  ( 1.497342706544262159, -0.8226652429196006366, -0.2303376295311531652 ) ) ;
#1243 = CARTESIAN_POINT ( 'NONE',  ( -1.780231950625785098, -0.6055544870011240199, 0.000000000000000000 ) ) ;
#1244 = CARTESIAN_POINT ( 'NONE',  ( -0.1005004059265813404, 3.000000000000000444, 0.1244062600671240332 ) ) ;
#1245 = ORIENTED_EDGE ( 'NONE', *, *, #2430, .F. ) ;
#1246 = B_SPLINE_CURVE_WITH_KNOTS ( 'NONE', 3,
 ( #2050, #2015, #479, #2420, #1705, #3243, #946, #2803, #2872, #1262, #2120, #4072, #1306, #2087, #4860, #4927, #194, #3608, #973, #877 ),
 .UNSPECIFIED., .F., .F.,
 ( 4, 2, 2, 2, 2, 2, 2, 2, 2, 4 ),
 ( 0.0004179902289278100052, 0.0007615524038092259416, 0.0008474429475295799799, 0.0009333334912499340183, 0.001105114578690641986, 0.001191005122410996025, 0.001276895666131350063, 0.001362786209851703885, 0.001448676753572057923, 0.001792238928453474944 ),
 .UNSPECIFIED. ) ;
#1247 = ORIENTED_EDGE ( 'NONE', *, *, #1746, .T. ) ;
#1248 = CARTESIAN_POINT ( 'NONE',  ( -2.750000000000000000, 0.7606580517196349644, -0.7358532461119049461 ) ) ;
#1249 = DIRECTION ( 'NONE',  ( 0.000000000000000000, 0.000000000000000000, 1.000000000000000000 ) ) ;
#1250 = CARTESIAN_POINT ( 'NONE',  ( -2.750000000000000000, 0.2675411168238140402, 0.4005262616608259996 ) ) ;
#1251 = CARTESIAN_POINT ( 'NONE',  ( -1.094419185156748853, 2.365937102734240849, -1.467455493525193555 ) ) ;
#1252 = CARTESIAN_POINT ( 'NONE',  ( 1.517709170700245025, -0.8430317070755840581, 0.2562738891372024486 ) ) ;
#1253 = CARTESIAN_POINT ( 'NONE',  ( -2.699483016478640529, 1.619541543763755476, 1.749999999999995559 ) ) ;
#1255 = ADVANCED_FACE ( 'NONE', ( #2719 ), #4506, .T. ) ;
#1254 = LINE ( 'NONE', #4298, #3149 ) ;
#1256 = ORIENTED_EDGE ( 'NONE', *, *, #3096, .T. ) ;
#1257 = CARTESIAN_POINT ( 'NONE',  ( -2.750000000000000000, 1.313753328945229892, -0.7500000000000000000 ) ) ;
#1258 = CARTESIAN_POINT ( 'NONE',  ( -1.525882758779589787, -0.2801826992906409908, 0.8361457084366930026 ) ) ;
#1259 = ORIENTED_EDGE ( 'NONE', *, *, #217, .F. ) ;
#1260 = B_SPLINE_CURVE_WITH_KNOTS ( 'NONE', 3,
 ( #2846, #4865, #420, #1623 ),
 .UNSPECIFIED., .F., .F.,
 ( 4, 4 ),
 ( 0.000000000000000000, 1.000000000000000000 ),
 .UNSPECIFIED. ) ;
#1261 = CIRCLE ( 'NONE', #312, 0.7499999999999997780 ) ;
#1262 = CARTESIAN_POINT ( 'NONE',  ( 2.750000000000000000, 0.4498235332708894751, -0.5925548562209930203 ) ) ;
#1263 = DIRECTION ( 'NONE',  ( -1.000000000000000000, 0.000000000000000000, 0.000000000000000000 ) ) ;
#1264 = CARTESIAN_POINT ( 'NONE',  ( 2.248058253805214957, 1.368442205855685989, -1.617925419480724880 ) ) ;
#1265 = B_SPLINE_CURVE_WITH_KNOTS ( 'NONE', 3,
 ( #3767, #2472, #3364, #931, #3693, #2975, #4505, #3390, #211, #4019, #4405, #4839, #4088, #1283, #2855, #3294, #562, #1328, #2505, #2890, #3834, #4263, #1855, #3480, #3446, #1151 ),
 .UNSPECIFIED., .F., .F.,
 ( 4, 2, 2, 1, 2, 2, 2, 2, 1, 2, 2, 2, 2, 4 ),
 ( 0.000000000000000000, 0.2500000000000089928, 0.3750000000000126010, 0.4375000000000151545, 0.4687500000000164868, 0.5000000000000177636, 0.7500000000000182077, 0.8125000000000184297, 0.8437500000000185407, 0.8593750000000172085, 0.8750000000000158762, 0.9062500000000119904, 0.9375000000000079936, 1.000000000000000000 ),
 .UNSPECIFIED. ) ;
#1266 = CIRCLE ( 'NONE', #4757, 0.2500000000000000000 ) ;
#1267 = VERTEX_POINT ( 'NONE', #1744 ) ;
#1268 = CARTESIAN_POINT ( 'NONE',  ( -2.750000000000000000, 0.4566935498550130368, 0.5994300956756539733 ) ) ;
#1269 = ORIENTED_EDGE ( 'NONE', *, *, #2675, .F. ) ;
#1270 = CARTESIAN_POINT ( 'NONE',  ( -1.280231950625786208, -0.6055544870011240199, 0.000000000000000000 ) ) ;
#1271 = CARTESIAN_POINT ( 'NONE',  ( -1.443730691709260938, -0.5974681780983978063, 0.6220670454980699038 ) ) ;
#1273 = TOROIDAL_SURFACE ( 'NONE', #983, 0.5000000000000000000, 0.2500000000000000000 ) ;
#1272 = CARTESIAN_POINT ( 'NONE',  ( -0.8871362607651732679, -0.3297250977968254615, -1.227438772243746090 ) ) ;
#1274 = AXIS2_PLACEMENT_3D ( 'NONE', #912, #4417, #4891 ) ;
#1275 = EDGE_CURVE ( 'NONE', #4934, #3320, #1012, .T. ) ;
#1276 = ORIENTED_EDGE ( 'NONE', *, *, #634, .F. ) ;
#1277 = CARTESIAN_POINT ( 'NONE',  ( -2.219300542607654858, -1.050198758908928109, 1.158432208818283966E-16 ) ) ;
#1278 = CARTESIAN_POINT ( 'NONE',  ( 1.507655590835570658, -0.8329781272109095802, 0.2434708686745761241 ) ) ;
#1279 = EDGE_LOOP ( 'NONE', ( #305, #756, #1998, #1396 ) ) ;
#1280 = CARTESIAN_POINT ( 'NONE',  ( -2.473516188011640082, 2.021733838396105210, -0.7500000000000000000 ) ) ;
#1281 = FACE_OUTER_BOUND ( 'NONE', #3874, .T. ) ;
#1282 = CARTESIAN_POINT ( 'NONE',  ( -2.722112332062940343, 1.547939641470379879, 0.8813473939623340803 ) ) ;
#1283 = CARTESIAN_POINT ( 'NONE',  ( 1.717027716567944173, -0.9071469631885241691, -0.3850047685966970223 ) ) ;
#1284 = CARTESIAN_POINT ( 'NONE',  ( 2.685062319797959951, 1.660316100149410001, 0.8815594436191430683 ) ) ;
#1285 = CARTESIAN_POINT ( 'NONE',  ( 1.517709170700240140, -0.8430317070755820597, -0.2562738891372039474 ) ) ;
#1286 =( NAMED_UNIT ( * ) SI_UNIT ( $, .STERADIAN. ) SOLID_ANGLE_UNIT ( ) );
#1287 = VERTEX_POINT ( 'NONE', #2530 ) ;
#1288 = ORIENTED_EDGE ( 'NONE', *, *, #1039, .F. ) ;
#1289 = CIRCLE ( 'NONE', #1565, 1.000000000000000000 ) ;
#1290 = CARTESIAN_POINT ( 'NONE',  ( -2.750000000000000000, 0.2382333518897910007, -0.3638222697317839982 ) ) ;
#1291 = CARTESIAN_POINT ( 'NONE',  ( 1.773041341401170090, -1.098361113975317771, -8.017896081841578725E-15 ) ) ;
#1292 = CARTESIAN_POINT ( 'NONE',  ( -1.500000000000000000, -1.800000000000000044, 0.000000000000000000 ) ) ;
#1293 = CARTESIAN_POINT ( 'NONE',  ( 2.750000000000000000, 0.2899193462797060028, 0.4248699545025130253 ) ) ;
#1294 = B_SPLINE_SURFACE_WITH_KNOTS ( 'NONE', 3, 1, ( 
 ( #3670, #836 ),
 ( #3573, #3305 ),
 ( #4890, #3968 ),
 ( #90, #4776 ),
 ( #911, #474 ),
 ( #4030, #57 ) ),
 .UNSPECIFIED., .F., .F., .F.,
 ( 4, 1, 1, 4 ),
 ( 2, 2 ),
 ( 0.000000000000000000, 0.4650363581194659757, 0.5650363581194659535, 0.7650811116265370249 ),
 ( 0.000000000000000000, 1.000000000000000000 ),
 .UNSPECIFIED. ) ;
#1295 = AXIS2_PLACEMENT_3D ( 'NONE', #3563, #4372, #4346 ) ;
#1296 = CARTESIAN_POINT ( 'NONE',  ( -1.511042813458545186, 1.742437726860419644, -1.719113926321131247 ) ) ;
#1297 = CARTESIAN_POINT ( 'NONE',  ( 1.516155642535029990, -0.8414781789103721321, 0.2582632744965914773 ) ) ;
#1298 = CARTESIAN_POINT ( 'NONE',  ( -1.731206272319015138, 1.343520870684661972, 1.750000000000000000 ) ) ;
#1299 = FACE_OUTER_BOUND ( 'NONE', #3339, .T. ) ;
#1300 = ORIENTED_EDGE ( 'NONE', *, *, #3423, .F. ) ;
#1301 = CARTESIAN_POINT ( 'NONE',  ( -2.454075556178205275, 1.572719284615554880, -1.411285807894934186 ) ) ;
#1302 = CARTESIAN_POINT ( 'NONE',  ( 1.749999999988505195, 1.305713610130921909, 1.750000000000000000 ) ) ;
#1303 = EDGE_LOOP ( 'NONE', ( #2978, #47, #438, #4034, #4455 ) ) ;
#1304 = AXIS2_PLACEMENT_3D ( 'NONE', #3208, #3338, #506 ) ;
#1305 = FACE_OUTER_BOUND ( 'NONE', #606, .T. ) ;
#1306 = CARTESIAN_POINT ( 'NONE',  ( 2.750000000000000000, 0.5342418448215948690, -0.6752814769350840018 ) ) ;
#1307 = CARTESIAN_POINT ( 'NONE',  ( 1.000000000000000000, -1.800000000000000044, 0.000000000000000000 ) ) ;
#1308 = CARTESIAN_POINT ( 'NONE',  ( -1.923195259079934161, -0.9464986299802061742, 0.3389303369963732049 ) ) ;
#1310 = ADVANCED_FACE ( 'NONE', ( #2578 ), #1058, .T. ) ;
#1309 = LINE ( 'NONE', #2289, #2987 ) ;
#1311 = ORIENTED_EDGE ( 'NONE', *, *, #1319, .F. ) ;
#1312 = CARTESIAN_POINT ( 'NONE',  ( -1.750000000000000000, -0.3134904819046645530, 1.242407091183863832 ) ) ;
#1313 = DIRECTION ( 'NONE',  ( 0.000000000000000000, 0.000000000000000000, 1.000000000000000000 ) ) ;
#1314 = VERTEX_POINT ( 'NONE', #652 ) ;
#1315 = CARTESIAN_POINT ( 'NONE',  ( 2.749999999999799272, -0.9533549119910922354, -0.3479599525593118914 ) ) ;
#1316 = CARTESIAN_POINT ( 'NONE',  ( 1.137696878850029680, -0.4259114431700422587, 0.9793312048959250671 ) ) ;
#1317 = CARTESIAN_POINT ( 'NONE',  ( 0.8888405098776334112, -0.3302971086715643656, -1.226821744130521807 ) ) ;
#1318 = EDGE_CURVE ( 'NONE', #4486, #4609, #2130, .T. ) ;
#1319 = EDGE_CURVE ( 'NONE', #2925, #140, #4397, .T. ) ;
#1320 = CIRCLE ( 'NONE', #3396, 0.2500000000000000000 ) ;
#1321 = CARTESIAN_POINT ( 'NONE',  ( -2.750000000000000000, 1.431449269403568092, -0.7499999999670006190 ) ) ;
#1322 = VERTEX_POINT ( 'NONE', #1877 ) ;
#1323 = CARTESIAN_POINT ( 'NONE',  ( 1.695203652891880131, 1.393856782217540058, 1.750000000000000000 ) ) ;
#1324 = CARTESIAN_POINT ( 'NONE',  ( 1.457008645922423851, -0.7823311822977626617, 0.07186130144819688481 ) ) ;
#1325 = VERTEX_POINT ( 'NONE', #3200 ) ;
#1326 = CARTESIAN_POINT ( 'NONE',  ( 2.428381937111732114, -0.9069671658361171396, 2.060359719204246976E-05 ) ) ;
#1327 = CARTESIAN_POINT ( 'NONE',  ( -2.359989791882890042, 1.310617756537332035, 1.545107625585670164 ) ) ;
#1328 = CARTESIAN_POINT ( 'NONE',  ( 1.735996312946988862, -0.9050755194072808152, -0.3916911661223493879 ) ) ;
#1329 = CARTESIAN_POINT ( 'NONE',  ( 2.590225075495750318, 1.624351093043785221, 1.193626146497581919 ) ) ;
#1330 = CARTESIAN_POINT ( 'NONE',  ( 1.219072368715275134, 2.178746374820267562, -1.578234655079694848 ) ) ;
#1331 = CARTESIAN_POINT ( 'NONE',  ( -0.3521264199226769587, 2.989063560130539976, 0.2156338865647255132 ) ) ;
#1332 = CARTESIAN_POINT ( 'NONE',  ( -1.440725085526059823, -0.5751559526271340372, -0.9512059490299317188 ) ) ;
#1333 = CYLINDRICAL_SURFACE ( 'NONE', #1732, 0.2499999999999997780 ) ;
#1334 = ORIENTED_EDGE ( 'NONE', *, *, #2251, .T. ) ;
#1335 = EDGE_LOOP ( 'NONE', ( #2611, #1406, #316, #3715 ) ) ;
#1336 = FACE_OUTER_BOUND ( 'NONE', #4679, .T. ) ;
#1337 = CARTESIAN_POINT ( 'NONE',  ( -2.749999999999989786, -0.5689933583549341423, -0.9543849683106027104 ) ) ;
#1338 = CARTESIAN_POINT ( 'NONE',  ( 1.519591227978823289, 1.728661941018120984, 1.721558919016619837 ) ) ;
#1339 = CARTESIAN_POINT ( 'NONE',  ( 2.750000000000000000, -0.2062037525644145053, -0.3347777547352679961 ) ) ;
#1340 = CARTESIAN_POINT ( 'NONE',  ( -1.106721398605077900, 2.347168344859245970, -1.480402808721302810 ) ) ;
#1341 = CARTESIAN_POINT ( 'NONE',  ( -1.948093857932055473, -1.055398998328852977, 0.2483192337767374247 ) ) ;
#1342 = DIRECTION ( 'NONE',  ( 1.000000000000000000, 0.000000000000000000, 0.000000000000000000 ) ) ;
#1343 = EDGE_LOOP ( 'NONE', ( #4816, #3975, #3215, #2266 ) ) ;
#1344 = CARTESIAN_POINT ( 'NONE',  ( -2.367823464944470491, 1.540010014150009932, -1.503461556446859859 ) ) ;
#1345 = EDGE_CURVE ( 'NONE', #2074, #3283, #4902, .T. ) ;
#1346 = CARTESIAN_POINT ( 'NONE',  ( 1.555388767994371868, -0.5292540652303631132, 1.005995357583909788 ) ) ;
#1347 = EDGE_LOOP ( 'NONE', ( #2593, #3646, #3035 ) ) ;
#1348 = CARTESIAN_POINT ( 'NONE',  ( 2.130608279719195419, -1.098027530740260049, -0.02452200789760064850 ) ) ;
#1349 = CARTESIAN_POINT ( 'NONE',  ( -1.923356167577489950, -0.2196902083094354752, 0.000000000000000000 ) ) ;
#1350 = VECTOR ( 'NONE', #1768, 1000.000000000000114 ) ;
#1351 = ORIENTED_EDGE ( 'NONE', *, *, #3374, .T. ) ;
#1352 = CARTESIAN_POINT ( 'NONE',  ( -2.750000000000000000, 0.2019089790060910050, 0.3066943351950034979 ) ) ;
#1353 =( LENGTH_UNIT ( ) NAMED_UNIT ( * ) SI_UNIT ( .MILLI., .METRE. ) );
#1354 = VERTEX_POINT ( 'NONE', #4764 ) ;
#1355 = CARTESIAN_POINT ( 'NONE',  ( 2.750000000000000000, 0.2382333518897944979, -0.3638222697317899934 ) ) ;
#1356 = CARTESIAN_POINT ( 'NONE',  ( -1.481859037165656368, -0.8071815735409950676, 0.1953648673383929224 ) ) ;
#1358 = FACE_OUTER_BOUND ( 'NONE', #4202, .T. ) ;
#1357 = CARTESIAN_POINT ( 'NONE',  ( -2.750000000000000000, 1.431449198516710375, 0.7500000000086399776 ) ) ;
#1359 = EDGE_CURVE ( 'NONE', #114, #480, #4411, .T. ) ;
#1360 = CYLINDRICAL_SURFACE ( 'NONE', #914, 0.2500000000000001665 ) ;
#1361 = CARTESIAN_POINT ( 'NONE',  ( 2.749999999999996891, 0.05794919313327281246, -1.555917859605751019 ) ) ;
#1362 = VERTEX_POINT ( 'NONE', #4290 ) ;
#1363 = CARTESIAN_POINT ( 'NONE',  ( -0.9696699141100929564, -1.269669914110088005, 3.061616997868380553E-17 ) ) ;
#1364 = EDGE_LOOP ( 'NONE', ( #2546, #2996, #3735 ) ) ;
#1365 = CARTESIAN_POINT ( 'NONE',  ( -2.160853241888077036, 2.330307044121442406, -1.650692473616149680 ) ) ;
#1366 = CARTESIAN_POINT ( 'NONE',  ( 1.714374738983899915, 0.1286214262305619971, 0.000000000000000000 ) ) ;
#1367 = CARTESIAN_POINT ( 'NONE',  ( 2.750000000000000000, 1.313753328945229892, 0.7500000000368129971 ) ) ;
#1368 = CARTESIAN_POINT ( 'NONE',  ( 2.580987113963459922, -0.6829318340475459825, 2.098662818720565137E-16 ) ) ;
#1369 = CARTESIAN_POINT ( 'NONE',  ( 1.383293044939168048, -0.5441299923377670433, -0.8361457084366070713 ) ) ;
#1370 = DIRECTION ( 'NONE',  ( 0.000000000000000000, 0.000000000000000000, -1.000000000000000000 ) ) ;
#1371 = CARTESIAN_POINT ( 'NONE',  ( -1.078708670907192468, 2.390009069864658109, 1.450221956390228328 ) ) ;
#1372 = VECTOR ( 'NONE', #3327, 1000.000000000000000 ) ;
#1373 = ORIENTED_EDGE ( 'NONE', *, *, #3861, .T. ) ;
#1374 = AXIS2_PLACEMENT_3D ( 'NONE', #4036, #4424, #4862 ) ;
#1375 = ORIENTED_EDGE ( 'NONE', *, *, #2000, .T. ) ;
#1376 = FACE_OUTER_BOUND ( 'NONE', #1347, .T. ) ;
#1377 = CARTESIAN_POINT ( 'NONE',  ( -2.750000000000000000, 0.3132419121087209879, -0.4502994451580889512 ) ) ;
#1378 = CARTESIAN_POINT ( 'NONE',  ( -2.355948595449246508, -0.8627924244919485952, 0.1655143854798580005 ) ) ;
#1379 = CARTESIAN_POINT ( 'NONE',  ( 2.750000000000000888, -0.8595458309031916988, 0.4508189379945234387 ) ) ;
#1380 = CARTESIAN_POINT ( 'NONE',  ( -0.5971247578787132193, 2.886887436716071509, -0.7566296401830512330 ) ) ;
#1381 = CARTESIAN_POINT ( 'NONE',  ( 1.983292193447144802, -0.9644706000440710358, 0.3161028734257080308 ) ) ;
#1382 = CARTESIAN_POINT ( 'NONE',  ( -2.632176256218981436, 1.780063776022380306, 1.750000000000003997 ) ) ;
#1383 = AXIS2_PLACEMENT_3D ( 'NONE', #1986, #2421, #4861 ) ;
#1384 = ORIENTED_EDGE ( 'NONE', *, *, #3249, .F. ) ;
#1385 = CARTESIAN_POINT ( 'NONE',  ( -1.815419161374629997, 1.310148908290079905, -1.750000000000750067 ) ) ;
#1386 = CARTESIAN_POINT ( 'NONE',  ( 1.647431958260878959, -0.6281882072687432483, 0.8664062699252218502 ) ) ;
#1387 = EDGE_LOOP ( 'NONE', ( #4544, #4010 ) ) ;
#1388 = CIRCLE ( 'NONE', #2882, 0.2500000000000000000 ) ;
#1389 = EDGE_CURVE ( 'NONE', #1314, #87, #1730, .T. ) ;
#1390 = CARTESIAN_POINT ( 'NONE',  ( 0.000000000000000000, -3.104738642627734801, -5.000000000000000000 ) ) ;
#1391 = CARTESIAN_POINT ( 'NONE',  ( -1.764119652239424907, -0.8380560036229169896, 0.4800666328037819786 ) ) ;
#1392 = CARTESIAN_POINT ( 'NONE',  ( 1.574773783972214902, 1.637978045660270165, -1.735905819040749920 ) ) ;
#1393 = FACE_OUTER_BOUND ( 'NONE', #4649, .T. ) ;
#1394 = ORIENTED_EDGE ( 'NONE', *, *, #3902, .T. ) ;
#1395 = CARTESIAN_POINT ( 'NONE',  ( -2.750000000000000000, 0.2193304456360955224, 0.3357045805034294950 ) ) ;
#1396 = ORIENTED_EDGE ( 'NONE', *, *, #2224, .F. ) ;
#1397 = EDGE_CURVE ( 'NONE', #3928, #1952, #4472, .T. ) ;
#1398 = CARTESIAN_POINT ( 'NONE',  ( -1.457008645922422074, -0.7823311822977619956, 0.02863575532958875097 ) ) ;
#1399 = CARTESIAN_POINT ( 'NONE',  ( -1.830680869562915092, -1.136120436312212156, -0.06430114619214828686 ) ) ;
#1400 = ADVANCED_FACE ( 'NONE', ( #2760 ), #1073, .T. ) ;
#1401 = FACE_OUTER_BOUND ( 'NONE', #3248, .T. ) ;
#1402 = ORIENTED_EDGE ( 'NONE', *, *, #4437, .T. ) ;
#1403 = B_SPLINE_CURVE_WITH_KNOTS ( 'NONE', 3,
 ( #4284, #5064, #2225, #3500, #2189, #718, #1106, #3118, #4523, #1010, #294, #1535, #4675, #265, #1902, #3887, #758, #2633, #1567, #3037, #3436, #3821, #4218, #2501 ),
 .UNSPECIFIED., .F., .F.,
 ( 4, 2, 2, 2, 1, 2, 2, 2, 1, 1, 1, 2, 2, 4 ),
 ( 0.000000000000000000, 0.2500000000000001110, 0.3750000000000001665, 0.4375000000000000555, 0.4687499999999998890, 0.4843749999999998890, 0.4999999999999998890, 0.6249999999999997780, 0.6874999999999998890, 0.7187499999999998890, 0.7343749999999998890, 0.7421875000000000000, 0.7500000000000001110, 1.000000000000000000 ),
 .UNSPECIFIED. ) ;
#1404 = CARTESIAN_POINT ( 'NONE',  ( 2.750000000000007994, 0.2855200361455394464, 1.655811501161864152 ) ) ;
#1405 = CARTESIAN_POINT ( 'NONE',  ( 1.750000000000000000, 1.080205472464321970, -1.750000000000000000 ) ) ;
#1406 = ORIENTED_EDGE ( 'NONE', *, *, #3590, .T. ) ;
#1407 = CARTESIAN_POINT ( 'NONE',  ( -0.9227377060401529274, 2.894525836541569586, -0.4869193325868710343 ) ) ;
#1408 = CARTESIAN_POINT ( 'NONE',  ( -1.749999999999987566, -0.6367619789526616225, 0.9027900681965801422 ) ) ;
#1409 = CIRCLE ( 'NONE', #3354, 0.2500000000000000000 ) ;
#1410 = CARTESIAN_POINT ( 'NONE',  ( 1.419530936174139946, -0.4412661021078160273, 1.111019545754702076 ) ) ;
#1411 = CARTESIAN_POINT ( 'NONE',  ( 1.842959887710515998, -0.9236175466629559239, -0.3709118701101118964 ) ) ;
#1412 = CARTESIAN_POINT ( 'NONE',  ( 2.406958199164964896, 1.388361344780931983, 1.503441181644835201 ) ) ;
#1413 = CARTESIAN_POINT ( 'NONE',  ( -1.366050532764736092, 1.962913625765322578, 1.665476597370864287 ) ) ;
#1415 = ADVANCED_FACE ( 'NONE', ( #4285 ), #2774, .T. ) ;
#1414 = FACE_OUTER_BOUND ( 'NONE', #334, .T. ) ;
#1416 = VERTEX_POINT ( 'NONE', #3229 ) ;
#1417 = ORIENTED_EDGE ( 'NONE', *, *, #2028, .F. ) ;
#1418 = CARTESIAN_POINT ( 'NONE',  ( 2.750000000000000888, -0.1874147972889346758, -1.367857413307115966 ) ) ;
#1419 = CARTESIAN_POINT ( 'NONE',  ( -1.750000000000000000, -0.5017690270209199666, -1.039083594386435827 ) ) ;
#1420 = CARTESIAN_POINT ( 'NONE',  ( 2.750000000000000000, 0.07620311904525589597, 0.06632192996216368375 ) ) ;
#1421 = CARTESIAN_POINT ( 'NONE',  ( -2.750000000000000000, 0.5574018305081199776, 0.6889309548477010603 ) ) ;
#1422 = CARTESIAN_POINT ( 'NONE',  ( 2.685062396475904833, 1.660315896328979912, -0.7500000000000000000 ) ) ;
#1423 = CARTESIAN_POINT ( 'NONE',  ( 2.146980728860994780, -2.522091362974585138, 0.000000000000000000 ) ) ;
#1424 = FACE_OUTER_BOUND ( 'NONE', #2883, .T. ) ;
#1425 = ORIENTED_EDGE ( 'NONE', *, *, #3487, .F. ) ;
#1426 = CARTESIAN_POINT ( 'NONE',  ( -1.997270765075470189, 1.383214542898020039, -1.718132867590690172 ) ) ;
#1427 = CARTESIAN_POINT ( 'NONE',  ( -1.715546096726584979, 3.000000000000000000, -1.409953756187200202 ) ) ;
#1428 = FACE_OUTER_BOUND ( 'NONE', #4715, .T. ) ;
#1429 = CARTESIAN_POINT ( 'NONE',  ( 2.073278746972260222, 1.308226022257696686, -1.707928643706896565 ) ) ;
#1430 = B_SPLINE_CURVE_WITH_KNOTS ( 'NONE', 3,
 ( #3763, #655, #238, #1787 ),
 .UNSPECIFIED., .F., .F.,
 ( 4, 4 ),
 ( -3.784021711333970041E-05, 0.0004028838069089890465 ),
 .UNSPECIFIED. ) ;
#1431 = CARTESIAN_POINT ( 'NONE',  ( -1.776513429682865075, -0.8745647682658519440, 0.4266626580155540305 ) ) ;
#1432 = CARTESIAN_POINT ( 'NONE',  ( 1.199311741135471232, 2.820282215903814560, -1.058434778810899424 ) ) ;
#1433 = CIRCLE ( 'NONE', #3336, 0.2500000000000000000 ) ;
#1434 = ORIENTED_EDGE ( 'NONE', *, *, #3212, .F. ) ;
#1435 = CARTESIAN_POINT ( 'NONE',  ( -2.750000000000025313, -0.8005056906728352795, 0.5477314005212223780 ) ) ;
#1436 = CARTESIAN_POINT ( 'NONE',  ( 2.749999999999996891, -0.6881264330000441687, -0.7633755813658501532 ) ) ;
#1437 = CARTESIAN_POINT ( 'NONE',  ( 1.803291050300130038, -1.128613586675472069, 0.02624974246961284813 ) ) ;
#1439 = FACE_OUTER_BOUND ( 'NONE', #4070, .T. ) ;
#1438 = DIRECTION ( 'NONE',  ( -1.000000000000000000, 0.000000000000000000, 0.000000000000000000 ) ) ;
#1440 = EDGE_CURVE ( 'NONE', #2094, #3928, #4558, .T. ) ;
#1441 = AXIS2_PLACEMENT_3D ( 'NONE', #3302, #2988, #604 ) ;
#1442 = FACE_OUTER_BOUND ( 'NONE', #710, .T. ) ;
#1443 = ORIENTED_EDGE ( 'NONE', *, *, #1747, .F. ) ;
#1444 = DIRECTION ( 'NONE',  ( -1.000000000000000000, 0.000000000000000000, 0.000000000000000000 ) ) ;
#1445 = CARTESIAN_POINT ( 'NONE',  ( -1.749999999977009946, 1.305713610127001933, -1.750000000000000000 ) ) ;
#1446 = CARTESIAN_POINT ( 'NONE',  ( -2.473516188011164907, 2.021733838396690075, -0.7500000000000000000 ) ) ;
#1447 = CARTESIAN_POINT ( 'NONE',  ( 2.602333024644162940, 1.836077081281147327, -1.750000000000003997 ) ) ;
#1448 = ADVANCED_FACE ( 'NONE', ( #910 ), #4261, .T. ) ;
#1449 = CARTESIAN_POINT ( 'NONE',  ( -2.500000000000000000, -12.00000000000000000, 0.000000000000000000 ) ) ;
#1450 = CARTESIAN_POINT ( 'NONE',  ( 2.051231051217679902, 1.419949077194149867, 1.698960036367884952 ) ) ;
#1451 = CARTESIAN_POINT ( 'NONE',  ( 1.730770712786384058, -0.9059223122100021897, 0.3898209105172170674 ) ) ;
#1452 = CARTESIAN_POINT ( 'NONE',  ( -1.151000121975526147, 2.280130985272115662, 1.524239898558270134 ) ) ;
#1453 = ORIENTED_EDGE ( 'NONE', *, *, #4437, .F. ) ;
#1454 = CARTESIAN_POINT ( 'NONE',  ( -2.750000000000000000, 0.7011395854399959937, 0.7278606173224790865 ) ) ;
#1455 = CYLINDRICAL_SURFACE ( 'NONE', #1672, 0.2500000000000001110 ) ;
#1456 = CARTESIAN_POINT ( 'NONE',  ( -2.749999999999996891, -0.4171489845977042199, -1.133398377065506946 ) ) ;
#1457 = AXIS2_PLACEMENT_3D ( 'NONE', #322, #2559, #4213 ) ;
#1458 = CARTESIAN_POINT ( 'NONE',  ( 1.649539163284764909, 1.497825924667262942, 1.748179782624225354 ) ) ;
#1459 = CARTESIAN_POINT ( 'NONE',  ( 2.509267378963375261, 1.543660786562739862, -1.360920021233866128 ) ) ;
#1460 = CARTESIAN_POINT ( 'NONE',  ( -2.750000000000000000, 0.8970534682756099443, 0.7476355244842329828 ) ) ;
#1461 = CARTESIAN_POINT ( 'NONE',  ( 1.517709170700245025, -0.8430317070755840581, 0.2562738891372024486 ) ) ;
#1462 = CYLINDRICAL_SURFACE ( 'NONE', #4236, 0.2499999999999997780 ) ;
#1463 = EDGE_LOOP ( 'NONE', ( #4793, #291, #1962, #3605 ) ) ;
#1464 = EDGE_CURVE ( 'NONE', #2246, #3298, #1007, .T. ) ;
#1465 = CARTESIAN_POINT ( 'NONE',  ( -2.236873359905874992, 1.426551720109281884, -1.617955335660899996 ) ) ;
#1466 = DIRECTION ( 'NONE',  ( 1.000000000000000000, 0.000000000000000000, 0.000000000000000000 ) ) ;
#1467 = CARTESIAN_POINT ( 'NONE',  ( -2.007296079169245129, -0.9812841858288159358, -0.3064079724310669883 ) ) ;
#1468 = B_SPLINE_CURVE_WITH_KNOTS ( 'NONE', 3,
 ( #3696, #4509, #4475, #4091 ),
 .UNSPECIFIED., .F., .F.,
 ( 4, 4 ),
 ( 3.206901062021324638E-05, 9.866737011383821393E-05 ),
 .UNSPECIFIED. ) ;
#1469 = CARTESIAN_POINT ( 'NONE',  ( -1.280231950625786208, -0.6055544870011240199, 0.000000000000000000 ) ) ;
#1470 = CARTESIAN_POINT ( 'NONE',  ( 1.530014947706162864, 2.699960427067723767, -1.327583366931930575 ) ) ;
#1471 = ORIENTED_EDGE ( 'NONE', *, *, #2391, .F. ) ;
#1472 = CARTESIAN_POINT ( 'NONE',  ( 2.533948693068129199, 1.944095161201803146, 1.749999999999973133 ) ) ;
#1473 = CARTESIAN_POINT ( 'NONE',  ( 1.750000000000039968, -0.7524347867353320396, -0.6393683882303320409 ) ) ;
#1474 = CARTESIAN_POINT ( 'NONE',  ( 1.383293044939168048, -0.5441299923377670433, 0.8361457084366070713 ) ) ;
#1476 = CIRCLE ( 'NONE', #377, 0.2500000000000000000 ) ;
#1475 = CARTESIAN_POINT ( 'NONE',  ( -2.380864890476631412, -0.9544586001977560796, 5.635724044159925739E-05 ) ) ;
#1477 = VERTEX_POINT ( 'NONE', #2857 ) ;
#1478 = DIRECTION ( 'NONE',  ( 0.000000000000000000, 0.000000000000000000, -1.000000000000000000 ) ) ;
#1479 = DIRECTION ( 'NONE',  ( 0.5144857049222549827, 0.8574989559356037683, 0.000000000000000000 ) ) ;
#1480 = CARTESIAN_POINT ( 'NONE',  ( 1.750000000000000000, 0.05794747268141030305, -1.555921056102899991 ) ) ;
#1481 = CARTESIAN_POINT ( 'NONE',  ( -1.671361285863955493, -0.6614067517040286281, -0.8108646198457382104 ) ) ;
#1482 = CARTESIAN_POINT ( 'NONE',  ( 2.096110719294866698, -1.107587201045739711, 0.03090287844451320570 ) ) ;
#1483 = CIRCLE ( 'NONE', #1967, 0.2500000000000000000 ) ;
#1484 = CARTESIAN_POINT ( 'NONE',  ( -2.533948693068129199, 1.944095161201788935, -1.749999999999973133 ) ) ;
#1485 = CARTESIAN_POINT ( 'NONE',  ( 2.007561472391054647, 1.338308555823098045, 1.718052740594735006 ) ) ;
#1486 = CARTESIAN_POINT ( 'NONE',  ( -1.092118315840145071, -0.4070126682535989970, -1.001072731913968950 ) ) ;
#1487 = CARTESIAN_POINT ( 'NONE',  ( -1.383293044939170047, -0.5441299923377659331, -0.8361457084366080705 ) ) ;
#1488 = CLOSED_SHELL ( 'NONE', ( #1754, #2995, #1210, #3774, #1017, #441, #2549, #610, #3394, #2960, #121, #1448, #4554, #2657, #2414, #4426, #3275, #2861, #1048, #977, #4272, #4996, #149, #3613, #903, #2909, #4511, #1400, #3008, #3816, #4464, #4787, #637, #2036, #3315, #942, #1650, #84, #1006, #1814, #3747, #4830, #192, #3418, #3343, #2597, #594, #568, #2814, #4494, #1683, #1914 ) ) ;
#1489 = CARTESIAN_POINT ( 'NONE',  ( -1.750000000000000000, -0.9928673751719279128, -0.3256454536181264681 ) ) ;
#1490 = ADVANCED_FACE ( 'NONE', ( #2807 ), #881, .T. ) ;
#1491 = CARTESIAN_POINT ( 'NONE',  ( 0.9832193650195146795, 2.534041304269365913, 1.328905042187743968 ) ) ;
#1492 = CARTESIAN_POINT ( 'NONE',  ( 2.680310490111690314, 1.597598348822484970, -1.013262025681995748 ) ) ;
#1493 = CARTESIAN_POINT ( 'NONE',  ( 2.750000000000000000, 0.2451100839750494920, 0.3728479397877514367 ) ) ;
#1494 = CARTESIAN_POINT ( 'NONE',  ( -2.750000000000000000, 0.7606580517196850355, 0.7358532461119249302 ) ) ;
#1495 = CARTESIAN_POINT ( 'NONE',  ( -1.994638476040208497, 1.398484533400125462, 1.724028133359045478 ) ) ;
#1496 = VERTEX_POINT ( 'NONE', #735 ) ;
#1497 = CARTESIAN_POINT ( 'NONE',  ( -1.475389288724530790, -0.7242881688421147768, -0.1188270376635047060 ) ) ;
#1498 = CARTESIAN_POINT ( 'NONE',  ( 1.715546096726584979, 2.068189222679360562, -1.750000000000000000 ) ) ;
#1499 = EDGE_CURVE ( 'NONE', #4901, #2998, #1791, .T. ) ;
#1500 = CARTESIAN_POINT ( 'NONE',  ( 0.9181661030671040002, 2.624865368398785037, -1.233308953747845882 ) ) ;
#1501 = ORIENTED_EDGE ( 'NONE', *, *, #270, .T. ) ;
#1502 = CARTESIAN_POINT ( 'NONE',  ( 1.706506360189474991, 1.379846089589503944, 1.750000000000000000 ) ) ;
#1503 =( NAMED_UNIT ( * ) PLANE_ANGLE_UNIT ( ) SI_UNIT ( $, .RADIAN. ) );
#1504 = CARTESIAN_POINT ( 'NONE',  ( 2.324699033969819251, 1.523651100950148773, -1.549549421627886225 ) ) ;
#1505 = CARTESIAN_POINT ( 'NONE',  ( 0.9581234081902797461, 2.569348920653122370, -1.292384544577584560 ) ) ;
#1506 = CARTESIAN_POINT ( 'NONE',  ( -1.280231950625786208, -0.6055544870011240199, 3.061616997868380553E-17 ) ) ;
#1507 = ORIENTED_EDGE ( 'NONE', *, *, #2037, .T. ) ;
#1508 = CARTESIAN_POINT ( 'NONE',  ( 2.750000000000000000, 0.5648567773370749556, 0.6931091090152290413 ) ) ;
#1509 = CARTESIAN_POINT ( 'NONE',  ( -1.457008645922423407, -0.7823311822977624397, -0.07186264490799654236 ) ) ;
#1510 = CARTESIAN_POINT ( 'NONE',  ( 2.749999999999996891, 0.5821328465541525388, -1.722793823135213565 ) ) ;
#1511 = CARTESIAN_POINT ( 'NONE',  ( -2.215831240368390187, 2.283700579122839969, -0.7430299773134729779 ) ) ;
#1512 = CARTESIAN_POINT ( 'NONE',  ( 2.688708408643661230, 1.651879122489395613, -1.749999999999998446 ) ) ;
#1513 = CARTESIAN_POINT ( 'NONE',  ( -1.695203652891880131, 1.393856782217542056, -1.750000000000000000 ) ) ;
#1514 = CARTESIAN_POINT ( 'NONE',  ( 1.880898075512669854, 1.306765993851469965, 1.743553912121979854 ) ) ;
#1515 = CARTESIAN_POINT ( 'NONE',  ( 2.750000000000000000, 1.313753328945229892, -0.7500000000000000000 ) ) ;
#1516 = B_SPLINE_CURVE_WITH_KNOTS ( 'NONE', 3,
 ( #4274, #3521, #2213, #4663, #744, #1554, #2321, #3907, #3809, #780, #1158, #2353, #4548 ),
 .UNSPECIFIED., .F., .F.,
 ( 4, 2, 2, 1, 2, 2, 4 ),
 ( 0.000000000000000000, 0.2499999999999986677, 0.3749999999999980016, 0.4374999999999977796, 0.4687499999999977796, 0.4999999999999977796, 1.000000000000000000 ),
 .UNSPECIFIED. ) ;
#1517 = CARTESIAN_POINT ( 'NONE',  ( -1.452390345592789789, -0.6087211279589870294, -0.5684630426651819946 ) ) ;
#1518 =( BOUNDED_SURFACE ( )  B_SPLINE_SURFACE ( 3, 2, ( 
 ( #1446, #2575, #694 ),
 ( #988, #1054, #4532 ),
 ( #1082, #3799, #1824 ),
 ( #1511, #1365, #3832 ),
 ( #3388, #2538, #2615 ),
 ( #2642, #3725, #3417 ),
 ( #2972, #1853, #2237 ),
 ( #3361, #2887, #3051 ),
 ( #3689, #3445, #1883 ),
 ( #4122, #4940, #3324 ),
 ( #207, #4228, #4608 ),
 ( #5042, #303, #4085 ),
 ( #592, #1789, #3764 ),
 ( #4468, #4907, #172 ),
 ( #1407, #1611, #802 ),
 ( #338, #2763, #1183 ),
 ( #1947, #404, #4732 ),
 ( #4351, #1214, #54 ),
 ( #1979, #3235, #4772 ),
 ( #3966, #2271, #436 ) ),
 .UNSPECIFIED., .F., .F., .F. ) 
 B_SPLINE_SURFACE_WITH_KNOTS ( ( 4, 2, 2, 2, 2, 2, 2, 2, 2, 4 ),
 ( 3, 3 ),
 ( -3.501634203949279913E-18, 0.0001284637291981838162, 0.0002569274583963709934, 0.0005138549167927459983, 0.0007707823751891200274, 0.0008992461043873080720, 0.001027709833585493948, 0.001284637291981870037, 0.001541564750378245042, 0.002055419667170995269 ),
 ( 0.000000000000000000, 1.000000000000000000 ),
 .UNSPECIFIED. ) 
 GEOMETRIC_REPRESENTATION_ITEM ( )  RATIONAL_B_SPLINE_SURFACE ( (
 ( 1.000000000000000000, 0.7071067811865480168, 1.000000000000000000),
 ( 1.000000000000000000, 0.7145156772503419296, 1.000000000000000000),
 ( 1.000000000000000000, 0.7227172643629110604, 1.000000000000000000),
 ( 1.000000000000000000, 0.7395062818547710748, 1.000000000000000000),
 ( 1.000000000000000000, 0.7481082330339049458, 1.000000000000000000),
 ( 1.000000000000000000, 0.7746865674208630592, 1.000000000000000000),
 ( 1.000000000000000000, 0.7934575154305899547, 1.000000000000000000),
 ( 1.000000000000000000, 0.8352809254276439832, 1.000000000000000000),
 ( 1.000000000000000000, 0.8585490882326279882, 1.000000000000000000),
 ( 1.000000000000000000, 0.8953576761805870365, 1.000000000000000000),
 ( 1.000000000000000000, 0.9077610155896959077, 1.000000000000000000),
 ( 1.000000000000000000, 0.9300404938399939869, 1.000000000000000000),
 ( 1.000000000000000000, 0.9397763628370540134, 1.000000000000000000),
 ( 1.000000000000000000, 0.9636773508994199711, 1.000000000000000000),
 ( 1.000000000000000000, 0.9729950951221090216, 1.000000000000000000),
 ( 1.000000000000000000, 0.9862283041692498919, 1.000000000000000000),
 ( 1.000000000000000000, 0.9901849049821820348, 1.000000000000000000),
 ( 1.000000000000000000, 0.9987154368476620636, 1.000000000000000000),
 ( 1.000000000000000000, 0.9998412512312200295, 1.000000000000000000),
 ( 1.000000000000000000, 1.000000000000000000, 1.000000000000000000) ) ) 
 REPRESENTATION_ITEM ( '' )  SURFACE ( )  );
#1519 = VERTEX_POINT ( 'NONE', #1950 ) ;
#1520 = EDGE_CURVE ( 'NONE', #2392, #3904, #4440, .T. ) ;
#1521 = CARTESIAN_POINT ( 'NONE',  ( 2.750000000000000000, 0.6722593254651070271, 0.7232781030558619317 ) ) ;
#1522 = DIRECTION ( 'NONE',  ( 0.5144857049222549827, -0.8574989559356037683, 0.000000000000000000 ) ) ;
#1523 = CARTESIAN_POINT ( 'NONE',  ( 1.776513429682825107, -0.8745647682658569400, -0.4266626580155429838 ) ) ;
#1524 = CARTESIAN_POINT ( 'NONE',  ( 2.723972676667930415, 1.313544076584173936, -1.011747884361194005 ) ) ;
#1525 = CARTESIAN_POINT ( 'NONE',  ( -2.009193195134545196, 1.322935069828918175, 1.718033194794724938 ) ) ;
#1526 = CARTESIAN_POINT ( 'NONE',  ( -2.749999999999961364, 0.5821328465540882569, 1.722793823135202240 ) ) ;
#1527 = CARTESIAN_POINT ( 'NONE',  ( -1.500000000000000000, -1.800000000000000044, -3.061616997868380553E-17 ) ) ;
#1528 = VERTEX_POINT ( 'NONE', #1087 ) ;
#1529 = CARTESIAN_POINT ( 'NONE',  ( -1.474321166145691864, -0.6702573842578487540, -0.2724467686179401493 ) ) ;
#1530 = CARTESIAN_POINT ( 'NONE',  ( 1.750000000000000000, -0.8050148418616719370, 0.5400853469314609301 ) ) ;
#1531 = ADVANCED_FACE ( 'NONE', ( #2766 ), #279, .T. ) ;
#1532 = CARTESIAN_POINT ( 'NONE',  ( -2.524065124620080702, -0.8366344477399250135, -0.001317614951698776798 ) ) ;
#1533 = CARTESIAN_POINT ( 'NONE',  ( -1.475549210352240070, -0.7261239747819360213, 0.1132499010015166063 ) ) ;
#1534 = EDGE_CURVE ( 'NONE', #1595, #3574, #4388, .T. ) ;
#1535 = CARTESIAN_POINT ( 'NONE',  ( -1.298471155308689839, 2.784010251145239589, 0.6083309054374690383 ) ) ;
#1536 = VECTOR ( 'NONE', #3274, 1000.000000000000000 ) ;
#1537 = ORIENTED_EDGE ( 'NONE', *, *, #3194, .F. ) ;
#1538 = DIRECTION ( 'NONE',  ( 0.000000000000000000, 1.000000000000000000, 0.000000000000000000 ) ) ;
#1539 = CARTESIAN_POINT ( 'NONE',  ( 2.610882744260932142, 1.312413375808858085, 1.275371897322236103 ) ) ;
#1540 = CARTESIAN_POINT ( 'NONE',  ( 1.695203652891880131, 1.393856782217540058, -0.7500000000000000000 ) ) ;
#1541 = CARTESIAN_POINT ( 'NONE',  ( -1.228046919485513921, 2.808173005710135062, 0.5897791743905519413 ) ) ;
#1542 = ORIENTED_EDGE ( 'NONE', *, *, #2612, .T. ) ;
#1543 = CARTESIAN_POINT ( 'NONE',  ( 2.750000000000000000, 0.5598347546133739527, 0.6904058809802809948 ) ) ;
#1544 = CARTESIAN_POINT ( 'NONE',  ( -2.750000000000000000, 0.5918384694524029266, -0.7036697310558359675 ) ) ;
#1545 = CARTESIAN_POINT ( 'NONE',  ( 2.067152108392774412, -0.9647453491968956962, -0.2848707045640502811 ) ) ;
#1546 = CARTESIAN_POINT ( 'NONE',  ( -1.234515659074997052, 2.805648326375105750, -0.5910878032064984522 ) ) ;
#1547 = CARTESIAN_POINT ( 'NONE',  ( 1.700856529431639785, -0.7077188291508276219, -0.7265410547277920683 ) ) ;
#1548 = CARTESIAN_POINT ( 'NONE',  ( 2.072215658353560030, 1.308304133421740012, 1.698926104592759945 ) ) ;
#1549 = CARTESIAN_POINT ( 'NONE',  ( 0.8809021831208527775, -0.3297871368967958960, -1.088964960402347470 ) ) ;
#1550 = CARTESIAN_POINT ( 'NONE',  ( -0.8535874152647900948, -0.3197254283083255100, 1.100559003834756133 ) ) ;
#1551 = EDGE_LOOP ( 'NONE', ( #1276, #3628, #1749, #891 ) ) ;
#1552 = CARTESIAN_POINT ( 'NONE',  ( -2.750000000000000000, 0.008945637124559820130, 0.05074337525939269511 ) ) ;
#1553 = CARTESIAN_POINT ( 'NONE',  ( 0.3665583187543718369, 2.971325639772684379, 0.4521099936175342338 ) ) ;
#1554 = CARTESIAN_POINT ( 'NONE',  ( -2.679842114340818426, -0.4116768846571846052, 2.144967053313165810E-05 ) ) ;
#1555 = CARTESIAN_POINT ( 'NONE',  ( -2.072115481614345001, 1.327022047908740010, 1.698951410402440132 ) ) ;
#1556 = CARTESIAN_POINT ( 'NONE',  ( -1.750000000000000000, 0.9681580816140089585, 1.750000000000000000 ) ) ;
#1557 = DIRECTION ( 'NONE',  ( 0.000000000000000000, 0.000000000000000000, 1.000000000000000000 ) ) ;
#1558 = PRESENTATION_STYLE_ASSIGNMENT (( #4310 ) ) ;
#1560 = ORIENTED_EDGE ( 'NONE', *, *, #2498, .F. ) ;
#1559 = CARTESIAN_POINT ( 'NONE',  ( -1.734723475976809855E-15, 3.000000000000000000, 0.000000000000000000 ) ) ;
#1561 = CARTESIAN_POINT ( 'NONE',  ( -1.463198123527178041, -0.6326814084994821785, 0.4401668186461785148 ) ) ;
#1562 = DIRECTION ( 'NONE',  ( 0.000000000000000000, 0.000000000000000000, -1.000000000000000000 ) ) ;
#1563 = CARTESIAN_POINT ( 'NONE',  ( 2.666937164286568240, 1.312915858234997568, -1.164727500842135832 ) ) ;
#1564 =( BOUNDED_SURFACE ( )  B_SPLINE_SURFACE ( 3, 2, ( 
 ( #1513, #3168, #2240 ),
 ( #3868, #2644, #3012 ),
 ( #1885, #1484, #1915 ),
 ( #5012, #4735, #2274 ),
 ( #1612, #2669, #3089 ),
 ( #4651, #5074, #341 ),
 ( #732, #3512, #4695 ),
 ( #3419, #3543, #277 ),
 ( #375, #1981, #2733 ),
 ( #3801, #773, #1582 ),
 ( #3934, #4328, #4196 ),
 ( #1184, #28, #406 ) ),
 .UNSPECIFIED., .F., .F., .F. ) 
 B_SPLINE_SURFACE_WITH_KNOTS ( ( 4, 2, 2, 2, 2, 4 ),
 ( 3, 3 ),
 ( 0.000000000000000000, 5.106241962638059974E-05, 7.659362943957080813E-05, 8.935923434616600380E-05, 9.574203679946350677E-05, 0.0001021248392527610097 ),
 ( 0.000000000000000000, 1.000000000000000000 ),
 .UNSPECIFIED. ) 
 GEOMETRIC_REPRESENTATION_ITEM ( )  RATIONAL_B_SPLINE_SURFACE ( (
 ( 1.000000000000000000, 0.7071067811865480168, 1.000000000000000000),
 ( 1.000000000000000000, 0.7071067811865480168, 1.000000000000000000),
 ( 1.000000000000000000, 0.7071067811865480168, 1.000000000000000000),
 ( 1.000000000000000000, 0.7071067811865480168, 1.000000000000000000),
 ( 1.000000000000000000, 0.7071067811865480168, 1.000000000000000000),
 ( 1.000000000000000000, 0.7071067811865480168, 1.000000000000000000),
 ( 1.000000000000000000, 0.7071067811865480168, 1.000000000000000000),
 ( 1.000000000000000000, 0.7071067811865480168, 1.000000000000000000),
 ( 1.000000000000000000, 0.7071067811865480168, 1.000000000000000000),
 ( 1.000000000000000000, 0.7071067811865480168, 1.000000000000000000),
 ( 1.000000000000000000, 0.7071067811865480168, 1.000000000000000000),
 ( 1.000000000000000000, 0.7071067811865480168, 1.000000000000000000) ) ) 
 REPRESENTATION_ITEM ( '' )  SURFACE ( )  );
#1565 = AXIS2_PLACEMENT_3D ( 'NONE', #2490, #4007, #2456 ) ;
#1566 = CARTESIAN_POINT ( 'NONE',  ( 1.651329029168320028, 2.641647666793965232, 0.6818168900819601141 ) ) ;
#1567 = CARTESIAN_POINT ( 'NONE',  ( -0.6580598329128257706, 2.946172702584286540, 0.3696474263580505348 ) ) ;
#1568 = FACE_OUTER_BOUND ( 'NONE', #3306, .T. ) ;
#1569 = ORIENTED_EDGE ( 'NONE', *, *, #4095, .F. ) ;
#1570 = CARTESIAN_POINT ( 'NONE',  ( -1.604087507016195069, -0.9294100433915369885, -0.1454917800536956185 ) ) ;
#1571 = CARTESIAN_POINT ( 'NONE',  ( -1.746926173694879125, -0.9031910296505778479, 0.3957762008069481974 ) ) ;
#1572 = CARTESIAN_POINT ( 'NONE',  ( -2.146980728860994780, -2.522091362974585138, 0.000000000000000000 ) ) ;
#1573 = CARTESIAN_POINT ( 'NONE',  ( 0.4672707695551766571, 2.936622869996193153, -0.5841785568298892839 ) ) ;
#1574 = CARTESIAN_POINT ( 'NONE',  ( -1.769650710164338614, 2.585232373324388711, 1.472200509072736807 ) ) ;
#1575 = AXIS2_PLACEMENT_3D ( 'NONE', #343, #5047, #3091 ) ;
#1576 = EDGE_LOOP ( 'NONE', ( #3221, #3273 ) ) ;
#1577 = CARTESIAN_POINT ( 'NONE',  ( 2.749999999999996891, 0.1188583054618712886, 1.588709239061449896 ) ) ;
#1578 = CARTESIAN_POINT ( 'NONE',  ( -1.750000000000039968, 0.6528615147959510034, -1.730265551490014930 ) ) ;
#1579 = DIRECTION ( 'NONE',  ( 0.000000000000000000, 0.000000000000000000, 1.000000000000000000 ) ) ;
#1580 =( BOUNDED_SURFACE ( )  B_SPLINE_SURFACE ( 3, 2, ( 
 ( #4624, #413, #2709 ),
 ( #3100, #2320, #3140 ),
 ( #1126, #5053, #3876 ),
 ( #3906, #706, #1094 ),
 ( #3021, #4306, #1589 ),
 ( #670, #4705, #3177 ),
 ( #9, #383, #3426 ),
 ( #3941, #2352, #3808 ),
 ( #1523, #4741, #4273 ),
 ( #4662, #2740, #4206 ),
 ( #4333, #33, #810 ),
 ( #4580, #5020, #1190 ),
 ( #97, #2874, #2455 ),
 ( #1676, #4928, #2017 ) ),
 .UNSPECIFIED., .F., .F., .F. ) 
 B_SPLINE_SURFACE_WITH_KNOTS ( ( 4, 2, 2, 2, 2, 2, 4 ),
 ( 3, 3 ),
 ( 0.001960654506550925380, 0.002100375278772810203, 0.002240096050994689822, 0.002519537595438454698, 0.002798979139882220007, 0.002938699912104100059, 0.003078420684325980112 ),
 ( 0.000000000000000000, 1.000000000000000000 ),
 .UNSPECIFIED. ) 
 GEOMETRIC_REPRESENTATION_ITEM ( )  RATIONAL_B_SPLINE_SURFACE ( (
 ( 1.000000000000000000, 0.9149918115556220366, 1.000000000000000000),
 ( 1.000000000000000000, 0.9092323102862260864, 1.000000000000000000),
 ( 1.000000000000000000, 0.9048726869173709941, 1.000000000000000000),
 ( 1.000000000000000000, 0.8917490712265569996, 1.000000000000000000),
 ( 1.000000000000000000, 0.8835555477073639974, 1.000000000000000000),
 ( 1.000000000000000000, 0.8559613658635369937, 1.000000000000000000),
 ( 1.000000000000000000, 0.8336304747925079583, 1.000000000000000000),
 ( 1.000000000000000000, 0.7784619660987059930, 1.000000000000000000),
 ( 1.000000000000000000, 0.7426798666282750094, 1.000000000000000000),
 ( 1.000000000000000000, 0.6906490077667999383, 1.000000000000000000),
 ( 1.000000000000000000, 0.6740129007320699861, 1.000000000000000000),
 ( 1.000000000000000000, 0.6506690799405340231, 1.000000000000000000),
 ( 1.000000000000000000, 0.6438473053655709988, 1.000000000000000000),
 ( 1.000000000000000000, 0.6434541551004420157, 1.000000000000000000) ) ) 
 REPRESENTATION_ITEM ( '' )  SURFACE ( )  );
#1581 = CARTESIAN_POINT ( 'NONE',  ( -0.6042583062085663537, 2.954668498345523808, -0.3435809605112316589 ) ) ;
#1583 = B_SPLINE_CURVE_WITH_KNOTS ( 'NONE', 3,
 ( #4924, #1346, #2118, #4069, #2835, #1386, #478, #3639, #2084, #875, #1220, #3241, #2521 ),
 .UNSPECIFIED., .F., .F.,
 ( 4, 2, 2, 1, 2, 2, 4 ),
 ( 0.000000000000000000, 0.2499999999999994449, 0.3749999999999990563, 0.4374999999999989453, 0.4687499999999991673, 0.4999999999999994449, 1.000000000000000000 ),
 .UNSPECIFIED. ) ;
#1582 = CARTESIAN_POINT ( 'NONE',  ( -2.680990625651515025, 1.671407329924964991, -0.7500000000000000000 ) ) ;
#1584 = CARTESIAN_POINT ( 'NONE',  ( 1.708981428593585150, -0.3483116345399974723, 0.000000000000000000 ) ) ;
#1585 = CARTESIAN_POINT ( 'NONE',  ( -1.303763167203426221, -0.3854778501609654739, 1.167006768998243960 ) ) ;
#1586 = EDGE_CURVE ( 'NONE', #623, #2318, #3519, .T. ) ;
#1587 = VERTEX_POINT ( 'NONE', #1919 ) ;
#1588 = DIRECTION ( 'NONE',  ( 0.5419230503554348655, 0.000000000000000000, -0.8404281096521348804 ) ) ;
#1589 = CARTESIAN_POINT ( 'NONE',  ( 1.434149009422575949, -0.5848171487614759467, -0.6827729056360989368 ) ) ;
#1590 = CARTESIAN_POINT ( 'NONE',  ( 2.593563907533865009, 1.515110352385490078, -1.251478562342769996 ) ) ;
#1591 = CARTESIAN_POINT ( 'NONE',  ( -1.811734563453530011, 1.329125114458703960, 1.749999999999200195 ) ) ;
#1592 = CARTESIAN_POINT ( 'NONE',  ( -2.750000000000000000, 0.5502609436887780925, 0.6842568503068721109 ) ) ;
#1593 = CARTESIAN_POINT ( 'NONE',  ( -2.685063112025678933, 1.660313994299529750, 1.013118887115875610 ) ) ;
#1595 = VERTEX_POINT ( 'NONE', #2315 ) ;
#1594 = CARTESIAN_POINT ( 'NONE',  ( 2.597157243724421249, -0.7260508421919812383, -0.06393951502535509535 ) ) ;
#1596 = CARTESIAN_POINT ( 'NONE',  ( -1.447113431627922164, -0.6021473878179457451, 0.5973922372193336550 ) ) ;
#1597 = CARTESIAN_POINT ( 'NONE',  ( -1.322763317650038406, -0.3976890131122110539, 1.153958665244915416 ) ) ;
#1598 = CARTESIAN_POINT ( 'NONE',  ( 0.9619723082903128830, -0.2545034529403817913, -1.302361849884881240 ) ) ;
#1599 = CARTESIAN_POINT ( 'NONE',  ( 1.530014947706178630, 2.699960427067780167, 1.327583366932033826 ) ) ;
#1600 = CARTESIAN_POINT ( 'NONE',  ( 1.461758169596570900, -0.7870807059719090448, 0.1128192278480169286 ) ) ;
#1601 = VERTEX_POINT ( 'NONE', #3935 ) ;
#1602 = DIRECTION ( 'NONE',  ( 0.000000000000000000, 1.000000000000000000, 0.000000000000000000 ) ) ;
#1603 = CARTESIAN_POINT ( 'NONE',  ( -2.406958203848004629, 1.388361297330201971, 1.503441181887750000 ) ) ;
#1604 = CARTESIAN_POINT ( 'NONE',  ( -1.574191517889996783, -0.8883012830050783792, 0.3164090883363886442 ) ) ;
#1605 = CARTESIAN_POINT ( 'NONE',  ( 1.749999999977009946, 1.305713610126999935, -1.750000000000000000 ) ) ;
#1606 = CARTESIAN_POINT ( 'NONE',  ( 2.324699605697107430, 1.523649586493982300, 1.549549418354522645 ) ) ;
#1607 = CARTESIAN_POINT ( 'NONE',  ( -2.750000000000000000, 1.313753328945229892, 0.7500000000000000000 ) ) ;
#1608 = ORIENTED_EDGE ( 'NONE', *, *, #3841, .T. ) ;
#1609 = CARTESIAN_POINT ( 'NONE',  ( 2.750000000000011102, -0.4171489845977423561, 1.133398377065477192 ) ) ;
#1610 = CARTESIAN_POINT ( 'NONE',  ( -1.750000000000000000, 0.02827013778338850064, -1.537762476900385034 ) ) ;
#1611 = CARTESIAN_POINT ( 'NONE',  ( -0.8148682451751941835, 2.919691226089089042, -0.6994610908459547582 ) ) ;
#1612 = CARTESIAN_POINT ( 'NONE',  ( -1.735650015812179925, 1.336077068342313989, -1.750000000000000000 ) ) ;
#1613 = CARTESIAN_POINT ( 'NONE',  ( -1.955968031331448920, -1.045541307741359782, 0.2567406525555993579 ) ) ;
#1614 = CARTESIAN_POINT ( 'NONE',  ( -2.381539440653829942, 1.503659813851230043, -1.503387139690009811 ) ) ;
#1615 = EDGE_LOOP ( 'NONE', ( #2966, #1217, #3179, #3888 ) ) ;
#1616 = CARTESIAN_POINT ( 'NONE',  ( -2.146980728860994780, -2.522091362974585138, 0.000000000000000000 ) ) ;
#1617 = DIRECTION ( 'NONE',  ( -0.7071067811865510144, 0.7071067811865441310, 0.000000000000000000 ) ) ;
#1618 = CARTESIAN_POINT ( 'NONE',  ( 2.180876840532270045, 1.412763714957386174, -1.648732183475214885 ) ) ;
#1619 = CARTESIAN_POINT ( 'NONE',  ( -2.750000000000000000, 0.2253414237500259709, 0.3452518607287995422 ) ) ;
#1620 = PRODUCT_CONTEXT ( 'NONE', #2125, 'mechanical' ) ;
#1622 = ORIENTED_EDGE ( 'NONE', *, *, #4477, .F. ) ;
#1621 = CARTESIAN_POINT ( 'NONE',  ( 1.403896588294405223, 2.745463825281556858, -0.6336951128231002039 ) ) ;
#1623 = CARTESIAN_POINT ( 'NONE',  ( -1.830680869562915092, -1.136120436312212156, -0.06430114619214828686 ) ) ;
#1624 = CARTESIAN_POINT ( 'NONE',  ( -0.5154689930572492473, -0.2374364749856702761, -1.326007910206798535 ) ) ;
#1625 = CARTESIAN_POINT ( 'NONE',  ( 1.055476625765433996, -0.2871825458686055321, -1.269260823848537889 ) ) ;
#1626 = CARTESIAN_POINT ( 'NONE',  ( -2.500000000000000000, -12.00000000000000000, 0.000000000000000000 ) ) ;
#1627 = VERTEX_POINT ( 'NONE', #3135 ) ;
#1628 = EDGE_CURVE ( 'NONE', #4943, #3789, #2589, .T. ) ;
#1629 = DIRECTION ( 'NONE',  ( 0.000000000000000000, 0.000000000000000000, 1.000000000000000000 ) ) ;
#1630 = CARTESIAN_POINT ( 'NONE',  ( -2.228504199895545046, 1.455705130209978160, 1.618080288810805012 ) ) ;
#1631 = CARTESIAN_POINT ( 'NONE',  ( 1.923356167577489950, -0.2196902083094334768, 0.000000000000000000 ) ) ;
#1632 = CARTESIAN_POINT ( 'NONE',  ( 2.718194474725145415, 1.428309176830397931, 1.012201080152050015 ) ) ;
#1633 = CARTESIAN_POINT ( 'NONE',  ( 0.9235085139180385649, 2.616214940129065525, -1.240380605144068893 ) ) ;
#1634 = CARTESIAN_POINT ( 'NONE',  ( -2.157061772172915060, 2.330458798696884770, 0.7392877250436650227 ) ) ;
#1635 = EDGE_CURVE ( 'NONE', #4633, #3356, #4479, .T. ) ;
#1637 = ORIENTED_EDGE ( 'NONE', *, *, #666, .F. ) ;
#1636 = CARTESIAN_POINT ( 'NONE',  ( -1.469047506202650011, -0.7546653679181130059, -0.06252825502635640798 ) ) ;
#1638 = CARTESIAN_POINT ( 'NONE',  ( -1.750000000000000000, -0.1874148412574199729, -1.367857459282283861 ) ) ;
#1639 = DIRECTION ( 'NONE',  ( 0.000000000000000000, 0.000000000000000000, 1.000000000000000000 ) ) ;
#1640 = EDGE_CURVE ( 'NONE', #5038, #3007, #5083, .T. ) ;
#1641 = CARTESIAN_POINT ( 'NONE',  ( -1.172904930688273062, 2.246986015363702460, -1.542378115672615735 ) ) ;
#1642 = CARTESIAN_POINT ( 'NONE',  ( 2.750000000000000000, -1.680000000000000160, -1.750000000000000000 ) ) ;
#1643 = CARTESIAN_POINT ( 'NONE',  ( -2.482301106282345238, 1.487221728389044095, -1.411009156203983927 ) ) ;
#1644 = CARTESIAN_POINT ( 'NONE',  ( 0.6217100372492199156, 2.951995952393367872, 0.3521286987776051092 ) ) ;
#1645 = VERTEX_POINT ( 'NONE', #2518 ) ;
#1646 = CARTESIAN_POINT ( 'NONE',  ( -2.155913389828177706, -0.9471087155054742635, -0.2617194329650034956 ) ) ;
#1647 = CARTESIAN_POINT ( 'NONE',  ( -1.842959887710572175, -0.9236175466629557018, 0.3709118701101181137 ) ) ;
#1648 = CARTESIAN_POINT ( 'NONE',  ( 2.063193684837380193, 1.383623788204874083, -1.698889839801750012 ) ) ;
#1649 = B_SPLINE_CURVE_WITH_KNOTS ( 'NONE', 3,
 ( #4573, #1482, #275, #1854 ),
 .UNSPECIFIED., .F., .F.,
 ( 4, 4 ),
 ( 0.000000000000000000, 1.000000000000000000 ),
 .UNSPECIFIED. ) ;
#1650 = ADVANCED_FACE ( 'NONE', ( #4463 ), #1294, .T. ) ;
#1651 = CARTESIAN_POINT ( 'NONE',  ( -1.750000000000000000, -0.1874148412574009881, 1.367857459282302068 ) ) ;
#1652 = CARTESIAN_POINT ( 'NONE',  ( 1.825182557684009943, -1.136099740142741954, 0.06479615215293099695 ) ) ;
#1653 = CARTESIAN_POINT ( 'NONE',  ( -1.441384643269707277, -0.5943157028891028482, 0.6373133251747828965 ) ) ;
#1654 = CARTESIAN_POINT ( 'NONE',  ( -0.2597838341427607944, -0.2030928920135218196, -1.361777676645492319 ) ) ;
#1655 = CARTESIAN_POINT ( 'NONE',  ( -0.7540486622456190613, -0.1900000414772892721, -1.365334143470906758 ) ) ;
#1656 = CARTESIAN_POINT ( 'NONE',  ( 0.6406304578192032473, 2.950968099112690535, 0.5499941236388682375 ) ) ;
#1657 =( GEOMETRIC_REPRESENTATION_CONTEXT ( 3 ) GLOBAL_UNCERTAINTY_ASSIGNED_CONTEXT ( ( #335 ) ) GLOBAL_UNIT_ASSIGNED_CONTEXT ( ( #1353, #4931, #1709 ) ) REPRESENTATION_CONTEXT ( 'NONE', 'WORKASPACE' ) );
#1658 = CARTESIAN_POINT ( 'NONE',  ( -1.646784418486060941, -0.9042916730163530481, -0.3558397361530812875 ) ) ;
#1659 = CARTESIAN_POINT ( 'NONE',  ( 1.717048961327404921, 1.365553041121343902, -1.750000000000000000 ) ) ;
#1660 = CARTESIAN_POINT ( 'NONE',  ( -2.410826750576064992, 1.311026471390595916, 1.503386811796500133 ) ) ;
#1661 = CARTESIAN_POINT ( 'NONE',  ( 2.500000000000000000, -12.00000000000000000, 0.000000000000000000 ) ) ;
#1662 = CARTESIAN_POINT ( 'NONE',  ( 1.472043087496887948, -0.6565128034466529705, 0.3233927270602524606 ) ) ;
#1663 = CARTESIAN_POINT ( 'NONE',  ( 1.695203652891880131, 1.393856782217540058, -1.750000000000000000 ) ) ;
#1664 = CARTESIAN_POINT ( 'NONE',  ( -2.473516188011168015, 2.021733838396692740, 1.750000000000000888 ) ) ;
#1665 = B_SPLINE_SURFACE_WITH_KNOTS ( 'NONE', 3, 3, ( 
 ( #4664, #415, #385, #1926, #3908, #3550 ),
 ( #1591, #812, #2355, #5086, #746, #2742 ),
 ( #4275, #3180, #319, #3878, #3943, #2322 ),
 ( #1128, #4743, #709, #12, #1525, #1895 ),
 ( #2288, #353, #2681, #3104, #1555, #2711 ),
 ( #3143, #3522, #4308, #4708, #3299, #2864 ),
 ( #4470, #1630, #2104, #2854, #1173, #3293 ),
 ( #2784, #4761, #429, #139, #3226, #1327 ),
 ( #3593, #2031, #825, #1603, #3659, #1660 ),
 ( #895, #1204, #108, #495, #3326, #1999 ),
 ( #2820, #3986, #2369, #463, #2399, #46 ),
 ( #4371, #2435, #3261, #4876, #4404, #3197 ),
 ( #2471, #3692, #4801, #2754, #77, #525 ),
 ( #857, #4051, #3623, #1971, #4018, #3562 ),
 ( #1239, #4087, #1282, #4838, #561, #4438 ),
 ( #3956, #1690, #4344, #930, #2067, #1719 ) ),
 .UNSPECIFIED., .F., .F., .F.,
 ( 4, 2, 2, 2, 2, 2, 2, 4 ),
 ( 4, 2, 4 ),
 ( 0.000000000000000000, 0.1250000000000000000, 0.2500000000000000000, 0.3750000000000000000, 0.5000000000000000000, 0.6250000000000000000, 0.7500000000000000000, 1.000000000000000000 ),
 ( 0.000000000000000000, 0.5000000000000000000, 1.000000000000000000 ),
 .UNSPECIFIED. ) ;
#1666 = CARTESIAN_POINT ( 'NONE',  ( -2.750000000000000000, 0.5807799513187600349, -0.6998652876330528905 ) ) ;
#1667 = CARTESIAN_POINT ( 'NONE',  ( 1.750000000000000000, 1.080205472464321970, 1.750000000000000000 ) ) ;
#1668 = CARTESIAN_POINT ( 'NONE',  ( -2.750000000000000000, 0.2873960535905170088, 0.4222977610858685282 ) ) ;
#1669 = CARTESIAN_POINT ( 'NONE',  ( -1.451946367918766745, 1.834788787175536395, -1.699959777827900753 ) ) ;
#1670 = EDGE_CURVE ( 'NONE', #520, #2516, #4292, .T. ) ;
#1671 = DIRECTION ( 'NONE',  ( 0.000000000000000000, 0.000000000000000000, 1.000000000000000000 ) ) ;
#1672 = AXIS2_PLACEMENT_3D ( 'NONE', #2013, #1101, #3406 ) ;
#1673 = CARTESIAN_POINT ( 'NONE',  ( -2.500000000000000000, -3.000000000000000000, 0.000000000000000000 ) ) ;
#1674 = CARTESIAN_POINT ( 'NONE',  ( 0.5419656166123234531, 2.963712148884931619, 0.3125353494295449175 ) ) ;
#1675 = CARTESIAN_POINT ( 'NONE',  ( 2.506130791847640094, -0.7722912399519139548, -0.07391851990526270011 ) ) ;
#1676 = CARTESIAN_POINT ( 'NONE',  ( 1.720840828619724983, -1.035106853554110140, -0.3055428144227255172 ) ) ;
#1677 = FILL_AREA_STYLE_COLOUR ( '', #4686 ) ;
#1678 = CARTESIAN_POINT ( 'NONE',  ( 1.880898075512669854, 1.306765993851469965, -1.743553912121979854 ) ) ;
#1679 = CARTESIAN_POINT ( 'NONE',  ( -1.750000000000000000, -0.4171489463327630043, 1.133398341970820011 ) ) ;
#1680 = CARTESIAN_POINT ( 'NONE',  ( -1.462082322541941259, -0.6300472867932104259, 0.4534342116166786285 ) ) ;
#1681 = CARTESIAN_POINT ( 'NONE',  ( 0.2501636453126345194, -0.2024972707628420188, -1.218458403995273942 ) ) ;
#1682 = AXIS2_PLACEMENT_3D ( 'NONE', #2179, #638, #220 ) ;
#1683 = ADVANCED_FACE ( 'NONE', ( #1079 ), #2831, .F. ) ;
#1684 = CARTESIAN_POINT ( 'NONE',  ( -0.1317971368243591179, -0.08036994463480424955, -1.460713783980674974 ) ) ;
#1685 = CARTESIAN_POINT ( 'NONE',  ( 0.7500000000000000000, -1.800000000000000044, 0.000000000000000000 ) ) ;
#1686 = CARTESIAN_POINT ( 'NONE',  ( -1.679224264641606235, -0.9073705468808512808, -0.3703152483121909810 ) ) ;
#1687 = SHAPE_DEFINITION_REPRESENTATION ( #3760, #2940 ) ;
#1688 = CARTESIAN_POINT ( 'NONE',  ( 2.580987113963459922, -0.6829318340475459825, 2.098662818720565137E-16 ) ) ;
#1689 = EDGE_CURVE ( 'NONE', #193, #4590, #4703, .T. ) ;
#1690 = CARTESIAN_POINT ( 'NONE',  ( -2.705877931184559770, 1.604985349709225018, 0.7500000000113961063 ) ) ;
#1691 = CARTESIAN_POINT ( 'NONE',  ( 1.475855994274105631, -0.6781163982973874571, 0.2456846505732495911 ) ) ;
#1692 = CARTESIAN_POINT ( 'NONE',  ( 1.452390345592766030, -0.6087211279589540558, 0.5684630426653010105 ) ) ;
#1693 = CARTESIAN_POINT ( 'NONE',  ( 1.491851285257426163, 1.772983506608410753, -1.713324118087152126 ) ) ;
#1694 = CARTESIAN_POINT ( 'NONE',  ( -0.6323000227721010669, 2.951443946044435052, 0.3584458815775000140 ) ) ;
#1695 = CARTESIAN_POINT ( 'NONE',  ( -1.476789112485670241, -0.7124388040751479245, -0.1437958187663352094 ) ) ;
#1696 = CARTESIAN_POINT ( 'NONE',  ( -2.749999999999996891, -0.6145464996400161750, -0.8887076280294510244 ) ) ;
#1697 = CARTESIAN_POINT ( 'NONE',  ( 1.799395163742020021, -1.123984203838654050, 2.241824233149605003E-16 ) ) ;
#1698 = CARTESIAN_POINT ( 'NONE',  ( -1.455920486491333987, -0.7844119636649860006, -0.02640608338881459891 ) ) ;
#1699 = CARTESIAN_POINT ( 'NONE',  ( 1.750000000000000000, -0.4503512238670829837, 1.097196693923017996 ) ) ;
#1700 = CARTESIAN_POINT ( 'NONE',  ( -1.330980100651661280, 2.015166961923460232, -1.647944014013036806 ) ) ;
#1701 = CARTESIAN_POINT ( 'NONE',  ( 1.588798083369461045, -0.9141206197448034088, 0.3715470528626402258 ) ) ;
#1702 = CARTESIAN_POINT ( 'NONE',  ( -2.220471093291495279, -2.283137044461879928, 0.000000000000000000 ) ) ;
#1703 = CARTESIAN_POINT ( 'NONE',  ( -2.545107625578660215, 1.312106051867742096, -1.359989791892027844 ) ) ;
#1704 = CARTESIAN_POINT ( 'NONE',  ( 1.812535957080009918, -1.135927216164729803, -1.589235751725255180E-12 ) ) ;
#1705 = CARTESIAN_POINT ( 'NONE',  ( 2.750000000000000000, 0.2308609167288724895, -0.3552408468125179963 ) ) ;
#1706 = DIRECTION ( 'NONE',  ( 0.5144857049222549827, 0.8574989559356037683, 0.000000000000000000 ) ) ;
#1707 = CARTESIAN_POINT ( 'NONE',  ( -1.766276015400870092, -0.8908168466576259492, 0.4116682629721420406 ) ) ;
#1708 = CARTESIAN_POINT ( 'NONE',  ( -2.750000000000000000, 0.2595500472034230066, 0.3904856694504980075 ) ) ;
#1709 =( NAMED_UNIT ( * ) SI_UNIT ( $, .STERADIAN. ) SOLID_ANGLE_UNIT ( ) );
#1710 = CONTEXT_DEPENDENT_SHAPE_REPRESENTATION ( #3582, #2086 ) ;
#1711 = CARTESIAN_POINT ( 'NONE',  ( 1.750000000000000000, -0.7332974990918429414, -0.6780887254449690094 ) ) ;
#1712 = CARTESIAN_POINT ( 'NONE',  ( -0.2697153344438790734, -0.1944807613858747786, 1.225240969534513003 ) ) ;
#1713 = CARTESIAN_POINT ( 'NONE',  ( -0.6412359005023938741, -0.2629130374070584586, -1.299094343178418987 ) ) ;
#1714 = AXIS2_PLACEMENT_3D ( 'NONE', #3225, #1538, #2367 ) ;
#1715 = PLANE ( 'NONE',  #2649 ) ;
#1716 = CARTESIAN_POINT ( 'NONE',  ( 1.750000000000000000, 0.4455700086927344983, 1.697921863030720013 ) ) ;
#1717 = CARTESIAN_POINT ( 'NONE',  ( 1.457008645922422074, -0.7823311822977619956, 0.02863575532958875097 ) ) ;
#1718 = CARTESIAN_POINT ( 'NONE',  ( -1.821181035507369872, -1.136113108907454095, -0.04375730330469694562 ) ) ;
#1719 = CARTESIAN_POINT ( 'NONE',  ( -2.750000000000000000, 1.313753328945229892, 0.7500000000000000000 ) ) ;
#1720 = DIRECTION ( 'NONE',  ( -1.000000000000000000, 0.000000000000000000, 0.000000000000000000 ) ) ;
#1721 = CARTESIAN_POINT ( 'NONE',  ( 1.416931902803337584, -0.9141344099998746087, 0.3712119959968120941 ) ) ;
#1722 = CARTESIAN_POINT ( 'NONE',  ( -2.505224071786700257, -0.7733655592763699627, 0.07480885180946268698 ) ) ;
#1723 = DIRECTION ( 'NONE',  ( 0.000000000000000000, 0.000000000000000000, 1.000000000000000000 ) ) ;
#1724 = CARTESIAN_POINT ( 'NONE',  ( -0.8853235671232611015, 2.663574609912878088, 1.181576239827688335 ) ) ;
#1725 = ADVANCED_FACE ( 'NONE', ( #920 ), #2779, .T. ) ;
#1726 = ORIENTED_EDGE ( 'NONE', *, *, #1275, .T. ) ;
#1727 = EDGE_CURVE ( 'NONE', #2925, #3231, #2728, .T. ) ;
#1728 = CARTESIAN_POINT ( 'NONE',  ( -2.750000000000025313, -0.7524347789220392491, -0.6393683841804622681 ) ) ;
#1729 = CARTESIAN_POINT ( 'NONE',  ( 1.438031954459309647, 1.855999903700689124, 1.694888954402818504 ) ) ;
#1730 = B_SPLINE_CURVE_WITH_KNOTS ( 'NONE', 3,
 ( #3891, #4683, #3505, #1606, #3159, #3859, #3597, #3381 ),
 .UNSPECIFIED., .F., .F.,
 ( 4, 2, 2, 4 ),
 ( 0.000000000000000000, 0.5000000000000000000, 0.7500000000000000000, 1.000000000000000000 ),
 .UNSPECIFIED. ) ;
#1731 = CARTESIAN_POINT ( 'NONE',  ( 2.749999999999940492, -0.7524347789220220406, 0.6393683841804622681 ) ) ;
#1732 = AXIS2_PLACEMENT_3D ( 'NONE', #1449, #526, #1720 ) ;
#1733 = CARTESIAN_POINT ( 'NONE',  ( -0.6882982977622669196, 2.838217305603741636, -0.8836165465561056642 ) ) ;
#1734 = CARTESIAN_POINT ( 'NONE',  ( -1.931875174152473784, -1.074120204733446826, 0.2290999041210568798 ) ) ;
#1735 = CARTESIAN_POINT ( 'NONE',  ( -2.632176936398125111, 1.780064138445655031, 0.7500000000000000000 ) ) ;
#1736 = CARTESIAN_POINT ( 'NONE',  ( -2.469717687465319944, 1.531231027940785028, -1.411210065691359983 ) ) ;
#1737 = ORIENTED_EDGE ( 'NONE', *, *, #4044, .T. ) ;
#1738 = DIRECTION ( 'NONE',  ( 0.000000000000000000, 0.000000000000000000, 1.000000000000000000 ) ) ;
#1739 = DIRECTION ( 'NONE',  ( 1.000000000000000000, 0.000000000000000000, 0.000000000000000000 ) ) ;
#1740 = CARTESIAN_POINT ( 'NONE',  ( -1.750000000000000000, -1.680000000000000160, 1.750000000000000000 ) ) ;
#1741 = ORIENTED_EDGE ( 'NONE', *, *, #1984, .T. ) ;
#1742 = CARTESIAN_POINT ( 'NONE',  ( 2.503573600017199752, 1.984474855436050067, 0.7499999999999770184 ) ) ;
#1743 = CARTESIAN_POINT ( 'NONE',  ( -1.707450415434386137, -0.7190467839866200306, 0.7047651010911849534 ) ) ;
#1744 = CARTESIAN_POINT ( 'NONE',  ( 1.457008645922422074, -0.7823311822977619956, 0.02863575532958875097 ) ) ;
#1745 = CARTESIAN_POINT ( 'NONE',  ( 1.445015422539989602, -0.4577708866588495740, 1.091319105638901110 ) ) ;
#1746 = EDGE_CURVE ( 'NONE', #976, #3026, #1043, .T. ) ;
#1747 = EDGE_CURVE ( 'NONE', #1519, #4943, #2599, .T. ) ;
#1748 = CARTESIAN_POINT ( 'NONE',  ( 2.750000000000004441, 0.02827364361578262736, -1.537757121919299808 ) ) ;
#1749 = ORIENTED_EDGE ( 'NONE', *, *, #3423, .T. ) ;
#1750 = DIRECTION ( 'NONE',  ( -0.7071067811865515695, 0.7071067811865435759, 0.000000000000000000 ) ) ;
#1751 = CARTESIAN_POINT ( 'NONE',  ( -1.750000000000000000, -0.8050148418616699386, -0.5400853469314639277 ) ) ;
#1752 = CARTESIAN_POINT ( 'NONE',  ( 1.530231950625785098, -0.6055544870011240199, 3.061616997868385483E-17 ) ) ;
#1753 = DIRECTION ( 'NONE',  ( 1.000000000000000000, 0.000000000000000000, 0.000000000000000000 ) ) ;
#1754 = ADVANCED_FACE ( 'NONE', ( #4446 ), #3183, .T. ) ;
#1755 = CARTESIAN_POINT ( 'NONE',  ( 1.338620226709222649, -0.5171844805848797577, 1.029812642201725748 ) ) ;
#1756 = CARTESIAN_POINT ( 'NONE',  ( 2.306994407158638349, -0.8872709119183405102, 0.1914497328522086761 ) ) ;
#1757 = CARTESIAN_POINT ( 'NONE',  ( 2.744173359181729666, 1.431918637226488045, 0.8811353443801190899 ) ) ;
#1758 = CARTESIAN_POINT ( 'NONE',  ( -2.583761085443855077, -0.6796415274877699586, -0.002726106752248005482 ) ) ;
#1759 = CARTESIAN_POINT ( 'NONE',  ( -1.280231950625786208, -0.6055544870011240199, 3.061616997868380553E-17 ) ) ;
#1760 = B_SPLINE_CURVE_WITH_KNOTS ( 'NONE', 3,
 ( #430, #396, #2370, #794 ),
 .UNSPECIFIED., .F., .F.,
 ( 4, 4 ),
 ( 0.000000000000000000, 1.000000000000000000 ),
 .UNSPECIFIED. ) ;
#1761 = CARTESIAN_POINT ( 'NONE',  ( -0.4908657097825279703, 2.928975497755979429, 0.6148953259795043591 ) ) ;
#1762 = VERTEX_POINT ( 'NONE', #4957 ) ;
#1763 = EDGE_CURVE ( 'NONE', #1201, #1952, #3637, .T. ) ;
#1764 = CARTESIAN_POINT ( 'NONE',  ( 1.750000000000039968, -0.3434211163662979627, -1.211014234246466037 ) ) ;
#1765 = CARTESIAN_POINT ( 'NONE',  ( -1.750000000000000000, -0.6706622598510250111, -0.7960814397176250168 ) ) ;
#1766 = CARTESIAN_POINT ( 'NONE',  ( 1.100903324084640644, 2.356041016475416860, 1.474323144000263319 ) ) ;
#1767 = CARTESIAN_POINT ( 'NONE',  ( 1.750000000000000000, -0.8005056879415010096, 0.5477313989519909665 ) ) ;
#1768 = DIRECTION ( 'NONE',  ( -0.5144857049222548717, 0.8574989559356037683, 0.000000000000000000 ) ) ;
#1769 = CARTESIAN_POINT ( 'NONE',  ( 2.000000000000000000, -3.000000000000000000, 0.000000000000000000 ) ) ;
#1770 = ADVANCED_FACE ( 'NONE', ( #902 ), #2623, .T. ) ;
#1771 = CARTESIAN_POINT ( 'NONE',  ( -2.063193674153114721, 1.383623833768619971, -1.698889839575644878 ) ) ;
#1772 = EDGE_CURVE ( 'NONE', #2967, #3007, #4398, .T. ) ;
#1773 = VERTEX_POINT ( 'NONE', #1804 ) ;
#1774 = DIRECTION ( 'NONE',  ( 0.000000000000000000, -1.000000000000000000, 0.000000000000000000 ) ) ;
#1775 = CARTESIAN_POINT ( 'NONE',  ( 2.171687287847609227, -1.085003042708415855, -0.1777121217697835154 ) ) ;
#1776 = B_SPLINE_CURVE_WITH_KNOTS ( 'NONE', 3,
 ( #5039, #952, #4569, #3797, #1018, #3442 ),
 .UNSPECIFIED., .F., .F.,
 ( 4, 2, 4 ),
 ( 0.000000000000000000, 0.5000000000000000000, 1.000000000000000000 ),
 .UNSPECIFIED. ) ;
#1777 = CARTESIAN_POINT ( 'NONE',  ( -1.662398367257910126, -0.6476208412196879927, 0.8356473848238649138 ) ) ;
#1778 = CARTESIAN_POINT ( 'NONE',  ( 2.750000000000000000, 1.313753328945229892, -0.7500000000000000000 ) ) ;
#1779 = ORIENTED_EDGE ( 'NONE', *, *, #4354, .T. ) ;
#1780 = CARTESIAN_POINT ( 'NONE',  ( 2.473516188011349648, 2.021733838396464922, 0.7500000000000000000 ) ) ;
#1781 = B_SPLINE_CURVE_WITH_KNOTS ( 'NONE', 3,
 ( #1751, #4500, #4939, #987 ),
 .UNSPECIFIED., .F., .F.,
 ( 4, 4 ),
 ( 0.000000000000000000, 1.000000000000000000 ),
 .UNSPECIFIED. ) ;
#1782 = CARTESIAN_POINT ( 'NONE',  ( 2.750000000000000000, 0.2486807293000485031, -0.3772810775566765029 ) ) ;
#1783 = CARTESIAN_POINT ( 'NONE',  ( -1.463218425239974696, -0.7885409616153129519, 0.1115992733774594931 ) ) ;
#1784 = CARTESIAN_POINT ( 'NONE',  ( -1.749999999977009946, 1.305713610127001933, 1.750000000000000000 ) ) ;
#1785 = B_SPLINE_CURVE_WITH_KNOTS ( 'NONE', 3,
 ( #4611, #3053, #5045, #660, #1547, #306, #5, #4574, #2703, #1085, #1949, #3899, #1119 ),
 .UNSPECIFIED., .F., .F.,
 ( 4, 2, 2, 1, 2, 2, 4 ),
 ( 0.000000000000000000, 0.2499999999999991673, 0.3749999999999986677, 0.4374999999999985567, 0.4687499999999987788, 0.4999999999999990008, 1.000000000000000000 ),
 .UNSPECIFIED. ) ;
#1786 = ORIENTED_EDGE ( 'NONE', *, *, #3191, .F. ) ;
#1787 = CARTESIAN_POINT ( 'NONE',  ( 1.771291846738944908, -1.096614383114290270, -3.182302203807980111E-14 ) ) ;
#1788 = CARTESIAN_POINT ( 'NONE',  ( 1.494606689609685901, -0.4769330607705610237, -3.061616997868380553E-17 ) ) ;
#1789 = CARTESIAN_POINT ( 'NONE',  ( -1.048337486289671050, 2.864196785468458906, -0.9138120553383229927 ) ) ;
#1790 = DIRECTION ( 'NONE',  ( 1.000000000000000000, 0.000000000000000000, 0.000000000000000000 ) ) ;
#1791 = B_SPLINE_CURVE_WITH_KNOTS ( 'NONE', 3,
 ( #3513, #1152, #4198, #4614, #2671, #4653, #3014, #1486, #1857, #3169, #1121, #308, #3483, #376, #5014, #1549, #2735, #2704, #1057, #630, #1828, #699, #775 ),
 .UNSPECIFIED., .F., .F.,
 ( 4, 2, 1, 2, 2, 2, 2, 2, 1, 1, 2, 2, 4 ),
 ( 0.000000000000000000, 0.06250000000000024980, 0.09375000000000037470, 0.1093750000000004580, 0.1250000000000005274, 0.2500000000000004441, 0.5000000000000003331, 0.7500000000000002220, 0.8125000000000001110, 0.8437500000000001110, 0.8593750000000002220, 0.8750000000000002220, 1.000000000000000000 ),
 .UNSPECIFIED. ) ;
#1792 = CARTESIAN_POINT ( 'NONE',  ( 1.286655222184140079, -0.4919242684838089907, 0.9048826695918180674 ) ) ;
#1793 = CARTESIAN_POINT ( 'NONE',  ( -2.146980728860994780, -2.522091362974585138, 0.000000000000000000 ) ) ;
#1794 = CARTESIAN_POINT ( 'NONE',  ( 2.356253302957034723, 1.381972555944373848, 1.545273588840955004 ) ) ;
#1795 = CARTESIAN_POINT ( 'NONE',  ( 1.021865277781956349, 2.476860726809026136, -1.381681146415261408 ) ) ;
#1796 = CARTESIAN_POINT ( 'NONE',  ( -1.695203652891880131, 1.393856782217540058, 1.750000000000000000 ) ) ;
#1797 = ORIENTED_EDGE ( 'NONE', *, *, #3350, .F. ) ;
#1798 = AXIS2_PLACEMENT_3D ( 'NONE', #3758, #235, #4493 ) ;
#1799 = CARTESIAN_POINT ( 'NONE',  ( 1.750000000000000000, -0.3134904819046679947, -1.242407091183860057 ) ) ;
#1800 = CARTESIAN_POINT ( 'NONE',  ( -2.750000000000025313, -0.3434211399141863796, -1.211014256652505061 ) ) ;
#1801 = CARTESIAN_POINT ( 'NONE',  ( -2.003633779954654859, -0.9737267632371290338, 0.2989205570147525082 ) ) ;
#1802 = CARTESIAN_POINT ( 'NONE',  ( 2.750000000000000000, 0.2019089790060910050, 0.3066943351950034979 ) ) ;
#1803 = CARTESIAN_POINT ( 'NONE',  ( -2.749999999999996891, 0.9681580863627881062, 1.750000023898275581 ) ) ;
#1804 = CARTESIAN_POINT ( 'NONE',  ( -1.530231950625785098, -0.6055544870011240199, 3.061616997868385483E-17 ) ) ;
#1805 = DIRECTION ( 'NONE',  ( -0.9558172740508308340, 0.2939614577219929470, 0.000000000000000000 ) ) ;
#1806 = AXIS2_PLACEMENT_3D ( 'NONE', #3124, #2787, #2305 ) ;
#1807 = CARTESIAN_POINT ( 'NONE',  ( -2.072115481560734995, 1.327022059248325947, -1.698951410415440177 ) ) ;
#1808 = ORIENTED_EDGE ( 'NONE', *, *, #1809, .F. ) ;
#1809 = EDGE_CURVE ( 'NONE', #4215, #520, #4378, .T. ) ;
#1810 = CARTESIAN_POINT ( 'NONE',  ( -2.400914115200165178, -0.8484318379557749257, -0.1477497446096296130 ) ) ;
#1811 = CARTESIAN_POINT ( 'NONE',  ( -1.776859661648724886, -0.9322866281363879626, 0.3679707308476750649 ) ) ;
#1812 = EDGE_CURVE ( 'NONE', #747, #1595, #2791, .T. ) ;
#1813 = CARTESIAN_POINT ( 'NONE',  ( 1.023196801603749817, 2.869658262738029819, -0.5252997036291420230 ) ) ;
#1814 = ADVANCED_FACE ( 'NONE', ( #986 ), #1092, .T. ) ;
#1815 = ORIENTED_EDGE ( 'NONE', *, *, #410, .T. ) ;
#1816 = CARTESIAN_POINT ( 'NONE',  ( -2.750000000000000000, -0.3446033122158804751, -0.4567003109616299961 ) ) ;
#1817 = EDGE_CURVE ( 'NONE', #1519, #95, #994, .T. ) ;
#1818 = CARTESIAN_POINT ( 'NONE',  ( 2.749999999999996891, -0.8388845665656199380, -0.4809308293680495949 ) ) ;
#1819 = CARTESIAN_POINT ( 'NONE',  ( 0.2658401339529553598, -0.09144327146290393005, 1.452214243859917486 ) ) ;
#1820 = ORIENTED_EDGE ( 'NONE', *, *, #2450, .T. ) ;
#1821 = MANIFOLD_SOLID_BREP ( 'NONE', #1488 ) ;
#1822 = CARTESIAN_POINT ( 'NONE',  ( 2.749999999999968914, 0.6528615178973852240, 1.730265515586877800 ) ) ;
#1823 = CARTESIAN_POINT ( 'NONE',  ( -1.728313958378066895, -0.9061352204816580658, -0.3890556650591296961 ) ) ;
#1824 = CARTESIAN_POINT ( 'NONE',  ( -1.638045997138865006, 1.521305850765519940, -1.746818449655609840 ) ) ;
#1825 = CARTESIAN_POINT ( 'NONE',  ( 1.735649886218225024, 1.336077295675346166, -1.750000000000000000 ) ) ;
#1826 = CARTESIAN_POINT ( 'NONE',  ( 1.383293044939168048, -0.5441299923377670433, 0.8361457084366070713 ) ) ;
#1827 = CARTESIAN_POINT ( 'NONE',  ( 2.367823464944470491, 1.540010014150009932, 1.503461556494609885 ) ) ;
#1828 = CARTESIAN_POINT ( 'NONE',  ( 1.200375502611446432, -0.4501448242231902985, -0.9514737449821798476 ) ) ;
#1829 = CARTESIAN_POINT ( 'NONE',  ( -1.285459880577380476, 2.081043647397490481, 1.621812298790915152 ) ) ;
#1830 = EDGE_LOOP ( 'NONE', ( #78, #4226, #4252 ) ) ;
#1831 = CARTESIAN_POINT ( 'NONE',  ( 2.750000000000000000, 0.4566935498549990480, -0.5994300956756430931 ) ) ;
#1832 = CARTESIAN_POINT ( 'NONE',  ( -2.749999999999996891, -0.5287650426561684158, -1.006287614390985574 ) ) ;
#1833 = CARTESIAN_POINT ( 'NONE',  ( 0.5327617199381010638, 2.914058559281857530, 0.6700447391637375238 ) ) ;
#1834 = CARTESIAN_POINT ( 'NONE',  ( 2.722112332068074902, 1.547939641442585001, -0.8813473939002299806 ) ) ;
#1835 = CARTESIAN_POINT ( 'NONE',  ( 1.750000000000000000, -0.5689929831233540014, 0.9543846824249828664 ) ) ;
#1836 = CARTESIAN_POINT ( 'NONE',  ( -1.750000000000000000, 0.2855203824666119883, 1.655810494447494952 ) ) ;
#1837 = CARTESIAN_POINT ( 'NONE',  ( 1.500000000000000000, -1.800000000000000044, 0.000000000000000000 ) ) ;
#1838 = CARTESIAN_POINT ( 'NONE',  ( 1.476747206972888193, -0.7008349554924370173, 0.1754738090591245192 ) ) ;
#1839 = CARTESIAN_POINT ( 'NONE',  ( -2.001624680047680016, 1.368312686160864100, -1.718082687205000125 ) ) ;
#1840 = ORIENTED_EDGE ( 'NONE', *, *, #2869, .T. ) ;
#1841 = CARTESIAN_POINT ( 'NONE',  ( 1.457008645922422074, -0.7823311822977619956, -0.02863575532958790096 ) ) ;
#1842 = CARTESIAN_POINT ( 'NONE',  ( -2.506128669349299898, -0.7722936326864220380, -0.07392052813135460698 ) ) ;
#1843 = CARTESIAN_POINT ( 'NONE',  ( -1.406585782257206763, -0.9005555596060170753, 0.3696721688788790483 ) ) ;
#1844 = CARTESIAN_POINT ( 'NONE',  ( 0.1732179110299119917, 3.000000000000000000, -0.1106908868591561929 ) ) ;
#1845 = ORIENTED_EDGE ( 'NONE', *, *, #3936, .T. ) ;
#1846 = CARTESIAN_POINT ( 'NONE',  ( 2.602333584487648288, 1.836076108783580629, 1.750000000000003997 ) ) ;
#1847 = CARTESIAN_POINT ( 'NONE',  ( 1.718982395558569909, -0.8692886612150210190, -0.4380993121472684937 ) ) ;
#1848 = CARTESIAN_POINT ( 'NONE',  ( -2.309421113964270855, -1.008343682286262588, 5.648223315565952988E-08 ) ) ;
#1849 = ORIENTED_EDGE ( 'NONE', *, *, #1727, .T. ) ;
#1850 = CARTESIAN_POINT ( 'NONE',  ( 1.500000000000000000, -1.800000000000000044, -3.061616997868380553E-17 ) ) ;
#1851 = CARTESIAN_POINT ( 'NONE',  ( -1.517709170700245025, -0.8430317070755840581, -0.2562738891372019490 ) ) ;
#1852 = CARTESIAN_POINT ( 'NONE',  ( 1.750000000000000000, 0.4455700086926769887, -1.697921863030710021 ) ) ;
#1853 = CARTESIAN_POINT ( 'NONE',  ( -1.769650710164354601, 2.585232373324430455, -1.472200509072682184 ) ) ;
#1854 = CARTESIAN_POINT ( 'NONE',  ( 1.830680869562915092, -1.136120436312212156, 0.06430114619214979954 ) ) ;
#1855 = CARTESIAN_POINT ( 'NONE',  ( 1.752166607640203821, -0.9018956562229820673, -0.3976807783330013057 ) ) ;
#1856 = CARTESIAN_POINT ( 'NONE',  ( 2.009193195080889893, 1.322935078980586043, 1.718033194804944985 ) ) ;
#1857 = CARTESIAN_POINT ( 'NONE',  ( -0.9649107480667733494, -0.3562877793756941691, -1.059410729317844080 ) ) ;
#1858 = CARTESIAN_POINT ( 'NONE',  ( -1.120250240430326727, 2.326479226713327186, 1.495247917058943887 ) ) ;
#1859 = ORIENTED_EDGE ( 'NONE', *, *, #214, .F. ) ;
#1860 = CARTESIAN_POINT ( 'NONE',  ( 2.750000000000000000, 0.5321683703066559801, -0.6702927007442820440 ) ) ;
#1861 = CARTESIAN_POINT ( 'NONE',  ( 2.601721723284350141, -0.6320645187374582807, 3.142068319491544139E-06 ) ) ;
#1862 = PRESENTATION_LAYER_ASSIGNMENT (  '', '', ( #4268 ) ) ;
#1863 = CARTESIAN_POINT ( 'NONE',  ( 0.6882982977618793408, 2.838217305604052942, 0.8836165465554498555 ) ) ;
#1864 = CARTESIAN_POINT ( 'NONE',  ( 1.749999999999960032, -0.7524347867353269326, 0.6393683882303430321 ) ) ;
#1865 = CARTESIAN_POINT ( 'NONE',  ( -0.5003775811087058933, 2.925736162469080526, -0.6273505525798080962 ) ) ;
#1866 = CARTESIAN_POINT ( 'NONE',  ( -2.750000000000000000, 0.3474134221897580144, -0.4870193446730949893 ) ) ;
#1867 = CARTESIAN_POINT ( 'NONE',  ( -1.875169004260785144, 1.344963910046960143, -1.743519928538245001 ) ) ;
#1868 = ORIENTED_EDGE ( 'NONE', *, *, #4376, .F. ) ;
#1869 = CARTESIAN_POINT ( 'NONE',  ( 1.715546096726584979, 1.393856782217540058, -1.750000000000000000 ) ) ;
#1870 = ADVANCED_BREP_SHAPE_REPRESENTATION ( '', ( #1038, #1821, #10, #4935 ), #2381 ) ;
#1871 = DIRECTION ( 'NONE',  ( 0.9558172740508308340, 0.2939614577219929470, 0.000000000000000000 ) ) ;
#1872 = CARTESIAN_POINT ( 'NONE',  ( -1.516466147884947491, -0.6802022539884212682, 0.7803187300524453418 ) ) ;
#1873 = CARTESIAN_POINT ( 'NONE',  ( 1.048337486289655507, 2.864196785468437589, -0.9138120553383721756 ) ) ;
#1874 = ORIENTED_EDGE ( 'NONE', *, *, #803, .F. ) ;
#1875 = CARTESIAN_POINT ( 'NONE',  ( 1.749523507471864914, 1.307155996207590043, 1.750000000000000000 ) ) ;
#1876 = CARTESIAN_POINT ( 'NONE',  ( 2.750000000000000000, 1.313753328945229892, 0.7500000000368129971 ) ) ;
#1877 = CARTESIAN_POINT ( 'NONE',  ( 1.750000000000000000, 1.080205472464321970, 1.750000000000000000 ) ) ;
#1878 = CARTESIAN_POINT ( 'NONE',  ( -1.750000000000000000, -1.680000000000000160, -1.750000000000000000 ) ) ;
#1879 = EDGE_LOOP ( 'NONE', ( #4672, #1969, #1417, #4725 ) ) ;
#1880 = CARTESIAN_POINT ( 'NONE',  ( 2.749999999999996891, -0.4620725777302908677, 1.084257853134923844 ) ) ;
#1881 = CARTESIAN_POINT ( 'NONE',  ( -1.500000000000000000, -1.734723475976809855E-15, 0.000000000000000000 ) ) ;
#1882 = CARTESIAN_POINT ( 'NONE',  ( 2.749999999999989786, 0.2364969897492659734, -1.638944769783069022 ) ) ;
#1883 = CARTESIAN_POINT ( 'NONE',  ( -1.144566226277847987, 2.289308046847755129, -1.526289913655465069 ) ) ;
#1884 = CARTESIAN_POINT ( 'NONE',  ( 1.750194208248410099, 1.305136138961560111, -1.750000000000000000 ) ) ;
#1885 = CARTESIAN_POINT ( 'NONE',  ( -1.717049107147430087, 1.365552836402080139, -1.750000000000000000 ) ) ;
#1886 = CARTESIAN_POINT ( 'NONE',  ( 2.319708892024915148, 1.521763586075645103, 1.545656162908795039 ) ) ;
#1887 = DIRECTION ( 'NONE',  ( -0.5144857049222548717, 0.8574989559356037683, 0.000000000000000000 ) ) ;
#1888 = CARTESIAN_POINT ( 'NONE',  ( -0.2759504897663674905, -0.09210241051220041664, 1.451694505022992132 ) ) ;
#1889 = CARTESIAN_POINT ( 'NONE',  ( -1.472043087496890168, -0.6565128034466619633, -0.3233927270601935078 ) ) ;
#1890 = EDGE_LOOP ( 'NONE', ( #1077, #3813, #532, #1737 ) ) ;
#1891 = AXIS2_PLACEMENT_3D ( 'NONE', #1937, #76, #2301 ) ;
#1892 = CARTESIAN_POINT ( 'NONE',  ( 2.750000000000000000, 0.5342418448216009752, 0.6752814769350908852 ) ) ;
#1893 = CARTESIAN_POINT ( 'NONE',  ( 0.9662592983753122144, 2.558145966660985149, 1.304421317667668445 ) ) ;
#1894 = CARTESIAN_POINT ( 'NONE',  ( 2.612740534717790108, 1.414490907940536113, -1.251377387115434114 ) ) ;
#1895 = CARTESIAN_POINT ( 'NONE',  ( -2.009282568499860311, 1.307798169075201855, 1.718016648688404979 ) ) ;
#1896 = DIRECTION ( 'NONE',  ( 0.000000000000000000, 0.000000000000000000, 1.000000000000000000 ) ) ;
#1897 = CARTESIAN_POINT ( 'NONE',  ( -1.738532039377289840, 1.339320491526678092, 1.750000000000000000 ) ) ;
#1898 = CARTESIAN_POINT ( 'NONE',  ( -1.476744610669144642, -0.7048021825652502903, -0.1649209818055940302 ) ) ;
#1899 = ORIENTED_EDGE ( 'NONE', *, *, #4949, .F. ) ;
#1900 = CARTESIAN_POINT ( 'NONE',  ( -1.750000000000000000, -0.8050148418556498653, 0.5400853469422319808 ) ) ;
#1901 = CARTESIAN_POINT ( 'NONE',  ( 2.215831240368404842, 2.283700579122819985, 0.7430299773134729779 ) ) ;
#1902 = CARTESIAN_POINT ( 'NONE',  ( -0.9134116899946147505, 2.895838647398202514, 0.4818800556237526345 ) ) ;
#1903 = EDGE_CURVE ( 'NONE', #1131, #3545, #4704, .T. ) ;
#1904 = ORIENTED_EDGE ( 'NONE', *, *, #5034, .T. ) ;
#1905 = CARTESIAN_POINT ( 'NONE',  ( 2.750000000000000000, 0.2157921689171915236, 0.3306271746026144820 ) ) ;
#1906 = CARTESIAN_POINT ( 'NONE',  ( 2.685063112027423315, 1.660313994294894790, -1.013118887006738023 ) ) ;
#1907 = CARTESIAN_POINT ( 'NONE',  ( -1.061912467210979427, -0.3949725103463623266, 1.014919093631822422 ) ) ;
#1908 = CARTESIAN_POINT ( 'NONE',  ( -1.574773783972214902, 1.637978045660320126, 1.735905819040745035 ) ) ;
#1909 = ORIENTED_EDGE ( 'NONE', *, *, #2658, .T. ) ;
#1910 = CARTESIAN_POINT ( 'NONE',  ( 2.750000000000000000, 0.5574018305081199776, 0.6889309548477010603 ) ) ;
#1911 = CARTESIAN_POINT ( 'NONE',  ( -2.750000000000060396, 0.6528615178973640187, -1.730265515586900005 ) ) ;
#1912 = CARTESIAN_POINT ( 'NONE',  ( -1.771291846738940023, -1.096614383114282054, -1.585882499069424798E-14 ) ) ;
#1913 = CARTESIAN_POINT ( 'NONE',  ( -1.679659479185506621, 2.636327499228869886, -0.6895887584835744821 ) ) ;
#1914 = ADVANCED_FACE ( 'NONE', ( #4591 ), #2959, .F. ) ;
#1916 = B_SPLINE_CURVE_WITH_KNOTS ( 'NONE', 3,
 ( #2560, #4420, #4893, #4142, #3378, #1674, #3749, #3710, #2871, #1644, #2048, #4454, #2485, #4521, #4857, #509, #191, #4960, #915, #579, #3309, #4386, #4814 ),
 .UNSPECIFIED., .F., .F.,
 ( 4, 2, 1, 1, 1, 2, 2, 2, 1, 1, 2, 2, 2, 4 ),
 ( 0.000000000000000000, 0.1250000000000001110, 0.1875000000000001665, 0.2187500000000001943, 0.2343750000000002498, 0.2421875000000002220, 0.2500000000000001665, 0.3749999999999988898, 0.4374999999999983902, 0.4687499999999981681, 0.4843749999999981681, 0.4999999999999981126, 0.7499999999999991118, 1.000000000000000000 ),
 .UNSPECIFIED. ) ;
#1915 = CARTESIAN_POINT ( 'NONE',  ( -2.533948066444380309, 1.944094758546034862, -0.7499999999999830136 ) ) ;
#1917 = VECTOR ( 'NONE', #3877, 1000.000000000000000 ) ;
#1918 = CARTESIAN_POINT ( 'NONE',  ( 2.410724609525044748, 1.348894833494699963, 1.503472462282525068 ) ) ;
#1919 = CARTESIAN_POINT ( 'NONE',  ( 1.812535957080009918, -1.135927216164729803, -1.589235751725255180E-12 ) ) ;
#1920 = CARTESIAN_POINT ( 'NONE',  ( -1.065413214070151993, -0.2893164065318790112, 1.267235647523193842 ) ) ;
#1921 = AXIS2_PLACEMENT_3D ( 'NONE', #1307, #2088, #3713 ) ;
#1922 = ORIENTED_EDGE ( 'NONE', *, *, #1727, .F. ) ;
#1923 = CARTESIAN_POINT ( 'NONE',  ( -2.750000000000000000, -0.04022461109868395029, 0.1253815298501259889 ) ) ;
#1924 = CARTESIAN_POINT ( 'NONE',  ( 0.9372522076454079532, 2.597896611575216230, 1.261262810519800048 ) ) ;
#1925 = CARTESIAN_POINT ( 'NONE',  ( 2.503386811788904875, 1.311770628256172078, -1.410826750584722067 ) ) ;
#1926 = CARTESIAN_POINT ( 'NONE',  ( -1.749999999988505195, 1.305713610130923907, 1.750000000000000000 ) ) ;
#1927 = CARTESIAN_POINT ( 'NONE',  ( -2.750000000000000000, 0.5974155714630129399, 0.7054066474886979687 ) ) ;
#1928 = CARTESIAN_POINT ( 'NONE',  ( 1.471455702586626391, -0.7542563584985441105, 0.05912794395090322647 ) ) ;
#1929 = CARTESIAN_POINT ( 'NONE',  ( 1.749999999988505195, 1.305713610130923907, -1.750000000000000000 ) ) ;
#1930 = CARTESIAN_POINT ( 'NONE',  ( -1.473357916192847838, -0.6659779656314837037, 0.2898738213242073591 ) ) ;
#1931 = VERTEX_POINT ( 'NONE', #879 ) ;
#1932 = CARTESIAN_POINT ( 'NONE',  ( 1.758566755526356440, -0.8376475838201984381, 0.4816919392479753204 ) ) ;
#1933 = CARTESIAN_POINT ( 'NONE',  ( -2.566264412508215909, 1.906763710048003047, 0.7500000000000000000 ) ) ;
#1934 = CARTESIAN_POINT ( 'NONE',  ( 0.8148682451752735645, 2.919691226089158320, 0.6994610908456463383 ) ) ;
#1935 = CARTESIAN_POINT ( 'NONE',  ( 0.8148682451751796396, 2.919691226089122793, -0.6994610908459311105 ) ) ;
#1936 = ORIENTED_EDGE ( 'NONE', *, *, #1116, .T. ) ;
#1937 = CARTESIAN_POINT ( 'NONE',  ( -2.750000000000000000, 0.000000000000000000, 0.000000000000000000 ) ) ;
#1938 = DIRECTION ( 'NONE',  ( 1.000000000000000000, 0.000000000000000000, 0.000000000000000000 ) ) ;
#1939 = CARTESIAN_POINT ( 'NONE',  ( -1.049269879478509582, -0.3900611055476375655, 1.020552013601382590 ) ) ;
#1940 = CARTESIAN_POINT ( 'NONE',  ( -1.031373881043964102, 2.462283035248875152, 1.395863024313420020 ) ) ;
#1941 = FACE_OUTER_BOUND ( 'NONE', #716, .T. ) ;
#1942 = B_SPLINE_CURVE_WITH_KNOTS ( 'NONE', 3,
 ( #89, #473, #3572, #938, #118, #909, #3603, #3704, #575, #4774, #1296, #2830, #2482, #1669, #439, #4100, #3237, #2905, #3337, #1700, #2867, #4029, #1641, #3271, #3998, #1340, #2043, #2447, #1251, #4450, #2078, #3967, #3304, #869, #2796, #3633, #835, #3669, #4414, #4888, #4352, #4852, #2517, #967, #4064, #155, #1733, #2115, #1380, #2764, #2010, #2148, #2411, #1865, #3779, #2654, #4956 ),
 .UNSPECIFIED., .F., .F.,
 ( 4, 2, 2, 1, 1, 2, 2, 2, 1, 2, 2, 2, 2, 1, 1, 1, 2, 2, 2, 2, 2, 2, 2, 1, 2, 2, 2, 2, 1, 1, 2, 2, 4 ),
 ( 0.000000000000000000, 0.06250000000000278944, 0.09375000000000419109, 0.1093750000000048711, 0.1171875000000052874, 0.1210937500000054123, 0.1250000000000055511, 0.1562500000000068279, 0.1718750000000073552, 0.1796875000000077438, 0.1875000000000081046, 0.2500000000000111022, 0.3125000000000140998, 0.3437500000000155986, 0.3593750000000164313, 0.3671875000000167644, 0.3710937500000168754, 0.3750000000000170419, 0.4062500000000150435, 0.4218750000000141553, 0.4375000000000133227, 0.4687500000000117684, 0.4843750000000109357, 0.4921875000000106026, 0.4960937500000103251, 0.5000000000000099920, 0.6250000000000069944, 0.6875000000000054401, 0.7187500000000047740, 0.7343750000000043299, 0.7421875000000042188, 0.7500000000000041078, 1.000000000000000000 ),
 .UNSPECIFIED. ) ;
#1943 =( BOUNDED_SURFACE ( )  B_SPLINE_SURFACE ( 3, 2, ( 
 ( #624, #3048, #559 ),
 ( #4974, #3359, #2099 ),
 ( #2132, #4905, #170 ),
 ( #4119, #1822, #2198 ),
 ( #2613, #2885, #927 ),
 ( #1716, #205, #2499 ),
 ( #2639, #590, #985 ),
 ( #3009, #3322, #3415 ),
 ( #3687, #1404, #4082 ),
 ( #1945, #4063, #1977 ),
 ( #3084, #1, #370 ),
 ( #728, #3668, #3539 ),
 ( #25, #1577, #1508 ),
 ( #2375, #2865, #1543 ),
 ( #4449, #152, #1910 ),
 ( #2341, #1114, #1078 ),
 ( #3930, #769, #4887 ),
 ( #4293, #2761, #2729 ),
 ( #691, #3203, #4850 ),
 ( #1146, #3568, #2077 ),
 ( #5070, #3164, #4257 ),
 ( #908, #2309, #402 ),
 ( #4324, #2698, #3475 ),
 ( #3130, #4688, #3508 ),
 ( #4728, #800, #3964 ),
 ( #3894, #4413, #1180 ),
 ( #116, #1609, #503 ),
 ( #1699, #2479, #1293 ),
 ( #3303, #1880, #2268 ),
 ( #2664, #3864, #4645 ),
 ( #336, #4989, #4172 ),
 ( #2555, #2945, #4240 ),
 ( #999, #4549, #1493 ),
 ( #1835, #3846, #3810 ),
 ( #4135, #2214, #4516 ),
 ( #2625, #538, #3025 ),
 ( #3703, #286, #255 ),
 ( #4582, #3335, #1802 ),
 ( #4208, #3064, #4626 ),
 ( #2180, #672, #4099 ),
 ( #1864, #1731, #3428 ),
 ( #2592, #3373, #2114 ),
 ( #1767, #641, #1420 ),
 ( #937, #965, #3778 ),
 ( #5055, #1379, #4955 ),
 ( #2990, #3401, #1339 ),
 ( #5022, #2902, #221 ),
 ( #2250, #1031, #4918 ) ),
 .UNSPECIFIED., .F., .F., .F. ) 
 B_SPLINE_SURFACE_WITH_KNOTS ( ( 4, 2, 2, 2, 2, 2, 2, 2, 2, 2, 2, 2, 2, 2, 2, 2, 2, 2, 2, 2, 2, 2, 2, 4 ),
 ( 3, 3 ),
 ( 0.000000000000000000, 0.0002737922017273284963, 0.0004106883025909925005, 0.0004791363530228250176, 0.0004962483656307829435, 0.0005133603782387410322, 0.0005219163845427199138, 0.0005304723908466990124, 0.0005475844034546569926, 0.0005818084286705729529, 0.0006160324538864890218, 0.0006844805043183210510, 0.0008213766051819850009, 0.0008898246556138170301, 0.0009240486808297329905, 0.0009582727060456490593, 0.0009753847186536070395, 0.0009924967312615650197, 0.001026720756477480113, 0.001095168806909311817, 0.001232064907772978044, 0.001368961008636642102, 0.001642753210363970002, 0.002190337613818624934 ),
 ( 0.000000000000000000, 1.000000000000000000 ),
 .UNSPECIFIED. ) 
 GEOMETRIC_REPRESENTATION_ITEM ( )  RATIONAL_B_SPLINE_SURFACE ( (
 ( 1.000000000000000000, 0.7071067811865480168, 1.000000000000000000),
 ( 1.000000000000000000, 0.7071067811865480168, 1.000000000000000000),
 ( 1.000000000000000000, 0.7071067811865480168, 1.000000000000000000),
 ( 1.000000000000000000, 0.7071067811865480168, 1.000000000000000000),
 ( 1.000000000000000000, 0.7071067811865480168, 1.000000000000000000),
 ( 1.000000000000000000, 0.7071067811865480168, 1.000000000000000000),
 ( 1.000000000000000000, 0.7071067811865480168, 1.000000000000000000),
 ( 1.000000000000000000, 0.7071067811865480168, 1.000000000000000000),
 ( 1.000000000000000000, 0.7071067811865470176, 1.000000000000000000),
 ( 1.000000000000000000, 0.7071067811865470176, 1.000000000000000000),
 ( 1.000000000000000000, 0.7071067811865470176, 1.000000000000000000),
 ( 1.000000000000000000, 0.7071067811865470176, 1.000000000000000000),
 ( 1.000000000000000000, 0.7071067811865480168, 1.000000000000000000),
 ( 1.000000000000000000, 0.7071067811865480168, 1.000000000000000000),
 ( 1.000000000000000000, 0.7071067811865480168, 1.000000000000000000),
 ( 1.000000000000000000, 0.7071067811865480168, 1.000000000000000000),
 ( 1.000000000000000000, 0.7071067811865480168, 1.000000000000000000),
 ( 1.000000000000000000, 0.7071067811865480168, 1.000000000000000000),
 ( 1.000000000000000000, 0.7071067811865480168, 1.000000000000000000),
 ( 1.000000000000000000, 0.7071067811865480168, 1.000000000000000000),
 ( 1.000000000000000000, 0.7071067811865480168, 1.000000000000000000),
 ( 1.000000000000000000, 0.7071067811865480168, 1.000000000000000000),
 ( 1.000000000000000000, 0.7071067811865480168, 1.000000000000000000),
 ( 1.000000000000000000, 0.7071067811865480168, 1.000000000000000000),
 ( 1.000000000000000000, 0.7071067811865480168, 1.000000000000000000),
 ( 1.000000000000000000, 0.7071067811865480168, 1.000000000000000000),
 ( 1.000000000000000000, 0.7071067811865480168, 1.000000000000000000),
 ( 1.000000000000000000, 0.7071067811865480168, 1.000000000000000000),
 ( 1.000000000000000000, 0.7071067811865480168, 1.000000000000000000),
 ( 1.000000000000000000, 0.7071067811865480168, 1.000000000000000000),
 ( 1.000000000000000000, 0.7071067811865480168, 1.000000000000000000),
 ( 1.000000000000000000, 0.7071067811865480168, 1.000000000000000000),
 ( 1.000000000000000000, 0.7071067811865480168, 1.000000000000000000),
 ( 1.000000000000000000, 0.7071067811865480168, 1.000000000000000000),
 ( 1.000000000000000000, 0.7071067811865480168, 1.000000000000000000),
 ( 1.000000000000000000, 0.7071067811865480168, 1.000000000000000000),
 ( 1.000000000000000000, 0.7071067811865480168, 1.000000000000000000),
 ( 1.000000000000000000, 0.7071067811865480168, 1.000000000000000000),
 ( 1.000000000000000000, 0.7071067811865480168, 1.000000000000000000),
 ( 1.000000000000000000, 0.7071067811865480168, 1.000000000000000000),
 ( 1.000000000000000000, 0.7071067811865480168, 1.000000000000000000),
 ( 1.000000000000000000, 0.7071067811865480168, 1.000000000000000000),
 ( 1.000000000000000000, 0.7071067811865480168, 1.000000000000000000),
 ( 1.000000000000000000, 0.7071067811865480168, 1.000000000000000000),
 ( 1.000000000000000000, 0.7071067811865470176, 1.000000000000000000),
 ( 1.000000000000000000, 0.7071067811865470176, 1.000000000000000000),
 ( 1.000000000000000000, 0.7071067811865480168, 1.000000000000000000),
 ( 1.000000000000000000, 0.7071067811865480168, 1.000000000000000000) ) ) 
 REPRESENTATION_ITEM ( '' )  SURFACE ( )  );
#1944 = ORIENTED_EDGE ( 'NONE', *, *, #1763, .F. ) ;
#1945 = CARTESIAN_POINT ( 'NONE',  ( 1.750000000000000000, 0.2364966434282549934, 1.638945776497459983 ) ) ;
#1946 = CARTESIAN_POINT ( 'NONE',  ( -2.749999999999996891, 0.3974682580153521272, -1.688660353171479445 ) ) ;
#1947 = CARTESIAN_POINT ( 'NONE',  ( -0.6323000227717719968, 2.951443946044474576, -0.3584458815779089647 ) ) ;
#1948 = CARTESIAN_POINT ( 'NONE',  ( -0.2185706818992473321, 2.995458170033314271, -0.1356872551315412290 ) ) ;
#1949 = CARTESIAN_POINT ( 'NONE',  ( 1.633993800303668031, -0.6061771095578162294, -0.9074334329874247373 ) ) ;
#1950 = CARTESIAN_POINT ( 'NONE',  ( -2.750000000000000000, -12.00000000000000000, 0.000000000000000000 ) ) ;
#1951 = CARTESIAN_POINT ( 'NONE',  ( -1.230789126086563767, -0.4640968500927827312, 1.084443837160433910 ) ) ;
#1952 = VERTEX_POINT ( 'NONE', #1223 ) ;
#1953 = EDGE_CURVE ( 'NONE', #95, #4910, #1261, .T. ) ;
#1954 = DIRECTION ( 'NONE',  ( 0.9558172740508308340, 0.2939614577219929470, 0.000000000000000000 ) ) ;
#1955 = CARTESIAN_POINT ( 'NONE',  ( 0.7861520263658082763, 2.769872995530729742, 1.026565881073888020 ) ) ;
#1956 = CARTESIAN_POINT ( 'NONE',  ( 2.503300384808730072, 1.354950104835960012, -1.410927973809243952 ) ) ;
#1957 = CARTESIAN_POINT ( 'NONE',  ( 1.750000000000000000, -0.6401450635739960315, -0.8992299248416790736 ) ) ;
#1958 = CARTESIAN_POINT ( 'NONE',  ( -1.750000000000000000, -0.4503512238670829837, 1.097196693923017996 ) ) ;
#1959 = DIRECTION ( 'NONE',  ( 1.000000000000000000, 0.000000000000000000, 0.000000000000000000 ) ) ;
#1960 = CARTESIAN_POINT ( 'NONE',  ( 0.7301371247578202217, 2.933790772878274833, -0.4034333428828974499 ) ) ;
#1961 = CARTESIAN_POINT ( 'NONE',  ( -1.460398751036186216, -0.6262053984150698360, 0.4728512994201013453 ) ) ;
#1962 = ORIENTED_EDGE ( 'NONE', *, *, #834, .T. ) ;
#1963 = CARTESIAN_POINT ( 'NONE',  ( 0.6828492861265119673, -0.1683795300659129690, -1.386263293679737885 ) ) ;
#1964 = EDGE_CURVE ( 'NONE', #1477, #2516, #2826, .T. ) ;
#1965 = VECTOR ( 'NONE', #4643, 1000.000000000000000 ) ;
#1966 = CARTESIAN_POINT ( 'NONE',  ( -1.750000000000000000, -0.6367619789567946498, -0.9027900681922308435 ) ) ;
#1967 = AXIS2_PLACEMENT_3D ( 'NONE', #2801, #545, #1738 ) ;
#1968 = CARTESIAN_POINT ( 'NONE',  ( 1.983925083526120181, 2.457480394576139648, 0.7255275397684309846 ) ) ;
#1969 = ORIENTED_EDGE ( 'NONE', *, *, #3452, .F. ) ;
#1970 = CARTESIAN_POINT ( 'NONE',  ( 2.688766636847565117, 1.651897648552359987, 0.7500000000000000000 ) ) ;
#1971 = CARTESIAN_POINT ( 'NONE',  ( -2.718194481784535377, 1.428309106339291867, 1.012201080200836101 ) ) ;
#1972 = DIRECTION ( 'NONE',  ( 0.000000000000000000, 0.000000000000000000, 1.000000000000000000 ) ) ;
#1973 = CARTESIAN_POINT ( 'NONE',  ( -1.803309402828785490, -1.128631939203888157, 0.2605582559751151717 ) ) ;
#1974 = CARTESIAN_POINT ( 'NONE',  ( 1.750000000000000000, 0.000000000000000000, -0.7500000000000000000 ) ) ;
#1975 = DIRECTION ( 'NONE',  ( 0.000000000000000000, -1.000000000000000000, 0.000000000000000000 ) ) ;
#1976 = ORIENTED_EDGE ( 'NONE', *, *, #3440, .T. ) ;
#1977 = CARTESIAN_POINT ( 'NONE',  ( 2.750000000000000000, 0.5807799513187700269, 0.6998652876330559991 ) ) ;
#1978 = CARTESIAN_POINT ( 'NONE',  ( -2.750000000000000000, 0.9885278732849911432, -0.7500000143800699126 ) ) ;
#1979 = CARTESIAN_POINT ( 'NONE',  ( -0.1732179110288234736, 3.000000000000000000, -0.1106908868607154039 ) ) ;
#1980 = EDGE_CURVE ( 'NONE', #3231, #2410, #1140, .T. ) ;
#1981 = CARTESIAN_POINT ( 'NONE',  ( -2.666785755672461455, 1.706241279231740515, -1.749999999999998446 ) ) ;
#1982 = CARTESIAN_POINT ( 'NONE',  ( 1.637848722555243386, -0.9022336587747165071, 0.3508893763254028464 ) ) ;
#1983 = FILL_AREA_STYLE_COLOUR ( '', #798 ) ;
#1984 = EDGE_CURVE ( 'NONE', #3746, #747, #4529, .T. ) ;
#1985 = EDGE_LOOP ( 'NONE', ( #4112, #629, #4046, #2244 ) ) ;
#1986 = CARTESIAN_POINT ( 'NONE',  ( -2.500000000000000000, -12.00000000000000000, 0.000000000000000000 ) ) ;
#1987 = CARTESIAN_POINT ( 'NONE',  ( 1.880843076521560020, 1.314498483101209869, -1.743557805323100007 ) ) ;
#1988 = CARTESIAN_POINT ( 'NONE',  ( -2.749999999999996891, -0.6145464996399873092, 0.8887076280294962105 ) ) ;
#1989 = CARTESIAN_POINT ( 'NONE',  ( 1.367744077155574889, 2.759196877768067768, -0.6254820241994064611 ) ) ;
#1990 = VERTEX_POINT ( 'NONE', #919 ) ;
#1991 = CARTESIAN_POINT ( 'NONE',  ( -1.437036012549209874, -0.4557313111191718669, 1.091582292128977283 ) ) ;
#1992 = EDGE_CURVE ( 'NONE', #1990, #623, #4968, .T. ) ;
#1993 = CIRCLE ( 'NONE', #133, 0.2500000000000000000 ) ;
#1994 = CARTESIAN_POINT ( 'NONE',  ( -0.5381110820768564285, -0.1369864191340220139, -1.413721774448812640 ) ) ;
#1995 = CARTESIAN_POINT ( 'NONE',  ( -2.750000000000000000, -12.00000000000000000, 0.000000000000000000 ) ) ;
#1996 = CARTESIAN_POINT ( 'NONE',  ( 1.368037835632131882, 1.960429522471185404, 1.669741380369150097 ) ) ;
#1997 = DIRECTION ( 'NONE',  ( -1.000000000000000000, 0.000000000000000000, 0.000000000000000000 ) ) ;
#1998 = ORIENTED_EDGE ( 'NONE', *, *, #1116, .F. ) ;
#1999 = CARTESIAN_POINT ( 'NONE',  ( -2.503386811788904875, 1.311770628256172078, 1.410826750584722067 ) ) ;
#2000 = EDGE_CURVE ( 'NONE', #193, #4859, #248, .T. ) ;
#2001 = CARTESIAN_POINT ( 'NONE',  ( -1.765662425602581909, -0.8946393555363001404, 0.4072542616331978338 ) ) ;
#2002 = CARTESIAN_POINT ( 'NONE',  ( 2.648787782657899825, 1.364778269141152078, 1.193262162683730088 ) ) ;
#2003 = DIRECTION ( 'NONE',  ( 0.000000000000000000, -1.000000000000000000, 0.000000000000000000 ) ) ;
#2004 = CARTESIAN_POINT ( 'NONE',  ( -2.473516188011164907, 2.021733838396690075, 0.7500000000000000000 ) ) ;
#2005 = CARTESIAN_POINT ( 'NONE',  ( -0.4374245378578526799, 2.945616036412774363, 0.5456211312834138294 ) ) ;
#2006 = TOROIDAL_SURFACE ( 'NONE', #3761, 0.5000000000000000000, 0.2500000000000000000 ) ;
#2007 = VERTEX_POINT ( 'NONE', #3610 ) ;
#2008 = CARTESIAN_POINT ( 'NONE',  ( -2.749999999999905409, 0.5821328465540549502, -1.722793823135174041 ) ) ;
#2009 = CARTESIAN_POINT ( 'NONE',  ( 2.000000000000000000, -3.000000000000000000, 0.000000000000000000 ) ) ;
#2010 = CARTESIAN_POINT ( 'NONE',  ( -0.5327617199384002689, 2.914058559281686112, -0.6700447391643348238 ) ) ;
#2011 = DIRECTION ( 'NONE',  ( 0.000000000000000000, 0.000000000000000000, 1.000000000000000000 ) ) ;
#2012 = CARTESIAN_POINT ( 'NONE',  ( -2.648787782668134749, 1.364778269142020273, -1.193262162661149928 ) ) ;
#2013 = CARTESIAN_POINT ( 'NONE',  ( -1.708981428593590035, -0.3483116345399989711, 0.000000000000000000 ) ) ;
#2014 = VERTEX_POINT ( 'NONE', #2089 ) ;
#2015 = CARTESIAN_POINT ( 'NONE',  ( 2.750000000000000000, 0.09657276347158540164, -0.09894214681363770747 ) ) ;
#2016 = CIRCLE ( 'NONE', #4615, 0.2500000000000000000 ) ;
#2017 = CARTESIAN_POINT ( 'NONE',  ( 1.455920486491350196, -0.7844119636649590221, -0.02640608338884295123 ) ) ;
#2018 = CARTESIAN_POINT ( 'NONE',  ( 1.695203652891880131, 1.393856782217540058, -1.750000000000000000 ) ) ;
#2019 = CARTESIAN_POINT ( 'NONE',  ( 2.072215658353564915, 1.308304133421740012, -1.698926104592759945 ) ) ;
#2020 = CARTESIAN_POINT ( 'NONE',  ( -2.750000000000000000, 0.3765693166092464739, 0.5170000814692549129 ) ) ;
#2021 = CARTESIAN_POINT ( 'NONE',  ( 2.098684142822241139, 2.386918122251825203, -0.7379163753582442808 ) ) ;
#2022 = CARTESIAN_POINT ( 'NONE',  ( -1.441952844342772266, -0.5950792164494074221, -0.6336202881966023215 ) ) ;
#2023 = ORIENTED_EDGE ( 'NONE', *, *, #2979, .F. ) ;
#2024 = CARTESIAN_POINT ( 'NONE',  ( -0.9397778843552729855, -0.2445902116335355037, -1.312979956620970112 ) ) ;
#2025 = CARTESIAN_POINT ( 'NONE',  ( -0.7975863775445655168, -0.2024799241393985261, -1.353452989198427936 ) ) ;
#2026 = CARTESIAN_POINT ( 'NONE',  ( -1.743713449350365213E-15, 3.000000000000000000, -6.071532165918820097E-15 ) ) ;
#2027 = DIRECTION ( 'NONE',  ( 0.000000000000000000, -1.000000000000000000, 0.000000000000000000 ) ) ;
#2028 = EDGE_CURVE ( 'NONE', #1645, #1362, #1289, .T. ) ;
#2029 = ORIENTED_EDGE ( 'NONE', *, *, #3861, .F. ) ;
#2030 = CARTESIAN_POINT ( 'NONE',  ( 1.353019271138999891, -2.277908637025415128, 0.000000000000000000 ) ) ;
#2031 = CARTESIAN_POINT ( 'NONE',  ( -2.381539475554275143, 1.503659698527275212, 1.503387140128479960 ) ) ;
#2032 = CARTESIAN_POINT ( 'NONE',  ( 2.003633779954649974, -0.9737267632371290338, 0.2989205570147525082 ) ) ;
#2033 = CARTESIAN_POINT ( 'NONE',  ( 2.750000000000000000, 1.313753328945229892, 0.7500000000000000000 ) ) ;
#2034 = CARTESIAN_POINT ( 'NONE',  ( 1.457008645922424295, -0.7823311822977626617, -0.04992510666679705889 ) ) ;
#2035 = CARTESIAN_POINT ( 'NONE',  ( -1.638045997138865006, 1.521305850765500178, 1.746818449655609840 ) ) ;
#2036 = ADVANCED_FACE ( 'NONE', ( #4603 ), #19, .T. ) ;
#2037 = EDGE_CURVE ( 'NONE', #1601, #2094, #1403, .T. ) ;
#2038 = CARTESIAN_POINT ( 'NONE',  ( -1.524266041028087937, -0.8570331599129092925, -0.4493258302678196370 ) ) ;
#2039 = VERTEX_POINT ( 'NONE', #3290 ) ;
#2040 = CARTESIAN_POINT ( 'NONE',  ( -1.750000000000000000, -0.1115472750360619880, -1.436394771486553923 ) ) ;
#2041 = CARTESIAN_POINT ( 'NONE',  ( 1.812535957080009918, -1.135927216164729803, -1.589235751725255180E-12 ) ) ;
#2042 = EDGE_CURVE ( 'NONE', #2998, #4829, #2572, .T. ) ;
#2043 = CARTESIAN_POINT ( 'NONE',  ( -1.100903324084082646, 2.356041016476039029, -1.474323143999835439 ) ) ;
#2044 = FACE_OUTER_BOUND ( 'NONE', #2373, .T. ) ;
#2045 = CARTESIAN_POINT ( 'NONE',  ( 2.500000000000000000, -3.000000000000000000, 0.000000000000000000 ) ) ;
#2046 = CARTESIAN_POINT ( 'NONE',  ( -2.750000000000000000, 0.000000000000000000, -0.7500000000000000000 ) ) ;
#2047 = CARTESIAN_POINT ( 'NONE',  ( -2.744173359181684813, 1.431918637226863966, -0.7499999999633629733 ) ) ;
#2048 = CARTESIAN_POINT ( 'NONE',  ( 0.7452878795871615836, 2.932547810011334022, 0.4120861000685936415 ) ) ;
#2049 = EDGE_LOOP ( 'NONE', ( #799, #236, #4606, #4781 ) ) ;
#2050 = CARTESIAN_POINT ( 'NONE',  ( 2.750000000000000000, 0.03784415118891664570, -2.818925648462309951E-15 ) ) ;
#2051 = FACE_OUTER_BOUND ( 'NONE', #4094, .T. ) ;
#2052 = PLANE ( 'NONE',  #2833 ) ;
#2053 = CARTESIAN_POINT ( 'NONE',  ( -1.517709170700245025, -0.8430317070755830589, 0.2562738891372039474 ) ) ;
#2054 = CARTESIAN_POINT ( 'NONE',  ( -2.750000000000000000, 0.4705117429161500553, 0.6134598728313159777 ) ) ;
#2055 = CARTESIAN_POINT ( 'NONE',  ( -2.750000000000004441, -0.5017693966406806538, 1.039083898642502168 ) ) ;
#2056 = CARTESIAN_POINT ( 'NONE',  ( 0.000000000000000000, 0.000000000000000000, 0.000000000000000000 ) ) ;
#2057 = CARTESIAN_POINT ( 'NONE',  ( 2.750000000000000000, -0.04022461109874024554, 0.1253815298501815834 ) ) ;
#2058 = CARTESIAN_POINT ( 'NONE',  ( -1.467825493325813246, -0.6443499923050551859, 0.3817651267287097139 ) ) ;
#2059 = ORIENTED_EDGE ( 'NONE', *, *, #3206, .T. ) ;
#2060 = CARTESIAN_POINT ( 'NONE',  ( -0.8519581229699411118, -0.3192009850702829943, -1.101141526784195968 ) ) ;
#2061 = FACE_OUTER_BOUND ( 'NONE', #3484, .T. ) ;
#2062 = DIRECTION ( 'NONE',  ( 0.000000000000000000, 0.000000000000000000, -1.000000000000000000 ) ) ;
#2063 = CARTESIAN_POINT ( 'NONE',  ( 2.219300542607654858, -1.050198758908925889, 2.222932579343084702E-16 ) ) ;
#2064 = DIRECTION ( 'NONE',  ( -1.000000000000000000, 0.000000000000000000, 0.000000000000000000 ) ) ;
#2065 = ORIENTED_EDGE ( 'NONE', *, *, #1670, .T. ) ;
#2066 = DIRECTION ( 'NONE',  ( 0.9558172740508308340, -0.2939614577219929470, 0.000000000000000000 ) ) ;
#2067 = CARTESIAN_POINT ( 'NONE',  ( -2.750000000000000000, 1.372943196131356070, 0.7500000000055140337 ) ) ;
#2068 = DIRECTION ( 'NONE',  ( -0.2939614577219925584, 0.9558172740508309451, 0.000000000000000000 ) ) ;
#2069 = CARTESIAN_POINT ( 'NONE',  ( 2.749999999999280131, 1.372411032173141976, 0.8809855860252329141 ) ) ;
#2070 = CARTESIAN_POINT ( 'NONE',  ( 1.468508362682356294, -0.7938308990576949942, -0.1401283736345186881 ) ) ;
#2071 = CIRCLE ( 'NONE', #254, 0.7500000000000000000 ) ;
#2072 = B_SPLINE_CURVE_WITH_KNOTS ( 'NONE', 3,
 ( #1445, #2269, #2665, #3085 ),
 .UNSPECIFIED., .F., .F.,
 ( 4, 4 ),
 ( 0.000000000000000000, 0.0001038164048426373835 ),
 .UNSPECIFIED. ) ;
#2073 = CARTESIAN_POINT ( 'NONE',  ( -1.462511169525414045, -0.9230260350620844712, -0.3774565248544843321 ) ) ;
#2074 = VERTEX_POINT ( 'NONE', #823 ) ;
#2075 = CARTESIAN_POINT ( 'NONE',  ( -1.750000000000000000, -0.3134904819046870350, -1.242407091183842072 ) ) ;
#2076 = CARTESIAN_POINT ( 'NONE',  ( -2.341317120741996494, -0.8705065108791821826, 0.1735121820153294470 ) ) ;
#2077 = CARTESIAN_POINT ( 'NONE',  ( 2.750000000000000000, 0.5062854146152439005, 0.6474009638673119404 ) ) ;
#2078 = CARTESIAN_POINT ( 'NONE',  ( -1.070796199449096209, 2.402227910443599068, -1.441544240367610863 ) ) ;
#2079 = CYLINDRICAL_SURFACE ( 'NONE', #806, 0.2500000000000001665 ) ;
#2080 = CARTESIAN_POINT ( 'NONE',  ( -1.855047839882927985, -1.136156474315505926, 0.1170286540053068203 ) ) ;
#2081 = CARTESIAN_POINT ( 'NONE',  ( 2.500000000000000000, -12.00000000000000000, 0.000000000000000000 ) ) ;
#2082 = ADVANCED_FACE ( 'NONE', ( #4661 ), #1273, .T. ) ;
#2083 = CARTESIAN_POINT ( 'NONE',  ( -2.608775774318290441, 1.575087309682430048, -1.193578061979694072 ) ) ;
#2084 = CARTESIAN_POINT ( 'NONE',  ( 1.668217181090226875, -0.6568256174671192049, 0.8187957905528228109 ) ) ;
#2085 = EDGE_LOOP ( 'NONE', ( #2101, #548, #970, #984, #4848, #2702 ) ) ;
#2086 = PRODUCT_DEFINITION_SHAPE ( 'NONE', 'NONE',  #5103 ) ;
#2087 = CARTESIAN_POINT ( 'NONE',  ( 2.750000000000000000, 0.5844352076875120039, -0.7048444188957319056 ) ) ;
#2088 = DIRECTION ( 'NONE',  ( 0.000000000000000000, 1.000000000000000000, 0.000000000000000000 ) ) ;
#2089 = CARTESIAN_POINT ( 'NONE',  ( -1.525882758779589787, -0.5101445300704938735, -1.028804879992004206 ) ) ;
#2090 = CARTESIAN_POINT ( 'NONE',  ( 2.503573821272983224, 1.984475112745191172, 1.749999999999970246 ) ) ;
#2091 = DIRECTION ( 'NONE',  ( 1.000000000000000000, 0.000000000000000000, 0.000000000000000000 ) ) ;
#2092 = CARTESIAN_POINT ( 'NONE',  ( 2.750000000000000000, -0.5011213312326560088, 0.5450932145654320271 ) ) ;
#2093 = CARTESIAN_POINT ( 'NONE',  ( -0.5171328740690972481, -0.2313605863107299765, 1.194422366051676399 ) ) ;
#2094 = VERTEX_POINT ( 'NONE', #493 ) ;
#2095 = CARTESIAN_POINT ( 'NONE',  ( 0.2759504897663555001, -0.09210241051222471664, -1.451694505022972148 ) ) ;
#2096 = CYLINDRICAL_SURFACE ( 'NONE', #198, 1.000000000000000000 ) ;
#2097 = AXIS2_PLACEMENT_3D ( 'NONE', #2863, #185, #2113 ) ;
#2098 = CARTESIAN_POINT ( 'NONE',  ( -1.122896511292854171, -0.3129182864909347828, -1.242600353033163074 ) ) ;
#2099 = CARTESIAN_POINT ( 'NONE',  ( 2.750000000000000000, 0.9885278732850569794, 0.7500000143801990315 ) ) ;
#2100 = CARTESIAN_POINT ( 'NONE',  ( -1.616151867006912157, -0.8972328963936911927, -0.3389887778615708891 ) ) ;
#2101 = ORIENTED_EDGE ( 'NONE', *, *, #214, .T. ) ;
#2102 = CARTESIAN_POINT ( 'NONE',  ( -1.750000000000000000, -0.8050148418556498653, 0.5400853469422319808 ) ) ;
#2103 = EDGE_CURVE ( 'NONE', #132, #2924, #2982, .T. ) ;
#2104 = CARTESIAN_POINT ( 'NONE',  ( -2.236873376512040323, 1.426551649472352024, 1.617955336047805170 ) ) ;
#2105 = CARTESIAN_POINT ( 'NONE',  ( 1.441071626290691965, -0.5884074392709345291, 0.6717780137221565084 ) ) ;
#2106 = CARTESIAN_POINT ( 'NONE',  ( 2.705877878262340275, 1.604985523621174970, 0.7500000000113961063 ) ) ;
#2107 = CARTESIAN_POINT ( 'NONE',  ( -2.424156804853044189, -0.9353331906526608508, 0.06658704726771844107 ) ) ;
#2108 = CARTESIAN_POINT ( 'NONE',  ( -1.734723475976809855E-15, 3.000000000000000000, 0.000000000000000000 ) ) ;
#2109 = CARTESIAN_POINT ( 'NONE',  ( -0.9829316954556648334, 2.534170958737574253, 1.328149648284570716 ) ) ;
#2110 = FACE_OUTER_BOUND ( 'NONE', #1830, .T. ) ;
#2111 = ORIENTED_EDGE ( 'NONE', *, *, #3652, .T. ) ;
#2112 = CARTESIAN_POINT ( 'NONE',  ( -2.749999999999983125, -0.6881264330000398388, -0.7633755813658558154 ) ) ;
#2113 = DIRECTION ( 'NONE',  ( 0.000000000000000000, 0.000000000000000000, 1.000000000000000000 ) ) ;
#2114 = CARTESIAN_POINT ( 'NONE',  ( 2.750000000000000000, 0.09755381912950319978, 0.1061905491902780108 ) ) ;
#2115 = CARTESIAN_POINT ( 'NONE',  ( -0.6532731967160321229, 2.858947057685673254, -0.8339745221529435426 ) ) ;
#2116 = DIRECTION ( 'NONE',  ( 0.9558172740508308340, -0.2939614577219929470, 0.000000000000000000 ) ) ;
#2117 = CARTESIAN_POINT ( 'NONE',  ( -2.666781371658194733, 1.706240349267645007, 0.7500000000000000000 ) ) ;
#2118 = CARTESIAN_POINT ( 'NONE',  ( 1.582414197970630099, -0.5535737468687451646, 0.9759118820249131909 ) ) ;
#2119 = ORIENTED_EDGE ( 'NONE', *, *, #3374, .F. ) ;
#2120 = CARTESIAN_POINT ( 'NONE',  ( 2.750000000000000000, 0.4705117429161440046, -0.6134598728313109817 ) ) ;
#2121 = FACE_OUTER_BOUND ( 'NONE', #4731, .T. ) ;
#2122 = DIRECTION ( 'NONE',  ( 1.000000000000000000, 0.000000000000000000, 0.000000000000000000 ) ) ;
#2123 = CARTESIAN_POINT ( 'NONE',  ( 2.388125434602482056, 2.127581545203481195, -1.729596723148403292 ) ) ;
#2124 = ADVANCED_FACE ( 'NONE', ( #1281 ), #4435, .F. ) ;
#2125 = APPLICATION_CONTEXT ( 'automotive_design' ) ;
#2126 = CARTESIAN_POINT ( 'NONE',  ( 2.750000000000004441, -0.5017693966406997497, -1.039083898642482406 ) ) ;
#2127 = CARTESIAN_POINT ( 'NONE',  ( 1.604087507015895087, -0.9294100433912370063, -0.1454917800538635952 ) ) ;
#2128 = ORIENTED_EDGE ( 'NONE', *, *, #4497, .T. ) ;
#2129 = DIRECTION ( 'NONE',  ( 0.5144857049222549827, 0.8574989559356037683, 0.000000000000000000 ) ) ;
#2130 = B_SPLINE_CURVE_WITH_KNOTS ( 'NONE', 3,
 ( #1474, #2922, #3352, #2230, #3757, #1316, #4155, #2493, #3438, #4492, #4222, #4600, #1712, #2093, #4933, #432, #2662, #3078, #1939, #1907, #23, #723, #332 ),
 .UNSPECIFIED., .F., .F.,
 ( 4, 2, 1, 2, 2, 2, 2, 2, 1, 1, 2, 2, 4 ),
 ( 0.000000000000000000, 0.06250000000000016653, 0.09375000000000020817, 0.1093750000000002220, 0.1250000000000002220, 0.2500000000000001110, 0.5000000000000001110, 0.7500000000000000000, 0.8124999999999998890, 0.8437499999999998890, 0.8593749999999998890, 0.8749999999999997780, 1.000000000000000000 ),
 .UNSPECIFIED. ) ;
#2131 = CARTESIAN_POINT ( 'NONE',  ( 1.750000000000000000, 0.02827013778337870292, -1.537762476900380149 ) ) ;
#2132 = CARTESIAN_POINT ( 'NONE',  ( 1.750000000000039968, 0.8544593004390620417, 1.747680156139234997 ) ) ;
#2133 = CARTESIAN_POINT ( 'NONE',  ( 1.830680869562915092, -1.136120436312212156, 0.06430114619214979954 ) ) ;
#2134 = ORIENTED_EDGE ( 'NONE', *, *, #5092, .F. ) ;
#2135 = CARTESIAN_POINT ( 'NONE',  ( -1.750000000000000000, 1.080205472464321970, 1.750000000000000000 ) ) ;
#2136 = CARTESIAN_POINT ( 'NONE',  ( -1.525882758779729897, -0.5101445300705839125, 1.028804879991896071 ) ) ;
#2137 = CARTESIAN_POINT ( 'NONE',  ( 2.331305020867758149, -0.8755688660100695575, 0.1788571664706254671 ) ) ;
#2138 = CARTESIAN_POINT ( 'NONE',  ( 2.660249816630314790, 1.650906486244025029, 1.013281458292399906 ) ) ;
#2139 = CARTESIAN_POINT ( 'NONE',  ( -2.130633207336420032, -1.098132179560630250, 0.02455620673783695182 ) ) ;
#2140 = DIRECTION ( 'NONE',  ( 0.000000000000000000, 0.000000000000000000, -1.000000000000000000 ) ) ;
#2141 = CARTESIAN_POINT ( 'NONE',  ( -0.9118619905509846024, 2.631006959750679997, 1.222485278078202509 ) ) ;
#2142 = CARTESIAN_POINT ( 'NONE',  ( 2.750000000000000000, 0.2899193462797109988, -0.4248699545025180213 ) ) ;
#2143 = EDGE_LOOP ( 'NONE', ( #4130, #2339, #3162, #3984 ) ) ;
#2144 = CARTESIAN_POINT ( 'NONE',  ( -2.749999999999968914, -0.7864913290421472469, -0.5736641189110693873 ) ) ;
#2145 = CARTESIAN_POINT ( 'NONE',  ( 1.494702611518528679, 1.768589955637808186, 1.714332172455178105 ) ) ;
#2146 = AXIS2_PLACEMENT_3D ( 'NONE', #893, #2433, #3259 ) ;
#2147 = CARTESIAN_POINT ( 'NONE',  ( 1.750000000000000000, -0.07291454520837059583, -1.496147290704068045 ) ) ;
#2148 = CARTESIAN_POINT ( 'NONE',  ( -0.5172577279014594076, 2.919755054945202932, -0.6495579739371475370 ) ) ;
#2149 = CARTESIAN_POINT ( 'NONE',  ( 1.803291050301110143, -1.128613586676453728, -0.02624974247040994663 ) ) ;
#2150 = CARTESIAN_POINT ( 'NONE',  ( -2.503573565557636993, 1.984475429739192220, 1.749999999999958922 ) ) ;
#2151 = CARTESIAN_POINT ( 'NONE',  ( -1.880843076488539989, 1.314498487757439937, -1.743557805325504972 ) ) ;
#2152 = CARTESIAN_POINT ( 'NONE',  ( 1.766276015400870092, -0.8908168466576269484, 0.4116682629721409858 ) ) ;
#2153 = EDGE_LOOP ( 'NONE', ( #3058, #832, #4804, #262 ) ) ;
#2154 = CARTESIAN_POINT ( 'NONE',  ( 2.387126265323349816, -0.9631637867234489336, 0.04519159487817409754 ) ) ;
#2155 = B_SPLINE_CURVE_WITH_KNOTS ( 'NONE', 3,
 ( #1141, #4287, #2001, #2724, #4681, #2303, #2692, #1571, #3889, #4723, #21, #3468, #3987, #5066, #2755, #3957, #2436, #3227, #4253, #4639, #2336, #329, #826, #1109, #761, #1604, #3534, #3922 ),
 .UNSPECIFIED., .F., .F.,
 ( 4, 2, 2, 2, 2, 2, 2, 2, 2, 2, 2, 2, 2, 4 ),
 ( 0.000000000000000000, 0.03124999999999557299, 0.06249999999999114597, 0.09374999999998671896, 0.1093749999999853451, 0.1249999999999839850, 0.1874999999999841793, 0.2187499999999852340, 0.2343749999999858447, 0.2499999999999863998, 0.3749999999999862332, 0.4374999999999869549, 0.4999999999999876765, 1.000000000000000000 ),
 .UNSPECIFIED. ) ;
#2156 = CARTESIAN_POINT ( 'NONE',  ( -1.462511169525404719, -0.9230260350620755894, 0.3774565248545060925 ) ) ;
#2157 = CARTESIAN_POINT ( 'NONE',  ( -1.771291846738940023, -1.096614383114282054, -1.585882499069424798E-14 ) ) ;
#2158 = CARTESIAN_POINT ( 'NONE',  ( -2.750000000000000000, 0.07620311904525589597, 0.06632192996216368375 ) ) ;
#2159 = CARTESIAN_POINT ( 'NONE',  ( 1.750000000000000000, -0.6303264828472019410, -0.8632491802845869699 ) ) ;
#2160 = CARTESIAN_POINT ( 'NONE',  ( -1.468538274733188764, -0.7938608111085274643, 0.1402645641416520039 ) ) ;
#2161 = ORIENTED_EDGE ( 'NONE', *, *, #2658, .F. ) ;
#2162 = CARTESIAN_POINT ( 'NONE',  ( 0.7540486622463317135, -0.1900000414772902158, 1.365334143470906758 ) ) ;
#2163 = MECHANICAL_DESIGN_GEOMETRIC_PRESENTATION_REPRESENTATION (  '', ( #4268 ), #203 ) ;
#2164 = ADVANCED_FACE ( 'NONE', ( #2950 ), #2860, .T. ) ;
#2165 = DIRECTION ( 'NONE',  ( 1.445602896647339903E-16, 1.000000000000000000, 0.000000000000000000 ) ) ;
#2166 = CARTESIAN_POINT ( 'NONE',  ( -1.730904966533437284, -0.9058296895636221979, -0.3899662320316942266 ) ) ;
#2167 = CARTESIAN_POINT ( 'NONE',  ( -1.630883754636139660, -0.6070736279851699502, -0.8995802617869516071 ) ) ;
#2168 = ORIENTED_EDGE ( 'NONE', *, *, #2042, .F. ) ;
#2169 = CARTESIAN_POINT ( 'NONE',  ( 2.473516188011351868, 2.021733838396469363, -1.749999999999998224 ) ) ;
#2170 = CARTESIAN_POINT ( 'NONE',  ( 1.440725085526058047, -0.5751559526271340372, 0.9512059490299317188 ) ) ;
#2171 = DIRECTION ( 'NONE',  ( 0.000000000000000000, 0.000000000000000000, -1.000000000000000000 ) ) ;
#2172 = CARTESIAN_POINT ( 'NONE',  ( 2.248058250263279767, 1.368442241802755976, 1.617925419293194889 ) ) ;
#2173 = CARTESIAN_POINT ( 'NONE',  ( 1.592940290490234112, 1.611379637919967411, -1.743086283550401516 ) ) ;
#2174 = CARTESIAN_POINT ( 'NONE',  ( -1.715546096726584979, 2.068189222679360562, 1.750000000000000000 ) ) ;
#2175 = B_SPLINE_CURVE_WITH_KNOTS ( 'NONE', 3,
 ( #1405, #2971, #2929, #3476, #4083, #4467 ),
 .UNSPECIFIED., .F., .F.,
 ( 4, 1, 1, 4 ),
 ( 0.000000000000000000, 0.6114731747711773524, 0.7429625011636079579, 1.000000000000000000 ),
 .UNSPECIFIED. ) ;
#2176 = CARTESIAN_POINT ( 'NONE',  ( 2.750000000000000000, 0.5844352076875201085, 0.7048444188957340151 ) ) ;
#2177 = ORIENTED_EDGE ( 'NONE', *, *, #5096, .T. ) ;
#2178 = CARTESIAN_POINT ( 'NONE',  ( -2.750000000000000000, 0.4729419420652009598, -0.6156970000013309852 ) ) ;
#2179 = CARTESIAN_POINT ( 'NONE',  ( -1.500000000000000000, -1.800000000000000044, -3.061616997868380553E-17 ) ) ;
#2180 = CARTESIAN_POINT ( 'NONE',  ( 1.750000000000000000, -0.7332974990918450509, 0.6780887254449670110 ) ) ;
#2181 = CARTESIAN_POINT ( 'NONE',  ( -2.750000000000004441, 0.02827364361588622158, 1.537757121919367309 ) ) ;
#2182 = DIRECTION ( 'NONE',  ( 0.000000000000000000, 0.000000000000000000, -1.000000000000000000 ) ) ;
#2183 = CARTESIAN_POINT ( 'NONE',  ( -1.741714610435175059, 1.324694936909689869, 1.750000000000000000 ) ) ;
#2184 = CARTESIAN_POINT ( 'NONE',  ( -2.359989791882890042, 1.310617756537330036, -1.545107625585670164 ) ) ;
#2185 = CARTESIAN_POINT ( 'NONE',  ( -1.006961647545039140, -0.3711015499761809999, -1.182598472572791826 ) ) ;
#2186 = ORIENTED_EDGE ( 'NONE', *, *, #4583, .F. ) ;
#2187 = CARTESIAN_POINT ( 'NONE',  ( 2.610882744267700950, 1.312413375808858085, -1.275371897311909475 ) ) ;
#2188 = CARTESIAN_POINT ( 'NONE',  ( -1.507075619509009812, -0.6580077763264780000, 0.8207078801205133223 ) ) ;
#2189 = CARTESIAN_POINT ( 'NONE',  ( -1.679425136581487177, 2.627313649690666608, 0.6865609706307813642 ) ) ;
#2190 = CARTESIAN_POINT ( 'NONE',  ( -2.749999999999996891, -0.6881264330000355089, 0.7633755813658769096 ) ) ;
#2191 = PRODUCT_DEFINITION_FORMATION_WITH_SPECIFIED_SOURCE ( 'ANY', '', #4835, .NOT_KNOWN. ) ;
#2192 = CARTESIAN_POINT ( 'NONE',  ( 1.750000000000000000, -0.8595458257883009656, -0.4508189339401829643 ) ) ;
#2193 = ORIENTED_EDGE ( 'NONE', *, *, #5050, .T. ) ;
#2194 = CARTESIAN_POINT ( 'NONE',  ( 1.155074504941022262, -0.3254328756011766188, 1.229596503819381237 ) ) ;
#2195 = ADVANCED_FACE ( 'NONE', ( #1172 ), #1165, .T. ) ;
#2196 = EDGE_CURVE ( 'NONE', #1221, #114, #4717, .T. ) ;
#2197 =( BOUNDED_SURFACE ( )  B_SPLINE_SURFACE ( 3, 2, ( 
 ( #2632, #4147, #4593 ),
 ( #3499, #4964, #3886 ),
 ( #3036, #1040, #4635 ),
 ( #1901, #2298, #2688 ),
 ( #3117, #4674, #2817 ),
 ( #1968, #3223, #4870 ),
 ( #2365, #1234, #1996 ),
 ( #1566, #1599, #4367 ),
 ( #4434, #2751, #4755 ),
 ( #3589, #2395, #135 ),
 ( #2781, #853, #523 ),
 ( #3981, #393, #821 ),
 ( #4340, #791, #3190 ),
 ( #1136, #4400, #4796 ),
 ( #3531, #1934, #1167 ),
 ( #4015, #1656, #3656 ),
 ( #44, #3918, #74 ),
 ( #425, #3558, #4832 ),
 ( #460, #3289, #2432 ),
 ( #2026, #1199, #3952 ) ),
 .UNSPECIFIED., .F., .F., .F. ) 
 B_SPLINE_SURFACE_WITH_KNOTS ( ( 4, 2, 2, 2, 2, 2, 2, 2, 2, 4 ),
 ( 3, 3 ),
 ( -3.505022335738294803E-18, 0.0001284637291981840059, 0.0002569274583963715355, 0.0005138549167927459983, 0.0007707823751891210032, 0.0008992461043873090478, 0.001027709833585496117, 0.001284637291981870037, 0.001541564750378245042, 0.002055419667170995269 ),
 ( 0.000000000000000000, 1.000000000000000000 ),
 .UNSPECIFIED. ) 
 GEOMETRIC_REPRESENTATION_ITEM ( )  RATIONAL_B_SPLINE_SURFACE ( (
 ( 1.000000000000000000, 0.7071067811865480168, 1.000000000000000000),
 ( 1.000000000000000000, 0.7145156772503419296, 1.000000000000000000),
 ( 1.000000000000000000, 0.7227172643629110604, 1.000000000000000000),
 ( 1.000000000000000000, 0.7395062818547710748, 1.000000000000000000),
 ( 1.000000000000000000, 0.7481082330339049458, 1.000000000000000000),
 ( 1.000000000000000000, 0.7746865674208620600, 1.000000000000000000),
 ( 1.000000000000000000, 0.7934575154306149347, 1.000000000000000000),
 ( 1.000000000000000000, 0.8352809254276210016, 1.000000000000000000),
 ( 1.000000000000000000, 0.8585490882326379802, 1.000000000000000000),
 ( 1.000000000000000000, 0.8953576761805820405, 1.000000000000000000),
 ( 1.000000000000000000, 0.9077610155897118949, 1.000000000000000000),
 ( 1.000000000000000000, 0.9300404938399779997, 1.000000000000000000),
 ( 1.000000000000000000, 0.9397763628370540134, 1.000000000000000000),
 ( 1.000000000000000000, 0.9636773508994189719, 1.000000000000000000),
 ( 1.000000000000000000, 0.9729950951221320032, 1.000000000000000000),
 ( 1.000000000000000000, 0.9862283041692249119, 1.000000000000000000),
 ( 1.000000000000000000, 0.9901849049821920268, 1.000000000000000000),
 ( 1.000000000000000000, 0.9987154368476429678, 1.000000000000000000),
 ( 1.000000000000000000, 0.9998412512312340183, 1.000000000000000000),
 ( 1.000000000000000000, 1.000000000000000000, 1.000000000000000000) ) ) 
 REPRESENTATION_ITEM ( '' )  SURFACE ( )  );
#2198 = CARTESIAN_POINT ( 'NONE',  ( 2.750000000000000000, 0.7606580517196850355, 0.7358532461119249302 ) ) ;
#2199 = CARTESIAN_POINT ( 'NONE',  ( -1.711072779007530409, -0.9076334015552374179, -0.3829082287099421222 ) ) ;
#2200 = CARTESIAN_POINT ( 'NONE',  ( -1.750000000000000000, -0.8050148418616699386, -0.5400853469314639277 ) ) ;
#2201 = ORIENTED_EDGE ( 'NONE', *, *, #3194, .T. ) ;
#2202 = CARTESIAN_POINT ( 'NONE',  ( 2.642649572475924913, 1.759459277378339959, -0.7500000000000000000 ) ) ;
#2203 = CARTESIAN_POINT ( 'NONE',  ( 1.280231950625786208, -0.6055544870011240199, 3.061616997868380553E-17 ) ) ;
#2204 = CARTESIAN_POINT ( 'NONE',  ( 2.359989791882890042, 1.310617756537332035, 1.545107625585670164 ) ) ;
#2205 = DIRECTION ( 'NONE',  ( 0.000000000000000000, 0.000000000000000000, 1.000000000000000000 ) ) ;
#2206 = CARTESIAN_POINT ( 'NONE',  ( 1.715546096726584979, 3.000000000000000000, 1.409953756187200202 ) ) ;
#2207 = FACE_OUTER_BOUND ( 'NONE', #2989, .T. ) ;
#2208 = CARTESIAN_POINT ( 'NONE',  ( 2.750000000000000888, -0.2299485586070016130, -1.327180396785902827 ) ) ;
#2209 = AXIS2_PLACEMENT_3D ( 'NONE', #4551, #2182, #968 ) ;
#2210 = EDGE_LOOP ( 'NONE', ( #2839, #3017, #4259 ) ) ;
#2211 = CARTESIAN_POINT ( 'NONE',  ( -2.750000000000000000, 0.2253414237500169781, -0.3452518607287874963 ) ) ;
#2212 = CARTESIAN_POINT ( 'NONE',  ( 0.5003775811095205750, 2.925736162468808299, 0.6273505525808535932 ) ) ;
#2213 = CARTESIAN_POINT ( 'NONE',  ( -2.623541964713679064, -0.5776000518624099245, 6.414089014198074725E-05 ) ) ;
#2214 = CARTESIAN_POINT ( 'NONE',  ( 2.749999999999996891, -0.5816248407711571700, 0.9366451569461780036 ) ) ;
#2215 = CARTESIAN_POINT ( 'NONE',  ( -2.750000000000004441, 0.2364969897493267859, 1.638944769783094335 ) ) ;
#2216 = DIRECTION ( 'NONE',  ( 0.000000000000000000, 0.000000000000000000, 1.000000000000000000 ) ) ;
#2217 = CARTESIAN_POINT ( 'NONE',  ( -2.750000000000000000, 1.080205472464321970, -0.7500000000000000000 ) ) ;
#2218 = AXIS2_PLACEMENT_3D ( 'NONE', #2045, #4065, #4854 ) ;
#2219 = CARTESIAN_POINT ( 'NONE',  ( -2.051231051217679902, 1.419949077194149867, -1.698960036355950054 ) ) ;
#2220 = CARTESIAN_POINT ( 'NONE',  ( 1.764012923722272141, -0.8639898723754310117, 0.4433867979551749383 ) ) ;
#2221 = ORIENTED_EDGE ( 'NONE', *, *, #457, .F. ) ;
#2222 = CARTESIAN_POINT ( 'NONE',  ( -2.577218932298865006, -0.7537784672488899718, 0.1340342075614391892 ) ) ;
#2223 = CARTESIAN_POINT ( 'NONE',  ( -1.416931902803421295, -0.9141344099998963690, 0.3712119959967800642 ) ) ;
#2224 = EDGE_CURVE ( 'NONE', #3912, #1627, #1196, .T. ) ;
#2225 = CARTESIAN_POINT ( 'NONE',  ( -2.098684142826208188, 2.386918122248953278, 0.7379163753582441698 ) ) ;
#2226 = CARTESIAN_POINT ( 'NONE',  ( 2.632177425866585097, 1.780063180734370087, 0.7500000000000000000 ) ) ;
#2227 = CIRCLE ( 'NONE', #1383, 0.2500000000000000000 ) ;
#2228 = EDGE_CURVE ( 'NONE', #3007, #1267, #4597, .T. ) ;
#2229 = CARTESIAN_POINT ( 'NONE',  ( 2.338150297289475432, 1.310235951962254397, 1.572323332075609814 ) ) ;
#2230 = CARTESIAN_POINT ( 'NONE',  ( 1.220748501262019614, -0.4626222330560578744, 0.9367470053890660786 ) ) ;
#2231 = ORIENTED_EDGE ( 'NONE', *, *, #703, .T. ) ;
#2232 = EDGE_CURVE ( 'NONE', #2318, #2074, #3736, .T. ) ;
#2233 = CARTESIAN_POINT ( 'NONE',  ( 0.6932687807975432825, -0.1734619648085817256, 1.380837980101146112 ) ) ;
#2234 = CARTESIAN_POINT ( 'NONE',  ( -1.695203652891880131, 1.393856782217540058, 0.7500000000000000000 ) ) ;
#2235 = CARTESIAN_POINT ( 'NONE',  ( -1.694647596142464741, -0.9077949836850096599, -0.3765905976559734691 ) ) ;
#2236 = CARTESIAN_POINT ( 'NONE',  ( 2.750000000000000000, 0.5648567773370640754, -0.6931091090152229350 ) ) ;
#2237 = CARTESIAN_POINT ( 'NONE',  ( -1.368037835632152088, 1.960429522471200059, -1.669741380369144990 ) ) ;
#2238 = ORIENTED_EDGE ( 'NONE', *, *, #767, .T. ) ;
#2239 = CARTESIAN_POINT ( 'NONE',  ( 2.680990434843609549, 1.671407826974840027, -0.7500000000000000000 ) ) ;
#2240 = CARTESIAN_POINT ( 'NONE',  ( -2.473516188011345207, 2.021733838396464922, -0.7500000000000000000 ) ) ;
#2241 = CARTESIAN_POINT ( 'NONE',  ( 2.236873359916849768, 1.426551720099310083, 1.617955335679130080 ) ) ;
#2242 = CARTESIAN_POINT ( 'NONE',  ( -2.250000000000000000, -12.00000000000000000, 3.061616997868380553E-17 ) ) ;
#2243 = CARTESIAN_POINT ( 'NONE',  ( -0.9660289318172163853, 2.558286827411475617, 1.303951252756081480 ) ) ;
#2244 = ORIENTED_EDGE ( 'NONE', *, *, #1070, .T. ) ;
#2245 = CARTESIAN_POINT ( 'NONE',  ( 2.750000000000000000, 0.4729419420651979622, -0.6156970000013191058 ) ) ;
#2246 = VERTEX_POINT ( 'NONE', #301 ) ;
#2247 = CARTESIAN_POINT ( 'NONE',  ( -2.750000000000000000, -0.5011213312326590064, 0.5450932145654330263 ) ) ;
#2248 = CARTESIAN_POINT ( 'NONE',  ( 0.5681478416425519429, 2.900069607563445562, 0.7172370140617737588 ) ) ;
#2249 = CARTESIAN_POINT ( 'NONE',  ( 2.705694043130050019, 1.605474149382895233, -0.8815594434861090400 ) ) ;
#2250 = CARTESIAN_POINT ( 'NONE',  ( 1.750000000000000000, -0.9928673751719279128, 0.3256454536181270232 ) ) ;
#2251 = EDGE_CURVE ( 'NONE', #2924, #852, #4696, .T. ) ;
#2252 = CARTESIAN_POINT ( 'NONE',  ( -2.750000000000000000, 0.5674422833530959887, 0.6943430842047281226 ) ) ;
#2253 = CARTESIAN_POINT ( 'NONE',  ( -2.750000000000000000, 0.2308609167288710184, -0.3552408468125159979 ) ) ;
#2254 = CARTESIAN_POINT ( 'NONE',  ( -2.251150674144370090, 1.309742720634722080, -1.617831599027399925 ) ) ;
#2255 = CARTESIAN_POINT ( 'NONE',  ( 1.476747206972888193, -0.7256922851855308609, -0.1080739618608168862 ) ) ;
#2256 = FACE_OUTER_BOUND ( 'NONE', #2143, .T. ) ;
#2257 = ORIENTED_EDGE ( 'NONE', *, *, #1039, .T. ) ;
#2258 = CARTESIAN_POINT ( 'NONE',  ( -2.130614488214490176, -1.098025826042778208, -0.02452086326268539812 ) ) ;
#2259 = CARTESIAN_POINT ( 'NONE',  ( 1.695203652891880131, 1.393856782217540058, -1.750000000000000000 ) ) ;
#2260 = CARTESIAN_POINT ( 'NONE',  ( 0.9063029941420505109, 2.900289375797248770, -0.7801628811628199545 ) ) ;
#2261 = CARTESIAN_POINT ( 'NONE',  ( 1.383293044939168048, -0.5441299923377670433, 0.8361457084366070713 ) ) ;
#2262 = EDGE_CURVE ( 'NONE', #2556, #614, #4151, .T. ) ;
#2263 = CARTESIAN_POINT ( 'NONE',  ( -0.1920958607402305507, 2.992770058222204987, 0.2373311308320966428 ) ) ;
#2264 = CARTESIAN_POINT ( 'NONE',  ( 1.383293044939166272, -0.5441299923377680425, 0.8361457084366060721 ) ) ;
#2265 = CARTESIAN_POINT ( 'NONE',  ( -1.923195259079494734, -0.9464986299801646519, -0.3389303369963842516 ) ) ;
#2266 = ORIENTED_EDGE ( 'NONE', *, *, #4596, .F. ) ;
#2267 = CARTESIAN_POINT ( 'NONE',  ( 0.9313336709884780795, -0.2437816662201747198, 1.313226162425493948 ) ) ;
#2268 = CARTESIAN_POINT ( 'NONE',  ( 2.750000000000000000, 0.2822077293617199500, 0.4163411348169309689 ) ) ;
#2269 = CARTESIAN_POINT ( 'NONE',  ( -1.738614697496659867, 1.339078261743082088, -1.750000000000000000 ) ) ;
#2270 = CARTESIAN_POINT ( 'NONE',  ( 2.750000000000000000, 0.6252854389745381436, -0.7135017892268169515 ) ) ;
#2271 = CARTESIAN_POINT ( 'NONE',  ( -1.739218462663584872E-15, 3.000000000000000000, 2.602085213965209853E-15 ) ) ;
#2272 = EDGE_LOOP ( 'NONE', ( #3103, #2362, #1107, #4430 ) ) ;
#2273 = CARTESIAN_POINT ( 'NONE',  ( -0.5856505135248951666, 2.957463512693600638, -0.3344078409089422110 ) ) ;
#2275 = B_SPLINE_CURVE_WITH_KNOTS ( 'NONE', 3,
 ( #1530, #1932, #2220, #4630 ),
 .UNSPECIFIED., .F., .F.,
 ( 4, 4 ),
 ( 0.000000000000000000, 1.000000000000000000 ),
 .UNSPECIFIED. ) ;
#2274 = CARTESIAN_POINT ( 'NONE',  ( -2.584683833104255424, 1.865138389376090000, -0.7500000000000000000 ) ) ;
#2276 = CARTESIAN_POINT ( 'NONE',  ( 1.811734558375099891, 1.329125127909239756, 1.749999999999200195 ) ) ;
#2277 = DIRECTION ( 'NONE',  ( 0.000000000000000000, 1.000000000000000000, 0.000000000000000000 ) ) ;
#2278 = AXIS2_PLACEMENT_3D ( 'NONE', #5027, #290, #4588 ) ;
#2279 = CARTESIAN_POINT ( 'NONE',  ( 0.9663664767698649793, -0.3570278931476649764, 1.058546694691933965 ) ) ;
#2280 = CARTESIAN_POINT ( 'NONE',  ( -1.535699116839043921, -0.7436677403883913406, -0.6589426278672253501 ) ) ;
#2281 = FACE_OUTER_BOUND ( 'NONE', #3114, .T. ) ;
#2282 = CARTESIAN_POINT ( 'NONE',  ( 2.750000000000000000, 0.8459294037906999186, 0.7467584197806589330 ) ) ;
#2283 = VERTEX_POINT ( 'NONE', #656 ) ;
#2284 = CARTESIAN_POINT ( 'NONE',  ( -2.666937164307320973, 1.312915858234997790, -1.164727500805250004 ) ) ;
#2285 = AXIS2_PLACEMENT_3D ( 'NONE', #3285, #455, #2777 ) ;
#2286 = CARTESIAN_POINT ( 'NONE',  ( 0.5068465084753174255, 2.923486238761237477, 0.6358423525336062143 ) ) ;
#2287 = CARTESIAN_POINT ( 'NONE',  ( 2.454075613949880275, 1.572719131157884975, -1.411285807706215811 ) ) ;
#2288 = CARTESIAN_POINT ( 'NONE',  ( -2.051231075968384943, 1.419949011551748130, 1.698960036246965011 ) ) ;
#2289 = CARTESIAN_POINT ( 'NONE',  ( 1.923356167577489950, -0.2196902083094354752, 0.000000000000000000 ) ) ;
#2290 = CARTESIAN_POINT ( 'NONE',  ( -2.221013289506025501, 1.484330782530248971, 1.623755718400785142 ) ) ;
#2291 = CARTESIAN_POINT ( 'NONE',  ( 1.811734563453530011, 1.329125114458703960, -1.749999999999200195 ) ) ;
#2292 = CARTESIAN_POINT ( 'NONE',  ( -1.471436319489739075, -0.6574437086051072576, -0.3246213861858253669 ) ) ;
#2293 = CARTESIAN_POINT ( 'NONE',  ( -1.525882758779729897, -0.5101445300705819141, -1.028804879991896071 ) ) ;
#2294 = FACE_OUTER_BOUND ( 'NONE', #2804, .T. ) ;
#2295 = EDGE_CURVE ( 'NONE', #2410, #140, #2849, .T. ) ;
#2296 = EDGE_LOOP ( 'NONE', ( #1259, #4740, #2065, #4811 ) ) ;
#2297 = CARTESIAN_POINT ( 'NONE',  ( -1.758566755419681993, -0.8376475820493028968, 0.4816919424160108210 ) ) ;
#2298 = CARTESIAN_POINT ( 'NONE',  ( 2.160853241888083254, 2.330307044121442406, 1.650692473616149680 ) ) ;
#2299 = EDGE_CURVE ( 'NONE', #2318, #4633, #4093, .T. ) ;
#2300 = CARTESIAN_POINT ( 'NONE',  ( 0.6406304578193021682, 2.950968099112729615, -0.5499941236385891274 ) ) ;
#2301 = DIRECTION ( 'NONE',  ( 0.000000000000000000, 1.000000000000000000, 0.000000000000000000 ) ) ;
#2302 = CIRCLE ( 'NONE', #2348, 0.2500000000000000000 ) ;
#2303 = CARTESIAN_POINT ( 'NONE',  ( -1.753852002598535131, -0.9014356777051121261, 0.3986016778819902462 ) ) ;
#2304 = CARTESIAN_POINT ( 'NONE',  ( -1.843703965737304884, -0.9293589622434569320, 0.3644052401485819992 ) ) ;
#2305 = DIRECTION ( 'NONE',  ( -0.7071067811865436870, -0.7071067811865514585, 0.000000000000000000 ) ) ;
#2306 = B_SPLINE_SURFACE_WITH_KNOTS ( 'NONE', 3, 3, ( 
 ( #3263, #2106, #859, #992, #497, #2033 ),
 ( #1284, #2891, #212, #1757, #2069, #2786 ),
 ( #2138, #2933, #3328, #1632, #4473, #3365 ),
 ( #1329, #4507, #4441, #2856, #2002, #3661 ),
 ( #4053, #4878, #2401, #527, #3013, #4981 ),
 ( #3420, #3391, #3211, #278, #4230, #4163 ),
 ( #3802, #2581, #661, #2618, #244, #628 ),
 ( #1827, #2645, #3054, #1412, #1918, #2977 ),
 ( #1886, #443, #1120, #1794, #839, #2204 ),
 ( #4264, #2670, #2241, #2172, #4613, #3768 ),
 ( #1023, #3970, #4197, #4575, #4538, #4652 ),
 ( #1450, #2768, #734, #3090, #3482, #1548 ),
 ( #3447, #5013, #1056, #1485, #1856, #3576 ),
 ( #3836, #5046, #307, #697, #1086, #1514 ),
 ( #2276, #3869, #2382, #5075, #342, #4778 ),
 ( #4356, #59, #3277, #226, #1302, #944 ) ),
 .UNSPECIFIED., .F., .F., .F.,
 ( 4, 2, 2, 2, 2, 2, 2, 4 ),
 ( 4, 2, 4 ),
 ( 0.000000000000000000, 0.2500000000000000000, 0.3750000000000000000, 0.5000000000000000000, 0.6250000000000000000, 0.7500000000000000000, 0.8750000000000000000, 1.000000000000000000 ),
 ( 0.000000000000000000, 0.5000000000000000000, 1.000000000000000000 ),
 .UNSPECIFIED. ) ;
#2307 = EDGE_LOOP ( 'NONE', ( #3939, #1384, #123, #3070, #1797, #2168, #1820 ) ) ;
#2308 = CARTESIAN_POINT ( 'NONE',  ( -1.543575139126790008, 2.690195358626680466, 0.6634361983965899601 ) ) ;
#2309 = CARTESIAN_POINT ( 'NONE',  ( 2.749999999999996891, -0.2299485586069928145, 1.327180396785910821 ) ) ;
#2310 = CARTESIAN_POINT ( 'NONE',  ( -1.750000000000000000, 0.1455535790711806055, -1.601217593254949945 ) ) ;
#2311 = TOROIDAL_SURFACE ( 'NONE', #4139, 0.5000000000000000000, 0.2500000000000000000 ) ;
#2312 = DIRECTION ( 'NONE',  ( 0.5144857049222549827, -0.8574989559356037683, 0.000000000000000000 ) ) ;
#2313 = ORIENTED_EDGE ( 'NONE', *, *, #1520, .F. ) ;
#2314 = CARTESIAN_POINT ( 'NONE',  ( 1.146446609406729822, -1.446446609406723871, 0.000000000000000000 ) ) ;
#2315 = CARTESIAN_POINT ( 'NONE',  ( -2.750000000000000000, 1.080205472464321970, 0.7500000000000000000 ) ) ;
#2316 = CARTESIAN_POINT ( 'NONE',  ( 0.9397778843552658801, -0.2445902116335449961, 1.312979956620960120 ) ) ;
#2317 = ORIENTED_EDGE ( 'NONE', *, *, #1076, .T. ) ;
#2318 = VERTEX_POINT ( 'NONE', #171 ) ;
#2319 = CARTESIAN_POINT ( 'NONE',  ( -1.750000000000154987, -0.9185667535381469850, -0.3763592074118334851 ) ) ;
#2320 = CARTESIAN_POINT ( 'NONE',  ( 1.462313121577520469, -0.5931937570169459883, -0.9264985323363520431 ) ) ;
#2321 = CARTESIAN_POINT ( 'NONE',  ( -2.686959459431667696, -0.3876649987174565215, 9.055359825303100580E-06 ) ) ;
#2322 = CARTESIAN_POINT ( 'NONE',  ( -1.880898075512669854, 1.306765993851469965, 1.743553912121979854 ) ) ;
#2323 = CARTESIAN_POINT ( 'NONE',  ( -1.750000000000000000, -0.5017690270209129721, 1.039083594386441822 ) ) ;
#2324 = CARTESIAN_POINT ( 'NONE',  ( 2.402003577480599894, -0.8478823092428748875, 0.1471650023512109939 ) ) ;
#2325 = CARTESIAN_POINT ( 'NONE',  ( -1.475476141791155937, -0.6794256261935824881, 0.2405975578504684631 ) ) ;
#2326 = DIRECTION ( 'NONE',  ( 0.000000000000000000, 0.000000000000000000, 1.000000000000000000 ) ) ;
#2327 = ORIENTED_EDGE ( 'NONE', *, *, #1772, .F. ) ;
#2328 = ORIENTED_EDGE ( 'NONE', *, *, #1499, .F. ) ;
#2329 = CARTESIAN_POINT ( 'NONE',  ( 2.338150297292746149, 1.310235951962253953, -1.572323332073548574 ) ) ;
#2330 = CARTESIAN_POINT ( 'NONE',  ( 1.717059299996359867, 1.366764656558255853, 1.750000000000000000 ) ) ;
#2331 = CARTESIAN_POINT ( 'NONE',  ( 0.6323000227716890631, 2.951443946044484790, -0.3584458815781329521 ) ) ;
#2332 = EDGE_CURVE ( 'NONE', #4357, #567, #2072, .T. ) ;
#2333 = CARTESIAN_POINT ( 'NONE',  ( 1.750194205295920069, 1.305136147876063912, 1.750000000000000000 ) ) ;
#2334 = COLOUR_RGB ( '',0.7921568627450980005, 0.8196078431372548767, 0.9333333333333333481 ) ;
#2335 = AXIS2_PLACEMENT_3D ( 'NONE', #1270, #3913, #3583 ) ;
#2336 = CARTESIAN_POINT ( 'NONE',  ( -1.685097170994805271, -0.9078094037683441808, 0.3728725383763628609 ) ) ;
#2337 = CARTESIAN_POINT ( 'NONE',  ( 1.771291846738944908, -1.096614383114290270, -3.182302203807980111E-14 ) ) ;
#2338 = CARTESIAN_POINT ( 'NONE',  ( 0.5805800209519057509, 2.898431131156298246, -0.7323645170103706414 ) ) ;
#2339 = ORIENTED_EDGE ( 'NONE', *, *, #3043, .F. ) ;
#2340 = CARTESIAN_POINT ( 'NONE',  ( -0.8805206788677790719, 2.671432320548995154, 1.173846480444283857 ) ) ;
#2341 = CARTESIAN_POINT ( 'NONE',  ( 1.750000000000000000, -0.03470055858992875109, 1.496536428723139966 ) ) ;
#2342 = CARTESIAN_POINT ( 'NONE',  ( -2.750000000000011102, -0.1115487201350401220, -1.436396621963769382 ) ) ;
#2343 = CARTESIAN_POINT ( 'NONE',  ( 1.500000000000000000, -1.734723475976809855E-15, 0.000000000000000000 ) ) ;
#2344 = ORIENTED_EDGE ( 'NONE', *, *, #2103, .T. ) ;
#2345 = CARTESIAN_POINT ( 'NONE',  ( 2.680986361268202778, 1.671406165260825860, -1.749999999999992895 ) ) ;
#2346 = CARTESIAN_POINT ( 'NONE',  ( 1.766276015400870092, -0.8908168466576269484, 0.4116682629721409858 ) ) ;
#2347 = CARTESIAN_POINT ( 'NONE',  ( 0.6412359005023867686, -0.2629130374070253739, 1.299094343178419875 ) ) ;
#2348 = AXIS2_PLACEMENT_3D ( 'NONE', #2343, #2312, #1579 ) ;
#2349 = CYLINDRICAL_SURFACE ( 'NONE', #4553, 0.9186105886290508726 ) ;
#2350 = ORIENTED_EDGE ( 'NONE', *, *, #1763, .T. ) ;
#2351 = CARTESIAN_POINT ( 'NONE',  ( 2.665225674773361586, -0.4589289495595595403, -4.547717458844056584E-05 ) ) ;
#2352 = CARTESIAN_POINT ( 'NONE',  ( 1.524266041028164986, -0.8570331599128436784, -0.4493258302678314609 ) ) ;
#2353 = CARTESIAN_POINT ( 'NONE',  ( -2.749999999999996891, -0.09375026037252605360, -3.681149875733011699E-06 ) ) ;
#2354 = EDGE_CURVE ( 'NONE', #1627, #2825, #2175, .T. ) ;
#2355 = CARTESIAN_POINT ( 'NONE',  ( -1.814011349120000061, 1.321762895319424036, 1.749999999999584999 ) ) ;
#2356 = CARTESIAN_POINT ( 'NONE',  ( -2.749999999999996891, -0.4879903627406853017, 1.054900969572194480 ) ) ;
#2357 = FILL_AREA_STYLE_COLOUR ( '', #4925 ) ;
#2358 = CARTESIAN_POINT ( 'NONE',  ( 2.505224104263579665, -0.7733655200393829698, 0.07480881944930550809 ) ) ;
#2359 = CARTESIAN_POINT ( 'NONE',  ( -1.428297997945636499, -0.5784577720938429701, 0.7097065224110278292 ) ) ;
#2360 = CARTESIAN_POINT ( 'NONE',  ( 1.286858859026499990, -0.4920342772614880178, -0.9047378324347860046 ) ) ;
#2361 = TOROIDAL_SURFACE ( 'NONE', #4698, 0.5000000000000000000, 0.2500000000000000000 ) ;
#2362 = ORIENTED_EDGE ( 'NONE', *, *, #3818, .T. ) ;
#2363 = CARTESIAN_POINT ( 'NONE',  ( 2.749999999999996891, 1.080205472464323302, -1.749999999999998446 ) ) ;
#2364 = DIRECTION ( 'NONE',  ( -1.445602896647339903E-16, 1.000000000000000000, 0.000000000000000000 ) ) ;
#2365 = CARTESIAN_POINT ( 'NONE',  ( 1.872513856747559879, 2.524511802675059702, 0.7130193092115230113 ) ) ;
#2366 = CARTESIAN_POINT ( 'NONE',  ( -1.517709170700245025, -0.8430317070755840581, -0.2562738891372019490 ) ) ;
#2367 = DIRECTION ( 'NONE',  ( -1.000000000000000000, 0.000000000000000000, 0.000000000000000000 ) ) ;
#2368 = FACE_OUTER_BOUND ( 'NONE', #2307, .T. ) ;
#2369 = CARTESIAN_POINT ( 'NONE',  ( -2.522626244539475149, 1.497258678047681757, 1.360578503738898215 ) ) ;
#2370 = CARTESIAN_POINT ( 'NONE',  ( 2.096110719294872027, -1.107587201045737046, -0.03090287844451320570 ) ) ;
#2371 = CARTESIAN_POINT ( 'NONE',  ( -1.584904098830025809, -0.5483696375265556533, 0.9831786291294578595 ) ) ;
#2372 = CARTESIAN_POINT ( 'NONE',  ( 0.9118619905517536539, 2.631006959749706109, -1.222485278079380899 ) ) ;
#2373 = EDGE_LOOP ( 'NONE', ( #1726, #3072, #4647, #4773 ) ) ;
#2374 = CARTESIAN_POINT ( 'NONE',  ( -1.252018256626863835, 2.803283348579217460, 1.107301063970788091 ) ) ;
#2375 = CARTESIAN_POINT ( 'NONE',  ( 1.750000000000000000, 0.05794747268154830377, 1.555921056102979927 ) ) ;
#2376 = CARTESIAN_POINT ( 'NONE',  ( -2.750000000000180744, 0.9681580863627795575, -1.750000023898216295 ) ) ;
#2377 = CIRCLE ( 'NONE', #941, 0.2500000000000000000 ) ;
#2378 = ORIENTED_EDGE ( 'NONE', *, *, #1817, .F. ) ;
#2379 = CARTESIAN_POINT ( 'NONE',  ( -1.500000000000000000, -1.800000000000000044, 0.000000000000000000 ) ) ;
#2380 = CARTESIAN_POINT ( 'NONE',  ( -2.718194474728510279, 1.428309176812640136, -1.012201080111980067 ) ) ;
#2381 =( GEOMETRIC_REPRESENTATION_CONTEXT ( 3 ) GLOBAL_UNCERTAINTY_ASSIGNED_CONTEXT ( ( #3927 ) ) GLOBAL_UNIT_ASSIGNED_CONTEXT ( ( #3431, #38, #3812 ) ) REPRESENTATION_CONTEXT ( 'NONE', 'WORKASPACE' ) );
#2382 = CARTESIAN_POINT ( 'NONE',  ( 1.814011346913215084, 1.321762904692782126, 1.749999999999584999 ) ) ;
#2383 = ORIENTED_EDGE ( 'NONE', *, *, #3818, .F. ) ;
#2384 = ORIENTED_EDGE ( 'NONE', *, *, #1235, .T. ) ;
#2385 = CARTESIAN_POINT ( 'NONE',  ( -2.338150297267143518, 1.310235951962256395, -1.572323332092481429 ) ) ;
#2386 = CARTESIAN_POINT ( 'NONE',  ( 2.173617408369279858, 1.438539595307819940, -1.648768003614490052 ) ) ;
#2387 = CARTESIAN_POINT ( 'NONE',  ( -2.749999999999996891, -0.1874147972889174396, 1.367857413307129288 ) ) ;
#2388 = CARTESIAN_POINT ( 'NONE',  ( 0.6435686106821965069, 2.948535221846142473, -0.3627100966229900858 ) ) ;
#2389 = CARTESIAN_POINT ( 'NONE',  ( -1.464850755501246438, -0.6368158291915464453, -0.4194591086022459447 ) ) ;
#2390 = CARTESIAN_POINT ( 'NONE',  ( 0.9415751244586050284, -0.2452192873379414884, -1.312345228495552130 ) ) ;
#2391 = EDGE_CURVE ( 'NONE', #42, #2074, #1781, .T. ) ;
#2392 = VERTEX_POINT ( 'NONE', #1788 ) ;
#2393 = CARTESIAN_POINT ( 'NONE',  ( 2.750000000000131450, 0.8544592942361887156, -1.747680227945521025 ) ) ;
#2394 = AXIS2_PLACEMENT_3D ( 'NONE', #4660, #4702, #8 ) ;
#2395 = CARTESIAN_POINT ( 'NONE',  ( 1.252018256626878712, 2.803283348579219236, 1.107301063970842936 ) ) ;
#2396 = CARTESIAN_POINT ( 'NONE',  ( -1.280231950625786208, -0.6055544870011240199, 0.000000000000000000 ) ) ;
#2397 =( BOUNDED_SURFACE ( )  B_SPLINE_SURFACE ( 3, 2, ( 
 ( #4718, #2363, #3557 ),
 ( #4339, #72, #43 ),
 ( #1197, #2393, #3222 ),
 ( #3086, #951, #2497 ),
 ( #3686, #1510, #4498 ),
 ( #4465, #4937, #1852 ),
 ( #2270, #2884, #273 ),
 ( #693, #168, #3831 ),
 ( #657, #4081, #5041 ),
 ( #302, #1882, #4227 ),
 ( #3321, #2926, #4904 ),
 ( #2641, #3050, #4607 ),
 ( #2236, #1081, #1053 ),
 ( #558, #1361, #1480 ),
 ( #2666, #1748, #2131 ),
 ( #2535, #3358, #3723 ),
 ( #4117, #3444, #3098 ),
 ( #1860, #2984, #3369 ),
 ( #249, #4203, #4948 ),
 ( #3397, #2551, #635 ),
 ( #601, #1418, #4543 ),
 ( #2245, #2208, #3019 ),
 ( #1831, #2650, #1028 ),
 ( #4270, #5080, #1799 ),
 ( #3060, #3424, #1764 ),
 ( #3453, #3806, #348 ),
 ( #741, #313, #1091 ),
 ( #2142, #2941, #3737 ),
 ( #533, #4914, #3233 ),
 ( #2511, #181, #517 ),
 ( #1045, #2126, #3792 ),
 ( #1782, #4969, #3351 ),
 ( #2529, #2492, #233 ),
 ( #1355, #553, #3756 ),
 ( #923, #651, #950 ),
 ( #4077, #4864, #586 ),
 ( #4154, #3649, #2159 ),
 ( #1013, #2963, #199 ),
 ( #3718, #1436, #4187 ),
 ( #4564, #4460, #1711 ),
 ( #2567, #4428, #1473 ),
 ( #979, #3002, #2878 ),
 ( #267, #619, #3681 ),
 ( #129, #1818, #2606 ),
 ( #2057, #4525, #2192 ),
 ( #3383, #3411, #4932 ),
 ( #5003, #1315, #4898 ),
 ( #2092, #2461, #2845 ) ),
 .UNSPECIFIED., .F., .F., .F. ) 
 B_SPLINE_SURFACE_WITH_KNOTS ( ( 4, 2, 2, 2, 2, 2, 2, 2, 2, 2, 2, 2, 2, 2, 2, 2, 2, 2, 2, 2, 2, 2, 2, 4 ),
 ( 3, 3 ),
 ( 0.000000000000000000, 0.0002737922017273344594, 0.0004106883025910014993, 0.0004791363530228349922, 0.0004962483656307930266, 0.0005133603782387520910, 0.0005219163845427309727, 0.0005304723908467099628, 0.0005475844034546689188, 0.0005818084286705849876, 0.0006160324538865020322, 0.0006844805043183360129, 0.0008213766051820029987, 0.0008898246556138360037, 0.0009240486808297530483, 0.0009582727060456699844, 0.0009753847186536279646, 0.0009924967312615869206, 0.001026720756477504182, 0.001095168806909335886, 0.001232064907773004064, 0.001368961008636672026, 0.001642753210364005130, 0.002190337613818674808 ),
 ( 0.000000000000000000, 1.000000000000000000 ),
 .UNSPECIFIED. ) 
 GEOMETRIC_REPRESENTATION_ITEM ( )  RATIONAL_B_SPLINE_SURFACE ( (
 ( 1.000000000000000000, 0.7071067811865480168, 1.000000000000000000),
 ( 1.000000000000000000, 0.7071067811865480168, 1.000000000000000000),
 ( 1.000000000000000000, 0.7071067811865480168, 1.000000000000000000),
 ( 1.000000000000000000, 0.7071067811865480168, 1.000000000000000000),
 ( 1.000000000000000000, 0.7071067811865480168, 1.000000000000000000),
 ( 1.000000000000000000, 0.7071067811865480168, 1.000000000000000000),
 ( 1.000000000000000000, 0.7071067811865480168, 1.000000000000000000),
 ( 1.000000000000000000, 0.7071067811865480168, 1.000000000000000000),
 ( 1.000000000000000000, 0.7071067811865480168, 1.000000000000000000),
 ( 1.000000000000000000, 0.7071067811865480168, 1.000000000000000000),
 ( 1.000000000000000000, 0.7071067811865470176, 1.000000000000000000),
 ( 1.000000000000000000, 0.7071067811865470176, 1.000000000000000000),
 ( 1.000000000000000000, 0.7071067811865480168, 1.000000000000000000),
 ( 1.000000000000000000, 0.7071067811865480168, 1.000000000000000000),
 ( 1.000000000000000000, 0.7071067811865480168, 1.000000000000000000),
 ( 1.000000000000000000, 0.7071067811865480168, 1.000000000000000000),
 ( 1.000000000000000000, 0.7071067811865480168, 1.000000000000000000),
 ( 1.000000000000000000, 0.7071067811865480168, 1.000000000000000000),
 ( 1.000000000000000000, 0.7071067811865480168, 1.000000000000000000),
 ( 1.000000000000000000, 0.7071067811865480168, 1.000000000000000000),
 ( 1.000000000000000000, 0.7071067811865470176, 1.000000000000000000),
 ( 1.000000000000000000, 0.7071067811865470176, 1.000000000000000000),
 ( 1.000000000000000000, 0.7071067811865480168, 1.000000000000000000),
 ( 1.000000000000000000, 0.7071067811865480168, 1.000000000000000000),
 ( 1.000000000000000000, 0.7071067811865480168, 1.000000000000000000),
 ( 1.000000000000000000, 0.7071067811865480168, 1.000000000000000000),
 ( 1.000000000000000000, 0.7071067811865480168, 1.000000000000000000),
 ( 1.000000000000000000, 0.7071067811865480168, 1.000000000000000000),
 ( 1.000000000000000000, 0.7071067811865480168, 1.000000000000000000),
 ( 1.000000000000000000, 0.7071067811865480168, 1.000000000000000000),
 ( 1.000000000000000000, 0.7071067811865480168, 1.000000000000000000),
 ( 1.000000000000000000, 0.7071067811865480168, 1.000000000000000000),
 ( 1.000000000000000000, 0.7071067811865480168, 1.000000000000000000),
 ( 1.000000000000000000, 0.7071067811865480168, 1.000000000000000000),
 ( 1.000000000000000000, 0.7071067811865480168, 1.000000000000000000),
 ( 1.000000000000000000, 0.7071067811865480168, 1.000000000000000000),
 ( 1.000000000000000000, 0.7071067811865480168, 1.000000000000000000),
 ( 1.000000000000000000, 0.7071067811865480168, 1.000000000000000000),
 ( 1.000000000000000000, 0.7071067811865480168, 1.000000000000000000),
 ( 1.000000000000000000, 0.7071067811865480168, 1.000000000000000000),
 ( 1.000000000000000000, 0.7071067811865480168, 1.000000000000000000),
 ( 1.000000000000000000, 0.7071067811865480168, 1.000000000000000000),
 ( 1.000000000000000000, 0.7071067811865480168, 1.000000000000000000),
 ( 1.000000000000000000, 0.7071067811865480168, 1.000000000000000000),
 ( 1.000000000000000000, 0.7071067811865480168, 1.000000000000000000),
 ( 1.000000000000000000, 0.7071067811865480168, 1.000000000000000000),
 ( 1.000000000000000000, 0.7071067811865480168, 1.000000000000000000),
 ( 1.000000000000000000, 0.7071067811865480168, 1.000000000000000000) ) ) 
 REPRESENTATION_ITEM ( '' )  SURFACE ( )  );
#2398 = CARTESIAN_POINT ( 'NONE',  ( 1.931875659702849024, -1.074116728962299039, -0.2291034008656620824 ) ) ;
#2399 = CARTESIAN_POINT ( 'NONE',  ( -2.545031019835885200, 1.357713410292560097, 1.360096854933861898 ) ) ;
#2400 = DIRECTION ( 'NONE',  ( 0.000000000000000000, 1.000000000000000000, 0.000000000000000000 ) ) ;
#2401 = CARTESIAN_POINT ( 'NONE',  ( 2.593563878547870072, 1.515110474629175030, 1.251478562039743947 ) ) ;
#2402 = CARTESIAN_POINT ( 'NONE',  ( -1.766276015400874977, -0.8908168466576280586, -0.4116682629721395426 ) ) ;
#2403 = ORIENTED_EDGE ( 'NONE', *, *, #3896, .T. ) ;
#2404 = CARTESIAN_POINT ( 'NONE',  ( -1.384593999151300103, 2.753211369096765004, 0.6296058517348719352 ) ) ;
#2405 = UNCERTAINTY_MEASURE_WITH_UNIT (LENGTH_MEASURE( 1.000000000000000082E-05 ), #4419, 'distance_accuracy_value', 'NONE');
#2406 = CARTESIAN_POINT ( 'NONE',  ( -1.416931902803326260, -0.9141344099998756079, -0.3712119959967968286 ) ) ;
#2407 = CARTESIAN_POINT ( 'NONE',  ( -2.750000000000004441, 0.2364969897492673889, -1.638944769783072131 ) ) ;
#2408 = CIRCLE ( 'NONE', #1921, 0.2500000000000000000 ) ;
#2409 = DIRECTION ( 'NONE',  ( 0.000000000000000000, 0.000000000000000000, -1.000000000000000000 ) ) ;
#2410 = VERTEX_POINT ( 'NONE', #3387 ) ;
#2411 = CARTESIAN_POINT ( 'NONE',  ( -0.5068465084754160133, 2.923486238761186407, -0.6358423525337987270 ) ) ;
#2412 = CARTESIAN_POINT ( 'NONE',  ( -1.923637961271824182, -1.083038831591718099, 0.2185593919157768072 ) ) ;
#2413 = AXIS2_PLACEMENT_3D ( 'NONE', #271, #4191, #1444 ) ;
#2414 = ADVANCED_FACE ( 'NONE', ( #2908 ), #945, .T. ) ;
#2415 = CARTESIAN_POINT ( 'NONE',  ( -2.392492037905904922, 1.465041897155826112, -1.503295561469669916 ) ) ;
#2416 = CARTESIAN_POINT ( 'NONE',  ( 1.279528906708502056, -2.516862955538125224, -3.061616997868380553E-17 ) ) ;
#2417 = EDGE_CURVE ( 'NONE', #4049, #4357, #5001, .T. ) ;
#2418 = FACE_OUTER_BOUND ( 'NONE', #1364, .T. ) ;
#2419 = EDGE_LOOP ( 'NONE', ( #3127, #1637, #574, #3347 ) ) ;
#2420 = CARTESIAN_POINT ( 'NONE',  ( 2.750000000000000000, 0.2157921689171904966, -0.3306271746026125391 ) ) ;
#2421 = DIRECTION ( 'NONE',  ( 0.000000000000000000, 1.000000000000000000, 0.000000000000000000 ) ) ;
#2422 = CARTESIAN_POINT ( 'NONE',  ( 1.219792352644226030, 2.176958439620565233, -1.583684009829275041 ) ) ;
#2423 = CARTESIAN_POINT ( 'NONE',  ( 1.991883562942845298, 1.397442744720720054, -1.718161044455269959 ) ) ;
#2424 = CARTESIAN_POINT ( 'NONE',  ( -2.749999999999996891, -0.05568931608605797584, 1.480014613185436367 ) ) ;
#2425 = CARTESIAN_POINT ( 'NONE',  ( 1.784407131406880120, 2.573980006997894421, -0.7016655014329763462 ) ) ;
#2426 = DIRECTION ( 'NONE',  ( 0.000000000000000000, 0.000000000000000000, -1.000000000000000000 ) ) ;
#2427 = CARTESIAN_POINT ( 'NONE',  ( -0.6797460426562910163, -0.1675550091955970156, -1.387026328847619894 ) ) ;
#2428 = CIRCLE ( 'NONE', #4973, 0.2500000000000000000 ) ;
#2429 = ORIENTED_EDGE ( 'NONE', *, *, #3043, .T. ) ;
#2430 = EDGE_CURVE ( 'NONE', #1221, #852, #2813, .T. ) ;
#2431 = CARTESIAN_POINT ( 'NONE',  ( 0.5360321586517339254, -0.1245457893671941957, -1.428500869817596497 ) ) ;
#2432 = CARTESIAN_POINT ( 'NONE',  ( 0.1306154834635901985, 3.000000000000000000, 0.1613829771423630211 ) ) ;
#2433 = DIRECTION ( 'NONE',  ( 0.000000000000000000, 1.000000000000000000, 0.000000000000000000 ) ) ;
#2434 = CARTESIAN_POINT ( 'NONE',  ( 1.500000000000000000, -1.800000000000000044, 0.000000000000000000 ) ) ;
#2435 = CARTESIAN_POINT ( 'NONE',  ( -2.579091939675860257, 1.565700981823729965, 1.251734051257553881 ) ) ;
#2436 = CARTESIAN_POINT ( 'NONE',  ( -1.710433596119698585, -0.9074991867324230244, 0.3826054572570759538 ) ) ;
#2437 = CARTESIAN_POINT ( 'NONE',  ( 1.720840828619685015, -1.035106853554150108, 0.3055428144227099740 ) ) ;
#2438 = CARTESIAN_POINT ( 'NONE',  ( 1.481830585385152999, -0.8071531217604916986, -0.1953006065585266016 ) ) ;
#2439 = ORIENTED_EDGE ( 'NONE', *, *, #3371, .T. ) ;
#2440 = CARTESIAN_POINT ( 'NONE',  ( -1.893507236521647874, 2.517140516250394811, 1.535438331117026323 ) ) ;
#2441 = B_SPLINE_CURVE_WITH_KNOTS ( 'NONE', 3,
 ( #4447, #2590, #4849, #3334 ),
 .UNSPECIFIED., .F., .F.,
 ( 4, 4 ),
 ( 0.000000000000000000, 1.000000000000000000 ),
 .UNSPECIFIED. ) ;
#2442 = SURFACE_SIDE_STYLE ('',( #537 ) ) ;
#2443 = CARTESIAN_POINT ( 'NONE',  ( -1.750000000000000000, -0.1329050821947562189, -1.417367975582177975 ) ) ;
#2444 = FACE_OUTER_BOUND ( 'NONE', #1237, .T. ) ;
#2445 = CARTESIAN_POINT ( 'NONE',  ( -2.218132076634495409, -0.9319896872143600408, 0.2388793075001693911 ) ) ;
#2446 = ORIENTED_EDGE ( 'NONE', *, *, #2417, .F. ) ;
#2447 = CARTESIAN_POINT ( 'NONE',  ( -1.097035558675860001, 2.361942460657415754, -1.470245223775666910 ) ) ;
#2448 = CARTESIAN_POINT ( 'NONE',  ( -1.978494732714493498, -1.015264616746017090, 0.2791074207165489263 ) ) ;
#2449 = CARTESIAN_POINT ( 'NONE',  ( -2.680986361268202778, 1.671406165260837184, 1.749999999999998446 ) ) ;
#2450 = EDGE_CURVE ( 'NONE', #2998, #4691, #4546, .T. ) ;
#2451 = CARTESIAN_POINT ( 'NONE',  ( -2.723956962666724824, 1.370190857481655922, -1.011841321229282276 ) ) ;
#2452 = FACE_OUTER_BOUND ( 'NONE', #4168, .T. ) ;
#2453 = ORIENTED_EDGE ( 'NONE', *, *, #1953, .T. ) ;
#2454 = CARTESIAN_POINT ( 'NONE',  ( 1.695203652891880131, 1.393856782217540058, 0.7500000000000000000 ) ) ;
#2455 = CARTESIAN_POINT ( 'NONE',  ( 1.463629297337918134, -0.7699048365868800259, -0.04174111343457229811 ) ) ;
#2456 = DIRECTION ( 'NONE',  ( 0.000000000000000000, 2.168404344971008868E-16, -1.000000000000000000 ) ) ;
#2457 = CARTESIAN_POINT ( 'NONE',  ( 2.251037729790549946, 1.338576914989805910, -1.617887077142319940 ) ) ;
#2458 = ADVANCED_FACE ( 'NONE', ( #4559 ), #4644, .T. ) ;
#2459 = CARTESIAN_POINT ( 'NONE',  ( -2.749999999999996891, -0.5385368763091552546, 0.9943582441331806354 ) ) ;
#2460 = APPLICATION_CONTEXT ( 'automotive_design' ) ;
#2461 = CARTESIAN_POINT ( 'NONE',  ( 2.749999999999996891, -0.9928673751719269136, -0.3256454536181268011 ) ) ;
#2462 = CARTESIAN_POINT ( 'NONE',  ( -1.470472468652147535, -0.6531644252755985924, 0.3420484388920940755 ) ) ;
#2463 = CARTESIAN_POINT ( 'NONE',  ( 0.6190388243742490637, -0.2583899265794890043, -1.165644391522733914 ) ) ;
#2464 = MECHANICAL_DESIGN_GEOMETRIC_PRESENTATION_REPRESENTATION (  '', ( #1218 ), #3171 ) ;
#2465 = VERTEX_POINT ( 'NONE', #3807 ) ;
#2466 = DIRECTION ( 'NONE',  ( 0.000000000000000000, 1.000000000000000000, 0.000000000000000000 ) ) ;
#2467 = CARTESIAN_POINT ( 'NONE',  ( 1.476747206972887749, -0.6800138867012913702, -0.2319294650923303114 ) ) ;
#2468 = EDGE_CURVE ( 'NONE', #4700, #808, #2917, .T. ) ;
#2469 = CARTESIAN_POINT ( 'NONE',  ( -1.815343927003595148, -1.135984858746621917, -0.02226931228876924754 ) ) ;
#2470 = PRESENTATION_STYLE_ASSIGNMENT (( #4453 ) ) ;
#2471 = CARTESIAN_POINT ( 'NONE',  ( -2.590225144413630165, 1.624350909901879803, 1.193626146351003836 ) ) ;
#2472 = CARTESIAN_POINT ( 'NONE',  ( 1.530314382253408434, -0.8556369186287489104, -0.2723264335144814918 ) ) ;
#2473 = CARTESIAN_POINT ( 'NONE',  ( 1.087296252658546791, 2.376828852943047909, -1.459760022976398286 ) ) ;
#2474 = ORIENTED_EDGE ( 'NONE', *, *, #4104, .T. ) ;
#2475 = CARTESIAN_POINT ( 'NONE',  ( -0.1306154834618452054, 3.000000000000000000, 0.1613829771435590088 ) ) ;
#2476 = CARTESIAN_POINT ( 'NONE',  ( -1.475549210352238072, -0.7261239747819629997, -0.1132499010014558077 ) ) ;
#2477 = CARTESIAN_POINT ( 'NONE',  ( -2.750000000000000000, 0.2019089790060865086, -0.3066943351949915075 ) ) ;
#2478 = CARTESIAN_POINT ( 'NONE',  ( -2.333701483374665209, -0.8743741519712262544, 0.1775861809595933594 ) ) ;
#2479 = CARTESIAN_POINT ( 'NONE',  ( 2.749999999999989786, -0.4503512047345921143, 1.097196676375688851 ) ) ;
#2480 = CLOSED_SHELL ( 'NONE', ( #204, #1255, #3654, #2082, #725, #1310, #4922, #1531, #484, #3979, #4951, #2164, #4157, #2622, #2696, #247, #1770, #4966, #3357, #4067 ) ) ;
#2481 = EDGE_CURVE ( 'NONE', #3320, #4934, #1181, .T. ) ;
#2482 = CARTESIAN_POINT ( 'NONE',  ( -1.478566816638367865, 1.793867331668202336, -1.709256540922019285 ) ) ;
#2483 = CARTESIAN_POINT ( 'NONE',  ( 1.542886510171787906, -0.8682090465471297147, 0.2883367714412731764 ) ) ;
#2484 = CARTESIAN_POINT ( 'NONE',  ( 2.580987113963459922, -0.6829318340475459825, 2.098662818720565137E-16 ) ) ;
#2485 = CARTESIAN_POINT ( 'NONE',  ( 1.023007733443326517, 2.868587635896942878, 0.5234204862765003963 ) ) ;
#2486 = FACE_OUTER_BOUND ( 'NONE', #446, .T. ) ;
#2487 = ORIENTED_EDGE ( 'NONE', *, *, #2927, .F. ) ;
#2488 = DIRECTION ( 'NONE',  ( 0.000000000000000000, 0.000000000000000000, -1.000000000000000000 ) ) ;
#2489 = DIRECTION ( 'NONE',  ( 0.000000000000000000, 0.000000000000000000, -1.000000000000000000 ) ) ;
#2490 = CARTESIAN_POINT ( 'NONE',  ( -1.750000000000000000, 1.080205472464321970, -0.7500000000000000000 ) ) ;
#2491 = CARTESIAN_POINT ( 'NONE',  ( 2.584683519792377204, 1.865138188048206747, 1.750000000000012657 ) ) ;
#2492 = CARTESIAN_POINT ( 'NONE',  ( 2.750000000000004441, -0.5385368763091907818, -0.9943582441331351163 ) ) ;
#2493 = CARTESIAN_POINT ( 'NONE',  ( 1.092118315840534759, -0.4070126682537543172, 1.001072731913786429 ) ) ;
#2494 = CARTESIAN_POINT ( 'NONE',  ( -0.2761128230841609632, -0.09213155154292819449, -1.451669686917333779 ) ) ;
#2495 = ORIENTED_EDGE ( 'NONE', *, *, #634, .T. ) ;
#2496 = ADVANCED_FACE ( 'NONE', ( #2939 ), #4767, .T. ) ;
#2497 = CARTESIAN_POINT ( 'NONE',  ( 1.749999999999960032, 0.6528615147959739851, -1.730265551490019815 ) ) ;
#2498 = EDGE_CURVE ( 'NONE', #1762, #4671, #4868, .T. ) ;
#2499 = CARTESIAN_POINT ( 'NONE',  ( 2.750000000000000000, 0.6477443463230899701, 0.7182933987529519504 ) ) ;
#2500 = PRODUCT_DEFINITION ( 'UNKNOWN', '', #3805, #3422 ) ;
#2501 = CARTESIAN_POINT ( 'NONE',  ( -1.734723475976809855E-15, 3.000000000000000000, 0.000000000000000000 ) ) ;
#2502 = CARTESIAN_POINT ( 'NONE',  ( -1.727417146276708504, -0.7507708848546603697, -0.6371064989215643459 ) ) ;
#2503 = DIRECTION ( 'NONE',  ( 0.000000000000000000, 0.000000000000000000, 1.000000000000000000 ) ) ;
#2504 = CARTESIAN_POINT ( 'NONE',  ( -2.073490364430495170, -2.761045681487295234, 3.061616997868380553E-17 ) ) ;
#2505 = CARTESIAN_POINT ( 'NONE',  ( 1.735935936701335391, -0.9050933691688699545, -0.3916661787687004126 ) ) ;
#2506 = CARTESIAN_POINT ( 'NONE',  ( 1.776513429682745171, -0.8745647682658629352, 0.4266626580155354898 ) ) ;
#2507 = CARTESIAN_POINT ( 'NONE',  ( -2.402003494062709965, -0.8478823700455749846, 0.1471650618385021980 ) ) ;
#2508 = ORIENTED_EDGE ( 'NONE', *, *, #4415, .F. ) ;
#2509 = CARTESIAN_POINT ( 'NONE',  ( -1.739218462663584872E-15, 3.000000000000000000, -3.035766082959410049E-15 ) ) ;
#2510 = CARTESIAN_POINT ( 'NONE',  ( -1.039641018887117907, 2.449859860460105399, 1.404106173969560389 ) ) ;
#2511 = CARTESIAN_POINT ( 'NONE',  ( 2.750000000000000000, 0.2670290864827630228, -0.3991484540132320125 ) ) ;
#2512 = CARTESIAN_POINT ( 'NONE',  ( -1.750000000000000000, -0.7864913212288540123, -0.5736641148612019458 ) ) ;
#2513 = EDGE_CURVE ( 'NONE', #4985, #3538, #2605, .T. ) ;
#2514 = CARTESIAN_POINT ( 'NONE',  ( 1.413129396243191671, 1.893440613284889329, 1.685041003663369619 ) ) ;
#2515 = CARTESIAN_POINT ( 'NONE',  ( 1.750000000000000000, 0.1864541761086874749, -1.750000000000000000 ) ) ;
#2516 = VERTEX_POINT ( 'NONE', #2563 ) ;
#2517 = CARTESIAN_POINT ( 'NONE',  ( -0.9163405072515781180, 2.625304616739675634, -1.229364721959827156 ) ) ;
#2518 = CARTESIAN_POINT ( 'NONE',  ( -2.750000000000000000, 1.080205472464321970, -0.7500000000000000000 ) ) ;
#2519 = CARTESIAN_POINT ( 'NONE',  ( -1.743636085038995143, 1.320864657047931878, 1.750000000000000000 ) ) ;
#2520 = CARTESIAN_POINT ( 'NONE',  ( -2.612740528526404926, 1.414490970383134094, -1.251377386932890134 ) ) ;
#2521 = CARTESIAN_POINT ( 'NONE',  ( 1.750000000000000000, -0.8050148418616719370, 0.5400853469314609301 ) ) ;
#2522 = LINE ( 'NONE', #2504, #870 ) ;
#2523 = ORIENTED_EDGE ( 'NONE', *, *, #2983, .T. ) ;
#2524 = DIRECTION ( 'NONE',  ( 0.5144857049222549827, 0.8574989559356037683, 0.000000000000000000 ) ) ;
#2525 = CARTESIAN_POINT ( 'NONE',  ( -2.580987113963459922, -0.6829318340475449833, 5.740719026927770264E-16 ) ) ;
#2526 = FILL_AREA_STYLE ('',( #1677 ) ) ;
#2527 = CARTESIAN_POINT ( 'NONE',  ( -2.750000000000025313, -0.6303263066509942059, 0.8632490744747398637 ) ) ;
#2528 = AXIS2_PLACEMENT_3D ( 'NONE', #4223, #5037, #1075 ) ;
#2529 = CARTESIAN_POINT ( 'NONE',  ( 2.750000000000000000, 0.2451100839750414706, -0.3728479397877410007 ) ) ;
#2530 = CARTESIAN_POINT ( 'NONE',  ( -1.279528906708502056, -2.516862955538125224, 3.061616997868380553E-17 ) ) ;
#2531 = CARTESIAN_POINT ( 'NONE',  ( 0.8716949726004260546, -0.2245139692893679539, 1.332247866773693445 ) ) ;
#2532 = FACE_OUTER_BOUND ( 'NONE', #5005, .T. ) ;
#2533 = ORIENTED_EDGE ( 'NONE', *, *, #2332, .F. ) ;
#2534 = AXIS2_PLACEMENT_3D ( 'NONE', #4457, #1706, #4108 ) ;
#2535 = CARTESIAN_POINT ( 'NONE',  ( 2.750000000000000000, 0.5502609436887641037, -0.6842568503068631180 ) ) ;
#2536 = CARTESIAN_POINT ( 'NONE',  ( 1.810562036515694917, -1.135884572891040056, 0.000000000000000000 ) ) ;
#2537 = CARTESIAN_POINT ( 'NONE',  ( -1.457008645922422074, -0.7823311822977619956, -0.02863575532958790096 ) ) ;
#2538 = CARTESIAN_POINT ( 'NONE',  ( -2.091547508831855140, 2.381979287275045820, -1.622615258029068253 ) ) ;
#2539 = CARTESIAN_POINT ( 'NONE',  ( -1.749999999999987566, 0.1864541761086870031, 1.750000000000000000 ) ) ;
#2540 = LINE ( 'NONE', #5006, #4256 ) ;
#2541 = CARTESIAN_POINT ( 'NONE',  ( -1.440725085526058047, -0.5751559526271363687, 0.9512059490299307196 ) ) ;
#2542 = CARTESIAN_POINT ( 'NONE',  ( 1.471509737436627940, -0.6573824650003222692, 0.3292745912273894460 ) ) ;
#2543 = CARTESIAN_POINT ( 'NONE',  ( 1.662398367257920118, -0.6476208412197009823, 0.8356473848238440416 ) ) ;
#2544 = CARTESIAN_POINT ( 'NONE',  ( 1.654957867381162684, 1.493336656649846939, -1.749999999999999556 ) ) ;
#2545 = EDGE_CURVE ( 'NONE', #140, #2410, #4727, .T. ) ;
#2546 = ORIENTED_EDGE ( 'NONE', *, *, #3206, .F. ) ;
#2547 = CARTESIAN_POINT ( 'NONE',  ( 2.750000000000000000, -1.680000000000000160, 1.750000000000000000 ) ) ;
#2548 = CARTESIAN_POINT ( 'NONE',  ( -1.503914086701923614, 1.753846036734895142, 1.717027410544039290 ) ) ;
#2549 = ADVANCED_FACE ( 'NONE', ( #4806 ), #547, .T. ) ;
#2550 = EDGE_CURVE ( 'NONE', #3538, #1131, #1246, .T. ) ;
#2551 = CARTESIAN_POINT ( 'NONE',  ( 2.750000000000011102, -0.1717591393292695057, -1.382566227769443490 ) ) ;
#2552 = CARTESIAN_POINT ( 'NONE',  ( -2.750000000000000000, 0.09755381912950050749, -0.1061905491902682130 ) ) ;
#2553 = CARTESIAN_POINT ( 'NONE',  ( 1.172904930691750724, 2.246986015359673683, 1.542378115674868821 ) ) ;
#2554 = PRODUCT_DEFINITION_SHAPE ( 'NONE', 'NONE',  #4658 ) ;
#2555 = CARTESIAN_POINT ( 'NONE',  ( 1.750000000000000000, -0.5287652274660230578, 1.006287766519051941 ) ) ;
#2556 = VERTEX_POINT ( 'NONE', #4456 ) ;
#2557 = CARTESIAN_POINT ( 'NONE',  ( -2.750000000000000000, 0.5918384694524100320, 0.7036697310558379659 ) ) ;
#2558 = DIRECTION ( 'NONE',  ( 0.000000000000000000, 0.000000000000000000, -1.000000000000000000 ) ) ;
#2559 = DIRECTION ( 'NONE',  ( 0.000000000000000000, -1.000000000000000000, 0.000000000000000000 ) ) ;
#2560 = CARTESIAN_POINT ( 'NONE',  ( -1.734723475976809855E-15, 3.000000000000000000, 0.000000000000000000 ) ) ;
#2561 = FACE_OUTER_BOUND ( 'NONE', #3332, .T. ) ;
#2562 = ORIENTED_EDGE ( 'NONE', *, *, #2877, .F. ) ;
#2563 = CARTESIAN_POINT ( 'NONE',  ( 2.750000000000000000, -3.000000000000000000, 0.000000000000000000 ) ) ;
#2564 = CARTESIAN_POINT ( 'NONE',  ( -1.535699116838938671, -0.7436677403883528159, 0.6589426278673496951 ) ) ;
#2565 = CARTESIAN_POINT ( 'NONE',  ( -2.003633779954654859, -0.9737267632371290338, 0.2989205570147525082 ) ) ;
#2566 = CARTESIAN_POINT ( 'NONE',  ( -2.749999999999996891, -0.9928673751719269136, 0.3256454536181268011 ) ) ;
#2567 = CARTESIAN_POINT ( 'NONE',  ( 2.750000000000000000, 0.1391654832709483813, -0.1864706284836209760 ) ) ;
#2568 = CARTESIAN_POINT ( 'NONE',  ( 2.566264362191325699, 1.906763772420509984, 0.7500000000000002220 ) ) ;
#2569 = CARTESIAN_POINT ( 'NONE',  ( 0.8079491047468623233, -0.2055285726367091226, 1.350528280312874863 ) ) ;
#2570 = ORIENTED_EDGE ( 'NONE', *, *, #2028, .T. ) ;
#2571 = AXIS2_PLACEMENT_3D ( 'NONE', #1527, #1130, #1959 ) ;
#2572 = B_SPLINE_CURVE_WITH_KNOTS ( 'NONE', 3,
 ( #3657, #136, #4756, #1200, #4341, #3323, #4048, #2886, #2467, #1236 ),
 .UNSPECIFIED., .F., .F.,
 ( 4, 2, 2, 2, 4 ),
 ( 0.000000000000000000, 0.2500000000000003886, 0.3750000000000002776, 0.5000000000000002220, 1.000000000000000000 ),
 .UNSPECIFIED. ) ;
#2573 = CARTESIAN_POINT ( 'NONE',  ( -1.750000000000000000, 1.080205472464321970, 1.750000000000000000 ) ) ;
#2574 = CARTESIAN_POINT ( 'NONE',  ( -1.697495484833348556, -0.9077913592502692142, -0.3777014723098951476 ) ) ;
#2575 = CARTESIAN_POINT ( 'NONE',  ( -2.473516188011164463, 2.021733838396686966, -1.749999999999998446 ) ) ;
#2576 = CARTESIAN_POINT ( 'NONE',  ( -1.830680869562915092, -1.136120436312212156, 0.06430114619214979954 ) ) ;
#2577 = ADVANCED_FACE ( 'NONE', ( #1358 ), #3067, .T. ) ;
#2578 = FACE_OUTER_BOUND ( 'NONE', #3507, .T. ) ;
#2579 = CARTESIAN_POINT ( 'NONE',  ( -1.743713449350365213E-15, 3.000000000000000000, 0.7500000000368129971 ) ) ;
#2580 = CARTESIAN_POINT ( 'NONE',  ( -1.383293044939168048, -0.5441299923377670433, -5.000000000000000000 ) ) ;
#2581 = CARTESIAN_POINT ( 'NONE',  ( 2.469717687476490120, 1.531231027944899958, 1.411210065736006047 ) ) ;
#2582 = CARTESIAN_POINT ( 'NONE',  ( -2.577199564681984967, -0.7538054022530119580, -0.1340233101575489805 ) ) ;
#2583 = VERTEX_POINT ( 'NONE', #124 ) ;
#2584 = B_SPLINE_CURVE_WITH_KNOTS ( 'NONE', 3,
 ( #991, #110, #1411, #4052 ),
 .UNSPECIFIED., .F., .F.,
 ( 4, 4 ),
 ( 0.000000000000000000, 1.000000000000000000 ),
 .UNSPECIFIED. ) ;
#2585 = CARTESIAN_POINT ( 'NONE',  ( -1.715546096726584979, 1.393856782217540058, 1.750000000000000000 ) ) ;
#2586 = CARTESIAN_POINT ( 'NONE',  ( 2.750000000000000000, 0.7011395854399938843, 0.7278606173224790865 ) ) ;
#2587 = EDGE_CURVE ( 'NONE', #4589, #808, #4775, .T. ) ;
#2588 = CARTESIAN_POINT ( 'NONE',  ( -1.750000000000000000, -0.5385372515407080840, -0.9943585300188418907 ) ) ;
#2589 = LINE ( 'NONE', #2242, #4311 ) ;
#2590 = CARTESIAN_POINT ( 'NONE',  ( 2.750000000000000000, 1.431449198516710375, -0.7500000000000000000 ) ) ;
#2591 = AXIS2_PLACEMENT_3D ( 'NONE', #2547, #1370, #215 ) ;
#2592 = CARTESIAN_POINT ( 'NONE',  ( 1.750000000000039968, -0.7864913212288519029, 0.5736641148612079411 ) ) ;
#2593 = ORIENTED_EDGE ( 'NONE', *, *, #490, .F. ) ;
#2594 = CARTESIAN_POINT ( 'NONE',  ( -2.749999999999989786, 0.2855200361455405011, 1.655811501161861932 ) ) ;
#2595 = DIRECTION ( 'NONE',  ( -1.000000000000000000, 0.000000000000000000, 0.000000000000000000 ) ) ;
#2596 = CARTESIAN_POINT ( 'NONE',  ( -1.747157030731180116, 1.313087776453912170, 1.750000000000000000 ) ) ;
#2597 = ADVANCED_FACE ( 'NONE', ( #4819 ), #3154, .F. ) ;
#2598 = CARTESIAN_POINT ( 'NONE',  ( -2.057922906157964693, 1.402266578543021947, -1.698919858805939986 ) ) ;
#2599 = CIRCLE ( 'NONE', #1304, 0.2500000000000000000 ) ;
#2600 = VERTEX_POINT ( 'NONE', #917 ) ;
#2601 = CARTESIAN_POINT ( 'NONE',  ( 1.708981428593590035, -0.3483116345399989711, 0.000000000000000000 ) ) ;
#2602 = CARTESIAN_POINT ( 'NONE',  ( -1.720840828619724983, -1.035106853554110140, 0.3055428144227255172 ) ) ;
#2603 = CARTESIAN_POINT ( 'NONE',  ( 0.4760667326362629792, 2.936064354155575096, -0.5947697022258959798 ) ) ;
#2604 = CARTESIAN_POINT ( 'NONE',  ( -2.750000000000470735, -0.9533549119910569303, 0.3479599525592603215 ) ) ;
#2605 = B_SPLINE_CURVE_WITH_KNOTS ( 'NONE', 3,
 ( #380, #1861, #778, #3488, #2351, #2739, #3175, #411, #349, #1189, #4621, #742, #1125 ),
 .UNSPECIFIED., .F., .F.,
 ( 4, 2, 2, 1, 2, 2, 4 ),
 ( 0.000000000000000000, 0.2500000000000002220, 0.3750000000000003331, 0.4375000000000006106, 0.4687500000000006661, 0.5000000000000006661, 1.000000000000000000 ),
 .UNSPECIFIED. ) ;
#2606 = CARTESIAN_POINT ( 'NONE',  ( 1.750000000000000000, -0.8388845720282630536, -0.4809308325065020373 ) ) ;
#2607 = CARTESIAN_POINT ( 'NONE',  ( 1.280231950625786208, -0.6055544870011240199, 0.000000000000000000 ) ) ;
#2608 = CARTESIAN_POINT ( 'NONE',  ( -2.443855783256440706, -0.8914291165719683274, 7.161379963042473456E-05 ) ) ;
#2609 = CIRCLE ( 'NONE', #2285, 1.000000000000000000 ) ;
#2610 = AXIS2_PLACEMENT_3D ( 'NONE', #1117, #3570, #4379 ) ;
#2611 = ORIENTED_EDGE ( 'NONE', *, *, #834, .F. ) ;
#2612 = EDGE_CURVE ( 'NONE', #4901, #2014, #4889, .T. ) ;
#2613 = CARTESIAN_POINT ( 'NONE',  ( 1.750000000000000000, 0.5821328925041949764, 1.722793570837354737 ) ) ;
#2614 = CARTESIAN_POINT ( 'NONE',  ( -1.736719231904097605, -0.9050478704253248630, -0.3920153641139433875 ) ) ;
#2615 = CARTESIAN_POINT ( 'NONE',  ( -1.541775747509745109, 1.693326313192160093, -1.728161555831094987 ) ) ;
#2616 = CARTESIAN_POINT ( 'NONE',  ( 2.666781371658194733, 1.706240349267645007, -0.7500000000000000000 ) ) ;
#2617 = CARTESIAN_POINT ( 'NONE',  ( -0.7500000000000000000, -1.800000000000000044, 0.000000000000000000 ) ) ;
#2618 = CARTESIAN_POINT ( 'NONE',  ( 2.498943045712189726, 1.399910842920230047, 1.410989788975983927 ) ) ;
#2619 = CARTESIAN_POINT ( 'NONE',  ( -1.457008645922422074, -0.7823311822977619956, -5.000000000000000000 ) ) ;
#2620 = CARTESIAN_POINT ( 'NONE',  ( 1.715546096726584979, 2.068189222679360562, 1.750000000000000000 ) ) ;
#2621 = CARTESIAN_POINT ( 'NONE',  ( -1.750000000000000000, -0.2522286243951640250, -1.304743581508837957 ) ) ;
#2622 = ADVANCED_FACE ( 'NONE', ( #4853 ), #3038, .T. ) ;
#2623 = TOROIDAL_SURFACE ( 'NONE', #314, 0.5000000000000000000, 0.2500000000000000000 ) ;
#2624 = CARTESIAN_POINT ( 'NONE',  ( 2.410724609597400203, 1.348894810353213902, -1.503472462218375050 ) ) ;
#2625 = CARTESIAN_POINT ( 'NONE',  ( 1.750000000000000000, -0.6145458737463889154, 0.8887071982077831001 ) ) ;
#2626 = CARTESIAN_POINT ( 'NONE',  ( -1.750000000000000000, 0.6528615147959671017, 1.730265551490019815 ) ) ;
#2627 = CARTESIAN_POINT ( 'NONE',  ( 1.771291846738944908, -1.096614383114290270, -3.182302203807980111E-14 ) ) ;
#2628 = CARTESIAN_POINT ( 'NONE',  ( -2.685062396475904833, 1.660315896328979912, 0.7500000000000000000 ) ) ;
#2629 = CARTESIAN_POINT ( 'NONE',  ( -2.007561472393180058, 1.338308555820709955, -1.718052740591885064 ) ) ;
#2630 = CARTESIAN_POINT ( 'NONE',  ( -2.003633779954654859, -0.9737267632371280346, -0.2989205570147525082 ) ) ;
#2631 = CARTESIAN_POINT ( 'NONE',  ( -1.353019271138999891, -2.277908637025415128, 0.000000000000000000 ) ) ;
#2632 = CARTESIAN_POINT ( 'NONE',  ( 2.473516188011164907, 2.021733838396690075, 0.7500000000000000000 ) ) ;
#2633 = CARTESIAN_POINT ( 'NONE',  ( -0.6797602862994588380, 2.942573538557227586, 0.3799662533331242820 ) ) ;
#2634 = CARTESIAN_POINT ( 'NONE',  ( 1.743636160942155122, 1.320864499423891836, 1.750000000000000000 ) ) ;
#2635 = AXIS2_PLACEMENT_3D ( 'NONE', #1769, #2558, #189 ) ;
#2636 = CARTESIAN_POINT ( 'NONE',  ( -1.604087507015825143, -0.9294100433911640646, 0.1454917800539570205 ) ) ;
#2637 = CARTESIAN_POINT ( 'NONE',  ( 2.685062396475904833, 1.660315896328979912, -0.7500000000000000000 ) ) ;
#2638 = CARTESIAN_POINT ( 'NONE',  ( -2.580987113963459922, -0.6829318340475449833, 5.740719026927770264E-16 ) ) ;
#2639 = CARTESIAN_POINT ( 'NONE',  ( 1.750000000000000000, 0.3974686311735375344, 1.688659068430194976 ) ) ;
#2640 = CARTESIAN_POINT ( 'NONE',  ( -1.461758113854382701, -0.7870806502297210683, -0.1128203427500897582 ) ) ;
#2641 = CARTESIAN_POINT ( 'NONE',  ( 2.750000000000000000, 0.5674422833530879950, -0.6943430842047241258 ) ) ;
#2642 = CARTESIAN_POINT ( 'NONE',  ( -1.983925083526085098, 2.457480394576174731, -0.7255275397684300964 ) ) ;
#2643 = CARTESIAN_POINT ( 'NONE',  ( -0.5419656166247126539, 2.963712148883220099, -0.3125353494350960881 ) ) ;
#2644 = CARTESIAN_POINT ( 'NONE',  ( -2.503573821273024969, 1.984475112745239356, -1.749999999999992895 ) ) ;
#2645 = CARTESIAN_POINT ( 'NONE',  ( 2.381539440667255203, 1.503659813856405014, 1.503387139728235011 ) ) ;
#2646 = CARTESIAN_POINT ( 'NONE',  ( -2.750000000000000000, 0.000000000000000000, 0.7500000000000000000 ) ) ;
#2647 = EDGE_CURVE ( 'NONE', #2583, #1325, #4795, .T. ) ;
#2648 = CARTESIAN_POINT ( 'NONE',  ( -1.420922597207631810, 1.882185774948232471, 1.688282123952474123 ) ) ;
#2649 = AXIS2_PLACEMENT_3D ( 'NONE', #2780, #3980, #2466 ) ;
#2650 = CARTESIAN_POINT ( 'NONE',  ( 2.749999999999996891, -0.2522286055818063755, -1.304743563019794550 ) ) ;
#2651 = CARTESIAN_POINT ( 'NONE',  ( 0.2011175014386229476, 3.000000000000000000, 0.2489569664555889017 ) ) ;
#2652 = CARTESIAN_POINT ( 'NONE',  ( 2.723956962676155058, 1.370190822555666044, -1.011841321171571995 ) ) ;
#2653 = CARTESIAN_POINT ( 'NONE',  ( -1.750000000000000000, 1.080205472464321970, -1.750000000000000000 ) ) ;
#2654 = CARTESIAN_POINT ( 'NONE',  ( -0.2011175014648734494, 3.000000000000000444, -0.2489569664996056086 ) ) ;
#2655 = CARTESIAN_POINT ( 'NONE',  ( -2.750000000000000000, 0.8459294037906970321, -0.7467584197806600432 ) ) ;
#2656 = CARTESIAN_POINT ( 'NONE',  ( -1.814011346912479894, 1.321762904692616258, -1.749999999999584999 ) ) ;
#2657 = ADVANCED_FACE ( 'NONE', ( #3109 ), #4165, .T. ) ;
#2658 = EDGE_CURVE ( 'NONE', #4859, #2600, #486, .T. ) ;
#2659 = CARTESIAN_POINT ( 'NONE',  ( 0.9935940151897910688, 2.519997632147135125, -1.344691378400278081 ) ) ;
#2660 = EDGE_CURVE ( 'NONE', #1287, #1354, #1476, .T. ) ;
#2661 = CARTESIAN_POINT ( 'NONE',  ( 1.462313121577321740, -0.5931937570168956952, 0.9264985323365521053 ) ) ;
#2662 = CARTESIAN_POINT ( 'NONE',  ( -0.9791446979796532002, -0.3637436030264348252, 1.050611991744288654 ) ) ;
#2663 = CARTESIAN_POINT ( 'NONE',  ( -2.219300542607654858, -1.050198758908928109, 1.158432208818283966E-16 ) ) ;
#2664 = CARTESIAN_POINT ( 'NONE',  ( 1.750000000000000000, -0.4879904142461620187, 1.054901015044231949 ) ) ;
#2665 = CARTESIAN_POINT ( 'NONE',  ( -1.717059299996359867, 1.366764656558259849, -1.750000000000000000 ) ) ;
#2666 = CARTESIAN_POINT ( 'NONE',  ( 2.750000000000000000, 0.5574018305081119840, -0.6889309548476949541 ) ) ;
#2667 = CARTESIAN_POINT ( 'NONE',  ( -0.1106207226508195557, 2.999999999999999556, -0.07069952538014449839 ) ) ;
#2668 = VERTEX_POINT ( 'NONE', #4592 ) ;
#2669 = CARTESIAN_POINT ( 'NONE',  ( -2.602333584487658502, 1.836076108783552652, -1.749999999999995559 ) ) ;
#2670 = CARTESIAN_POINT ( 'NONE',  ( 2.228504173531054455, 1.455705217671890095, 1.618080288488879859 ) ) ;
#2671 = CARTESIAN_POINT ( 'NONE',  ( -1.180715795439391202, -0.4443289268198891140, -0.9580965457761432269 ) ) ;
#2672 = CARTESIAN_POINT ( 'NONE',  ( -0.2596290972007097020, -0.2030696218429617339, 1.361801997762131622 ) ) ;
#2673 = B_SPLINE_CURVE_WITH_KNOTS ( 'NONE', 3,
 ( #998, #3997, #4380, #471, #867, #1250, #1668, #2741, #3178, #3579, #2054, #4360, #64, #844, #4131, #3842, #1454, #995, #281, #668 ),
 .UNSPECIFIED., .F., .F.,
 ( 4, 2, 2, 2, 2, 2, 2, 2, 2, 4 ),
 ( 0.0004179902289278094631, 0.0007615524038092299532, 0.0008474429475295848588, 0.0009333334912499400898, 0.001105114578690650010, 0.001191005122411003831, 0.001276895666131360038, 0.001362786209851716028, 0.001448676753572069849, 0.001792238928453489906 ),
 .UNSPECIFIED. ) ;
#2674 = CARTESIAN_POINT ( 'NONE',  ( -1.592180430793475043, -0.5629151138444489222, -0.9637639346428190645 ) ) ;
#2675 = EDGE_CURVE ( 'NONE', #4566, #1601, #3679, .T. ) ;
#2676 = CARTESIAN_POINT ( 'NONE',  ( 2.750000000000000000, 0.5131396056503159109, 0.6540433578363499256 ) ) ;
#2677 = CARTESIAN_POINT ( 'NONE',  ( -2.610882744277891021, 1.312413375808859195, -1.275371897299752089 ) ) ;
#2678 = EDGE_LOOP ( 'NONE', ( #838, #2495, #1922, #1300 ) ) ;
#2679 = CARTESIAN_POINT ( 'NONE',  ( 0.5971247578781310184, 2.886887436716451205, 0.7566296401819428974 ) ) ;
#2680 = CARTESIAN_POINT ( 'NONE',  ( 2.660249891278289702, 1.650906287833844965, -1.013281458096855880 ) ) ;
#2681 = CARTESIAN_POINT ( 'NONE',  ( -2.063193684839525144, 1.383623788217959838, 1.698889839808354951 ) ) ;
#2682 = CARTESIAN_POINT ( 'NONE',  ( -1.750000000000000000, 0.5821328925041949764, 1.722793570837354737 ) ) ;
#2683 = CARTESIAN_POINT ( 'NONE',  ( -2.324699033966001416, 1.523651100960268900, 1.549549421668836580 ) ) ;
#2684 = CARTESIAN_POINT ( 'NONE',  ( 1.749999999988505195, 1.305713610130923907, -1.750000000000000000 ) ) ;
#2685 = CARTESIAN_POINT ( 'NONE',  ( -2.193151206360690164, 1.309276421222365760, -1.648832960436410033 ) ) ;
#2686 = CARTESIAN_POINT ( 'NONE',  ( -1.440725085526059823, -0.5751559526271351475, -0.9512059490299317188 ) ) ;
#2687 = ORIENTED_EDGE ( 'NONE', *, *, #3350, .T. ) ;
#2688 = CARTESIAN_POINT ( 'NONE',  ( 1.574773783972194918, 1.637978045660295034, 1.735905819040745035 ) ) ;
#2689 = CARTESIAN_POINT ( 'NONE',  ( 0.1306154834669734088, 3.000000000000000000, -0.1613829771400395185 ) ) ;
#2690 =( BOUNDED_SURFACE ( )  B_SPLINE_SURFACE ( 3, 2, ( 
 ( #447, #3578, #842 ),
 ( #4006, #4390, #4820 ),
 ( #2999, #1105, #5095 ),
 ( #3435, #2188, #3752 ),
 ( #1777, #1872, #5063 ),
 ( #361, #2564, #757 ),
 ( #3073, #3466, #326 ),
 ( #1391, #1069, #229 ),
 ( #1431, #717, #4561 ),
 ( #1811, #2156, #4522 ),
 ( #5030, #3787, #1533 ),
 ( #4182, #2223, #1009 ),
 ( #3853, #1843, #2957 ),
 ( #2602, #293, #683 ) ),
 .UNSPECIFIED., .F., .F., .F. ) 
 B_SPLINE_SURFACE_WITH_KNOTS ( ( 4, 2, 2, 2, 2, 2, 4 ),
 ( 3, 3 ),
 ( 0.001960654506550750173, 0.002100375278772654945, 0.002240096050994559718, 0.002519537595438364926, 0.002798979139882174904, 0.002938699912104080110, 0.003078420684325984882 ),
 ( 0.000000000000000000, 1.000000000000000000 ),
 .UNSPECIFIED. ) 
 GEOMETRIC_REPRESENTATION_ITEM ( )  RATIONAL_B_SPLINE_SURFACE ( (
 ( 1.000000000000000000, 0.9149918115556220366, 1.000000000000000000),
 ( 1.000000000000000000, 0.9092323102862600592, 1.000000000000000000),
 ( 1.000000000000000000, 0.9048726869173910892, 1.000000000000000000),
 ( 1.000000000000000000, 0.8917490712265799813, 1.000000000000000000),
 ( 1.000000000000000000, 0.8835555477073830932, 1.000000000000000000),
 ( 1.000000000000000000, 0.8559613658635749633, 1.000000000000000000),
 ( 1.000000000000000000, 0.8336304747925380454, 1.000000000000000000),
 ( 1.000000000000000000, 0.7784619660987269762, 1.000000000000000000),
 ( 1.000000000000000000, 0.7426798666282959926, 1.000000000000000000),
 ( 1.000000000000000000, 0.6906490077668129279, 1.000000000000000000),
 ( 1.000000000000000000, 0.6740129007320649901, 1.000000000000000000),
 ( 1.000000000000000000, 0.6506690799405500103, 1.000000000000000000),
 ( 1.000000000000000000, 0.6438473053655600076, 1.000000000000000000),
 ( 1.000000000000000000, 0.6434541551004420157, 1.000000000000000000) ) ) 
 REPRESENTATION_ITEM ( '' )  SURFACE ( )  );
#2691 = CARTESIAN_POINT ( 'NONE',  ( -1.588798083369462821, -0.9141206197448034088, -0.3715470528626389490 ) ) ;
#2692 = CARTESIAN_POINT ( 'NONE',  ( -1.751395439042809477, -0.9021416730904540104, 0.3975450877953001783 ) ) ;
#2693 = CARTESIAN_POINT ( 'NONE',  ( 2.030231950625784876, -0.6055544870011240199, 0.000000000000000000 ) ) ;
#2694 = CARTESIAN_POINT ( 'NONE',  ( 0.1920958607772005056, 2.992770058217347096, -0.2373311308915821705 ) ) ;
#2695 = CARTESIAN_POINT ( 'NONE',  ( -1.219792352644240019, 2.176958439620590102, 1.583684009829265049 ) ) ;
#2696 = ADVANCED_FACE ( 'NONE', ( #1336 ), #4882, .T. ) ;
#2697 = VECTOR ( 'NONE', #2364, 1000.000000000000000 ) ;
#2698 = CARTESIAN_POINT ( 'NONE',  ( 2.749999999999996891, -0.2522286055817872241, 1.304743563019801877 ) ) ;
#2699 = CARTESIAN_POINT ( 'NONE',  ( -1.750000000000000000, 0.1188600259135955961, -1.588706042564235199 ) ) ;
#2700 = CARTESIAN_POINT ( 'NONE',  ( 1.280231950625786208, -0.6055544870011240199, 0.000000000000000000 ) ) ;
#2701 = CARTESIAN_POINT ( 'NONE',  ( 1.741714610435180166, 1.324694936909683873, -1.750000000000000000 ) ) ;
#2702 = ORIENTED_EDGE ( 'NONE', *, *, #4851, .F. ) ;
#2703 = CARTESIAN_POINT ( 'NONE',  ( 1.676721750946513323, -0.6693648955694393443, -0.7969075985776357118 ) ) ;
#2704 = CARTESIAN_POINT ( 'NONE',  ( 1.021225630688008090, -0.3793873585665438197, -1.032764122542716434 ) ) ;
#2705 = FACE_OUTER_BOUND ( 'NONE', #1576, .T. ) ;
#2706 = AXIS2_PLACEMENT_3D ( 'NONE', #753, #1562, #3851 ) ;
#2707 = CARTESIAN_POINT ( 'NONE',  ( 0.6797460426562839109, -0.1675550091955834986, 1.387026328847633883 ) ) ;
#2708 = CARTESIAN_POINT ( 'NONE',  ( -2.750000000000230038, -0.9185667433083932742, -0.3763591993031565330 ) ) ;
#2709 = CARTESIAN_POINT ( 'NONE',  ( 1.383293044939168048, -0.5441299923377670433, -0.8361457084366070713 ) ) ;
#2710 = CARTESIAN_POINT ( 'NONE',  ( 2.617831599021640088, 1.312690732165272101, -1.251150674154344111 ) ) ;
#2711 = CARTESIAN_POINT ( 'NONE',  ( -2.072215658353564915, 1.308304133421740012, 1.698926104592759945 ) ) ;
#2712 = VECTOR ( 'NONE', #2726, 1000.000000000000114 ) ;
#2713 = CARTESIAN_POINT ( 'NONE',  ( -2.749999999999996891, -0.5287650426561387729, 1.006287614391020657 ) ) ;
#2714 = CARTESIAN_POINT ( 'NONE',  ( -2.750000000000000000, 0.9629105905172540281, -0.7500000000000000000 ) ) ;
#2715 = CARTESIAN_POINT ( 'NONE',  ( 1.679425136577083588, 2.627313649692794240, -0.6865609706307816973 ) ) ;
#2716 = CARTESIAN_POINT ( 'NONE',  ( -1.455199329945042974, -0.6155546121286362693, -0.5273912975074777076 ) ) ;
#2717 = DIRECTION ( 'NONE',  ( -1.000000000000000000, 0.000000000000000000, 0.000000000000000000 ) ) ;
#2718 = EDGE_CURVE ( 'NONE', #3912, #3545, #2898, .T. ) ;
#2719 = FACE_OUTER_BOUND ( 'NONE', #4751, .T. ) ;
#2720 = CARTESIAN_POINT ( 'NONE',  ( 1.695203652891880131, 1.393856782217540058, 1.750000000000000000 ) ) ;
#2721 = EDGE_CURVE ( 'NONE', #114, #1221, #1409, .T. ) ;
#2722 = CARTESIAN_POINT ( 'NONE',  ( -1.734723475976809855E-15, 3.000000000000000000, 0.000000000000000000 ) ) ;
#2723 = CARTESIAN_POINT ( 'NONE',  ( 2.699482967177353476, 1.619541692619818951, 1.749999999999995559 ) ) ;
#2724 = CARTESIAN_POINT ( 'NONE',  ( -1.762188876727781572, -0.8979745887811872995, 0.4032241635189510731 ) ) ;
#2725 = DIRECTION ( 'NONE',  ( 0.9558172740508310561, 0.2939614577219920033, 0.000000000000000000 ) ) ;
#2726 = DIRECTION ( 'NONE',  ( 0.5144857049222548717, 0.8574989559356037683, 0.000000000000000000 ) ) ;
#2727 = CARTESIAN_POINT ( 'NONE',  ( -1.368037835632121890, 1.960429522471069941, 1.669741380369194950 ) ) ;
#2728 = CIRCLE ( 'NONE', #3176, 0.2500000000000000000 ) ;
#2729 = CARTESIAN_POINT ( 'NONE',  ( 2.750000000000000000, 0.5321683703066629745, 0.6702927007442900376 ) ) ;
#2730 = CARTESIAN_POINT ( 'NONE',  ( -2.750000000000000000, 0.5674422833530839982, -0.6943430842047220164 ) ) ;
#2731 = CARTESIAN_POINT ( 'NONE',  ( 2.484319121887266224, -0.7968339895677664098, -0.09450694287410546512 ) ) ;
#2732 = CARTESIAN_POINT ( 'NONE',  ( -1.103890844671762128, 2.846566114845972884, -0.5518018645919694487 ) ) ;
#2734 = B_SPLINE_CURVE_WITH_KNOTS ( 'NONE', 3,
 ( #1876, #722, #4640, #4599, #1539, #4347, #2229, #4289, #49, #3924 ),
 .UNSPECIFIED., .F., .F.,
 ( 4, 2, 2, 2, 4 ),
 ( 0.000000000000000000, 0.2500000000000000000, 0.5000000000000000000, 0.7500000000000000000, 1.000000000000000000 ),
 .UNSPECIFIED. ) ;
#2733 = CARTESIAN_POINT ( 'NONE',  ( -2.666781682105674900, 1.706239617524044849, -0.7500000000000000000 ) ) ;
#2735 = CARTESIAN_POINT ( 'NONE',  ( 0.9791446979811265772, -0.3637436030269672882, -1.050611991743866103 ) ) ;
#2736 = SHAPE_REPRESENTATION ( 'FG26X7S2A225KRT06', ( #237, #539 ), #1657 ) ;
#2737 = CARTESIAN_POINT ( 'NONE',  ( -0.9415751244586140212, -0.2452192873379324956, 1.312345228495562122 ) ) ;
#2738 = PRODUCT_RELATED_PRODUCT_CATEGORY ( 'part', '', ( #4835 ) ) ;
#2739 = CARTESIAN_POINT ( 'NONE',  ( 2.679842114340866832, -0.4116768846568751861, -2.144967043905623858E-05 ) ) ;
#2740 = CARTESIAN_POINT ( 'NONE',  ( 1.462511169525426924, -0.9230260350620828058, -0.3774565248544972662 ) ) ;
#2741 = CARTESIAN_POINT ( 'NONE',  ( -2.750000000000000000, 0.3474134221897635655, 0.4870193446730999298 ) ) ;
#2742 = CARTESIAN_POINT ( 'NONE',  ( -1.815450589388555080, 1.306239814465930182, 1.750000000000750067 ) ) ;
#2743 = FACE_OUTER_BOUND ( 'NONE', #3822, .T. ) ;
#2744 = CARTESIAN_POINT ( 'NONE',  ( -2.750000000000000000, 0.2822077293617199500, 0.4163411348169309689 ) ) ;
#2745 = CARTESIAN_POINT ( 'NONE',  ( -2.750000000000000000, 0.5342418448215929816, -0.6752814769350828916 ) ) ;
#2746 = CARTESIAN_POINT ( 'NONE',  ( 2.154151823769264951, -0.9520504556573280430, 0.2638016496284940060 ) ) ;
#2747 = CARTESIAN_POINT ( 'NONE',  ( -1.435207113454097794, -0.5864358190244108870, 0.6743144771722539010 ) ) ;
#2748 = CARTESIAN_POINT ( 'NONE',  ( 1.525882758779725012, -0.5101445300705829133, -1.028804879991896071 ) ) ;
#2749 = ORIENTED_EDGE ( 'NONE', *, *, #633, .T. ) ;
#2750 = CARTESIAN_POINT ( 'NONE',  ( 0.8433840473188153330, -0.2162008434633481413, -1.340216542131040578 ) ) ;
#2751 = CARTESIAN_POINT ( 'NONE',  ( 1.416613602686345175, 2.745687301619659237, 1.247746620816960084 ) ) ;
#2752 = DIRECTION ( 'NONE',  ( -0.000000000000000000, 1.000000000000000000, 0.000000000000000000 ) ) ;
#2753 = CARTESIAN_POINT ( 'NONE',  ( -1.701467599896794969, -1.026790136272139886, -0.05654510441428130252 ) ) ;
#2754 = CARTESIAN_POINT ( 'NONE',  ( -2.643574942783339932, 1.418511736997364103, 1.193340327671447820 ) ) ;
#2755 = CARTESIAN_POINT ( 'NONE',  ( -1.718574452328789359, -0.9070362686780125694, 0.3855856870873928255 ) ) ;
#2756 = CARTESIAN_POINT ( 'NONE',  ( 1.873469689360458101, 1.352535135626457441, -1.749999999998399725 ) ) ;
#2757 = CARTESIAN_POINT ( 'NONE',  ( -1.842959887710608147, -0.9236175466629760189, -0.3709118701100879156 ) ) ;
#2758 = CARTESIAN_POINT ( 'NONE',  ( -1.199311741135514975, 2.820282215903870071, 1.058434778810720456 ) ) ;
#2759 = B_SPLINE_CURVE_WITH_KNOTS ( 'NONE', 3,
 ( #4195, #2667, #1948, #659, #5073, #2643, #2273, #1581, #339, #3898, #3133, #3511, #772, #2732, #3088, #1546, #91, #475, #1055, #1913, #3479, #373, #3167 ),
 .UNSPECIFIED., .F., .F.,
 ( 4, 2, 1, 1, 1, 2, 2, 2, 1, 1, 2, 2, 2, 4 ),
 ( 0.000000000000000000, 0.1250000000000021649, 0.1875000000000032474, 0.2187500000000037470, 0.2343750000000040246, 0.2421875000000041078, 0.2500000000000041633, 0.3750000000000051070, 0.4375000000000054401, 0.4687500000000056621, 0.4843750000000057176, 0.5000000000000057732, 0.7500000000000027756, 1.000000000000000000 ),
 .UNSPECIFIED. ) ;
#2760 = FACE_OUTER_BOUND ( 'NONE', #1279, .T. ) ;
#2761 = CARTESIAN_POINT ( 'NONE',  ( 2.749999999999996891, -0.1115487201349941587, 1.436396621963800913 ) ) ;
#2762 = CARTESIAN_POINT ( 'NONE',  ( -2.750000000000000000, 0.6477443463230909693, -0.7182933987529559472 ) ) ;
#2763 = CARTESIAN_POINT ( 'NONE',  ( -0.6406304578192894006, 2.950968099112762477, -0.5499941236385571530 ) ) ;
#2764 = CARTESIAN_POINT ( 'NONE',  ( -0.5681478416430618683, 2.900069607563133811, -0.7172370140627721824 ) ) ;
#2765 = CARTESIAN_POINT ( 'NONE',  ( -1.935968311717964907, -1.069523009651726753, 0.2341021889400465295 ) ) ;
#2766 = FACE_OUTER_BOUND ( 'NONE', #3920, .T. ) ;
#2767 = CARTESIAN_POINT ( 'NONE',  ( -2.410826750576064992, 1.311026471390593917, -1.503386811796500133 ) ) ;
#2768 = CARTESIAN_POINT ( 'NONE',  ( 2.057922906164620258, 1.402266578545639852, 1.698919858814780026 ) ) ;
#2769 =( GEOMETRIC_REPRESENTATION_CONTEXT ( 3 ) GLOBAL_UNCERTAINTY_ASSIGNED_CONTEXT ( ( #2772 ) ) GLOBAL_UNIT_ASSIGNED_CONTEXT ( ( #365, #1503, #1286 ) ) REPRESENTATION_CONTEXT ( 'NONE', 'WORKASPACE' ) );
#2770 = CARTESIAN_POINT ( 'NONE',  ( -2.750000000000000000, -0.3446033122158375095, 0.4567003109615420109 ) ) ;
#2771 = CARTESIAN_POINT ( 'NONE',  ( 2.750000000000000000, 1.313753328945229892, 0.7500000000368129971 ) ) ;
#2772 = UNCERTAINTY_MEASURE_WITH_UNIT (LENGTH_MEASURE( 1.000000000000000082E-05 ), #365, 'distance_accuracy_value', 'NONE');
#2773 = CARTESIAN_POINT ( 'NONE',  ( 2.190521673638289979, 1.361282330399129936, -1.648840867206110117 ) ) ;
#2774 = CYLINDRICAL_SURFACE ( 'NONE', #1806, 0.2500000000000001665 ) ;
#2775 = CARTESIAN_POINT ( 'NONE',  ( -2.749999999999996891, -0.3976646487907983807, 1.154006332048421291 ) ) ;
#2776 = CARTESIAN_POINT ( 'NONE',  ( 0.4317980172539095940, 2.981886630185643483, -0.2599966507676654826 ) ) ;
#2777 = DIRECTION ( 'NONE',  ( 0.000000000000000000, 0.000000000000000000, -1.000000000000000000 ) ) ;
#2778 = CARTESIAN_POINT ( 'NONE',  ( -0.9315361317762719251, -0.2442652731753294781, 1.312612379321991707 ) ) ;
#2779 = TOROIDAL_SURFACE ( 'NONE', #137, 0.5000000000000000000, 0.2500000000000000000 ) ;
#2780 = CARTESIAN_POINT ( 'NONE',  ( 2.750000000000000000, 0.000000000000000000, 0.000000000000000000 ) ) ;
#2781 = CARTESIAN_POINT ( 'NONE',  ( 1.332087511739343810, 2.772518804196869802, 0.6172337592137560058 ) ) ;
#2782 = CARTESIAN_POINT ( 'NONE',  ( 1.750000000000000000, 1.080205472464321970, -1.750000000000000000 ) ) ;
#2783 = CARTESIAN_POINT ( 'NONE',  ( 2.660501511989553425, 1.720488314480222769, 1.750000000000009326 ) ) ;
#2784 = CARTESIAN_POINT ( 'NONE',  ( -2.319708938795630004, 1.521763461913230087, 1.545656162715690174 ) ) ;
#2785 = CARTESIAN_POINT ( 'NONE',  ( 2.073490364430495170, -2.761045681487295234, -3.061616997868380553E-17 ) ) ;
#2786 = CARTESIAN_POINT ( 'NONE',  ( 2.750000000000000000, 1.313753328945239884, 0.8809232947589090701 ) ) ;
#2787 = DIRECTION ( 'NONE',  ( -0.7071067811865515695, 0.7071067811865435759, 0.000000000000000000 ) ) ;
#2788 = CARTESIAN_POINT ( 'NONE',  ( -0.9935940151898459138, 2.519997632147324751, 1.344691378400078019 ) ) ;
#2789 = CARTESIAN_POINT ( 'NONE',  ( -0.4672707695450659671, 2.936622869999528262, 0.5841785568161081965 ) ) ;
#2790 = ORIENTED_EDGE ( 'NONE', *, *, #330, .F. ) ;
#2791 = CIRCLE ( 'NONE', #556, 1.000000000000000000 ) ;
#2792 = CARTESIAN_POINT ( 'NONE',  ( -1.756078415665109915, -0.9929684761747139543, -0.3245759123322570217 ) ) ;
#2793 = CARTESIAN_POINT ( 'NONE',  ( -2.749999999999996891, 0.2855200361455143554, -1.655811501161853050 ) ) ;
#2794 = CARTESIAN_POINT ( 'NONE',  ( 2.155913389828123083, -0.9471087155054985773, -0.2617194329650355256 ) ) ;
#2795 = ORIENTED_EDGE ( 'NONE', *, *, #1817, .T. ) ;
#2796 = CARTESIAN_POINT ( 'NONE',  ( -1.011934826690150446, 2.491554820383588442, -1.368065071176250758 ) ) ;
#2797 = CARTESIAN_POINT ( 'NONE',  ( -1.918848682457883204, -1.088008073447030322, 0.2121162792310833101 ) ) ;
#2798 = VECTOR ( 'NONE', #2277, 1000.000000000000000 ) ;
#2799 = CARTESIAN_POINT ( 'NONE',  ( -2.648832960431314998, 1.312939974393860121, -1.193151206371020123 ) ) ;
#2800 = AXIS2_PLACEMENT_3D ( 'NONE', #1129, #3459, #1896 ) ;
#2801 = CARTESIAN_POINT ( 'NONE',  ( 1.708981428593585150, -0.3483116345399974723, 0.000000000000000000 ) ) ;
#2802 = B_SPLINE_CURVE_WITH_KNOTS ( 'NONE', 3,
 ( #3977, #4363, #848, #3914, #2359, #2747, #752, #1229, #4790, #1653, #1271, #1596, #2810, #3650, #887, #1961, #1680, #1561, #3185, #2058, #2462, #1930, #3554, #2325, #3527, #3147, #389, #40, #4188, #2879, #1398 ),
 .UNSPECIFIED., .F., .F.,
 ( 4, 2, 1, 1, 1, 2, 2, 2, 2, 1, 2, 2, 2, 1, 1, 1, 2, 2, 4 ),
 ( 0.000000000000000000, 0.1250000000000020817, 0.1875000000000029421, 0.2187500000000033862, 0.2343750000000035527, 0.2421875000000036637, 0.2500000000000037748, 0.3750000000000037748, 0.4375000000000036082, 0.4687500000000035527, 0.4843750000000034417, 0.5000000000000033307, 0.6250000000000034417, 0.6875000000000033307, 0.7187500000000033307, 0.7343750000000032196, 0.7421875000000032196, 0.7500000000000032196, 1.000000000000000000 ),
 .UNSPECIFIED. ) ;
#2803 = CARTESIAN_POINT ( 'NONE',  ( 2.750000000000000000, 0.3474134221897605124, -0.4870193446730969877 ) ) ;
#2804 = EDGE_LOOP ( 'NONE', ( #422, #3463, #1351, #3092 ) ) ;
#2805 = CARTESIAN_POINT ( 'NONE',  ( -1.681467851183525042, -1.006790387558863964, 0.07447762968035669118 ) ) ;
#2806 = CARTESIAN_POINT ( 'NONE',  ( 2.164418231407829740, 1.462872803843928038, -1.648823830341395125 ) ) ;
#2807 = FACE_OUTER_BOUND ( 'NONE', #5061, .T. ) ;
#2808 = CARTESIAN_POINT ( 'NONE',  ( -2.750000000000000000, 0.5062854146152439005, 0.6474009638673119404 ) ) ;
#2809 = CARTESIAN_POINT ( 'NONE',  ( 1.527044633513351624, 2.695789960071336644, -0.6593728151868311071 ) ) ;
#2810 = CARTESIAN_POINT ( 'NONE',  ( -1.453178132514826970, -0.6122033148563504890, 0.5448919719267216744 ) ) ;
#2811 = CARTESIAN_POINT ( 'NONE',  ( -0.1368877210372081987, -0.08033174964110270655, -1.460743970785512102 ) ) ;
#2812 = EDGE_CURVE ( 'NONE', #4691, #2014, #4541, .T. ) ;
#2813 = LINE ( 'NONE', #4305, #4612 ) ;
#2814 = ADVANCED_FACE ( 'NONE', ( #1305 ), #1715, .T. ) ;
#2815 = CARTESIAN_POINT ( 'NONE',  ( -0.8079491047478100096, -0.2055285726370168764, -1.350528280312577989 ) ) ;
#2816 = AXIS2_PLACEMENT_3D ( 'NONE', #3192, #3953, #1997 ) ;
#2817 = CARTESIAN_POINT ( 'NONE',  ( 1.541775747509735117, 1.693326313192175192, 1.728161555831094987 ) ) ;
#2818 = CARTESIAN_POINT ( 'NONE',  ( 1.500000000000000000, -1.800000000000000044, 0.000000000000000000 ) ) ;
#2819 = CARTESIAN_POINT ( 'NONE',  ( -2.750000000000000000, 0.03784415118891609753, 3.361026734705064929E-15 ) ) ;
#2820 = CARTESIAN_POINT ( 'NONE',  ( -2.492783182182464863, 1.587398143210990042, 1.360991401822861935 ) ) ;
#2821 = CARTESIAN_POINT ( 'NONE',  ( 2.053391932460512770, -0.9666907566492616288, 0.2879139119689067550 ) ) ;
#2822 = CARTESIAN_POINT ( 'NONE',  ( 1.469047506202650011, -0.7546653679181070107, 0.06252825502636930044 ) ) ;
#2823 = CARTESIAN_POINT ( 'NONE',  ( 1.420922597206578875, 1.882185774949342028, -1.688282123952161262 ) ) ;
#2824 = CARTESIAN_POINT ( 'NONE',  ( -1.144566226277882182, 2.289308046847640110, 1.526289913655549890 ) ) ;
#2825 = VERTEX_POINT ( 'NONE', #1166 ) ;
#2826 = LINE ( 'NONE', #949, #4623 ) ;
#2827 = CARTESIAN_POINT ( 'NONE',  ( -2.750000000000000000, 0.6252854389745050590, -0.7135017892268118445 ) ) ;
#2828 = CARTESIAN_POINT ( 'NONE',  ( 1.527252607572308740, 1.716230932999212033, 1.723700071443848403 ) ) ;
#2829 = ORIENTED_EDGE ( 'NONE', *, *, #3783, .T. ) ;
#2830 = CARTESIAN_POINT ( 'NONE',  ( -1.494702611518330393, 1.768589955637772437, -1.714332172455184544 ) ) ;
#2831 = PLANE ( 'NONE',  #1050 ) ;
#2832 = CARTESIAN_POINT ( 'NONE',  ( -2.473516188011341210, 2.021733838396466698, 1.750000000000001554 ) ) ;
#2833 = AXIS2_PLACEMENT_3D ( 'NONE', #2840, #582, #2122 ) ;
#2834 = CARTESIAN_POINT ( 'NONE',  ( -2.723972676667930415, 1.313544076584173936, -1.011747884361192007 ) ) ;
#2835 = CARTESIAN_POINT ( 'NONE',  ( 1.630883754636470062, -0.6070736279853384820, 0.8995802617866949236 ) ) ;
#2836 = EDGE_CURVE ( 'NONE', #350, #3320, #4752, .T. ) ;
#2837 = DIRECTION ( 'NONE',  ( 0.7783125351197561770, 0.6278770561785630422, 0.000000000000000000 ) ) ;
#2838 = B_SPLINE_CURVE_WITH_KNOTS ( 'NONE', 3,
 ( #935, #3776, #1458, #603, #4480, #3301, #4412, #2828, #1338, #4170, #4953, #2145, #4547, #4986, #1729, #4028, #2514, #4515, #3702, #4917, #252, #571, #2553, #3270, #3631, #3372, #1766, #2943, #502, #3740, #907, #317, #3489, #779, #3548, #1491, #1893, #5084, #1924, #284, #3844, #351, #1061, #1157, #3455, #1955, #1863, #4238, #2679, #2248, #1833, #3520, #2286, #2212, #1553, #2651, #743 ),
 .UNSPECIFIED., .F., .F.,
 ( 4, 2, 2, 1, 1, 2, 2, 2, 1, 2, 2, 2, 2, 1, 1, 1, 2, 2, 2, 2, 2, 2, 2, 1, 2, 2, 2, 2, 1, 1, 2, 2, 4 ),
 ( 0.000000000000000000, 0.06250000000000385803, 0.09375000000000584255, 0.1093750000000066891, 0.1171875000000071193, 0.1210937500000072581, 0.1250000000000073830, 0.1562500000000077161, 0.1718750000000079381, 0.1796875000000081324, 0.1875000000000082989, 0.2500000000000100475, 0.3125000000000117684, 0.3437500000000128786, 0.3593750000000133782, 0.3671875000000137113, 0.3710937500000137113, 0.3750000000000136557, 0.4062500000000136557, 0.4218750000000137668, 0.4375000000000138778, 0.4687500000000143219, 0.4843750000000145439, 0.4921875000000144329, 0.4960937500000143774, 0.5000000000000142109, 0.6250000000000104361, 0.6875000000000085487, 0.7187500000000075495, 0.7343750000000069944, 0.7421875000000068834, 0.7500000000000066613, 1.000000000000000000 ),
 .UNSPECIFIED. ) ;
#2839 = ORIENTED_EDGE ( 'NONE', *, *, #4794, .F. ) ;
#2840 = CARTESIAN_POINT ( 'NONE',  ( 2.500000000000000000, -12.00000000000000000, 0.000000000000000000 ) ) ;
#2841 = CARTESIAN_POINT ( 'NONE',  ( 2.160853241888103238, 2.330307044121441962, -1.650692473616159894 ) ) ;
#2842 = CARTESIAN_POINT ( 'NONE',  ( 2.251150674144370090, 1.309742720634722080, -1.617831599027399925 ) ) ;
#2843 = CARTESIAN_POINT ( 'NONE',  ( -2.750000000000000000, 0.2670290864827624677, 0.3991484540132330117 ) ) ;
#2844 =( BOUNDED_SURFACE ( )  B_SPLINE_SURFACE ( 3, 2, ( 
 ( #2293, #2686, #3496 ),
 ( #3884, #4214, #1134 ),
 ( #1005, #3528, #4714 ),
 ( #16, #2185, #4042 ),
 ( #2024, #1272, #2060 ),
 ( #2427, #1713, #3286 ),
 ( #4431, #1624, #131 ),
 ( #2494, #1654, #4866 ),
 ( #2811, #102, #518 ),
 ( #4900, #849, #488 ),
 ( #2095, #925, #1681 ),
 ( #3617, #3555, #3254 ),
 ( #1963, #888, #2463 ),
 ( #2390, #1317, #41 ),
 ( #2880, #3319, #166 ),
 ( #2847, #3651, #3684 ),
 ( #4079, #1230, #2360 ),
 ( #2748, #4462, #787 ) ),
 .UNSPECIFIED., .F., .F., .F. ) 
 B_SPLINE_SURFACE_WITH_KNOTS ( ( 4, 2, 2, 2, 2, 2, 2, 2, 4 ),
 ( 3, 3 ),
 ( 0.000000000000000000, 0.0004128546648185029712, 0.0008257093296370070267, 0.001238563994455509944, 0.001651418659274014921, 0.002064273324092515127, 0.002477127988911019887, 0.002889982653729525081, 0.003302837318548025071 ),
 ( 0.000000000000000000, 1.000000000000000000 ),
 .UNSPECIFIED. ) 
 GEOMETRIC_REPRESENTATION_ITEM ( )  RATIONAL_B_SPLINE_SURFACE ( (
 ( 1.000000000000000000, 0.9149918115556220366, 1.000000000000000000),
 ( 1.000000000000000000, 0.9096238638260379927, 1.000000000000000000),
 ( 1.000000000000000000, 0.9116811906873120153, 1.000000000000000000),
 ( 1.000000000000000000, 0.9162262247529769921, 1.000000000000000000),
 ( 1.000000000000000000, 0.9160226706879560643, 1.000000000000000000),
 ( 1.000000000000000000, 0.9118591160315190347, 1.000000000000000000),
 ( 1.000000000000000000, 0.9081059297747530179, 1.000000000000000000),
 ( 1.000000000000000000, 0.9021035078383610184, 1.000000000000000000),
 ( 1.000000000000000000, 0.9000064888633479976, 1.000000000000000000),
 ( 1.000000000000000000, 0.9000267920575559799, 1.000000000000000000),
 ( 1.000000000000000000, 0.9020996829726140032, 1.000000000000000000),
 ( 1.000000000000000000, 0.9081123329498759222, 1.000000000000000000),
 ( 1.000000000000000000, 0.9119285146107659612, 1.000000000000000000),
 ( 1.000000000000000000, 0.9160313610227370784, 1.000000000000000000),
 ( 1.000000000000000000, 0.9162266683030019232, 1.000000000000000000),
 ( 1.000000000000000000, 0.9117101938171909836, 1.000000000000000000),
 ( 1.000000000000000000, 0.9096030995604550418, 1.000000000000000000),
 ( 1.000000000000000000, 0.9149918115556220366, 1.000000000000000000) ) ) 
 REPRESENTATION_ITEM ( '' )  SURFACE ( )  );
#2845 = CARTESIAN_POINT ( 'NONE',  ( 1.750000000000000000, -0.9928673751719269136, -0.3256454536181270232 ) ) ;
#2846 = CARTESIAN_POINT ( 'NONE',  ( -2.219300542607654858, -1.050198758908928109, 1.158432208818283966E-16 ) ) ;
#2847 = CARTESIAN_POINT ( 'NONE',  ( 1.303763167203555895, -0.3854778501609930075, -1.167006768998215982 ) ) ;
#2848 = ORIENTED_EDGE ( 'NONE', *, *, #822, .F. ) ;
#2849 = CIRCLE ( 'NONE', #3236, 0.2500000000000000000 ) ;
#2850 = CARTESIAN_POINT ( 'NONE',  ( -0.6414332991710265386, -0.1606829589029203642, -1.392482032827407901 ) ) ;
#2851 = CARTESIAN_POINT ( 'NONE',  ( 1.749999999977009946, 1.305713610126999935, 1.750000000000000000 ) ) ;
#2852 = DIRECTION ( 'NONE',  ( 0.000000000000000000, 0.000000000000000000, 1.000000000000000000 ) ) ;
#2853 = CARTESIAN_POINT ( 'NONE',  ( -1.695203652891880131, 1.393856782217540058, 1.750000000000000000 ) ) ;
#2854 = CARTESIAN_POINT ( 'NONE',  ( -2.248058253810719886, 1.368442205828323877, 1.617925419493104755 ) ) ;
#2855 = CARTESIAN_POINT ( 'NONE',  ( 1.726262994029867048, -0.9062998189581931152, -0.3882797480672984802 ) ) ;
#2856 = CARTESIAN_POINT ( 'NONE',  ( 2.643574936329654790, 1.418511801836679798, 1.193340327521771993 ) ) ;
#2857 = CARTESIAN_POINT ( 'NONE',  ( 2.750000000000000000, -12.00000000000000000, 0.000000000000000000 ) ) ;
#2858 = CARTESIAN_POINT ( 'NONE',  ( -0.1520638685041093840, 3.000000007119239420, 0.1361160409837054164 ) ) ;
#2859 = ORIENTED_EDGE ( 'NONE', *, *, #35, .F. ) ;
#2860 = TOROIDAL_SURFACE ( 'NONE', #2816, 0.5000000000000000000, 0.2500000000000000000 ) ;
#2861 = ADVANCED_FACE ( 'NONE', ( #3018 ), #3174, .T. ) ;
#2862 = CARTESIAN_POINT ( 'NONE',  ( -2.750000000000000000, 0.2451100839750434968, -0.3728479397877439983 ) ) ;
#2863 = CARTESIAN_POINT ( 'NONE',  ( -2.500000000000000000, -3.000000000000000000, 0.000000000000000000 ) ) ;
#2864 = CARTESIAN_POINT ( 'NONE',  ( -2.193151206360690164, 1.309276421222365760, 1.648832960436410033 ) ) ;
#2865 = CARTESIAN_POINT ( 'NONE',  ( 2.749999999999996891, 0.05794919313341111849, 1.555917859605830289 ) ) ;
#2866 = ORIENTED_EDGE ( 'NONE', *, *, #2391, .T. ) ;
#2867 = CARTESIAN_POINT ( 'NONE',  ( -1.258232522524028507, 2.120201826114885169, -1.606283068616874088 ) ) ;
#2868 = CARTESIAN_POINT ( 'NONE',  ( -1.708981428593585150, -0.3483116345399974723, 0.000000000000000000 ) ) ;
#2869 = EDGE_CURVE ( 'NONE', #42, #1362, #3395, .T. ) ;
#2870 = CARTESIAN_POINT ( 'NONE',  ( -2.750000000003839595, 1.372411032173113776, -0.8809855859933100053 ) ) ;
#2871 = CARTESIAN_POINT ( 'NONE',  ( 0.6166379824392648201, 2.952779437663700435, 0.3496517501751866819 ) ) ;
#2872 = CARTESIAN_POINT ( 'NONE',  ( 2.750000000000000000, 0.3882204811230104968, -0.5293874118458870015 ) ) ;
#2873 = ORIENTED_EDGE ( 'NONE', *, *, #889, .F. ) ;
#2874 = CARTESIAN_POINT ( 'NONE',  ( 1.406585782257266715, -0.9005555596060389467, -0.3696721688787747984 ) ) ;
#2875 = VECTOR ( 'NONE', #1060, 1000.000000000000000 ) ;
#2876 = CARTESIAN_POINT ( 'NONE',  ( 1.735650015812179925, 1.336077068342321983, 1.750000000000000000 ) ) ;
#2877 = EDGE_CURVE ( 'NONE', #864, #4049, #3349, .T. ) ;
#2878 = CARTESIAN_POINT ( 'NONE',  ( 1.749999999999960032, -0.7864913212288550115, -0.5736641148612009466 ) ) ;
#2879 = CARTESIAN_POINT ( 'NONE',  ( -1.474173675755251489, -0.7489745478450833271, 0.06486454154664320071 ) ) ;
#2880 = CARTESIAN_POINT ( 'NONE',  ( 1.065413214070120018, -0.2893164065318910017, -1.267235647523182074 ) ) ;
#2881 = ORIENTED_EDGE ( 'NONE', *, *, #2332, .T. ) ;
#2882 = AXIS2_PLACEMENT_3D ( 'NONE', #4105, #1774, #4003 ) ;
#2883 = EDGE_LOOP ( 'NONE', ( #1434, #1225, #2177, #2403, #4810 ) ) ;
#2884 = CARTESIAN_POINT ( 'NONE',  ( 2.749999999999996891, 0.3974682580154087486, -1.688660353171487882 ) ) ;
#2885 = CARTESIAN_POINT ( 'NONE',  ( 2.750000000000025313, 0.5821328465540882569, 1.722793823135216451 ) ) ;
#2886 = CARTESIAN_POINT ( 'NONE',  ( 1.473304858164089071, -0.6509670518702088682, -0.3433827192977551568 ) ) ;
#2887 = CARTESIAN_POINT ( 'NONE',  ( -1.530014947706138884, 2.699960427067687352, -1.327583366932018949 ) ) ;
#2888 = CARTESIAN_POINT ( 'NONE',  ( 2.533947622076175410, 1.944095370469090200, -0.7500000000000000000 ) ) ;
#2889 = DIRECTION ( 'NONE',  ( 0.9558172740508309451, 0.2939614577219925029, 0.000000000000000000 ) ) ;
#2890 = CARTESIAN_POINT ( 'NONE',  ( 1.741815332561319263, -0.9041577856870656182, -0.3937641655847016753 ) ) ;
#2891 = CARTESIAN_POINT ( 'NONE',  ( 2.705693989992715043, 1.605474323573024886, 0.8815594436137480505 ) ) ;
#2892 = CARTESIAN_POINT ( 'NONE',  ( -2.171707910577982403, -1.085117961043369661, 0.1777732824269115941 ) ) ;
#2893 = EDGE_LOOP ( 'NONE', ( #2221, #2429, #4962, #2344 ) ) ;
#2894 = CARTESIAN_POINT ( 'NONE',  ( 1.146446609406729822, -1.446446609406723871, 0.000000000000000000 ) ) ;
#2895 = CARTESIAN_POINT ( 'NONE',  ( -1.069303119491064491, 2.404456767307659337, 1.439531712405545560 ) ) ;
#2896 = ORIENTED_EDGE ( 'NONE', *, *, #3255, .T. ) ;
#2897 = VECTOR ( 'NONE', #482, 1000.000000000000114 ) ;
#2898 = B_SPLINE_CURVE_WITH_KNOTS ( 'NONE', 3,
 ( #4180, #3464, #1429, #2329, #647, #2187, #1563, #3115, #4560, #3498 ),
 .UNSPECIFIED., .F., .F.,
 ( 4, 2, 2, 2, 4 ),
 ( 0.000000000000000000, 0.2500000000000000000, 0.5000000000000000000, 0.7500000000000000000, 1.000000000000000000 ),
 .UNSPECIFIED. ) ;
#2899 = CARTESIAN_POINT ( 'NONE',  ( -1.750000000000000000, -0.7332974990918489366, -0.6780887254449570190 ) ) ;
#2900 = CARTESIAN_POINT ( 'NONE',  ( 1.786513920135049949, -1.111748900183872069, 2.326654258977569601E-14 ) ) ;
#2901 = ORIENTED_EDGE ( 'NONE', *, *, #1359, .T. ) ;
#2902 = CARTESIAN_POINT ( 'NONE',  ( 2.749999999999643840, -0.9533549119909932035, 0.3479599525591422493 ) ) ;
#2903 = EDGE_CURVE ( 'NONE', #747, #1322, #3083, .T. ) ;
#2904 = ORIENTED_EDGE ( 'NONE', *, *, #738, .T. ) ;
#2905 = CARTESIAN_POINT ( 'NONE',  ( -1.407221109671971782, 1.902264446489855709, -1.682609173569500349 ) ) ;
#2906 = DIRECTION ( 'NONE',  ( 1.000000000000000000, 0.000000000000000000, 0.000000000000000000 ) ) ;
#2907 = DIRECTION ( 'NONE',  ( 0.2939614577219925584, 0.9558172740508309451, 0.000000000000000000 ) ) ;
#2908 = FACE_OUTER_BOUND ( 'NONE', #4800, .T. ) ;
#2909 = ADVANCED_FACE ( 'NONE', ( #3047 ), #2397, .T. ) ;
#2910 = FILL_AREA_STYLE ('',( #1983 ) ) ;
#2911 = CARTESIAN_POINT ( 'NONE',  ( 1.923195259079499397, -0.9464986299801918523, 0.3389303369963485024 ) ) ;
#2912 = ORIENTED_EDGE ( 'NONE', *, *, #4779, .T. ) ;
#2913 = CARTESIAN_POINT ( 'NONE',  ( 1.825255618724809903, -1.136100230906084141, -0.06478964060363859301 ) ) ;
#2914 = ORIENTED_EDGE ( 'NONE', *, *, #767, .F. ) ;
#2915 = CARTESIAN_POINT ( 'NONE',  ( 2.250000000000000000, -3.000000000000000000, -3.061616997868385483E-17 ) ) ;
#2916 = CARTESIAN_POINT ( 'NONE',  ( 2.157061772172924830, 2.330458798696879885, -0.7392877250436840075 ) ) ;
#2917 = LINE ( 'NONE', #1093, #2875 ) ;
#2918 = CARTESIAN_POINT ( 'NONE',  ( 1.731206415309739954, 1.343520637053975841, 1.750000000000000000 ) ) ;
#2919 = APPLICATION_PROTOCOL_DEFINITION ( 'draft international standard', 'automotive_design', 1998, #2125 ) ;
#2920 = EDGE_CURVE ( 'NONE', #2600, #2007, #530, .T. ) ;
#2921 = CARTESIAN_POINT ( 'NONE',  ( -1.750000000000000000, -0.8050148418556498653, 0.5400853469422319808 ) ) ;
#2922 = CARTESIAN_POINT ( 'NONE',  ( 1.342554645929104895, -0.5221222778804268660, 0.8651223456962698899 ) ) ;
#2923 = CARTESIAN_POINT ( 'NONE',  ( -2.567553094006575609, -0.7159033472667259979, 6.407840882373306419E-07 ) ) ;
#2924 = VERTEX_POINT ( 'NONE', #2693 ) ;
#2925 = VERTEX_POINT ( 'NONE', #827 ) ;
#2926 = CARTESIAN_POINT ( 'NONE',  ( 2.750000000000015099, 0.2091053074974763559, -1.629239150284208959 ) ) ;
#2927 = EDGE_CURVE ( 'NONE', #3912, #1201, #947, .T. ) ;
#2928 = DIRECTION ( 'NONE',  ( 0.000000000000000000, 0.000000000000000000, 1.000000000000000000 ) ) ;
#2929 = CARTESIAN_POINT ( 'NONE',  ( 1.750000000000000000, -0.07291454520837059583, -1.496147290704068045 ) ) ;
#2930 = CARTESIAN_POINT ( 'NONE',  ( -1.749999999999987343, -0.7346410462580393874, 0.6659564502992403323 ) ) ;
#2931 = CARTESIAN_POINT ( 'NONE',  ( -1.383293044939168048, -0.5441299923377680425, 0.8361457084366060721 ) ) ;
#2932 = CARTESIAN_POINT ( 'NONE',  ( 1.415412908788152180, -0.5614817982303464960, 0.7805487259757964980 ) ) ;
#2933 = CARTESIAN_POINT ( 'NONE',  ( 2.680310438374349680, 1.597598518490650044, 1.013262025688163925 ) ) ;
#2934 = CARTESIAN_POINT ( 'NONE',  ( -2.388267924534530184, -0.9624452732385250231, -0.04554302173035329471 ) ) ;
#2935 = ORIENTED_EDGE ( 'NONE', *, *, #4563, .F. ) ;
#2936 = CARTESIAN_POINT ( 'NONE',  ( -1.749999999977009946, 1.305713610127001933, 1.750000000000000000 ) ) ;
#2937 = CARTESIAN_POINT ( 'NONE',  ( -1.062378376143036096, 2.415094740217637703, 1.431465688591168739 ) ) ;
#2938 = ORIENTED_EDGE ( 'NONE', *, *, #3120, .F. ) ;
#2939 = FACE_OUTER_BOUND ( 'NONE', #874, .T. ) ;
#2940 = SHAPE_REPRESENTATION ( 'FG26X7S2A225KRT06', ( #4935 ), #2381 ) ;
#2941 = CARTESIAN_POINT ( 'NONE',  ( 2.749999999999983125, -0.4503512047345999414, -1.097196676375681967 ) ) ;
#2942 = CARTESIAN_POINT ( 'NONE',  ( -2.750000000000011102, -0.2299485586070026955, -1.327180396785905270 ) ) ;
#2943 = CARTESIAN_POINT ( 'NONE',  ( 1.097035558676147549, 2.361942460657097342, 1.470245223775889398 ) ) ;
#2944 = ORIENTED_EDGE ( 'NONE', *, *, #1318, .F. ) ;
#2945 = CARTESIAN_POINT ( 'NONE',  ( 2.750000000000004441, -0.5287650426561394390, 1.006287614391022434 ) ) ;
#2946 = ORIENTED_EDGE ( 'NONE', *, *, #1345, .F. ) ;
#2947 = CARTESIAN_POINT ( 'NONE',  ( -1.750000000000000000, 0.2364966434282549934, 1.638945776497459983 ) ) ;
#2948 = CARTESIAN_POINT ( 'NONE',  ( 2.637949370633243973, 1.785548781732651413, -0.7499999999999982236 ) ) ;
#2949 = CARTESIAN_POINT ( 'NONE',  ( -2.660502445350930056, 1.720489697545769969, 0.7500000000000000000 ) ) ;
#2950 = FACE_OUTER_BOUND ( 'NONE', #512, .T. ) ;
#2951 = CARTESIAN_POINT ( 'NONE',  ( -1.476238136699154158, -0.7163377749500883240, -0.1362593111497213128 ) ) ;
#2952 = LINE ( 'NONE', #4503, #4815 ) ;
#2953 = ORIENTED_EDGE ( 'NONE', *, *, #423, .T. ) ;
#2954 = CARTESIAN_POINT ( 'NONE',  ( -1.766276015400870092, -0.8908168466576259492, 0.4116682629721420406 ) ) ;
#2955 =( BOUNDED_SURFACE ( )  B_SPLINE_SURFACE ( 3, 2, ( 
 ( #408, #2170, #1122 ),
 ( #1410, #1755, #1792 ),
 ( #1088, #4330, #2974 ),
 ( #3137, #3093, #2279 ),
 ( #2316, #7, #3363 ),
 ( #2707, #2347, #3485 ),
 ( #700, #4504, #4232 ),
 ( #3838, #776, #4737 ),
 ( #3871, #4616, #3728 ),
 ( #990, #5048, #310 ),
 ( #1888, #2672, #3515 ),
 ( #3901, #4265, #4654 ),
 ( #5078, #344, #4301 ),
 ( #2737, #736, #1550 ),
 ( #1920, #378, #1153 ),
 ( #1585, #1951, #3172 ),
 ( #3546, #3938, #30 ),
 ( #2136, #2541, #2931 ) ),
 .UNSPECIFIED., .F., .F., .F. ) 
 B_SPLINE_SURFACE_WITH_KNOTS ( ( 4, 2, 2, 2, 2, 2, 2, 2, 4 ),
 ( 3, 3 ),
 ( 0.000000000000000000, 0.0004128546648185044891, 0.0008257093296370089782, 0.001238563994455511895, 0.001651418659274014921, 0.002064273324092520331, 0.002477127988911025092, 0.002889982653729530285, 0.003302837318548035046 ),
 ( 0.000000000000000000, 1.000000000000000000 ),
 .UNSPECIFIED. ) 
 GEOMETRIC_REPRESENTATION_ITEM ( )  RATIONAL_B_SPLINE_SURFACE ( (
 ( 1.000000000000000000, 0.9149918115556220366, 1.000000000000000000),
 ( 1.000000000000000000, 0.9096238638260439879, 1.000000000000000000),
 ( 1.000000000000000000, 0.9116811906873050209, 1.000000000000000000),
 ( 1.000000000000000000, 0.9162262247529849857, 1.000000000000000000),
 ( 1.000000000000000000, 0.9160226706879640579, 1.000000000000000000),
 ( 1.000000000000000000, 0.9118591160315120403, 1.000000000000000000),
 ( 1.000000000000000000, 0.9081059297747309245, 1.000000000000000000),
 ( 1.000000000000000000, 0.9021035078383840000, 1.000000000000000000),
 ( 1.000000000000000000, 0.9000064888633630966, 1.000000000000000000),
 ( 1.000000000000000000, 0.9000267920575399927, 1.000000000000000000),
 ( 1.000000000000000000, 0.9020996829726439792, 1.000000000000000000),
 ( 1.000000000000000000, 0.9081123329498449470, 1.000000000000000000),
 ( 1.000000000000000000, 0.9119285146107679596, 1.000000000000000000),
 ( 1.000000000000000000, 0.9160313610227360792, 1.000000000000000000),
 ( 1.000000000000000000, 0.9162266683030089176, 1.000000000000000000),
 ( 1.000000000000000000, 0.9117101938171859876, 1.000000000000000000),
 ( 1.000000000000000000, 0.9096030995604600378, 1.000000000000000000),
 ( 1.000000000000000000, 0.9149918115556220366, 1.000000000000000000) ) ) 
 REPRESENTATION_ITEM ( '' )  SURFACE ( )  );
#2956 = EDGE_LOOP ( 'NONE', ( #5011, #2533, #4572, #813 ) ) ;
#2957 = CARTESIAN_POINT ( 'NONE',  ( -1.463629297337912138, -0.7699048365868890187, 0.04174111343459940143 ) ) ;
#2958 = CARTESIAN_POINT ( 'NONE',  ( 1.368037835632131882, 1.960429522471090369, -1.669741380369189843 ) ) ;
#2959 = CYLINDRICAL_SURFACE ( 'NONE', #1374, 0.1781093808680220825 ) ;
#2960 = ADVANCED_FACE ( 'NONE', ( #3059 ), #453, .T. ) ;
#2961 = CARTESIAN_POINT ( 'NONE',  ( 2.642650025473490150, 1.759458342559404809, 0.7499999999999910072 ) ) ;
#2962 = AXIS2_PLACEMENT_3D ( 'NONE', #4872, #3688, #2852 ) ;
#2963 = CARTESIAN_POINT ( 'NONE',  ( 2.749999999999968914, -0.6706626122433991810, -0.7960816513373820680 ) ) ;
#2964 = CARTESIAN_POINT ( 'NONE',  ( 2.000000000000000000, -3.000000000000000000, 0.000000000000000000 ) ) ;
#2965 = CARTESIAN_POINT ( 'NONE',  ( 1.333293968854713851, -0.3976471493511057331, 1.154300435122045831 ) ) ;
#2966 = ORIENTED_EDGE ( 'NONE', *, *, #4563, .T. ) ;
#2967 = VERTEX_POINT ( 'NONE', #2337 ) ;
#2968 = AXIS2_PLACEMENT_3D ( 'NONE', #3384, #620, #4461 ) ;
#2969 = VECTOR ( 'NONE', #126, 1000.000000000000000 ) ;
#2970 = DIRECTION ( 'NONE',  ( 0.7783125351197569541, -0.6278770561785620430, 0.000000000000000000 ) ) ;
#2971 = CARTESIAN_POINT ( 'NONE',  ( 1.750000000000000000, 0.1864541761086874749, -1.750000000000000000 ) ) ;
#2972 = CARTESIAN_POINT ( 'NONE',  ( -1.872513856747549887, 2.524511802675069916, -0.7130193092114480713 ) ) ;
#2973 = CARTESIAN_POINT ( 'NONE',  ( -1.812535957079619786, -1.135927216164721809, 1.530679359383375032E-12 ) ) ;
#2974 = CARTESIAN_POINT ( 'NONE',  ( 1.182822208103030182, -0.4430267584728770358, 0.9596658193451209629 ) ) ;
#2975 = CARTESIAN_POINT ( 'NONE',  ( 1.600704717023451629, -0.8925627278551124810, -0.3294473910780058024 ) ) ;
#2976 = CIRCLE ( 'NONE', #1274, 0.2500000000000000000 ) ;
#2977 = CARTESIAN_POINT ( 'NONE',  ( 2.410826750576064992, 1.311026471390593917, 1.503386811796500133 ) ) ;
#2978 = ORIENTED_EDGE ( 'NONE', *, *, #1635, .T. ) ;
#2979 = EDGE_CURVE ( 'NONE', #4701, #4910, #3163, .T. ) ;
#2980 = CARTESIAN_POINT ( 'NONE',  ( -0.9091841809915048866, 2.634387527092544090, 1.218367998320307954 ) ) ;
#2981 = VERTEX_POINT ( 'NONE', #3890 ) ;
#2982 = CIRCLE ( 'NONE', #2146, 0.2500000000000000000 ) ;
#2983 = EDGE_CURVE ( 'NONE', #2583, #87, #2734, .T. ) ;
#2984 = CARTESIAN_POINT ( 'NONE',  ( 2.750000000000004441, -0.1115487201350259805, -1.436396621963772491 ) ) ;
#2985 = CARTESIAN_POINT ( 'NONE',  ( -1.750000000000000000, -0.5816251537179810693, -0.9366453718570000309 ) ) ;
#2986 = CARTESIAN_POINT ( 'NONE',  ( -2.345986066849691021, -0.8680741576520433211, 0.1709793566028703637 ) ) ;
#2987 = VECTOR ( 'NONE', #1097, 1000.000000000000114 ) ;
#2988 = DIRECTION ( 'NONE',  ( 0.9558172740508310561, -0.2939614577219920033, 0.000000000000000000 ) ) ;
#2989 = EDGE_LOOP ( 'NONE', ( #1471, #500, #3136, #1026, #4684, #600 ) ) ;
#2990 = CARTESIAN_POINT ( 'NONE',  ( 1.750000000000000000, -0.9185667535381091264, 0.3763592074118825015 ) ) ;
#2991 = ORIENTED_EDGE ( 'NONE', *, *, #1964, .T. ) ;
#2992 = CARTESIAN_POINT ( 'NONE',  ( -1.695203652891880131, 1.393856782217540058, -0.7500000000000000000 ) ) ;
#2993 = CARTESIAN_POINT ( 'NONE',  ( -2.680990434843605108, 1.671407826974844912, 0.7500000000000000000 ) ) ;
#2994 = CARTESIAN_POINT ( 'NONE',  ( -2.228504173520029941, 1.455705217667756068, -1.618080288465344907 ) ) ;
#2995 = ADVANCED_FACE ( 'NONE', ( #1428 ), #4936, .T. ) ;
#2996 = ORIENTED_EDGE ( 'NONE', *, *, #423, .F. ) ;
#2997 = CARTESIAN_POINT ( 'NONE',  ( -2.473516188011640082, 2.021733838396099880, 0.7500000000000000000 ) ) ;
#2998 = VERTEX_POINT ( 'NONE', #1369 ) ;
#2999 = CARTESIAN_POINT ( 'NONE',  ( -1.592180430793339818, -0.5629151138443450053, 0.9637639346429590637 ) ) ;
#3000 = CARTESIAN_POINT ( 'NONE',  ( 1.176517252566542160, 2.824517946322030237, -0.5746882633377590199 ) ) ;
#3001 = CARTESIAN_POINT ( 'NONE',  ( -2.750000000000000000, -0.5011213312326560088, -0.5450932145654309169 ) ) ;
#3002 = CARTESIAN_POINT ( 'NONE',  ( 2.749999999999940492, -0.7864913290421416958, -0.5736641189110673889 ) ) ;
#3003 = CARTESIAN_POINT ( 'NONE',  ( -1.458782868584580950, -0.7841054049599196496, 0.08126367558195085605 ) ) ;
#3004 = CARTESIAN_POINT ( 'NONE',  ( -2.438064599174958769, -0.8973407579429272252, 6.813011511876544517E-05 ) ) ;
#3005 = LINE ( 'NONE', #541, #1350 ) ;
#3006 = ORIENTED_EDGE ( 'NONE', *, *, #2354, .T. ) ;
#3007 = VERTEX_POINT ( 'NONE', #111 ) ;
#3008 = ADVANCED_FACE ( 'NONE', ( #1376 ), #2306, .T. ) ;
#3009 = CARTESIAN_POINT ( 'NONE',  ( 1.750000000000000000, 0.3057116412357614998, 1.662007891990364916 ) ) ;
#3010 = CARTESIAN_POINT ( 'NONE',  ( -1.736027165029264907, -0.9051617646291628683, -0.3917641067662553378 ) ) ;
#3011 = CARTESIAN_POINT ( 'NONE',  ( -1.555388767994132060, -0.5292540652302087922, -1.005995357584094974 ) ) ;
#3012 = CARTESIAN_POINT ( 'NONE',  ( -2.503573600017194867, 1.984474855436060059, -0.7500000000000000000 ) ) ;
#3013 = CARTESIAN_POINT ( 'NONE',  ( 2.617775617867924787, 1.362627514420279962, 1.251262603767701931 ) ) ;
#3014 = CARTESIAN_POINT ( 'NONE',  ( -1.108346077942550245, -0.4136350912553963810, -0.9934621151386007210 ) ) ;
#3015 = ORIENTED_EDGE ( 'NONE', *, *, #738, .F. ) ;
#3016 = CARTESIAN_POINT ( 'NONE',  ( -1.088942865508732538, 2.374302010281307940, 1.461568281946167058 ) ) ;
#3017 = ORIENTED_EDGE ( 'NONE', *, *, #4345, .F. ) ;
#3018 = FACE_OUTER_BOUND ( 'NONE', #690, .T. ) ;
#3019 = CARTESIAN_POINT ( 'NONE',  ( 1.750000000000000000, -0.2299484706700369863, -1.327180304835557934 ) ) ;
#3020 = CARTESIAN_POINT ( 'NONE',  ( -2.750000000000004441, -0.4879903627406867450, -1.054900969572194480 ) ) ;
#3021 = CARTESIAN_POINT ( 'NONE',  ( 1.662398367258000054, -0.6476208412197640429, -0.8356473848237360169 ) ) ;
#3022 = CIRCLE ( 'NONE', #3982, 1.000000000000000000 ) ;
#3023 = CARTESIAN_POINT ( 'NONE',  ( 2.750000000000000000, 1.313753328945239884, -0.8809232947589090701 ) ) ;
#3024 = ORIENTED_EDGE ( 'NONE', *, *, #882, .F. ) ;
#3025 = CARTESIAN_POINT ( 'NONE',  ( 2.750000000000000000, 0.2253414237500259709, 0.3452518607287995422 ) ) ;
#3026 = VERTEX_POINT ( 'NONE', #2416 ) ;
#3027 = CARTESIAN_POINT ( 'NONE',  ( 1.750000000000000000, 1.080205472464321970, 0.7500000000000000000 ) ) ;
#3028 = CARTESIAN_POINT ( 'NONE',  ( -2.750000000000000000, 2.203528862443920211, -0.7500000000000000000 ) ) ;
#3029 = CARTESIAN_POINT ( 'NONE',  ( -2.750000000000000000, 0.5844352076875101165, -0.7048444188957319056 ) ) ;
#3030 = CARTESIAN_POINT ( 'NONE',  ( -1.815171901016755074, 1.314072515766970151, -1.750000000000365041 ) ) ;
#3031 = DIRECTION ( 'NONE',  ( 0.000000000000000000, 0.000000000000000000, 1.000000000000000000 ) ) ;
#3032 = VECTOR ( 'NONE', #208, 1000.000000000000000 ) ;
#3033 = ORIENTED_EDGE ( 'NONE', *, *, #2903, .F. ) ;
#3034 = CARTESIAN_POINT ( 'NONE',  ( -1.860369703299220134, -0.9860637398610170301, -0.3225038611963990109 ) ) ;
#3035 = ORIENTED_EDGE ( 'NONE', *, *, #2983, .F. ) ;
#3036 = CARTESIAN_POINT ( 'NONE',  ( 2.338990063244875017, 2.172244753877034640, 0.7483856171563439963 ) ) ;
#3037 = CARTESIAN_POINT ( 'NONE',  ( -0.6435686106824329844, 2.948535221846104726, 0.3627100966231133206 ) ) ;
#3038 = TOROIDAL_SURFACE ( 'NONE', #437, 0.5000000000000000000, 0.2500000000000000000 ) ;
#3039 = CARTESIAN_POINT ( 'NONE',  ( -1.750000000000000000, -0.6303264828471839554, 0.8632491802846159468 ) ) ;
#3040 = CARTESIAN_POINT ( 'NONE',  ( -1.676721750946580380, -0.6693648955696538394, 0.7969075985772569037 ) ) ;
#3041 = DIRECTION ( 'NONE',  ( 0.000000000000000000, 0.000000000000000000, -1.000000000000000000 ) ) ;
#3042 = DIRECTION ( 'NONE',  ( 0.000000000000000000, 0.000000000000000000, -1.000000000000000000 ) ) ;
#3043 = EDGE_CURVE ( 'NONE', #3904, #2392, #1483, .T. ) ;
#3044 = FACE_OUTER_BOUND ( 'NONE', #3618, .T. ) ;
#3045 = ORIENTED_EDGE ( 'NONE', *, *, #1059, .F. ) ;
#3046 = ORIENTED_EDGE ( 'NONE', *, *, #4058, .F. ) ;
#3047 = FACE_OUTER_BOUND ( 'NONE', #1161, .T. ) ;
#3048 = CARTESIAN_POINT ( 'NONE',  ( 2.749999999999996891, 1.080205472464321748, 1.749999999999998446 ) ) ;
#3049 = CARTESIAN_POINT ( 'NONE',  ( -1.734099181521356225, -0.9054170907353505937, -0.3910903450686342153 ) ) ;
#3050 = CARTESIAN_POINT ( 'NONE',  ( 2.749999999999993783, 0.1455552929554101982, -1.601213704947926919 ) ) ;
#3051 = CARTESIAN_POINT ( 'NONE',  ( -1.219792352644210043, 2.176958439620455099, -1.583684009829319894 ) ) ;
#3052 = CARTESIAN_POINT ( 'NONE',  ( 1.746303492493000098, 1.315041641081427848, -1.750000000000000000 ) ) ;
#3053 = CARTESIAN_POINT ( 'NONE',  ( 1.738710974021708822, -0.7778986302719561596, -0.5885856081817634200 ) ) ;
#3054 = CARTESIAN_POINT ( 'NONE',  ( 2.392492037920940007, 1.465041897139951921, 1.503295561499319977 ) ) ;
#3055 = CARTESIAN_POINT ( 'NONE',  ( 1.762227400237595720, -0.8978028688402426294, 0.4031319982903599497 ) ) ;
#3056 = EDGE_LOOP ( 'NONE', ( #468, #175, #3015, #251 ) ) ;
#3057 = CARTESIAN_POINT ( 'NONE',  ( -1.459987120856723886, -0.6233737205198220943, -0.4848127269704340381 ) ) ;
#3058 = ORIENTED_EDGE ( 'NONE', *, *, #2587, .T. ) ;
#3059 = FACE_OUTER_BOUND ( 'NONE', #2085, .T. ) ;
#3060 = CARTESIAN_POINT ( 'NONE',  ( 2.750000000000000000, 0.3765693166093370126, -0.5170000814693669344 ) ) ;
#3061 = CARTESIAN_POINT ( 'NONE',  ( -2.750000000000000000, 1.313753328945229892, -0.7499999998043099803 ) ) ;
#3062 = CARTESIAN_POINT ( 'NONE',  ( 2.744173366470369579, 1.431918564683484218, -0.8811353443190680368 ) ) ;
#3063 = ORIENTED_EDGE ( 'NONE', *, *, #2262, .T. ) ;
#3064 = CARTESIAN_POINT ( 'NONE',  ( 2.749999999999996891, -0.6881264330000355089, 0.7633755813658769096 ) ) ;
#3065 = ORIENTED_EDGE ( 'NONE', *, *, #585, .T. ) ;
#3066 = CARTESIAN_POINT ( 'NONE',  ( -2.750000000000000000, 0.5648567773370749556, 0.6931091090152290413 ) ) ;
#3067 = TOROIDAL_SURFACE ( 'NONE', #618, 0.5000000000000000000, 0.2500000000000000000 ) ;
#3068 = CARTESIAN_POINT ( 'NONE',  ( -1.470997179771087460, -0.7486672621758547752, -0.07155673805794962594 ) ) ;
#3069 = CARTESIAN_POINT ( 'NONE',  ( 1.764012923615290607, -0.8639898711081851479, -0.4433867994558720049 ) ) ;
#3070 = ORIENTED_EDGE ( 'NONE', *, *, #1464, .F. ) ;
#3071 = CARTESIAN_POINT ( 'NONE',  ( -1.978045971419869709, -1.137120473405585974, -0.05117041239311730105 ) ) ;
#3072 = ORIENTED_EDGE ( 'NONE', *, *, #4058, .T. ) ;
#3073 = CARTESIAN_POINT ( 'NONE',  ( -1.731757144955980099, -0.7621910331179240217, 0.6177299682499539646 ) ) ;
#3074 = CARTESIAN_POINT ( 'NONE',  ( 0.5559070271099411098, 2.963266175807860225, -0.4790365096749855667 ) ) ;
#3075 = VECTOR ( 'NONE', #715, 1000.000000000000000 ) ;
#3076 = CARTESIAN_POINT ( 'NONE',  ( 1.747157069405290031, 1.313087684953077927, 1.750000000000000000 ) ) ;
#3077 = CARTESIAN_POINT ( 'NONE',  ( 1.479963529793403731, -0.6144561456486763440, 0.8938604125768370157 ) ) ;
#3078 = CARTESIAN_POINT ( 'NONE',  ( -1.021225630687064401, -0.3793873585661888814, 1.032764122542988883 ) ) ;
#3079 = CARTESIAN_POINT ( 'NONE',  ( 2.750000000000000000, 0.03784415118891664570, -2.818925648462309951E-15 ) ) ;
#3080 = CYLINDRICAL_SURFACE ( 'NONE', #5018, 0.2500000000000002220 ) ;
#3081 = ORIENTED_EDGE ( 'NONE', *, *, #4903, .F. ) ;
#3082 = ORIENTED_EDGE ( 'NONE', *, *, #3310, .T. ) ;
#3083 = LINE ( 'NONE', #3530, #3129 ) ;
#3084 = CARTESIAN_POINT ( 'NONE',  ( 1.750000000000000000, 0.2091087352659974918, 1.629231373670184890 ) ) ;
#3085 = CARTESIAN_POINT ( 'NONE',  ( -1.695203652891880131, 1.393856782217540058, -1.750000000000000000 ) ) ;
#3086 = CARTESIAN_POINT ( 'NONE',  ( 2.750000000000000000, 0.7606580517196659397, -0.7358532461119049461 ) ) ;
#3087 = DIRECTION ( 'NONE',  ( -1.000000000000000000, 0.000000000000000000, 0.000000000000000000 ) ) ;
#3088 = CARTESIAN_POINT ( 'NONE',  ( -1.195720548530281757, 2.818297194535825057, -0.5800339500142114302 ) ) ;
#3089 = CARTESIAN_POINT ( 'NONE',  ( -2.602332224131090221, 1.836075383939434813, -0.7500000000000000000 ) ) ;
#3090 = CARTESIAN_POINT ( 'NONE',  ( 2.070252609548785205, 1.346208964834730182, 1.698936035049444904 ) ) ;
#3091 = DIRECTION ( 'NONE',  ( 1.000000000000000000, 0.000000000000000000, 0.000000000000000000 ) ) ;
#3092 = ORIENTED_EDGE ( 'NONE', *, *, #4145, .F. ) ;
#3093 = CARTESIAN_POINT ( 'NONE',  ( 1.006961647545068450, -0.3711015499761422531, 1.182598472572822690 ) ) ;
#3094 = CARTESIAN_POINT ( 'NONE',  ( -1.434149009422569954, -0.5848171487614650665, -0.6827729056360869464 ) ) ;
#3095 = ORIENTED_EDGE ( 'NONE', *, *, #71, .F. ) ;
#3096 = EDGE_CURVE ( 'NONE', #4749, #2668, #1583, .T. ) ;
#3097 = AXIS2_PLACEMENT_3D ( 'NONE', #1572, #2725, #4682 ) ;
#3098 = CARTESIAN_POINT ( 'NONE',  ( 1.750000000000000000, -0.05569003863559510159, -1.480015538424005905 ) ) ;
#3099 = CARTESIAN_POINT ( 'NONE',  ( 1.525882758779729897, -0.2801826992907135438, -0.8361457084366070713 ) ) ;
#3100 = CARTESIAN_POINT ( 'NONE',  ( 1.561819054847255028, -0.5334186584040020440, -1.001024416086897961 ) ) ;
#3101 = FACE_OUTER_BOUND ( 'NONE', #2049, .T. ) ;
#3102 = CARTESIAN_POINT ( 'NONE',  ( 2.744173366473304565, 1.431918564667415961, -0.7499999999633629733 ) ) ;
#3103 = ORIENTED_EDGE ( 'NONE', *, *, #2042, .T. ) ;
#3104 = CARTESIAN_POINT ( 'NONE',  ( -2.070252611842144930, 1.346208941649229995, 1.698936035174994919 ) ) ;
#3105 = B_SPLINE_CURVE_WITH_KNOTS ( 'NONE', 3,
 ( #1238, #45, #5098, #4251, #328, #1202, #2398, #3592, #719, #1108, #428, #760 ),
 .UNSPECIFIED., .F., .F.,
 ( 4, 2, 2, 2, 2, 4 ),
 ( 0.000000000000000000, 0.2499999999999973910, 0.3749999999999952816, 0.4374999999999946709, 0.4999999999999940603, 1.000000000000000000 ),
 .UNSPECIFIED. ) ;
#3106 = EDGE_LOOP ( 'NONE', ( #1311, #1849, #3580, #4631 ) ) ;
#3107 = CARTESIAN_POINT ( 'NONE',  ( -2.750000000000000000, 0.9885278732850569794, 0.7500000143801990315 ) ) ;
#3108 = CARTESIAN_POINT ( 'NONE',  ( -2.750000000000000000, 0.03784415118891609753, 3.361026734705064929E-15 ) ) ;
#3109 = FACE_OUTER_BOUND ( 'NONE', #3056, .T. ) ;
#3110 = CARTESIAN_POINT ( 'NONE',  ( 2.130633441690474861, -1.098132088634727888, 0.02455615428224160179 ) ) ;
#3111 = CARTESIAN_POINT ( 'NONE',  ( -1.877266026062134996, 1.337470577698729901, -1.743523089112559932 ) ) ;
#3112 = CARTESIAN_POINT ( 'NONE',  ( -1.715546096726584979, 2.068189222679360562, -1.750000000000000000 ) ) ;
#3113 = CIRCLE ( 'NONE', #477, 0.2500000000000000000 ) ;
#3114 = EDGE_LOOP ( 'NONE', ( #3257, #1179, #4161, #4295 ) ) ;
#3115 = CARTESIAN_POINT ( 'NONE',  ( 2.736368737778693383, 1.313585834803183694, -0.9496230856828082878 ) ) ;
#3116 = ORIENTED_EDGE ( 'NONE', *, *, #2481, .T. ) ;
#3117 = CARTESIAN_POINT ( 'NONE',  ( 2.157061772172899961, 2.330458798696894984, 0.7392877250437019931 ) ) ;
#3118 = CARTESIAN_POINT ( 'NONE',  ( -1.403896588296349668, 2.745463825280811676, 0.6336951128230992047 ) ) ;
#3119 = VECTOR ( 'NONE', #3189, 1000.000000000000000 ) ;
#3120 = EDGE_CURVE ( 'NONE', #1477, #3314, #1388, .T. ) ;
#3121 = CARTESIAN_POINT ( 'NONE',  ( 2.688708527508112844, 1.651878752222466940, 1.749999999999990008 ) ) ;
#3122 = CARTESIAN_POINT ( 'NONE',  ( 1.749999999977009946, 1.305713610126999935, -1.750000000000000000 ) ) ;
#3123 = CARTESIAN_POINT ( 'NONE',  ( 1.994638476042591702, 1.398484533393832496, -1.724028133352206504 ) ) ;
#3124 = CARTESIAN_POINT ( 'NONE',  ( -1.146446609406729822, -1.446446609406723871, 0.000000000000000000 ) ) ;
#3125 = CARTESIAN_POINT ( 'NONE',  ( -0.6932812815960499586, 2.838525436799230306, 0.8892312966951120279 ) ) ;
#3126 = FACE_OUTER_BOUND ( 'NONE', #1890, .T. ) ;
#3127 = ORIENTED_EDGE ( 'NONE', *, *, #3516, .T. ) ;
#3128 = ORIENTED_EDGE ( 'NONE', *, *, #573, .F. ) ;
#3129 = VECTOR ( 'NONE', #459, 1000.000000000000000 ) ;
#3130 = CARTESIAN_POINT ( 'NONE',  ( 1.750000000000000000, -0.3134904819046645530, 1.242407091183863832 ) ) ;
#3131 = CARTESIAN_POINT ( 'NONE',  ( -2.750000000000000000, 0.5598347546133639607, -0.6904058809802749996 ) ) ;
#3132 = CARTESIAN_POINT ( 'NONE',  ( 1.750000000000000000, -0.6367619789567956490, 0.9027900681922296222 ) ) ;
#3133 = CARTESIAN_POINT ( 'NONE',  ( -0.7452878795843064230, 2.932547810011781664, -0.4120861000678228692 ) ) ;
#3134 = DIRECTION ( 'NONE',  ( 0.7071067811865436870, -0.7071067811865514585, 0.000000000000000000 ) ) ;
#3135 = CARTESIAN_POINT ( 'NONE',  ( 1.750000000000000000, 1.080205472464321970, -1.750000000000000000 ) ) ;
#3136 = ORIENTED_EDGE ( 'NONE', *, *, #2612, .F. ) ;
#3137 = CARTESIAN_POINT ( 'NONE',  ( 1.065979439369712178, -0.2895183946315434964, 1.267027511184049882 ) ) ;
#3138 = CIRCLE ( 'NONE', #3410, 0.3000000000000000999 ) ;
#3139 = CARTESIAN_POINT ( 'NONE',  ( -2.750000000000000000, -0.2062037525644890013, 0.3347777547353694705 ) ) ;
#3140 = CARTESIAN_POINT ( 'NONE',  ( 1.396807910214941995, -0.5514309983455190078, -0.8127524926843490150 ) ) ;
#3141 = CARTESIAN_POINT ( 'NONE',  ( 2.522626244541424700, 1.497258677997939991, -1.360578503702409847 ) ) ;
#3142 = ORIENTED_EDGE ( 'NONE', *, *, #2468, .F. ) ;
#3143 = CARTESIAN_POINT ( 'NONE',  ( -2.164418231407829740, 1.462872803843928038, 1.648823830363564946 ) ) ;
#3144 = CARTESIAN_POINT ( 'NONE',  ( -2.749999999999996891, -0.5816248407711565038, 0.9366451569461780036 ) ) ;
#3145 = CARTESIAN_POINT ( 'NONE',  ( -1.717089923061080103, 1.366726696395670126, 1.750000000000000000 ) ) ;
#3146 = CARTESIAN_POINT ( 'NONE',  ( 1.077847618005087993, 2.854950820517189847, -0.5442077818818320534 ) ) ;
#3147 = CARTESIAN_POINT ( 'NONE',  ( -1.475990912624985718, -0.6844312249912916091, 0.2240422781771630734 ) ) ;
#3148 = DIRECTION ( 'NONE',  ( -1.000000000000000000, 0.000000000000000000, 0.000000000000000000 ) ) ;
#3149 = VECTOR ( 'NONE', #696, 1000.000000000000000 ) ;
#3150 = ORIENTED_EDGE ( 'NONE', *, *, #2224, .T. ) ;
#3151 = CARTESIAN_POINT ( 'NONE',  ( -2.750000000000000000, 1.313753328945229892, -0.7499999998043099803 ) ) ;
#3152 = CARTESIAN_POINT ( 'NONE',  ( 2.146980728860994780, -2.522091362974585138, 0.000000000000000000 ) ) ;
#3153 = CARTESIAN_POINT ( 'NONE',  ( 1.332087511739331820, 2.772518804196869802, -0.6172337592137560058 ) ) ;
#3154 = CYLINDRICAL_SURFACE ( 'NONE', #1104, 2.910363604108064717 ) ;
#3155 = CARTESIAN_POINT ( 'NONE',  ( 2.680986552084729801, 1.671405668217254004, 1.749999999999998446 ) ) ;
#3156 = EDGE_CURVE ( 'NONE', #2556, #1587, #4299, .T. ) ;
#3157 = CARTESIAN_POINT ( 'NONE',  ( -1.500000000000000000, -1.800000000000000044, 0.000000000000000000 ) ) ;
#3158 = CARTESIAN_POINT ( 'NONE',  ( 1.525882758779729897, -0.5101445300705829133, 1.028804879991896071 ) ) ;
#3159 = CARTESIAN_POINT ( 'NONE',  ( 2.221013835356905552, 1.484329338351645600, 1.623755715014377987 ) ) ;
#3160 = CARTESIAN_POINT ( 'NONE',  ( -1.651329029168359996, 2.641647666793945248, 0.6818168900820330558 ) ) ;
#3161 = LINE ( 'NONE', #3389, #4738 ) ;
#3162 = ORIENTED_EDGE ( 'NONE', *, *, #4376, .T. ) ;
#3163 = CIRCLE ( 'NONE', #3097, 0.2500000000000000000 ) ;
#3164 = CARTESIAN_POINT ( 'NONE',  ( 2.749999999999996891, -0.1874147972889177449, 1.367857413307129288 ) ) ;
#3165 = CARTESIAN_POINT ( 'NONE',  ( -1.750000000000000000, 1.080205472464321970, -1.750000000000000000 ) ) ;
#3166 = CARTESIAN_POINT ( 'NONE',  ( -1.831389411370949905, -0.2175101209390850054, -5.000000000000000000 ) ) ;
#3167 = CARTESIAN_POINT ( 'NONE',  ( -2.473516188011640082, 2.021733838396105210, -0.7500000000000000000 ) ) ;
#3168 = CARTESIAN_POINT ( 'NONE',  ( -2.473516188011348760, 2.021733838396466698, -1.749999999999998446 ) ) ;
#3169 = CARTESIAN_POINT ( 'NONE',  ( -0.8495117412266960377, -0.3187447248672802269, -1.101574503504707758 ) ) ;
#3170 = ORIENTED_EDGE ( 'NONE', *, *, #2920, .F. ) ;
#3171 =( GEOMETRIC_REPRESENTATION_CONTEXT ( 3 ) GLOBAL_UNCERTAINTY_ASSIGNED_CONTEXT ( ( #707 ) ) GLOBAL_UNIT_ASSIGNED_CONTEXT ( ( #4148, #3246, #3644 ) ) REPRESENTATION_CONTEXT ( 'NONE', 'WORKASPACE' ) );
#3172 = CARTESIAN_POINT ( 'NONE',  ( -1.181929942111314080, -0.4426398639190134987, 0.9601130190361150119 ) ) ;
#3173 = AXIS2_PLACEMENT_3D ( 'NONE', #48, #4802, #79 ) ;
#3174 = CYLINDRICAL_SURFACE ( 'NONE', #4954, 1.000000000000000000 ) ;
#3175 = CARTESIAN_POINT ( 'NONE',  ( 2.686959459431702779, -0.3876649987172173795, -9.055359745184998486E-06 ) ) ;
#3176 = AXIS2_PLACEMENT_3D ( 'NONE', #2868, #3238, #939 ) ;
#3177 = CARTESIAN_POINT ( 'NONE',  ( 1.452390345592763810, -0.6087211279589550550, -0.5684630426652099722 ) ) ;
#3178 = CARTESIAN_POINT ( 'NONE',  ( -2.750000000000000000, 0.3882204811230149932, 0.5293874118458919975 ) ) ;
#3179 = ORIENTED_EDGE ( 'NONE', *, *, #2262, .F. ) ;
#3180 = CARTESIAN_POINT ( 'NONE',  ( -1.875169011122664875, 1.344963887139793979, 1.743519928560330001 ) ) ;
#3181 = CARTESIAN_POINT ( 'NONE',  ( -1.750000000000000000, -0.1329050821947306005, 1.417367975582199957 ) ) ;
#3182 = CARTESIAN_POINT ( 'NONE',  ( 1.457008645922422074, -0.7823311822977619956, 0.02863575532958875097 ) ) ;
#3183 =( BOUNDED_SURFACE ( )  B_SPLINE_SURFACE ( 3, 2, ( 
 ( #1297, #1701, #3705 ),
 ( #4329, #4210, #644 ),
 ( #257, #1001, #1381 ),
 ( #2149, #1033, #4518 ) ),
 .UNSPECIFIED., .F., .F., .F. ) 
 B_SPLINE_SURFACE_WITH_KNOTS ( ( 4, 4 ),
 ( 3, 3 ),
 ( -4.069656976789785179E-05, 0.0004549538551908810209 ),
 ( 0.000000000000000000, 1.000000000000000000 ),
 .UNSPECIFIED. ) 
 GEOMETRIC_REPRESENTATION_ITEM ( )  RATIONAL_B_SPLINE_SURFACE ( (
 ( 1.000000000000000000, 0.8909216278258269561, 1.000000000000000000),
 ( 1.000000000000000000, 0.8491613082503489673, 1.000000000000000000),
 ( 1.000000000000000000, 0.7755477971764549450, 1.000000000000000000),
 ( 1.000000000000000000, 0.6934874227754320719, 1.000000000000000000) ) ) 
 REPRESENTATION_ITEM ( '' )  SURFACE ( )  );
#3184 = CIRCLE ( 'NONE', #2278, 0.2500000000000000000 ) ;
#3185 = CARTESIAN_POINT ( 'NONE',  ( -1.463861274984959104, -0.6343097570443555488, 0.4319967111851795716 ) ) ;
#3186 = CARTESIAN_POINT ( 'NONE',  ( -1.525882758779589787, -0.5101445300704938735, 1.028804879992004206 ) ) ;
#3187 = SHAPE_REPRESENTATION_RELATIONSHIP ( 'NONE' , 'NONE' ,  #2940, #1870 ) ;
#3188 = EDGE_LOOP ( 'NONE', ( #3024, #1779, #324, #3762 ) ) ;
#3189 = DIRECTION ( 'NONE',  ( -0.7071067811865515695, 0.7071067811865435759, 0.000000000000000000 ) ) ;
#3190 = CARTESIAN_POINT ( 'NONE',  ( 0.8805206788677959473, 2.671432320549010253, 1.173846480444261875 ) ) ;
#3191 = EDGE_CURVE ( 'NONE', #5038, #614, #3835, .T. ) ;
#3192 = CARTESIAN_POINT ( 'NONE',  ( 1.500000000000000000, -1.800000000000000044, 0.000000000000000000 ) ) ;
#3193 = B_SPLINE_CURVE_WITH_KNOTS ( 'NONE', 3,
 ( #2217, #2714, #2655, #4586, #355, #3460, #3029, #2745, #5058, #749, #4745, #4242, #1866, #4711, #321, #2253, #5025, #675, #712, #3108 ),
 .UNSPECIFIED., .F., .F.,
 ( 4, 2, 2, 2, 2, 2, 2, 2, 2, 4 ),
 ( 0.000000000000000000, 0.0003502484501062574939, 0.0004378105626328214202, 0.0005253726751593859427, 0.0006129347876859499774, 0.0007004969002125149878, 0.0008756211252656428403, 0.0009631832377922069834, 0.001050745350318771885, 0.001400993800425028024 ),
 .UNSPECIFIED. ) ;
#3194 = EDGE_CURVE ( 'NONE', #2007, #4609, #3138, .T. ) ;
#3195 = FACE_OUTER_BOUND ( 'NONE', #1879, .T. ) ;
#3196 = CARTESIAN_POINT ( 'NONE',  ( -1.803291050300940057, -1.128613586676283864, 0.02624974247027200142 ) ) ;
#3197 = CARTESIAN_POINT ( 'NONE',  ( -2.617831599021640088, 1.312690732165272101, 1.251150674154344111 ) ) ;
#3198 = CARTESIAN_POINT ( 'NONE',  ( -2.750000000000000000, 1.313753328945229892, -0.7499999998043099803 ) ) ;
#3199 = CARTESIAN_POINT ( 'NONE',  ( -1.701467599896214766, -1.026790136271555909, 0.05654510441476900268 ) ) ;
#3200 = CARTESIAN_POINT ( 'NONE',  ( 2.750000000000000000, 1.080205472464321970, 0.7500000000000000000 ) ) ;
#3201 = CARTESIAN_POINT ( 'NONE',  ( -0.9181661030670500434, 2.624865368398599852, 1.233308953748041947 ) ) ;
#3202 = EDGE_LOOP ( 'NONE', ( #2201, #2944, #557, #3796 ) ) ;
#3203 = CARTESIAN_POINT ( 'NONE',  ( 2.750000000000004441, -0.1329049294466202458, 1.417367805049629226 ) ) ;
#3204 = CARTESIAN_POINT ( 'NONE',  ( -1.750000000000000000, 0.2364966434281949859, -1.638945776497439999 ) ) ;
#3205 = CARTESIAN_POINT ( 'NONE',  ( 2.580987113963459922, -0.6829318340475459825, 2.098662818720565137E-16 ) ) ;
#3206 = EDGE_CURVE ( 'NONE', #2094, #4589, #1916, .T. ) ;
#3207 = CARTESIAN_POINT ( 'NONE',  ( -2.685062319797939523, 1.660316100149460183, -0.7500000000000000000 ) ) ;
#3208 = CARTESIAN_POINT ( 'NONE',  ( -2.500000000000000000, -12.00000000000000000, 0.000000000000000000 ) ) ;
#3209 = ORIENTED_EDGE ( 'NONE', *, *, #2228, .T. ) ;
#3210 = CARTESIAN_POINT ( 'NONE',  ( -2.319708892024915148, 1.521763586075645103, -1.545656162867865113 ) ) ;
#3211 = CARTESIAN_POINT ( 'NONE',  ( 2.522626218112785423, 1.497258789873833873, 1.360578503293796038 ) ) ;
#3212 = EDGE_CURVE ( 'NONE', #4049, #3574, #4736, .T. ) ;
#3213 = DIRECTION ( 'NONE',  ( 0.6278770561785631532, -0.7783125351197561770, 0.000000000000000000 ) ) ;
#3214 = CARTESIAN_POINT ( 'NONE',  ( 2.367823515654784661, 1.540009879497549861, -1.503461556251604936 ) ) ;
#3215 = ORIENTED_EDGE ( 'NONE', *, *, #885, .T. ) ;
#3216 = CARTESIAN_POINT ( 'NONE',  ( -1.750000000000000000, -0.5385372515406881000, 0.9943585300188669818 ) ) ;
#3217 = APPLICATION_PROTOCOL_DEFINITION ( 'draft international standard', 'automotive_design', 1998, #3680 ) ;
#3218 = CARTESIAN_POINT ( 'NONE',  ( 1.978596684993189747, -1.137136349986584083, 0.05112507007362220024 ) ) ;
#3219 = CARTESIAN_POINT ( 'NONE',  ( -1.427756302961399104, -0.5760027796597930738, -0.7258947891038105560 ) ) ;
#3220 = CARTESIAN_POINT ( 'NONE',  ( -0.8869797609445350117, -0.2298315123733256082, 1.326888933555373074 ) ) ;
#3221 = ORIENTED_EDGE ( 'NONE', *, *, #2295, .T. ) ;
#3222 = CARTESIAN_POINT ( 'NONE',  ( 1.750000000000075051, 0.8544593004390190760, -1.747680156139229890 ) ) ;
#3223 = CARTESIAN_POINT ( 'NONE',  ( 1.893507236521666304, 2.517140516250426785, 1.535438331116948829 ) ) ;
#3224 = CARTESIAN_POINT ( 'NONE',  ( 1.517709170700245025, -0.8430317070755840581, 0.2562738891372024486 ) ) ;
#3225 = CARTESIAN_POINT ( 'NONE',  ( -2.500000000000000000, -12.00000000000000000, 0.000000000000000000 ) ) ;
#3226 = CARTESIAN_POINT ( 'NONE',  ( -2.359881758143949959, 1.345602839727163991, 1.545183543014960081 ) ) ;
#3227 = CARTESIAN_POINT ( 'NONE',  ( -1.705932940248912288, -0.9076671759087865388, 0.3809274461695238423 ) ) ;
#3228 = CARTESIAN_POINT ( 'NONE',  ( 1.764119652239374947, -0.8380560036229349752, 0.4800666328037530017 ) ) ;
#3229 = CARTESIAN_POINT ( 'NONE',  ( -2.473516188011640082, 2.021733838396105210, -0.7500000000000000000 ) ) ;
#3230 = CARTESIAN_POINT ( 'NONE',  ( -2.750000000000000000, 1.313753328945229670, 0.8451327215312910424 ) ) ;
#3231 = VERTEX_POINT ( 'NONE', #612 ) ;
#3232 = ADVANCED_FACE ( 'NONE', ( #1439 ), #1455, .T. ) ;
#3233 = CARTESIAN_POINT ( 'NONE',  ( 1.750000000000000000, -0.4620725262248380205, -1.084257807662859951 ) ) ;
#3234 = CARTESIAN_POINT ( 'NONE',  ( -2.749999999999996891, 0.3057117345252619578, -1.662007570805026146 ) ) ;
#3235 = CARTESIAN_POINT ( 'NONE',  ( -0.1520638685072684404, 3.000000007119274503, -0.1361160409805280691 ) ) ;
#3236 = AXIS2_PLACEMENT_3D ( 'NONE', #1881, #1479, #4605 ) ;
#3237 = CARTESIAN_POINT ( 'NONE',  ( -1.413129396243100855, 1.893440613284873120, -1.685041003663374504 ) ) ;
#3238 = DIRECTION ( 'NONE',  ( 0.5144857049222549827, 0.8574989559356037683, 0.000000000000000000 ) ) ;
#3239 = ORIENTED_EDGE ( 'NONE', *, *, #4676, .F. ) ;
#3240 = CARTESIAN_POINT ( 'NONE',  ( -2.522626218099744744, 1.497258789896075859, -1.360578503256739902 ) ) ;
#3241 = CARTESIAN_POINT ( 'NONE',  ( 1.727417146276955195, -0.7507708848552514524, 0.6371064989205071916 ) ) ;
#3242 = AXIS2_PLACEMENT_3D ( 'NONE', #3152, #4318, #4719 ) ;
#3243 = CARTESIAN_POINT ( 'NONE',  ( 2.750000000000000000, 0.2675411168238110426, -0.4005262616608225024 ) ) ;
#3244 = DIRECTION ( 'NONE',  ( 0.000000000000000000, -1.000000000000000000, 0.000000000000000000 ) ) ;
#3245 = TOROIDAL_SURFACE ( 'NONE', #2635, 0.5000000000000000000, 0.2500000000000000000 ) ;
#3246 =( NAMED_UNIT ( * ) PLANE_ANGLE_UNIT ( ) SI_UNIT ( $, .RADIAN. ) );
#3247 = CARTESIAN_POINT ( 'NONE',  ( 1.997270778639479882, 1.383214497670683940, -1.718132867715515211 ) ) ;
#3248 = EDGE_LOOP ( 'NONE', ( #2904, #2946, #4017, #4026, #1859, #405 ) ) ;
#3249 = EDGE_CURVE ( 'NONE', #1931, #2825, #3481, .T. ) ;
#3250 = CARTESIAN_POINT ( 'NONE',  ( -2.749999999999996891, -0.3434211399142401144, 1.211014256652448440 ) ) ;
#3251 = APPLICATION_PROTOCOL_DEFINITION ( 'draft international standard', 'automotive_design', 1998, #2460 ) ;
#3252 = CARTESIAN_POINT ( 'NONE',  ( 2.577199563474639632, -0.7538054039320298827, -0.1340233094782475876 ) ) ;
#3253 = DIRECTION ( 'NONE',  ( 0.000000000000000000, 0.000000000000000000, 1.000000000000000000 ) ) ;
#3254 = CARTESIAN_POINT ( 'NONE',  ( 0.4960733060684649476, -0.2342860467804140090, -1.188960017446629935 ) ) ;
#3255 = EDGE_CURVE ( 'NONE', #4910, #4701, #3184, .T. ) ;
#3256 = CIRCLE ( 'NONE', #2571, 0.2500000000000000000 ) ;
#3257 = ORIENTED_EDGE ( 'NONE', *, *, #3854, .F. ) ;
#3258 = CARTESIAN_POINT ( 'NONE',  ( -0.8716949725928291315, -0.2245139692868948489, -1.332247866776074652 ) ) ;
#3259 = DIRECTION ( 'NONE',  ( 0.000000000000000000, 0.000000000000000000, 1.000000000000000000 ) ) ;
#3260 = CARTESIAN_POINT ( 'NONE',  ( 2.473516188011640082, 2.021733838396105210, 0.7500000000000000000 ) ) ;
#3261 = CARTESIAN_POINT ( 'NONE',  ( -2.593563907528989798, 1.515110352436300101, 1.251478562385615945 ) ) ;
#3262 = CARTESIAN_POINT ( 'NONE',  ( 2.351644582206878553, -0.8654291650561140026, 0.1680698200558068400 ) ) ;
#3263 = CARTESIAN_POINT ( 'NONE',  ( 2.685062319797939523, 1.660316100149460183, 0.7500000000172800663 ) ) ;
#3264 = CARTESIAN_POINT ( 'NONE',  ( 1.503914086702150543, 1.753846036734362901, -1.717027410544138100 ) ) ;
#3265 = CARTESIAN_POINT ( 'NONE',  ( -2.403366230662900005, 2.108691293849020099, 0.7499999613809249510 ) ) ;
#3266 = CARTESIAN_POINT ( 'NONE',  ( -0.3161316162913062611, 2.973746383479480393, 0.3919989684245492323 ) ) ;
#3267 = FACE_OUTER_BOUND ( 'NONE', #3551, .T. ) ;
#3268 = ORIENTED_EDGE ( 'NONE', *, *, #1953, .F. ) ;
#3269 = CARTESIAN_POINT ( 'NONE',  ( -2.749999999999989786, -0.1329049294466458364, -1.417367805049609464 ) ) ;
#3270 = CARTESIAN_POINT ( 'NONE',  ( 1.148252814279603129, 2.284083582076680941, 1.521146543212051672 ) ) ;
#3271 = CARTESIAN_POINT ( 'NONE',  ( -1.148252814276559786, 2.284083582080155495, -1.521146543209935365 ) ) ;
#3272 = CARTESIAN_POINT ( 'NONE',  ( 1.640087437581497554, -0.9026606744755050205, 0.3520424260408763772 ) ) ;
#3273 = ORIENTED_EDGE ( 'NONE', *, *, #2545, .T. ) ;
#3274 = DIRECTION ( 'NONE',  ( 0.000000000000000000, -1.000000000000000000, 0.000000000000000000 ) ) ;
#3275 = ADVANCED_FACE ( 'NONE', ( #3195 ), #2096, .T. ) ;
#3276 = CARTESIAN_POINT ( 'NONE',  ( -2.623732707642354889, 1.522756993590820063, -1.193364898618889836 ) ) ;
#3277 = CARTESIAN_POINT ( 'NONE',  ( 1.749999999988505195, 1.305713610130921909, 1.750000000000000000 ) ) ;
#3278 = CARTESIAN_POINT ( 'NONE',  ( 2.577219289945725134, -0.7537779698416189333, 0.1340344088018050051 ) ) ;
#3279 =( BOUNDED_SURFACE ( )  B_SPLINE_SURFACE ( 3, 2, ( 
 ( #1487, #1332, #3486 ),
 ( #4617, #3839, #345 ),
 ( #3873, #4266, #2674 ),
 ( #4655, #5049, #3451 ),
 ( #3094, #701, #311 ),
 ( #1517, #2280, #5079 ),
 ( #3057, #4233, #1089 ),
 ( #1889, #2038, #569 ),
 ( #4096, #961, #905 ),
 ( #1695, #2073, #4768 ),
 ( #2476, #147, #3994 ),
 ( #1636, #2406, #2792 ),
 ( #85, #4133, #4885 ),
 ( #1698, #239, #4194 ) ),
 .UNSPECIFIED., .F., .F., .F. ) 
 B_SPLINE_SURFACE_WITH_KNOTS ( ( 4, 2, 2, 2, 2, 2, 4 ),
 ( 3, 3 ),
 ( 0.001960654506550925380, 0.002100375278772814974, 0.002240096050994709771, 0.002519537595438495030, 0.002798979139882279855, 0.002938699912104170316, 0.003078420684326065113 ),
 ( 0.000000000000000000, 1.000000000000000000 ),
 .UNSPECIFIED. ) 
 GEOMETRIC_REPRESENTATION_ITEM ( )  RATIONAL_B_SPLINE_SURFACE ( (
 ( 1.000000000000000000, 0.9149918115556220366, 1.000000000000000000),
 ( 1.000000000000000000, 0.9092323102862320816, 1.000000000000000000),
 ( 1.000000000000000000, 0.9048726869173649989, 1.000000000000000000),
 ( 1.000000000000000000, 0.8917490712265599972, 1.000000000000000000),
 ( 1.000000000000000000, 0.8835555477073580022, 1.000000000000000000),
 ( 1.000000000000000000, 0.8559613658635359945, 1.000000000000000000),
 ( 1.000000000000000000, 0.8336304747925230574, 1.000000000000000000),
 ( 1.000000000000000000, 0.7784619660986639156, 1.000000000000000000),
 ( 1.000000000000000000, 0.7426798666282480310, 1.000000000000000000),
 ( 1.000000000000000000, 0.6906490077667759575, 1.000000000000000000),
 ( 1.000000000000000000, 0.6740129007320689869, 1.000000000000000000),
 ( 1.000000000000000000, 0.6506690799404990511, 1.000000000000000000),
 ( 1.000000000000000000, 0.6438473053655759948, 1.000000000000000000),
 ( 1.000000000000000000, 0.6434541551004410165, 1.000000000000000000) ) ) 
 REPRESENTATION_ITEM ( '' )  SURFACE ( )  );
#3280 = CARTESIAN_POINT ( 'NONE',  ( 2.727499369449100097, 1.547512668650174117, 0.7500000000184064985 ) ) ;
#3281 = DIRECTION ( 'NONE',  ( 0.000000000000000000, 1.000000000000000000, 0.000000000000000000 ) ) ;
#3282 = CARTESIAN_POINT ( 'NONE',  ( 2.319708938795630004, 1.521763461913230087, -1.545656162674764911 ) ) ;
#3283 = VERTEX_POINT ( 'NONE', #2630 ) ;
#3284 = CARTESIAN_POINT ( 'NONE',  ( -1.750000000000000000, 0.02827013778348344900, 1.537762476900445208 ) ) ;
#3285 = CARTESIAN_POINT ( 'NONE',  ( 1.750000000000000000, 1.080205472464321970, -0.7500000000000000000 ) ) ;
#3286 = CARTESIAN_POINT ( 'NONE',  ( -0.6162255703429380116, -0.2577544959524074586, -1.166292158581850202 ) ) ;
#3287 = ORIENTED_EDGE ( 'NONE', *, *, #3487, .T. ) ;
#3288 = CARTESIAN_POINT ( 'NONE',  ( -1.750000000000000000, -0.7346410462617323223, -0.6659564502903039251 ) ) ;
#3289 = CARTESIAN_POINT ( 'NONE',  ( 0.1520638685056010520, 3.000000007119498324, 0.1361160409821576545 ) ) ;
#3290 = CARTESIAN_POINT ( 'NONE',  ( 1.476747206972888193, -0.7008349554924370173, 0.1754738090591245192 ) ) ;
#3291 = B_SPLINE_CURVE_WITH_KNOTS ( 'NONE', 3,
 ( #3182, #1928, #4666, #1838 ),
 .UNSPECIFIED., .F., .F.,
 ( 4, 4 ),
 ( 0.000000000000000000, 1.000000000000000000 ),
 .UNSPECIFIED. ) ;
#3292 = CARTESIAN_POINT ( 'NONE',  ( 1.525882758779589787, -0.5101445300704938735, 1.028804879992004206 ) ) ;
#3293 = CARTESIAN_POINT ( 'NONE',  ( -2.251150674144370090, 1.309742720634722080, 1.617831599027399925 ) ) ;
#3294 = CARTESIAN_POINT ( 'NONE',  ( 1.730415610643156521, -0.9058396591024336919, -0.3897335766691957804 ) ) ;
#3295 = CARTESIAN_POINT ( 'NONE',  ( 1.462511169525468668, -0.9230260350620815846, 0.3774565248544889395 ) ) ;
#3296 = CARTESIAN_POINT ( 'NONE',  ( 1.466746506816512419, -0.7920690431918503416, -0.1315012948613360211 ) ) ;
#3297 = CARTESIAN_POINT ( 'NONE',  ( -1.500526299955319276, 1.759234582866706198, 1.716001375647140170 ) ) ;
#3298 = VERTEX_POINT ( 'NONE', #5060 ) ;
#3299 = CARTESIAN_POINT ( 'NONE',  ( -2.193039244122545028, 1.334842982508915865, 1.648877732253579920 ) ) ;
#3300 = CARTESIAN_POINT ( 'NONE',  ( -1.750000000000000000, -0.7524347867353329278, -0.6393683882303300425 ) ) ;
#3301 = CARTESIAN_POINT ( 'NONE',  ( 1.558857422119158898, 1.663536279165329201, 1.731742718978779738 ) ) ;
#3302 = CARTESIAN_POINT ( 'NONE',  ( 2.146980728860994780, -2.522091362974585138, 0.000000000000000000 ) ) ;
#3303 = CARTESIAN_POINT ( 'NONE',  ( 1.750000000000000000, -0.4620725262248150389, 1.084257807662885931 ) ) ;
#3304 = CARTESIAN_POINT ( 'NONE',  ( -1.039865318466700606, 2.449495621374405019, -1.404135576984629985 ) ) ;
#3305 = CARTESIAN_POINT ( 'NONE',  ( 1.750000000000000000, 0.1864541761086870031, 1.750000000000000000 ) ) ;
#3306 = EDGE_LOOP ( 'NONE', ( #2029, #3665, #3636, #3095 ) ) ;
#3307 = CARTESIAN_POINT ( 'NONE',  ( -1.383293044939168048, -0.5441299923377670433, -0.8361457084366070713 ) ) ;
#3308 = CARTESIAN_POINT ( 'NONE',  ( -2.498943045714559830, 1.399910842900651931, -1.410989788951934054 ) ) ;
#3309 = CARTESIAN_POINT ( 'NONE',  ( 2.098677701513385063, 2.386921668938060126, 0.7379177516967148076 ) ) ;
#3310 = EDGE_CURVE ( 'NONE', #2668, #5038, #2275, .T. ) ;
#3311 = CARTESIAN_POINT ( 'NONE',  ( -1.525882758779729897, -0.2801826992907135438, -0.8361457084366070713 ) ) ;
#3312 = CARTESIAN_POINT ( 'NONE',  ( -1.250000000000000000, -1.800000000000000044, -3.061616997868385483E-17 ) ) ;
#3313 = DIRECTION ( 'NONE',  ( 0.000000000000000000, 0.000000000000000000, -1.000000000000000000 ) ) ;
#3314 = VERTEX_POINT ( 'NONE', #323 ) ;
#3315 = ADVANCED_FACE ( 'NONE', ( #2110 ), #4834, .F. ) ;
#3316 = CARTESIAN_POINT ( 'NONE',  ( -2.749999999999940492, -0.8388845665655831896, 0.4809308293680559787 ) ) ;
#3317 = CARTESIAN_POINT ( 'NONE',  ( -1.738710974022016575, -0.7778986302726901281, 0.5885856081804530238 ) ) ;
#3318 = CARTESIAN_POINT ( 'NONE',  ( 2.473516188011640082, 2.021733838396105210, 0.7500000000000000000 ) ) ;
#3319 = CARTESIAN_POINT ( 'NONE',  ( 1.006424480757936779, -0.3709139741571715332, -1.182802125620031175 ) ) ;
#3320 = VERTEX_POINT ( 'NONE', #5091 ) ;
#3321 = CARTESIAN_POINT ( 'NONE',  ( 2.750000000000000000, 0.5753386119242320795, -0.6978242268667959047 ) ) ;
#3322 = CARTESIAN_POINT ( 'NONE',  ( 2.749999999999996891, 0.3057117345252937657, 1.662007570805037471 ) ) ;
#3323 = CARTESIAN_POINT ( 'NONE',  ( 1.448428199156231111, -0.6040721457539030004, -0.5874835815984448262 ) ) ;
#3324 = CARTESIAN_POINT ( 'NONE',  ( -1.031373881043984087, 2.462283035248809870, -1.395863024313463985 ) ) ;
#3325 = CARTESIAN_POINT ( 'NONE',  ( 2.533948248704380291, 1.944095773128319937, -1.750000000000009770 ) ) ;
#3326 = CARTESIAN_POINT ( 'NONE',  ( -2.503300384797285005, 1.354950104834250046, 1.410927973824120052 ) ) ;
#3327 = DIRECTION ( 'NONE',  ( 0.000000000000000000, 0.000000000000000000, 1.000000000000000000 ) ) ;
#3328 = CARTESIAN_POINT ( 'NONE',  ( 2.696509128784419840, 1.541247256983944824, 1.012799113601845935 ) ) ;
#3329 = CARTESIAN_POINT ( 'NONE',  ( 1.039641018908953329, 2.449859860427402669, -1.404106173996475526 ) ) ;
#3330 = CARTESIAN_POINT ( 'NONE',  ( -0.5559070271103865313, 2.963266175807785618, 0.4790365096741705520 ) ) ;
#3331 = CARTESIAN_POINT ( 'NONE',  ( -1.081680260778249192, 2.385444453825340982, 1.453550161166165866 ) ) ;
#3332 = EDGE_LOOP ( 'NONE', ( #1904, #300, #790 ) ) ;
#3333 = CARTESIAN_POINT ( 'NONE',  ( -2.750000000000000000, 0.1391654832709529888, -0.1864706284836429862 ) ) ;
#3334 = CARTESIAN_POINT ( 'NONE',  ( 2.685062396475904833, 1.660315896328979912, -0.7500000000000000000 ) ) ;
#3335 = CARTESIAN_POINT ( 'NONE',  ( 2.750000000000039080, -0.6706626122434133919, 0.7960816513374115999 ) ) ;
#3336 = AXIS2_PLACEMENT_3D ( 'NONE', #978, #4967, #685 ) ;
#3337 = CARTESIAN_POINT ( 'NONE',  ( -1.366940087905248902, 1.962219152497439056, -1.665678687920943091 ) ) ;
#3338 = DIRECTION ( 'NONE',  ( 0.000000000000000000, 1.000000000000000000, 0.000000000000000000 ) ) ;
#3339 = EDGE_LOOP ( 'NONE', ( #4894, #648, #2795, #2790 ) ) ;
#3340 = CARTESIAN_POINT ( 'NONE',  ( -1.746303492492994991, 1.315041641081430068, 1.750000000000000000 ) ) ;
#3341 = CARTESIAN_POINT ( 'NONE',  ( -2.406958199166339796, 1.388361344764109884, -1.503441181624555201 ) ) ;
#3342 = DIRECTION ( 'NONE',  ( 0.7652500153133630079, 0.4134036740448244762, 0.4934468728740089571 ) ) ;
#3343 = ADVANCED_FACE ( 'NONE', ( #418 ), #427, .F. ) ;
#3344 = CARTESIAN_POINT ( 'NONE',  ( 2.154127616661465350, -0.9519673327098990834, -0.2637396907809489432 ) ) ;
#3345 = DIRECTION ( 'NONE',  ( 0.000000000000000000, 0.000000000000000000, 1.000000000000000000 ) ) ;
#3346 = CARTESIAN_POINT ( 'NONE',  ( 1.769650710164322405, 2.585232373324395816, -1.472200509072773444 ) ) ;
#3347 = ORIENTED_EDGE ( 'NONE', *, *, #309, .F. ) ;
#3348 = CARTESIAN_POINT ( 'NONE',  ( -2.750000000000000000, 0.1910974077489129841, 0.2868705270439829702 ) ) ;
#3349 = B_SPLINE_CURVE_WITH_KNOTS ( 'NONE', 3,
 ( #4869, #926, #1321, #3151 ),
 .UNSPECIFIED., .F., .F.,
 ( 4, 4 ),
 ( 0.000000000000000000, 1.000000000000000000 ),
 .UNSPECIFIED. ) ;
#3350 = EDGE_CURVE ( 'NONE', #4829, #2246, #733, .T. ) ;
#3351 = CARTESIAN_POINT ( 'NONE',  ( 1.750000000000000000, -0.5287652274660430418, -1.006287766519025961 ) ) ;
#3352 = CARTESIAN_POINT ( 'NONE',  ( 1.296935231095291519, -0.4987198049677428746, 0.8938947495918413422 ) ) ;
#3353 = CARTESIAN_POINT ( 'NONE',  ( 0.1317971368260934251, -0.08036994463480311157, 1.460713783980676306 ) ) ;
#3354 = AXIS2_PLACEMENT_3D ( 'NONE', #4998, #3751, #325 ) ;
#3355 = AXIS2_PLACEMENT_3D ( 'NONE', #2314, #4229, #3134 ) ;
#3356 = VERTEX_POINT ( 'NONE', #358 ) ;
#3357 = ADVANCED_FACE ( 'NONE', ( #2121 ), #269, .T. ) ;
#3358 = CARTESIAN_POINT ( 'NONE',  ( 2.749999999999996891, -0.03470757025482997665, -1.496547138685222489 ) ) ;
#3359 = CARTESIAN_POINT ( 'NONE',  ( 2.749999999999996891, 0.9681580863627964328, 1.750000023898307111 ) ) ;
#3360 = CARTESIAN_POINT ( 'NONE',  ( 2.003633779954649974, -0.9737267632371290338, 0.2989205570147525082 ) ) ;
#3361 = CARTESIAN_POINT ( 'NONE',  ( -1.651329029168330020, 2.641647666793959903, -0.6818168900820330558 ) ) ;
#3362 = CARTESIAN_POINT ( 'NONE',  ( 2.358997306452572662, -0.9668538974628572147, 2.905494673279211722E-05 ) ) ;
#3363 = CARTESIAN_POINT ( 'NONE',  ( 0.8519581229699420000, -0.3192009850702829943, 1.101141526784197966 ) ) ;
#3364 = CARTESIAN_POINT ( 'NONE',  ( 1.546026916730777634, -0.8673140263703410513, -0.2881975866189723234 ) ) ;
#3365 = CARTESIAN_POINT ( 'NONE',  ( 2.723972676667930415, 1.313544076584171938, 1.011747884361194005 ) ) ;
#3366 = CARTESIAN_POINT ( 'NONE',  ( -1.978575600289409930, -1.137136380772235889, 0.05112700206368590156 ) ) ;
#3367 = CARTESIAN_POINT ( 'NONE',  ( -1.750000000000000000, -0.8050148418616699386, -0.5400853469314639277 ) ) ;
#3368 = ORIENTED_EDGE ( 'NONE', *, *, #1359, .F. ) ;
#3369 = CARTESIAN_POINT ( 'NONE',  ( 1.750000000000000000, -0.1115472750360511911, -1.436394771486563915 ) ) ;
#3370 = CARTESIAN_POINT ( 'NONE',  ( -1.750000000000000000, -0.4503512238671160128, -1.097196693922980026 ) ) ;
#3371 = EDGE_CURVE ( 'NONE', #3789, #4701, #3691, .T. ) ;
#3372 = CARTESIAN_POINT ( 'NONE',  ( 1.106721398606030249, 2.347168344858183264, 1.480402808722025121 ) ) ;
#3373 = CARTESIAN_POINT ( 'NONE',  ( 2.750000000000060396, -0.7864913290421559067, 0.5736641189110864847 ) ) ;
#3374 = EDGE_CURVE ( 'NONE', #2924, #132, #347, .T. ) ;
#3375 = CARTESIAN_POINT ( 'NONE',  ( -2.749999999999996891, 0.2091053074975594561, 1.629239150284237825 ) ) ;
#3376 = CARTESIAN_POINT ( 'NONE',  ( -2.473516188011345207, 2.021733838396464922, 0.7500000000000000000 ) ) ;
#3377 = CARTESIAN_POINT ( 'NONE',  ( -1.476419206618123647, -0.6899931764161987280, -0.2066184555627031683 ) ) ;
#3378 = CARTESIAN_POINT ( 'NONE',  ( 0.4535391449305290479, 2.975092697268886699, 0.2669161835372014790 ) ) ;
#3379 = B_SPLINE_SURFACE_WITH_KNOTS ( 'NONE', 3, 1, ( 
 ( #4510, #960 ),
 ( #180, #2206 ),
 ( #2174, #2620 ),
 ( #2585, #631 ) ),
 .UNSPECIFIED., .F., .F., .F.,
 ( 4, 4 ),
 ( 2, 2 ),
 ( 0.000000000000000000, 1.000000000000000000 ),
 ( 0.000000000000000000, 1.000000000000000000 ),
 .UNSPECIFIED. ) ;
#3380 = CARTESIAN_POINT ( 'NONE',  ( 1.738532039377289840, 1.339320491526675871, -1.750000000000000000 ) ) ;
#3381 = CARTESIAN_POINT ( 'NONE',  ( 1.749999999977009946, 1.305713610126999935, 1.750000000000000000 ) ) ;
#3382 = CARTESIAN_POINT ( 'NONE',  ( -1.749999999999960032, -0.7864913212288519029, 0.5736641148612079411 ) ) ;
#3383 = CARTESIAN_POINT ( 'NONE',  ( 2.750000000000000000, -0.2062037525643710123, 0.3347777547352510097 ) ) ;
#3384 = CARTESIAN_POINT ( 'NONE',  ( -1.633785341219059939, -0.9591078775944010815, 0.000000000000000000 ) ) ;
#3385 = ADVANCED_FACE ( 'NONE', ( #2044 ), #2006, .T. ) ;
#3386 = CARTESIAN_POINT ( 'NONE',  ( -2.685062319797939523, 1.660316100149460183, -0.7500000000000000000 ) ) ;
#3387 = CARTESIAN_POINT ( 'NONE',  ( -1.714374738983899915, 0.1286214262305619971, 0.000000000000000000 ) ) ;
#3388 = CARTESIAN_POINT ( 'NONE',  ( -2.157061772172919945, 2.330458798696879885, -0.7392877250437009939 ) ) ;
#3389 = CARTESIAN_POINT ( 'NONE',  ( -2.220471093291489950, -2.283137044461879928, 0.000000000000000000 ) ) ;
#3390 = CARTESIAN_POINT ( 'NONE',  ( 1.617989128779498964, -0.8977039216463480464, -0.3399832739800662251 ) ) ;
#3391 = CARTESIAN_POINT ( 'NONE',  ( 2.509267336958479699, 1.543660925083565116, 1.360920020890004078 ) ) ;
#3392 = CARTESIAN_POINT ( 'NONE',  ( 1.062378376164869964, 2.415094740184332789, -1.431465688616788690 ) ) ;
#3393 = CARTESIAN_POINT ( 'NONE',  ( -0.9581234081994790541, 2.569348920640754042, 1.292384544590628570 ) ) ;
#3394 = ADVANCED_FACE ( 'NONE', ( #3622 ), #2844, .T. ) ;
#3395 = B_SPLINE_CURVE_WITH_KNOTS ( 'NONE', 3,
 ( #3588, #3288, #1966, #4366, #4045, #4433 ),
 .UNSPECIFIED., .F., .F.,
 ( 4, 1, 1, 4 ),
 ( 0.000000000000000000, 0.2570374988418294704, 0.3885268252332977901, 1.000000000000000000 ),
 .UNSPECIFIED. ) ;
#3396 = AXIS2_PLACEMENT_3D ( 'NONE', #4721, #856, #4677 ) ;
#3397 = CARTESIAN_POINT ( 'NONE',  ( 2.750000000000000000, 0.5062854146152339085, -0.6474009638673039468 ) ) ;
#3398 = CARTESIAN_POINT ( 'NONE',  ( -2.749999999999996891, -0.5816248407711811508, -0.9366451569461425875 ) ) ;
#3399 = EDGE_CURVE ( 'NONE', #2007, #4749, #3819, .T. ) ;
#3400 = CARTESIAN_POINT ( 'NONE',  ( 1.772165902577180097, -1.097488438952524126, -1.352569906858012002E-15 ) ) ;
#3401 = CARTESIAN_POINT ( 'NONE',  ( 2.750000000000000888, -0.9185667433083336553, 0.3763591993032002758 ) ) ;
#3402 = DIRECTION ( 'NONE',  ( 0.000000000000000000, -1.000000000000000000, 2.168404344971010101E-16 ) ) ;
#3403 = DIRECTION ( 'NONE',  ( 0.000000000000000000, -1.000000000000000000, 0.000000000000000000 ) ) ;
#3404 = DIRECTION ( 'NONE',  ( -0.7071067811865510144, -0.7071067811865440200, 0.000000000000000000 ) ) ;
#3405 = CARTESIAN_POINT ( 'NONE',  ( -1.991883543065254836, 1.397442797429272021, -1.718161044551000050 ) ) ;
#3406 = DIRECTION ( 'NONE',  ( -0.8574989559356037683, 0.5144857049222548717, 0.000000000000000000 ) ) ;
#3407 = CARTESIAN_POINT ( 'NONE',  ( -2.496554157362310011, -0.8659651567312730558, 0.08864586307340820148 ) ) ;
#3408 = CARTESIAN_POINT ( 'NONE',  ( 1.416613602686354945, 2.745687301619616605, -1.247746620817044905 ) ) ;
#3409 = CARTESIAN_POINT ( 'NONE',  ( -2.750000000000000000, 0.1391654832709594003, 0.1864706284836534778 ) ) ;
#3410 = AXIS2_PLACEMENT_3D ( 'NONE', #1258, #3342, #3607 ) ;
#3411 = CARTESIAN_POINT ( 'NONE',  ( 2.749999999999996891, -0.9185667433082955746, -0.3763591993031479843 ) ) ;
#3412 = CARTESIAN_POINT ( 'NONE',  ( -1.497361284992509978, -0.8226838213678488998, 0.2303612887904593065 ) ) ;
#3413 = CARTESIAN_POINT ( 'NONE',  ( 1.057306403430569919, -0.2882404320361057204, 1.268063782853007027 ) ) ;
#3414 = AXIS2_PLACEMENT_3D ( 'NONE', #3870, #1887, #3544 ) ;
#3415 = CARTESIAN_POINT ( 'NONE',  ( 2.750000000000000000, 0.5974155714630129399, 0.7054066474886979687 ) ) ;
#3416 = CARTESIAN_POINT ( 'NONE',  ( -1.766601937101101472, -0.8947415362447049825, -0.4071248337891931746 ) ) ;
#3417 = CARTESIAN_POINT ( 'NONE',  ( -1.439909311195063824, 1.856128512284594967, -1.698186143914740098 ) ) ;
#3418 = ADVANCED_FACE ( 'NONE', ( #327 ), #5069, .T. ) ;
#3419 = CARTESIAN_POINT ( 'NONE',  ( -1.746303540964780021, 1.315041531246739837, -1.750000000000000000 ) ) ;
#3420 = CARTESIAN_POINT ( 'NONE',  ( 2.492783121240414790, 1.587398305107384999, 1.360991402005780060 ) ) ;
#3421 = CARTESIAN_POINT ( 'NONE',  ( -1.219072368699433806, 2.178746374844223510, 1.578234655068021297 ) ) ;
#3422 = PRODUCT_DEFINITION_CONTEXT ( 'detailed design', #3680, 'design' ) ;
#3423 = EDGE_CURVE ( 'NONE', #1773, #2925, #3700, .T. ) ;
#3424 = CARTESIAN_POINT ( 'NONE',  ( 2.750000000000067502, -0.3434211399141948728, -1.211014256652524601 ) ) ;
#3425 = CARTESIAN_POINT ( 'NONE',  ( -2.750000000018617108, 1.313753328945229670, -0.8451327213681704142 ) ) ;
#3426 = CARTESIAN_POINT ( 'NONE',  ( 1.459987120856715892, -0.6233737205198010001, -0.4848127269704590181 ) ) ;
#3427 = CARTESIAN_POINT ( 'NONE',  ( 2.623732737739834509, 1.522756866886765037, -1.193364898905661997 ) ) ;
#3428 = CARTESIAN_POINT ( 'NONE',  ( 2.750000000000000000, 0.1391654832709594003, 0.1864706284836534778 ) ) ;
#3429 = CARTESIAN_POINT ( 'NONE',  ( -1.750000000000000000, 0.4455700086927344983, 1.697921863030720013 ) ) ;
#3430 = CARTESIAN_POINT ( 'NONE',  ( -2.750000000000000000, 2.203528862443920211, 0.7500000000172800663 ) ) ;
#3431 =( LENGTH_UNIT ( ) NAMED_UNIT ( * ) SI_UNIT ( .MILLI., .METRE. ) );
#3432 = CARTESIAN_POINT ( 'NONE',  ( -1.815450589388555080, 1.306239814465930182, -1.750000000000750067 ) ) ;
#3433 = CARTESIAN_POINT ( 'NONE',  ( -1.280231950625786208, -0.6055544870011240199, 0.000000000000000000 ) ) ;
#3434 = CARTESIAN_POINT ( 'NONE',  ( -2.154133589416505234, -0.9519660616917240414, -0.2637378546306929916 ) ) ;
#3435 = CARTESIAN_POINT ( 'NONE',  ( -1.642458709299040143, -0.6200562187178429996, 0.8808048046464420633 ) ) ;
#3436 = CARTESIAN_POINT ( 'NONE',  ( -0.6352049943844205737, 2.949872075843156694, 0.3586758789015678239 ) ) ;
#3437 = CARTESIAN_POINT ( 'NONE',  ( -1.750000000000000000, -0.8005056879415010096, 0.5477313989519909665 ) ) ;
#3438 = CARTESIAN_POINT ( 'NONE',  ( 0.9649107480636149869, -0.3562877793744350652, 1.059410729319289590 ) ) ;
#3439 = CARTESIAN_POINT ( 'NONE',  ( 1.280231950625786208, -0.6055544870011240199, 3.061616997868380553E-17 ) ) ;
#3440 = EDGE_CURVE ( 'NONE', #3231, #2925, #2016, .T. ) ;
#3441 = EDGE_LOOP ( 'NONE', ( #845, #1269, #3612, #3708 ) ) ;
#3442 = CARTESIAN_POINT ( 'NONE',  ( -2.003633779954654859, -0.9737267632371280346, -0.2989205570147525082 ) ) ;
#3443 = CARTESIAN_POINT ( 'NONE',  ( -1.745595130463186706, -0.9035079464318765963, -0.3952466369312091499 ) ) ;
#3444 = CARTESIAN_POINT ( 'NONE',  ( 2.749999999999989786, -0.05568931608610725587, -1.480014613185399508 ) ) ;
#3445 = CARTESIAN_POINT ( 'NONE',  ( -1.416613602686350060, 2.745687301619678777, -1.247746620816970076 ) ) ;
#3446 = CARTESIAN_POINT ( 'NONE',  ( 1.766604955069797755, -0.8946359293299940285, -0.4069137316967888496 ) ) ;
#3447 = CARTESIAN_POINT ( 'NONE',  ( 1.991883543065254836, 1.397442797429272021, 1.718161044558670136 ) ) ;
#3448 = CARTESIAN_POINT ( 'NONE',  ( -1.681467851183515050, -1.006790387558855970, -0.07447762968036279740 ) ) ;
#3449 = EDGE_LOOP ( 'NONE', ( #654, #1090, #1186, #3954, #4827, #1507, #3881 ) ) ;
#3450 = CARTESIAN_POINT ( 'NONE',  ( 1.464024658741087892, 3.000000000000000000, 0.7500000000368129971 ) ) ;
#3451 = CARTESIAN_POINT ( 'NONE',  ( -1.642458709299084996, -0.6200562187179420315, -0.8808048046462869651 ) ) ;
#3452 = EDGE_CURVE ( 'NONE', #1362, #4357, #3727, .T. ) ;
#3453 = CARTESIAN_POINT ( 'NONE',  ( 2.750000000000000000, 0.3290198916501105297, -0.4670274041193219761 ) ) ;
#3454 = DIRECTION ( 'NONE',  ( 0.000000000000000000, 0.000000000000000000, 1.000000000000000000 ) ) ;
#3455 = CARTESIAN_POINT ( 'NONE',  ( 0.8500423896245051791, 2.709635035542506731, 1.127522876652980566 ) ) ;
#3456 = CARTESIAN_POINT ( 'NONE',  ( 2.750000000003839595, 1.372410995961882207, -0.8809855859548360035 ) ) ;
#3457 = CARTESIAN_POINT ( 'NONE',  ( 1.750000000000000000, 1.080205472464321970, -1.750000000000000000 ) ) ;
#3458 = ORIENTED_EDGE ( 'NONE', *, *, #3452, .T. ) ;
#3459 = DIRECTION ( 'NONE',  ( -0.7071067811865510144, 0.7071067811865440200, 0.000000000000000000 ) ) ;
#3460 = CARTESIAN_POINT ( 'NONE',  ( -2.750000000000000000, 0.6148057690588010216, -0.7109410563166659314 ) ) ;
#3461 = CARTESIAN_POINT ( 'NONE',  ( -1.476577791564327224, -0.6927048570727593058, -0.1984320258504497503 ) ) ;
#3462 = DIRECTION ( 'NONE',  ( 0.000000000000000000, 0.000000000000000000, 1.000000000000000000 ) ) ;
#3463 = ORIENTED_EDGE ( 'NONE', *, *, #457, .T. ) ;
#3464 = CARTESIAN_POINT ( 'NONE',  ( 1.916666666283082687, 1.307053563263371077, -1.750000000000000222 ) ) ;
#3465 = AXIS2_PLACEMENT_3D ( 'NONE', #1243, #1975, #3566 ) ;
#3466 = CARTESIAN_POINT ( 'NONE',  ( -1.537245187164478111, -0.7825372363721512237, 0.5773597643688471726 ) ) ;
#3467 = CARTESIAN_POINT ( 'NONE',  ( 0.2653583034012205188, 2.989313432838375029, -0.3259829928765854978 ) ) ;
#3468 = CARTESIAN_POINT ( 'NONE',  ( -1.735457886937765704, -0.9052492712393609420, 0.3915601535899618790 ) ) ;
#3469 = CARTESIAN_POINT ( 'NONE',  ( -0.3552506303634317963, 2.966037444522991784, 0.4410983826196054891 ) ) ;
#3470 = CARTESIAN_POINT ( 'NONE',  ( -1.680256037201077746, -0.6747291154256294110, 0.7873587116690606846 ) ) ;
#3471 = CARTESIAN_POINT ( 'NONE',  ( 0.3552506303973215762, 2.966037444514496357, -0.4410983826692004839 ) ) ;
#3472 = CARTESIAN_POINT ( 'NONE',  ( -2.500262460320940683, -0.8257650690885306455, 0.0001585604698686578977 ) ) ;
#3473 = MECHANICAL_DESIGN_GEOMETRIC_PRESENTATION_REPRESENTATION (  '', ( #3955 ), #2769 ) ;
#3474 = ORIENTED_EDGE ( 'NONE', *, *, #4185, .T. ) ;
#3475 = CARTESIAN_POINT ( 'NONE',  ( 2.750000000000000000, 0.4566935498550130368, 0.5994300956756539733 ) ) ;
#3476 = CARTESIAN_POINT ( 'NONE',  ( 1.750000000000000000, -0.6367619789526680618, -0.9027900681965733698 ) ) ;
#3477 = EDGE_CURVE ( 'NONE', #3574, #4566, #613, .T. ) ;
#3478 = CARTESIAN_POINT ( 'NONE',  ( 2.364148421999900052, -0.8638849922786542290, -0.1681031432402480819 ) ) ;
#3479 = CARTESIAN_POINT ( 'NONE',  ( -2.098677701512635885, 2.386921668938603247, -0.7379177516967148076 ) ) ;
#3481 = B_SPLINE_CURVE_WITH_KNOTS ( 'NONE', 3,
 ( #4178, #3069, #3915, #3785 ),
 .UNSPECIFIED., .F., .F.,
 ( 4, 4 ),
 ( 0.000000000000000000, 1.000000000000000000 ),
 .UNSPECIFIED. ) ;
#3480 = CARTESIAN_POINT ( 'NONE',  ( 1.763100985025014111, -0.8980859001507771611, -0.4029681281560918982 ) ) ;
#3482 = CARTESIAN_POINT ( 'NONE',  ( 2.072115481554205108, 1.327022059246306007, 1.698951410418065189 ) ) ;
#3483 = CARTESIAN_POINT ( 'NONE',  ( 0.2697153344351027049, -0.1944807613858708650, -1.225240969536888214 ) ) ;
#3484 = EDGE_LOOP ( 'NONE', ( #3046, #3116, #3698, #159 ) ) ;
#3485 = CARTESIAN_POINT ( 'NONE',  ( 0.6162255703429240228, -0.2577544959524040169, 1.166292158581850202 ) ) ;
#3486 = CARTESIAN_POINT ( 'NONE',  ( -1.525882758779729897, -0.5101445300705819141, -1.028804879991898069 ) ) ;
#3487 = EDGE_CURVE ( 'NONE', #132, #480, #369, .T. ) ;
#3488 = CARTESIAN_POINT ( 'NONE',  ( 2.654973582128323795, -0.4893959159083294264, -5.942025692655162505E-05 ) ) ;
#3489 = CARTESIAN_POINT ( 'NONE',  ( 1.039865318478519818, 2.449495621356681418, 1.404135576999285373 ) ) ;
#3490 = CARTESIAN_POINT ( 'NONE',  ( 1.476747206972888193, -0.7008349554924370173, -5.000000000000000000 ) ) ;
#3491 = CARTESIAN_POINT ( 'NONE',  ( -1.750000000000000000, -0.8099529597696560890, -0.5313215506047089809 ) ) ;
#3492 = ORIENTED_EDGE ( 'NONE', *, *, #5056, .T. ) ;
#3493 = CARTESIAN_POINT ( 'NONE',  ( 0.000000000000000000, 0.000000000000000000, 0.000000000000000000 ) ) ;
#3494 = CARTESIAN_POINT ( 'NONE',  ( 0.6352049943837793089, 2.949872075843256169, -0.3586758789012500781 ) ) ;
#3495 = CARTESIAN_POINT ( 'NONE',  ( -1.749999999988505195, 1.305713610130921909, -1.750000000000000000 ) ) ;
#3496 = CARTESIAN_POINT ( 'NONE',  ( -1.383293044939170047, -0.5441299923377670433, -0.8361457084366070713 ) ) ;
#3497 = EDGE_LOOP ( 'NONE', ( #360, #782, #1288, #2378 ) ) ;
#3498 = CARTESIAN_POINT ( 'NONE',  ( 2.750000000000000000, 1.313753328945229892, -0.7500000000000000000 ) ) ;
#3499 = CARTESIAN_POINT ( 'NONE',  ( 2.403366230662904890, 2.108691293849014770, 0.7499999613809249510 ) ) ;
#3500 = CARTESIAN_POINT ( 'NONE',  ( -1.784407131411477998, 2.573980006995418179, 0.7016655014329761242 ) ) ;
#3501 = CARTESIAN_POINT ( 'NONE',  ( 2.666781682105665130, 1.706239617524069940, 0.7500000000000000000 ) ) ;
#3502 = DIRECTION ( 'NONE',  ( -0.9558172740508309451, 0.2939614577219925029, 0.000000000000000000 ) ) ;
#3503 = PRODUCT_RELATED_PRODUCT_CATEGORY ( 'part', '', ( #426 ) ) ;
#3504 = CARTESIAN_POINT ( 'NONE',  ( -1.983292193446100082, -0.9644706000436960025, 0.3161028734261484563 ) ) ;
#3505 = CARTESIAN_POINT ( 'NONE',  ( 2.583455654857948147, 1.621777979828419980, 1.273022177565930058 ) ) ;
#3506 = CARTESIAN_POINT ( 'NONE',  ( -0.8148682451752622402, 2.919691226089127678, 0.6994610908456644349 ) ) ;
#3507 = EDGE_LOOP ( 'NONE', ( #589, #1501, #4040, #1453 ) ) ;
#3508 = CARTESIAN_POINT ( 'NONE',  ( 2.750000000000000000, 0.4083485791940349996, 0.5502371381124769867 ) ) ;
#3509 = CARTESIAN_POINT ( 'NONE',  ( -2.749999999999989786, -0.1874147972889352587, -1.367857413307109526 ) ) ;
#3510 = CARTESIAN_POINT ( 'NONE',  ( -1.500000000000000000, -1.800000000000000044, 0.000000000000000000 ) ) ;
#3511 = CARTESIAN_POINT ( 'NONE',  ( -0.8585392486304166404, 2.909481757110095490, -0.4610811323691779706 ) ) ;
#3512 = CARTESIAN_POINT ( 'NONE',  ( -2.642652595335276633, 1.759459519870544497, -1.749999999999998446 ) ) ;
#3513 = CARTESIAN_POINT ( 'NONE',  ( -1.383293044939168048, -0.5441299923377670433, -0.8361457084366070713 ) ) ;
#3514 = ORIENTED_EDGE ( 'NONE', *, *, #3156, .F. ) ;
#3515 = CARTESIAN_POINT ( 'NONE',  ( -0.2501636453126355186, -0.2024972707628420188, 1.218458403995301920 ) ) ;
#3516 = EDGE_CURVE ( 'NONE', #1528, #737, #974, .T. ) ;
#3517 = AXIS2_PLACEMENT_3D ( 'NONE', #1661, #2400, #1938 ) ;
#3518 = CARTESIAN_POINT ( 'NONE',  ( -1.749999999999765077, -0.9533549089492519002, -0.3479599546977874547 ) ) ;
#3519 = B_SPLINE_CURVE_WITH_KNOTS ( 'NONE', 3,
 ( #3837, #3448, #5076, #3900 ),
 .UNSPECIFIED., .F., .F.,
 ( 4, 4 ),
 ( 6.399705883071189901E-05, 0.0005047210828530460059 ),
 .UNSPECIFIED. ) ;
#3520 = CARTESIAN_POINT ( 'NONE',  ( 0.5172577279012767759, 2.919755054945303296, 0.6495579739367846051 ) ) ;
#3521 = CARTESIAN_POINT ( 'NONE',  ( -2.601721723284279530, -0.6320645187377228469, -3.142068335846019015E-06 ) ) ;
#3522 = CARTESIAN_POINT ( 'NONE',  ( -2.173617408378754945, 1.438539595311121966, 1.648768003632550050 ) ) ;
#3523 = ORIENTED_EDGE ( 'NONE', *, *, #146, .T. ) ;
#3524 = CARTESIAN_POINT ( 'NONE',  ( -2.749999999999996891, -0.2299485586069949239, 1.327180396785910821 ) ) ;
#3525 = FILL_AREA_STYLE ('',( #2357 ) ) ;
#3526 = CARTESIAN_POINT ( 'NONE',  ( 0.2212973562143710216, 3.000000000000000000, -0.1414347843473857391 ) ) ;
#3527 = CARTESIAN_POINT ( 'NONE',  ( -1.475850764176075858, -0.6829385142101865869, 0.2288874490338987100 ) ) ;
#3528 = CARTESIAN_POINT ( 'NONE',  ( -1.231715912830171344, -0.4645176914822131131, -1.084005346444292917 ) ) ;
#3529 = VERTEX_POINT ( 'NONE', #1399 ) ;
#3530 = CARTESIAN_POINT ( 'NONE',  ( -5.000000000000000000, 1.080205472464321970, 1.750000000000000000 ) ) ;
#3531 = CARTESIAN_POINT ( 'NONE',  ( 0.9227377060402029985, 2.894525836541554931, 0.4869193325867990363 ) ) ;
#3532 = CARTESIAN_POINT ( 'NONE',  ( 1.097616993512751993, 2.850663079806041278, -0.9615844205177849213 ) ) ;
#3533 = CARTESIAN_POINT ( 'NONE',  ( -1.692367070302095655, -1.017689606677523173, -0.2897586478531823384 ) ) ;
#3534 = CARTESIAN_POINT ( 'NONE',  ( -1.537321436267023333, -0.8626525236133106844, 0.2812619568125282465 ) ) ;
#3535 = CARTESIAN_POINT ( 'NONE',  ( -1.525882758779589787, -0.5101445300704938735, 1.028804879992004206 ) ) ;
#3536 = CARTESIAN_POINT ( 'NONE',  ( -2.215831240368400401, 2.283700579122830199, 0.7430299773134729779 ) ) ;
#3537 = EDGE_CURVE ( 'NONE', #350, #5028, #3683, .T. ) ;
#3538 = VERTEX_POINT ( 'NONE', #3079 ) ;
#3539 = CARTESIAN_POINT ( 'NONE',  ( 2.750000000000000000, 0.5674422833530959887, 0.6943430842047281226 ) ) ;
#3540 = CARTESIAN_POINT ( 'NONE',  ( -1.750000000000000000, 0.05794747268141019897, -1.555921056102899991 ) ) ;
#3541 = CARTESIAN_POINT ( 'NONE',  ( -1.784721118242419857, -1.110043654617751896, 7.698599152053258621E-14 ) ) ;
#3542 = CARTESIAN_POINT ( 'NONE',  ( 2.699483016478648079, 1.619541543763738156, -1.749999999999998446 ) ) ;
#3543 = CARTESIAN_POINT ( 'NONE',  ( -2.660501511989557422, 1.720488314480209002, -1.749999999999998446 ) ) ;
#3544 = DIRECTION ( 'NONE',  ( 0.000000000000000000, 0.000000000000000000, 1.000000000000000000 ) ) ;
#3545 = VERTEX_POINT ( 'NONE', #4255 ) ;
#3546 = CARTESIAN_POINT ( 'NONE',  ( -1.419722924461475966, -0.4413904334488900072, 1.110871141385547878 ) ) ;
#3547 = CARTESIAN_POINT ( 'NONE',  ( -1.749999999999924949, -0.8595458257882850894, -0.4508189339402020046 ) ) ;
#3548 = CARTESIAN_POINT ( 'NONE',  ( 1.011934826691486711, 2.491554820381730373, 1.368065071177964498 ) ) ;
#3549 = CARTESIAN_POINT ( 'NONE',  ( 2.359989791882890042, 1.310617756537332035, -1.545107625585670164 ) ) ;
#3550 = CARTESIAN_POINT ( 'NONE',  ( -1.749999999988505195, 1.305713610130923907, 1.750000000000000000 ) ) ;
#3551 = EDGE_LOOP ( 'NONE', ( #1373, #4792, #605, #1808 ) ) ;
#3552 = CARTESIAN_POINT ( 'NONE',  ( -2.750000000000000000, 0.5456855641915819843, 0.6808483020524660478 ) ) ;
#3553 = CARTESIAN_POINT ( 'NONE',  ( 1.308902936136809858, 2.780351019815243241, -0.6109911149610509629 ) ) ;
#3554 = CARTESIAN_POINT ( 'NONE',  ( -1.474529816004509497, -0.6722840795016790105, 0.2656366160870219928 ) ) ;
#3555 = CARTESIAN_POINT ( 'NONE',  ( 0.5157307259843673108, -0.2374741014368732805, -1.325968637162467711 ) ) ;
#3556 = EDGE_LOOP ( 'NONE', ( #1542, #4421, #4837, #2328 ) ) ;
#3557 = CARTESIAN_POINT ( 'NONE',  ( 1.750000000000000000, 1.080205472464321970, -1.750000000000000000 ) ) ;
#3558 = CARTESIAN_POINT ( 'NONE',  ( 0.3095187925573557597, 2.991681823696231479, 0.2712483088797901232 ) ) ;
#3559 = AXIS2_PLACEMENT_3D ( 'NONE', #1423, #1805, #2907 ) ;
#3560 = DIRECTION ( 'NONE',  ( 1.000000000000000000, 0.000000000000000000, 0.000000000000000000 ) ) ;
#3561 = CARTESIAN_POINT ( 'NONE',  ( -2.129175835224155211, -1.014048463668129951, -0.2336367895940790196 ) ) ;
#3562 = CARTESIAN_POINT ( 'NONE',  ( -2.723972676667930415, 1.313544076584171938, 1.011747884361194005 ) ) ;
#3563 = CARTESIAN_POINT ( 'NONE',  ( -1.280231950625786208, -0.6055544870011240199, 0.000000000000000000 ) ) ;
#3564 = CARTESIAN_POINT ( 'NONE',  ( 2.685062396475904833, 1.660315896328979912, -0.7500000000000000000 ) ) ;
#3565 = CARTESIAN_POINT ( 'NONE',  ( -2.003633779954654859, -0.9737267632371280346, -0.2989205570147525082 ) ) ;
#3566 = DIRECTION ( 'NONE',  ( 0.000000000000000000, 0.000000000000000000, -1.000000000000000000 ) ) ;
#3567 = ORIENTED_EDGE ( 'NONE', *, *, #2920, .T. ) ;
#3568 = CARTESIAN_POINT ( 'NONE',  ( 2.749999999999989786, -0.1717591393292567936, 1.382566227769454814 ) ) ;
#3569 = CARTESIAN_POINT ( 'NONE',  ( -2.750000000000000000, 0.5574018305081128721, -0.6889309548476960643 ) ) ;
#3570 = DIRECTION ( 'NONE',  ( -0.5144857049222549827, 0.8574989559356037683, 0.000000000000000000 ) ) ;
#3571 = EDGE_CURVE ( 'NONE', #3746, #3574, #3872, .T. ) ;
#3572 = CARTESIAN_POINT ( 'NONE',  ( -1.649539163283332055, 1.497825924670930675, -1.748179782624037060 ) ) ;
#3573 = CARTESIAN_POINT ( 'NONE',  ( -1.750000000000000000, 0.1864541761086870031, 1.750000000000000000 ) ) ;
#3574 = VERTEX_POINT ( 'NONE', #367 ) ;
#3575 = CARTESIAN_POINT ( 'NONE',  ( -2.332368317866254870, 1.488228547212686159, -1.545584602986975087 ) ) ;
#3576 = CARTESIAN_POINT ( 'NONE',  ( 2.009282568499860311, 1.307798169075201855, 1.718016648688404979 ) ) ;
#3577 = CARTESIAN_POINT ( 'NONE',  ( 2.597174876107011698, -0.7260241665248265974, 0.06395525687690874206 ) ) ;
#3578 = CARTESIAN_POINT ( 'NONE',  ( -1.440725085526058047, -0.5751559526271351475, 0.9512059490299307196 ) ) ;
#3579 = CARTESIAN_POINT ( 'NONE',  ( -2.750000000000000000, 0.4498235332708950263, 0.5925548562209980163 ) ) ;
#3580 = ORIENTED_EDGE ( 'NONE', *, *, #1980, .T. ) ;
#3581 = CARTESIAN_POINT ( 'NONE',  ( -1.750000000000000000, -0.2522286243951585294, 1.304743581508843953 ) ) ;
#3582 =( REPRESENTATION_RELATIONSHIP ('NONE','NONE', #2736, #2940 ) REPRESENTATION_RELATIONSHIP_WITH_TRANSFORMATION ( #31 )SHAPE_REPRESENTATION_RELATIONSHIP( ) );
#3583 = DIRECTION ( 'NONE',  ( -1.000000000000000000, 0.000000000000000000, 0.000000000000000000 ) ) ;
#3584 = CARTESIAN_POINT ( 'NONE',  ( -1.353019271138999891, -2.277908637025415128, 0.000000000000000000 ) ) ;
#3585 = CARTESIAN_POINT ( 'NONE',  ( -0.8649760490168942884, -0.2228460357914222034, 1.333752304675935418 ) ) ;
#3586 = EDGE_CURVE ( 'NONE', #2981, #1773, #3766, .T. ) ;
#3587 = ORIENTED_EDGE ( 'NONE', *, *, #3707, .T. ) ;
#3588 = CARTESIAN_POINT ( 'NONE',  ( -1.750000000000000000, -0.8050148418616699386, -0.5400853469314639277 ) ) ;
#3589 = CARTESIAN_POINT ( 'NONE',  ( 1.384593999151306098, 2.753211369096759675, 0.6296058517348719352 ) ) ;
#3590 = EDGE_CURVE ( 'NONE', #4152, #5028, #3738, .T. ) ;
#3591 = CARTESIAN_POINT ( 'NONE',  ( 1.476976570111829146, -0.8022991064871680678, 0.1730457524393007873 ) ) ;
#3592 = CARTESIAN_POINT ( 'NONE',  ( 1.923638355310545167, -1.083034954474031197, -0.2185635360079671297 ) ) ;
#3593 = CARTESIAN_POINT ( 'NONE',  ( -2.367823515654784661, 1.540009879497549861, 1.503461556299354962 ) ) ;
#3594 = CARTESIAN_POINT ( 'NONE',  ( 1.695203652891880131, 1.393856782217540058, -1.750000000000000000 ) ) ;
#3595 = CARTESIAN_POINT ( 'NONE',  ( 1.455920486491333987, -0.7844119636649869998, 0.02640608338881405073 ) ) ;
#3596 =( BOUNDED_SURFACE ( )  B_SPLINE_SURFACE ( 3, 2, ( 
 ( #4050, #2169, #4534 ),
 ( #4436, #1021, #4977 ),
 ( #2888, #3325, #1659 ),
 ( #4874, #3690, #4086 ),
 ( #1150, #1447, #1825 ),
 ( #4694, #4297, #2701 ),
 ( #2202, #4262, #3800 ),
 ( #5009, #3933, #3052 ),
 ( #2616, #4, #3867 ),
 ( #2239, #2345, #4327 ),
 ( #4650, #1512, #1118 ),
 ( #4734, #3542, #1884 ) ),
 .UNSPECIFIED., .F., .F., .F. ) 
 B_SPLINE_SURFACE_WITH_KNOTS ( ( 4, 2, 2, 2, 2, 4 ),
 ( 3, 3 ),
 ( 0.000000000000000000, 5.106313222873780160E-05, 7.659469834310669563E-05, 8.936048140029119685E-05, 9.574337292888340681E-05, 0.0001021262644574756032 ),
 ( 0.000000000000000000, 1.000000000000000000 ),
 .UNSPECIFIED. ) 
 GEOMETRIC_REPRESENTATION_ITEM ( )  RATIONAL_B_SPLINE_SURFACE ( (
 ( 1.000000000000000000, 0.7071067811865470176, 1.000000000000000000),
 ( 1.000000000000000000, 0.7071067811865470176, 1.000000000000000000),
 ( 1.000000000000000000, 0.7071067811865480168, 1.000000000000000000),
 ( 1.000000000000000000, 0.7071067811865480168, 1.000000000000000000),
 ( 1.000000000000000000, 0.7071067811865470176, 1.000000000000000000),
 ( 1.000000000000000000, 0.7071067811865470176, 1.000000000000000000),
 ( 1.000000000000000000, 0.7071067811865470176, 1.000000000000000000),
 ( 1.000000000000000000, 0.7071067811865470176, 1.000000000000000000),
 ( 1.000000000000000000, 0.7071067811865480168, 1.000000000000000000),
 ( 1.000000000000000000, 0.7071067811865480168, 1.000000000000000000),
 ( 1.000000000000000000, 0.7071067811865480168, 1.000000000000000000),
 ( 1.000000000000000000, 0.7071067811865480168, 1.000000000000000000) ) ) 
 REPRESENTATION_ITEM ( '' )  SURFACE ( )  );
#3597 = CARTESIAN_POINT ( 'NONE',  ( 1.873469901277247107, 1.352534576899172336, 1.749999999998399502 ) ) ;
#3598 = CARTESIAN_POINT ( 'NONE',  ( -1.695203652891880131, 1.393856782217540058, 1.750000000000000000 ) ) ;
#3599 = ORIENTED_EDGE ( 'NONE', *, *, #4949, .T. ) ;
#3600 = B_SPLINE_CURVE_WITH_KNOTS ( 'NONE', 3,
 ( #2135, #2539, #3765, #1408, #2930, #2102 ),
 .UNSPECIFIED., .F., .F.,
 ( 4, 1, 1, 4 ),
 ( 0.000000000000000000, 0.6114731747711845689, 0.7429625011636167287, 1.000000000000000000 ),
 .UNSPECIFIED. ) ;
#3601 = CARTESIAN_POINT ( 'NONE',  ( -2.750000000000000000, 0.5753386119242410723, -0.6978242268668009007 ) ) ;
#3602 = DIRECTION ( 'NONE',  ( 1.000000000000000000, 0.000000000000000000, 0.000000000000000000 ) ) ;
#3603 = CARTESIAN_POINT ( 'NONE',  ( -1.544682700789397733, 1.687550264996179772, -1.728341824663671034 ) ) ;
#3604 = DIRECTION ( 'NONE',  ( 0.000000000000000000, 0.000000000000000000, 1.000000000000000000 ) ) ;
#3605 = ORIENTED_EDGE ( 'NONE', *, *, #346, .F. ) ;
#3606 = CARTESIAN_POINT ( 'NONE',  ( -2.643574936333194625, 1.418511801815501849, -1.193340327488299879 ) ) ;
#3607 = DIRECTION ( 'NONE',  ( 0.5419230503555264589, 0.000000000000000000, -0.8404281096520757055 ) ) ;
#3608 = CARTESIAN_POINT ( 'NONE',  ( 2.750000000000000000, 0.8459294037906979202, -0.7467584197806600432 ) ) ;
#3609 = CARTESIAN_POINT ( 'NONE',  ( 2.750000000000000000, 1.431449269403569424, 0.7500000000184064985 ) ) ;
#3610 = CARTESIAN_POINT ( 'NONE',  ( -1.525882758779589787, -0.5101445300704938735, 1.028804879992004206 ) ) ;
#3611 = CARTESIAN_POINT ( 'NONE',  ( 2.193151206360690164, 1.309276421222365760, -1.648832960436410033 ) ) ;
#3612 = ORIENTED_EDGE ( 'NONE', *, *, #5034, .F. ) ;
#3613 = ADVANCED_FACE ( 'NONE', ( #1941 ), #916, .T. ) ;
#3614 = CARTESIAN_POINT ( 'NONE',  ( -2.750000000000004441, -0.1717591393292587643, 1.382566227769456146 ) ) ;
#3615 = CARTESIAN_POINT ( 'NONE',  ( 2.473516188011635197, 2.021733838396105210, -0.7500000000000000000 ) ) ;
#3616 = CARTESIAN_POINT ( 'NONE',  ( -1.465169487519871083, -0.6376561140092376068, -0.4153242033942104450 ) ) ;
#3617 = CARTESIAN_POINT ( 'NONE',  ( 0.5472084946893500668, -0.1358797867424826056, -1.414867442629915928 ) ) ;
#3618 = EDGE_LOOP ( 'NONE', ( #3677, #2901, #3599, #1245 ) ) ;
#3619 = CARTESIAN_POINT ( 'NONE',  ( -0.2658401339503552729, -0.09144327146290512354, -1.452214243859916376 ) ) ;
#3620 = DIRECTION ( 'NONE',  ( -1.000000000000000000, 0.000000000000000000, 0.000000000000000000 ) ) ;
#3621 = CARTESIAN_POINT ( 'NONE',  ( 2.421377683901141165, -0.9136947653775137068, 2.252379878725263538E-05 ) ) ;
#3622 = FACE_OUTER_BOUND ( 'NONE', #3556, .T. ) ;
#3623 = CARTESIAN_POINT ( 'NONE',  ( -2.696509161538954924, 1.541247119633340157, 1.012799113695825870 ) ) ;
#3624 = CARTESIAN_POINT ( 'NONE',  ( 2.473920529734189966, -0.7877761045483738789, 0.09180656399013263635 ) ) ;
#3625 = CARTESIAN_POINT ( 'NONE',  ( 1.537245187164536286, -0.7825372363721343483, 0.5773597643688002101 ) ) ;
#3626 = CARTESIAN_POINT ( 'NONE',  ( 0.9829316954502986814, 2.534170958745005198, -1.328149648277359818 ) ) ;
#3627 = CARTESIAN_POINT ( 'NONE',  ( -1.668356463371010179, 1.460221371959129932, 1.750000000000000000 ) ) ;
#3628 = ORIENTED_EDGE ( 'NONE', *, *, #451, .F. ) ;
#3629 = TOROIDAL_SURFACE ( 'NONE', #2335, 0.5000000000000000000, 0.2500000000000000000 ) ;
#3630 = CARTESIAN_POINT ( 'NONE',  ( -2.750000000000000000, 0.2193304456360880006, -0.3357045805034200026 ) ) ;
#3631 = CARTESIAN_POINT ( 'NONE',  ( 1.120411890683156386, 2.326323810670027026, 1.494328821318135825 ) ) ;
#3632 = AXIS2_PLACEMENT_3D ( 'NONE', #829, #4408, #82 ) ;
#3633 = CARTESIAN_POINT ( 'NONE',  ( -0.9832193650221749959, 2.534041304265657324, -1.328905042191162122 ) ) ;
#3634 = CARTESIAN_POINT ( 'NONE',  ( 1.580754710627769510, -0.8897159622968918713, 0.3199434021455332400 ) ) ;
#3635 = CARTESIAN_POINT ( 'NONE',  ( -0.9696699141100919572, -1.269669914110088005, 3.061616997868380553E-17 ) ) ;
#3636 = ORIENTED_EDGE ( 'NONE', *, *, #4596, .T. ) ;
#3637 = B_SPLINE_CURVE_WITH_KNOTS ( 'NONE', 3,
 ( #1422, #2948, #576, #4585 ),
 .UNSPECIFIED., .F., .F.,
 ( 4, 4 ),
 ( 0.000000000000000000, 1.000000000000000000 ),
 .UNSPECIFIED. ) ;
#3638 = CARTESIAN_POINT ( 'NONE',  ( -2.750000000000000000, 1.313753328945239884, -0.8809232947589090701 ) ) ;
#3639 = CARTESIAN_POINT ( 'NONE',  ( 1.663166221822648172, -0.6496253223146328803, 0.8310679908673360705 ) ) ;
#3640 = AXIS2_PLACEMENT_3D ( 'NONE', #2607, #3041, #3719 ) ;
#3641 = CYLINDRICAL_SURFACE ( 'NONE', #3517, 0.2499999999999997780 ) ;
#3642 = DIRECTION ( 'NONE',  ( 1.000000000000000000, 0.000000000000000000, 0.000000000000000000 ) ) ;
#3643 = CARTESIAN_POINT ( 'NONE',  ( -2.067152108392820598, -0.9647453491968863704, -0.2848707045640355151 ) ) ;
#3644 =( NAMED_UNIT ( * ) SI_UNIT ( $, .STERADIAN. ) SOLID_ANGLE_UNIT ( ) );
#3645 = CARTESIAN_POINT ( 'NONE',  ( 2.332368350003549917, 1.488228440843561984, -1.545584603364309917 ) ) ;
#3646 = ORIENTED_EDGE ( 'NONE', *, *, #1389, .T. ) ;
#3647 = CARTESIAN_POINT ( 'NONE',  ( -2.750000000000000000, 0.4978782648226800500, 0.6395448365346110275 ) ) ;
#3648 = CARTESIAN_POINT ( 'NONE',  ( 0.000000000000000000, 3.000000000000000000, 0.000000000000000000 ) ) ;
#3649 = CARTESIAN_POINT ( 'NONE',  ( 2.750000000000011102, -0.6303263066510104151, -0.8632490744747115530 ) ) ;
#3650 = CARTESIAN_POINT ( 'NONE',  ( -1.455358398747365056, -0.6160641694273332192, 0.5248105413500991911 ) ) ;
#3651 = CARTESIAN_POINT ( 'NONE',  ( 1.230789126086671015, -0.4640968500928180918, -1.084443837160409263 ) ) ;
#3652 = EDGE_CURVE ( 'NONE', #682, #1124, #1993, .T. ) ;
#3653 = ORIENTED_EDGE ( 'NONE', *, *, #4750, .F. ) ;
#3654 = ADVANCED_FACE ( 'NONE', ( #259 ), #2079, .T. ) ;
#3655 = CARTESIAN_POINT ( 'NONE',  ( -0.6932687807962162330, -0.1734619648085811150, -1.380837980101147222 ) ) ;
#3656 = CARTESIAN_POINT ( 'NONE',  ( 0.5476872099053550214, 2.912035256475360434, 0.6882122695104530008 ) ) ;
#3657 = CARTESIAN_POINT ( 'NONE',  ( 1.383293044939168048, -0.5441299923377670433, -0.8361457084366070713 ) ) ;
#3658 = CARTESIAN_POINT ( 'NONE',  ( 2.430573792527602528, -0.9048426063001621111, 1.995885842796338446E-05 ) ) ;
#3659 = CARTESIAN_POINT ( 'NONE',  ( -2.410724609586360145, 1.348894810351179974, 1.503472462229624940 ) ) ;
#3660 = CARTESIAN_POINT ( 'NONE',  ( 2.528174291204572821, -0.7451578306720526568, 0.05162988686257051485 ) ) ;
#3661 = CARTESIAN_POINT ( 'NONE',  ( 2.648832960431314998, 1.312939974393860121, 1.193151206371020123 ) ) ;
#3662 = CARTESIAN_POINT ( 'NONE',  ( 0.9660289318087834642, 2.558286827422931342, -1.303951252744341538 ) ) ;
#3663 = DIRECTION ( 'NONE',  ( 0.000000000000000000, 1.000000000000000000, 0.000000000000000000 ) ) ;
#3664 = CARTESIAN_POINT ( 'NONE',  ( -0.7530762289440803281, 2.792992957946386579, 0.9782365493328660788 ) ) ;
#3665 = ORIENTED_EDGE ( 'NONE', *, *, #3999, .T. ) ;
#3666 = CARTESIAN_POINT ( 'NONE',  ( -1.750000000000000000, -0.4171489463327304748, -1.133398341970853984 ) ) ;
#3667 = CARTESIAN_POINT ( 'NONE',  ( 1.771291846738944908, -1.096614383114290270, -3.182302203807980111E-14 ) ) ;
#3668 = CARTESIAN_POINT ( 'NONE',  ( 2.750000000000000888, 0.1455552929555049557, 1.601213704947969108 ) ) ;
#3669 = CARTESIAN_POINT ( 'NONE',  ( -0.9440945601186693237, 2.588663944427295860, -1.271570364865500791 ) ) ;
#3670 = CARTESIAN_POINT ( 'NONE',  ( -1.750000000000000000, 1.080205472464321970, 1.750000000000000000 ) ) ;
#3671 = CARTESIAN_POINT ( 'NONE',  ( -2.584682968284319760, 1.865139086121192280, 1.749999999999984013 ) ) ;
#3672 = ORIENTED_EDGE ( 'NONE', *, *, #1440, .F. ) ;
#3673 = CARTESIAN_POINT ( 'NONE',  ( -2.750000000000000000, 1.313753328945229892, -5.000000000000000000 ) ) ;
#3674 = DIRECTION ( 'NONE',  ( -0.5419230503554328671, 0.000000000000000000, -0.8404281096521359906 ) ) ;
#3675 = CARTESIAN_POINT ( 'NONE',  ( 1.750000000000000000, 1.313753328945229892, 1.750000000000000000 ) ) ;
#3676 = SURFACE_SIDE_STYLE ('',( #1147 ) ) ;
#3677 = ORIENTED_EDGE ( 'NONE', *, *, #2721, .F. ) ;
#3678 = CARTESIAN_POINT ( 'NONE',  ( -1.750000000000000000, -0.9928673751719279128, 0.3256454536181270232 ) ) ;
#3679 = B_SPLINE_CURVE_WITH_KNOTS ( 'NONE', 3,
 ( #3786, #228, #1933, #2997 ),
 .UNSPECIFIED., .F., .F.,
 ( 4, 4 ),
 ( 0.000000000000000000, 1.000000000000000000 ),
 .UNSPECIFIED. ) ;
#3680 = APPLICATION_CONTEXT ( 'automotive_design' ) ;
#3681 = CARTESIAN_POINT ( 'NONE',  ( 1.750000000000000000, -0.8005056879414991222, -0.5477313989519930759 ) ) ;
#3682 = CARTESIAN_POINT ( 'NONE',  ( 1.692367070301728393, -1.017689606677137037, -0.2897586478531141152 ) ) ;
#3683 = CIRCLE ( 'NONE', #2528, 0.2500000000000000000 ) ;
#3684 = CARTESIAN_POINT ( 'NONE',  ( 1.181929942111429988, -0.4426398639190610163, -0.9601130190360889216 ) ) ;
#3685 = ORIENTED_EDGE ( 'NONE', *, *, #2295, .F. ) ;
#3686 = CARTESIAN_POINT ( 'NONE',  ( 2.750000000000000000, 0.7153211176431659712, -0.7306010113093319713 ) ) ;
#3687 = CARTESIAN_POINT ( 'NONE',  ( 1.750000000000000000, 0.2855203824666119883, 1.655810494447494952 ) ) ;
#3688 = DIRECTION ( 'NONE',  ( -0.7071067811865510144, -0.7071067811865440200, 0.000000000000000000 ) ) ;
#3689 = CARTESIAN_POINT ( 'NONE',  ( -1.543575139126774909, 2.690195358626684907, -0.6634361983965879617 ) ) ;
#3690 = CARTESIAN_POINT ( 'NONE',  ( 2.584682968284308657, 1.865139086121200940, -1.749999999999992895 ) ) ;
#3691 = CIRCLE ( 'NONE', #2706, 0.2500000000000002220 ) ;
#3692 = CARTESIAN_POINT ( 'NONE',  ( -2.608775822009724799, 1.575087153001515139, 1.193578062281804186 ) ) ;
#3693 = CARTESIAN_POINT ( 'NONE',  ( 1.584366873534180042, -0.8866546234995840159, -0.3185779014489317773 ) ) ;
#3694 = CARTESIAN_POINT ( 'NONE',  ( 1.711364701671190147, -0.7219365191442319585, 0.7032576983111710200 ) ) ;
#3695 = CARTESIAN_POINT ( 'NONE',  ( 1.255847026918402998, 2.124490463179048660, -1.603350787225153118 ) ) ;
#3696 = CARTESIAN_POINT ( 'NONE',  ( 1.812535957080009918, -1.135927216164729803, -1.589235751725255180E-12 ) ) ;
#3697 = CARTESIAN_POINT ( 'NONE',  ( -1.478788370779574368, 1.793585848932824023, 1.709189683608642651 ) ) ;
#3698 = ORIENTED_EDGE ( 'NONE', *, *, #3759, .T. ) ;
#3699 = AXIS2_PLACEMENT_3D ( 'NONE', #1626, #2752, #3560 ) ;
#3700 = CIRCLE ( 'NONE', #681, 0.2500000000000000000 ) ;
#3701 = CARTESIAN_POINT ( 'NONE',  ( -2.749999999999996891, -0.2522286055818000472, -1.304743563019798769 ) ) ;
#3702 = CARTESIAN_POINT ( 'NONE',  ( 1.366940087904929380, 1.962219152497349572, 1.665678687920968626 ) ) ;
#3703 = CARTESIAN_POINT ( 'NONE',  ( 1.750000000000000000, -0.6303264828471839554, 0.8632491802846159468 ) ) ;
#3704 = CARTESIAN_POINT ( 'NONE',  ( -1.527252607571918164, 1.716230933000254089, -1.723700071443672766 ) ) ;
#3705 = CARTESIAN_POINT ( 'NONE',  ( 1.718982395558569909, -0.8692886612150190206, 0.4380993121472724905 ) ) ;
#3706 = CARTESIAN_POINT ( 'NONE',  ( -1.749523500210145022, 1.307156018955818011, 1.750000000000000000 ) ) ;
#3707 = EDGE_CURVE ( 'NONE', #682, #3026, #3711, .T. ) ;
#3708 = ORIENTED_EDGE ( 'NONE', *, *, #5093, .F. ) ;
#3709 = CARTESIAN_POINT ( 'NONE',  ( -2.410724609536085250, 1.348894833496733892, -1.503472462271279841 ) ) ;
#3710 = CARTESIAN_POINT ( 'NONE',  ( 0.6042583062047006681, 2.954668498346106897, 0.3435809605094929386 ) ) ;
#3711 = CIRCLE ( 'NONE', #3824, 0.7500000000000002220 ) ;
#3712 = DIRECTION ( 'NONE',  ( 0.000000000000000000, 0.000000000000000000, 1.000000000000000000 ) ) ;
#3713 = DIRECTION ( 'NONE',  ( 0.000000000000000000, 0.000000000000000000, 1.000000000000000000 ) ) ;
#3714 = CARTESIAN_POINT ( 'NONE',  ( 2.338990063244885231, 2.172244753877024870, -0.7483856171563439963 ) ) ;
#3715 = ORIENTED_EDGE ( 'NONE', *, *, #5056, .F. ) ;
#3716 = CARTESIAN_POINT ( 'NONE',  ( 2.533948066444374980, 1.944094758546044854, 0.7499999999999850120 ) ) ;
#3717 = EDGE_CURVE ( 'NONE', #1587, #1496, #1468, .T. ) ;
#3718 = CARTESIAN_POINT ( 'NONE',  ( 2.750000000000000000, 0.1910974077489059897, -0.2868705270439665389 ) ) ;
#3719 = DIRECTION ( 'NONE',  ( 1.000000000000000000, 0.000000000000000000, 0.000000000000000000 ) ) ;
#3720 = FACE_OUTER_BOUND ( 'NONE', #1615, .T. ) ;
#3721 = CARTESIAN_POINT ( 'NONE',  ( 1.122896511299501299, -0.3129182864931552288, 1.242600353030858029 ) ) ;
#3722 = ORIENTED_EDGE ( 'NONE', *, *, #1319, .T. ) ;
#3723 = CARTESIAN_POINT ( 'NONE',  ( 1.750000000000000000, -0.03470055859002169757, -1.496536428723070022 ) ) ;
#3724 = CARTESIAN_POINT ( 'NONE',  ( -1.752346622182032965, -0.9019683903060305985, -0.3978583306297883149 ) ) ;
#3725 = CARTESIAN_POINT ( 'NONE',  ( -1.893507236521615011, 2.517140516250481852, -1.535438331116964816 ) ) ;
#3726 = CARTESIAN_POINT ( 'NONE',  ( -1.383293044939168048, -0.5441299923377670433, 0.8361457084366070713 ) ) ;
#3727 = LINE ( 'NONE', #1878, #1965 ) ;
#3728 = CARTESIAN_POINT ( 'NONE',  ( 0.1240959250363700000, -0.1943319383276495005, 1.225366788177348010 ) ) ;
#3729 = CARTESIAN_POINT ( 'NONE',  ( 2.218020062976335360, -0.9232925601804837790, 0.2323329099703254352 ) ) ;
#3730 = CARTESIAN_POINT ( 'NONE',  ( 1.445411751665432121, -0.9253316306213643649, 0.3747155852895232564 ) ) ;
#3731 = CARTESIAN_POINT ( 'NONE',  ( 1.246516435625526276, 2.138230925802390381, -1.597173130359426096 ) ) ;
#3732 = DIRECTION ( 'NONE',  ( -1.000000000000000000, 0.000000000000000000, 0.000000000000000000 ) ) ;
#3733 = B_SPLINE_CURVE_WITH_KNOTS ( 'NONE', 3,
 ( #105, #492, #892, #1277 ),
 .UNSPECIFIED., .F., .F.,
 ( 4, 4 ),
 ( 0.000000000000000000, 1.000000000000000000 ),
 .UNSPECIFIED. ) ;
#3734 = DIRECTION ( 'NONE',  ( -0.9558172740508309451, 0.2939614577219925029, 0.000000000000000000 ) ) ;
#3735 = ORIENTED_EDGE ( 'NONE', *, *, #2587, .F. ) ;
#3736 = B_SPLINE_CURVE_WITH_KNOTS ( 'NONE', 3,
 ( #2366, #1168, #3983, #4368, #4797, #75, #461, #2100, #854, #1658, #4016, #1686, #4401, #4833, #2235, #2574, #1052, #4531, #2199, #4906, #1823, #2166, #3049, #5007, #2614, #3010, #625, #3443, #692, #3724, #4160, #3416, #4192 ),
 .UNSPECIFIED., .F., .F.,
 ( 4, 2, 2, 2, 2, 2, 2, 1, 2, 2, 2, 2, 2, 2, 2, 2, 4 ),
 ( 0.000000000000000000, 0.2499999999999901745, 0.3749999999999863443, 0.4374999999999849010, 0.4999999999999834577, 0.6249999999999796829, 0.6874999999999769074, 0.7187499999999755751, 0.7343749999999764633, 0.7499999999999773515, 0.8124999999999824585, 0.8437499999999850120, 0.8593749999999864553, 0.8749999999999877875, 0.9062499999999907851, 0.9374999999999937828, 1.000000000000000000 ),
 .UNSPECIFIED. ) ;
#3737 = CARTESIAN_POINT ( 'NONE',  ( 1.750000000000000000, -0.4503512238670899781, -1.097196693923010002 ) ) ;
#3738 = CIRCLE ( 'NONE', #3632, 0.7500000000000000000 ) ;
#3739 = CARTESIAN_POINT ( 'NONE',  ( -1.750000000000000000, -0.8005056879415120008, -0.5477313989519699833 ) ) ;
#3740 = CARTESIAN_POINT ( 'NONE',  ( 1.083304495841324488, 2.382912960028458205, 1.455526571334747388 ) ) ;
#3741 = CARTESIAN_POINT ( 'NONE',  ( -1.750000000000000000, -0.6401450635739960315, -0.8992299248416790736 ) ) ;
#3742 = PRESENTATION_LAYER_ASSIGNMENT (  '', '', ( #296 ) ) ;
#3743 = CARTESIAN_POINT ( 'NONE',  ( -2.749999999999996891, 0.1188583054618716911, 1.588709239061449896 ) ) ;
#3744 = CARTESIAN_POINT ( 'NONE',  ( -1.743713449350365213E-15, 3.000000000000000000, -0.7500000000000000000 ) ) ;
#3745 = CARTESIAN_POINT ( 'NONE',  ( -2.660501160420194910, 1.720489108889046381, 1.750000000000001554 ) ) ;
#3746 = VERTEX_POINT ( 'NONE', #2936 ) ;
#3747 = ADVANCED_FACE ( 'NONE', ( #2051 ), #959, .F. ) ;
#3748 = CARTESIAN_POINT ( 'NONE',  ( -1.469722799972173810, -0.6509351554769504666, -0.3525632377061493905 ) ) ;
#3749 = CARTESIAN_POINT ( 'NONE',  ( 0.5856505135182854538, 2.957463512694575414, 0.3344078409059707546 ) ) ;
#3750 = FACE_OUTER_BOUND ( 'NONE', #4997, .T. ) ;
#3751 = DIRECTION ( 'NONE',  ( -0.7071067811865510144, -0.7071067811865440200, 0.000000000000000000 ) ) ;
#3752 = CARTESIAN_POINT ( 'NONE',  ( -1.426720902876931873, -0.5764343997994690882, 0.7194761433673760864 ) ) ;
#3753 = SURFACE_STYLE_USAGE ( .BOTH. , #3676 ) ;
#3754 = ORIENTED_EDGE ( 'NONE', *, *, #551, .T. ) ;
#3755 = CARTESIAN_POINT ( 'NONE',  ( -1.750000000000000000, -0.8595458257883030750, 0.4508189339401809659 ) ) ;
#3756 = CARTESIAN_POINT ( 'NONE',  ( 1.750000000000000000, -0.5689929831233789814, -0.9543846824249480054 ) ) ;
#3757 = CARTESIAN_POINT ( 'NONE',  ( 1.180715795439390536, -0.4443289268198890030, 0.9580965457761450033 ) ) ;
#3758 = CARTESIAN_POINT ( 'NONE',  ( 0.3373387318123380330, 0.3373387318123345358, -5.000000000000000000 ) ) ;
#3759 = EDGE_CURVE ( 'NONE', #4934, #1773, #379, .T. ) ;
#3760 = PRODUCT_DEFINITION_SHAPE ( 'NONE', 'NONE',  #2500 ) ;
#3761 = AXIS2_PLACEMENT_3D ( 'NONE', #3433, #1037, #3148 ) ;
#3762 = ORIENTED_EDGE ( 'NONE', *, *, #1275, .F. ) ;
#3763 = CARTESIAN_POINT ( 'NONE',  ( 1.517709170700240140, -0.8430317070755820597, -0.2562738891372039474 ) ) ;
#3764 = CARTESIAN_POINT ( 'NONE',  ( -0.8805206788678160423, 2.671432320549050221, -1.173846480444205920 ) ) ;
#3765 = CARTESIAN_POINT ( 'NONE',  ( -1.749999999999987566, -0.07291454520837080400, 1.496147290704067823 ) ) ;
#3766 = CIRCLE ( 'NONE', #3465, 0.2500000000000000000 ) ;
#3767 = CARTESIAN_POINT ( 'NONE',  ( 1.517709170700240140, -0.8430317070755820597, -0.2562738891372039474 ) ) ;
#3768 = CARTESIAN_POINT ( 'NONE',  ( 2.251150674144370090, 1.309742720634724078, 1.617831599027399925 ) ) ;
#3769 = CARTESIAN_POINT ( 'NONE',  ( 1.088942865507290803, 2.374302010283352082, -1.461568281944728209 ) ) ;
#3770 = B_SPLINE_CURVE_WITH_KNOTS ( 'NONE', 3,
 ( #4619, #704, #2282, #2586, #1521, #4512, #2176, #1892, #2676, #1205, #4762, #4320, #3857, #1174, #720, #464, #1905, #858, #5099, #364 ),
 .UNSPECIFIED., .F., .F.,
 ( 4, 2, 2, 2, 2, 2, 2, 2, 2, 4 ),
 ( 0.000000000000000000, 0.0003502484501062514766, 0.0004378105626328144271, 0.0005253726751593769439, 0.0006129347876859400027, 0.0007004969002125029532, 0.0008756211252656279868, 0.0009631832377921909372, 0.001050745350318753888, 0.001400993800425003738 ),
 .UNSPECIFIED. ) ;
#3771 = CARTESIAN_POINT ( 'NONE',  ( -1.274873347477678553, 2.096547379883915596, 1.615412218568974545 ) ) ;
#3772 = ORIENTED_EDGE ( 'NONE', *, *, #154, .F. ) ;
#3773 = CARTESIAN_POINT ( 'NONE',  ( -2.750000000000000000, 0.2349367398278264796, -0.3592240290112544976 ) ) ;
#3774 = ADVANCED_FACE ( 'NONE', ( #3720 ), #1035, .T. ) ;
#3775 = AXIS2_PLACEMENT_3D ( 'NONE', #1850, #2928, #4499 ) ;
#3776 = CARTESIAN_POINT ( 'NONE',  ( 1.675092683010842576, 1.443570328748709608, 1.750000000000000444 ) ) ;
#3777 = CARTESIAN_POINT ( 'NONE',  ( 2.643574942773174730, 1.418511737052253974, -1.193340327638306109 ) ) ;
#3778 = CARTESIAN_POINT ( 'NONE',  ( 2.750000000000000000, 0.008945637124530909229, -0.05074337525946499838 ) ) ;
#3779 = CARTESIAN_POINT ( 'NONE',  ( -0.3665583187806226162, 2.971325639763979343, -0.4521099936509961892 ) ) ;
#3780 = CARTESIAN_POINT ( 'NONE',  ( -1.464024658741089890, 3.000000000000000000, -0.7500000000000000000 ) ) ;
#3781 = CARTESIAN_POINT ( 'NONE',  ( 1.633785341219059939, -0.9591078775944010815, 0.000000000000000000 ) ) ;
#3782 = ORIENTED_EDGE ( 'NONE', *, *, #3571, .T. ) ;
#3783 = EDGE_CURVE ( 'NONE', #1952, #2094, #3917, .T. ) ;
#3784 = CARTESIAN_POINT ( 'NONE',  ( -1.880898075512669854, 1.306765993851469965, -1.743553912121979854 ) ) ;
#3785 = CARTESIAN_POINT ( 'NONE',  ( 1.750000000000000000, -0.8050148418556589691, -0.5400853469422159936 ) ) ;
#3786 = CARTESIAN_POINT ( 'NONE',  ( -2.685062396475904833, 1.660315896328979912, 0.7500000000000000000 ) ) ;
#3787 = CARTESIAN_POINT ( 'NONE',  ( -1.445411751665400812, -0.9253316306213638098, 0.3747155852895610595 ) ) ;
#3788 = CARTESIAN_POINT ( 'NONE',  ( 1.543575139126785123, 2.690195358626684907, -0.6634361983966629017 ) ) ;
#3789 = VERTEX_POINT ( 'NONE', #4394 ) ;
#3790 = ADVANCED_FACE ( 'NONE', ( #2061 ), #3629, .T. ) ;
#3791 = CARTESIAN_POINT ( 'NONE',  ( -2.750000000000000000, 0.09755381912950319978, 0.1061905491902780108 ) ) ;
#3792 = CARTESIAN_POINT ( 'NONE',  ( 1.750000000000000000, -0.5017690270209309578, -1.039083594386421838 ) ) ;
#3793 = CARTESIAN_POINT ( 'NONE',  ( 2.685062319797939523, 1.660316100149460183, 0.7500000000000000000 ) ) ;
#3794 = CIRCLE ( 'NONE', #1441, 0.2500000000000000000 ) ;
#3795 = CARTESIAN_POINT ( 'NONE',  ( -2.750000000000000000, 1.313753328945229892, 0.7500000000000000000 ) ) ;
#3796 = ORIENTED_EDGE ( 'NONE', *, *, #3399, .F. ) ;
#3797 = CARTESIAN_POINT ( 'NONE',  ( -1.949976815108228845, -1.058848179054928895, -0.2532492179325347426 ) ) ;
#3798 = CARTESIAN_POINT ( 'NONE',  ( 1.280231950625786208, -0.6055544870011240199, 0.000000000000000000 ) ) ;
#3799 = CARTESIAN_POINT ( 'NONE',  ( -2.308990344923152360, 2.202614228745643388, -1.704027443242016826 ) ) ;
#3800 = CARTESIAN_POINT ( 'NONE',  ( 1.743636085038995143, 1.320864657047934099, -1.750000000000000000 ) ) ;
#3801 = CARTESIAN_POINT ( 'NONE',  ( -1.748765290670814876, 1.309144296220060122, -1.750000000000000000 ) ) ;
#3802 = CARTESIAN_POINT ( 'NONE',  ( 2.454075556178205275, 1.572719284615559765, 1.411285807956325966 ) ) ;
#3803 = CARTESIAN_POINT ( 'NONE',  ( 1.766437728661298445, -0.8926535386914897785, 0.4092584486038083891 ) ) ;
#3804 = ORIENTED_EDGE ( 'NONE', *, *, #4354, .F. ) ;
#3805 = PRODUCT_DEFINITION_FORMATION_WITH_SPECIFIED_SOURCE ( 'ANY', '', #426, .NOT_KNOWN. ) ;
#3806 = CARTESIAN_POINT ( 'NONE',  ( 2.749999999999961364, -0.3976646487908357952, -1.154006332048367556 ) ) ;
#3807 = CARTESIAN_POINT ( 'NONE',  ( 2.003633779954649974, -0.9737267632371290338, -0.2989205570147525082 ) ) ;
#3808 = CARTESIAN_POINT ( 'NONE',  ( 1.472043087496891944, -0.6565128034466669593, -0.3233927270602460213 ) ) ;
#3809 = CARTESIAN_POINT ( 'NONE',  ( -2.698116690284374286, -0.3466081927344043523, -1.351014572975470076E-07 ) ) ;
#3810 = CARTESIAN_POINT ( 'NONE',  ( 2.750000000000000000, 0.2382333518898000213, 0.3638222697317969878 ) ) ;
#3811 = DIRECTION ( 'NONE',  ( -0.6278770561785620430, -0.7783125351197569541, 0.000000000000000000 ) ) ;
#3812 =( NAMED_UNIT ( * ) SI_UNIT ( $, .STERADIAN. ) SOLID_ANGLE_UNIT ( ) );
#3813 = ORIENTED_EDGE ( 'NONE', *, *, #3156, .T. ) ;
#3814 = CARTESIAN_POINT ( 'NONE',  ( -2.009282568499860311, 1.307798169075201855, -1.718016648688404979 ) ) ;
#3815 = DIRECTION ( 'NONE',  ( 0.000000000000000000, 1.000000000000000000, 0.000000000000000000 ) ) ;
#3816 = ADVANCED_FACE ( 'NONE', ( #3750 ), #4200, .T. ) ;
#3817 = CARTESIAN_POINT ( 'NONE',  ( 1.485371070074031019, -0.4839071784153477496, -1.060122306371053869 ) ) ;
#3818 = EDGE_CURVE ( 'NONE', #4829, #2039, #224, .T. ) ;
#3819 = B_SPLINE_CURVE_WITH_KNOTS ( 'NONE', 3,
 ( #3186, #1164, #1991, #4826, #1597, #3949, #4338, #4748, #421, #817, #2778, #3220, #3585, #3978, #4364, #4791, #69, #456, #3353, #1819, #5004, #201, #555, #2233, #2162, #4115, #4189, #2569, #2531, #2267, #4528, #3413, #3721, #2194, #2965, #1745, #4971 ),
 .UNSPECIFIED., .F., .F.,
 ( 4, 2, 2, 2, 2, 2, 1, 2, 2, 2, 2, 2, 1, 1, 2, 2, 2, 2, 2, 4 ),
 ( 0.000000000000000000, 0.06250000000000051348, 0.09375000000000070777, 0.1250000000000009159, 0.1875000000000013045, 0.2187500000000015266, 0.2343750000000016098, 0.2421875000000016376, 0.2500000000000016098, 0.5000000000000017764, 0.6250000000000017764, 0.6875000000000017764, 0.7187500000000016653, 0.7343750000000016653, 0.7421875000000016653, 0.7500000000000015543, 0.8125000000000012212, 0.8437500000000009992, 0.8750000000000008882, 1.000000000000000000 ),
 .UNSPECIFIED. ) ;
#3820 = DIRECTION ( 'NONE',  ( 0.000000000000000000, 0.000000000000000000, -1.000000000000000000 ) ) ;
#3821 = CARTESIAN_POINT ( 'NONE',  ( -0.4317980172334472955, 2.981886630188866238, 0.2599966507576884633 ) ) ;
#3822 = EDGE_LOOP ( 'NONE', ( #2128, #3916, #4657, #1874, #3828, #4598 ) ) ;
#3823 = CARTESIAN_POINT ( 'NONE',  ( -2.750000000000000000, 0.008945637124530909229, -0.05074337525946499838 ) ) ;
#3824 = AXIS2_PLACEMENT_3D ( 'NONE', #900, #4127, #4055 ) ;
#3825 = CARTESIAN_POINT ( 'NONE',  ( 1.396807910214822090, -0.5514309983454559472, 0.8127524926844980069 ) ) ;
#3826 = CARTESIAN_POINT ( 'NONE',  ( 1.983292193446234863, -0.9644706000437420768, -0.3161028734260900031 ) ) ;
#3827 = DIRECTION ( 'NONE',  ( 0.000000000000000000, 0.000000000000000000, 1.000000000000000000 ) ) ;
#3828 = ORIENTED_EDGE ( 'NONE', *, *, #4153, .T. ) ;
#3829 = CARTESIAN_POINT ( 'NONE',  ( -2.219300542607654858, -1.050198758908928109, 1.158432208818283966E-16 ) ) ;
#3830 = CARTESIAN_POINT ( 'NONE',  ( 1.850627511136275105, -1.136151278164626799, 0.1074660868219131649 ) ) ;
#3831 = CARTESIAN_POINT ( 'NONE',  ( 1.750000000000000000, 0.3057116412357225310, -1.662007891990349817 ) ) ;
#3832 = CARTESIAN_POINT ( 'NONE',  ( -1.574773783972214902, 1.637978045660295034, -1.735905819040745035 ) ) ;
#3833 = DIRECTION ( 'NONE',  ( 0.000000000000000000, 0.000000000000000000, 1.000000000000000000 ) ) ;
#3835 = B_SPLINE_CURVE_WITH_KNOTS ( 'NONE', 3,
 ( #2152, #158, #2911, #4485 ),
 .UNSPECIFIED., .F., .F.,
 ( 4, 4 ),
 ( 0.000000000000000000, 1.000000000000000000 ),
 .UNSPECIFIED. ) ;
#3834 = CARTESIAN_POINT ( 'NONE',  ( 1.745273100525624344, -0.9034723059494196296, -0.3950386080193738492 ) ) ;
#3836 = CARTESIAN_POINT ( 'NONE',  ( 1.872445962325224977, 1.352148636136583981, 1.743528016725254925 ) ) ;
#3837 = CARTESIAN_POINT ( 'NONE',  ( -1.771291846738940023, -1.096614383114282054, -1.585882499069424798E-14 ) ) ;
#3838 = CARTESIAN_POINT ( 'NONE',  ( 0.2761128230841570219, -0.09213155154303530325, 1.451669686917243851 ) ) ;
#3839 = CARTESIAN_POINT ( 'NONE',  ( -1.462313121577350383, -0.5931937570171214036, -0.9264985323363522651 ) ) ;
#3840 = ORIENTED_EDGE ( 'NONE', *, *, #1903, .T. ) ;
#3841 = EDGE_CURVE ( 'NONE', #1528, #4722, #1516, .T. ) ;
#3842 = CARTESIAN_POINT ( 'NONE',  ( -2.750000000000000000, 0.6722593254651110239, 0.7232781030558629309 ) ) ;
#3843 = CARTESIAN_POINT ( 'NONE',  ( -2.073278746935812045, 1.308226022257700683, -1.707928643719730966 ) ) ;
#3844 = CARTESIAN_POINT ( 'NONE',  ( 0.9232898853357857094, 2.616342014640614888, 1.240019796426846233 ) ) ;
#3845 = CARTESIAN_POINT ( 'NONE',  ( 2.685062396475904833, 1.660315896328979912, -0.7499999999081410351 ) ) ;
#3846 = CARTESIAN_POINT ( 'NONE',  ( 2.749999999999996891, -0.5689933583548859586, 0.9543849683106678805 ) ) ;
#3847 = CARTESIAN_POINT ( 'NONE',  ( -1.750000000000000000, 0.1188600259137341936, 1.588706042564304921 ) ) ;
#3848 = CARTESIAN_POINT ( 'NONE',  ( -1.873469689359087864, 1.352535135630072771, 1.749999999998400613 ) ) ;
#3849 = ORIENTED_EDGE ( 'NONE', *, *, #3096, .F. ) ;
#3850 = CARTESIAN_POINT ( 'NONE',  ( -1.476300414277038398, -0.6881950110818451094, -0.2121284349630916943 ) ) ;
#3851 = DIRECTION ( 'NONE',  ( -1.000000000000000000, 0.000000000000000000, 0.000000000000000000 ) ) ;
#3852 = CARTESIAN_POINT ( 'NONE',  ( 1.352798373027372492, -0.4123383319342704412, -1.138410470413275588 ) ) ;
#3853 = CARTESIAN_POINT ( 'NONE',  ( -1.741630121403844988, -1.014162213809915780, 0.3137906052877120211 ) ) ;
#3854 = EDGE_CURVE ( 'NONE', #1287, #4152, #2071, .T. ) ;
#3855 = CARTESIAN_POINT ( 'NONE',  ( 0.1520638685085975716, 3.000000007119204781, -0.1361160409791419279 ) ) ;
#3856 = ORIENTED_EDGE ( 'NONE', *, *, #4497, .F. ) ;
#3857 = CARTESIAN_POINT ( 'NONE',  ( 2.750000000000000000, 0.3474134221897625108, 0.4870193446730989861 ) ) ;
#3858 = CARTESIAN_POINT ( 'NONE',  ( -1.718982395558575016, -0.8692886612150220182, 0.4380993121472684937 ) ) ;
#3859 = CARTESIAN_POINT ( 'NONE',  ( 1.994638842009297752, 1.398483567188826049, 1.724028131159874189 ) ) ;
#3860 = CARTESIAN_POINT ( 'NONE',  ( -2.549622468427809263, -0.7515525744705713329, 0.0001385670090726543878 ) ) ;
#3861 = EDGE_CURVE ( 'NONE', #4215, #2283, #3794, .T. ) ;
#3862 = B_SPLINE_CURVE_WITH_KNOTS ( 'NONE', 3,
 ( #3205, #2731, #3478, #2794, #1545, #27 ),
 .UNSPECIFIED., .F., .F.,
 ( 4, 2, 4 ),
 ( 0.000000000000000000, 0.5000000000000000000, 1.000000000000000000 ),
 .UNSPECIFIED. ) ;
#3863 = ORIENTED_EDGE ( 'NONE', *, *, #2468, .T. ) ;
#3864 = CARTESIAN_POINT ( 'NONE',  ( 2.749999999999996891, -0.4879903627406853017, 1.054900969572194480 ) ) ;
#3865 = CARTESIAN_POINT ( 'NONE',  ( -2.750000000000004441, -0.1717591393292681179, -1.382566227769441936 ) ) ;
#3866 = CARTESIAN_POINT ( 'NONE',  ( -1.812535957079619786, -1.135927216164721809, 1.530679359383375032E-12 ) ) ;
#3867 = CARTESIAN_POINT ( 'NONE',  ( 1.747157030731180116, 1.313087776453909949, -1.750000000000000000 ) ) ;
#3868 = CARTESIAN_POINT ( 'NONE',  ( -1.706506360189520066, 1.379846089589517932, -1.750000000000000000 ) ) ;
#3869 = CARTESIAN_POINT ( 'NONE',  ( 1.813098053167550017, 1.325529686141853958, 1.749999999999195088 ) ) ;
#3870 = CARTESIAN_POINT ( 'NONE',  ( 1.500000000000000000, -1.734723475976809855E-15, 0.000000000000000000 ) ) ;
#3871 = CARTESIAN_POINT ( 'NONE',  ( 0.1368877210371340081, -0.08033174964114590810, 1.460743970785478130 ) ) ;
#3872 = B_SPLINE_CURVE_WITH_KNOTS ( 'NONE', 3,
 ( #1784, #4156, #4375, #765, #467, #861, #4349, #51, #3230, #1607 ),
 .UNSPECIFIED., .F., .F.,
 ( 4, 2, 2, 2, 4 ),
 ( 0.000000000000000000, 0.2500000000000000555, 0.5000000000000001110, 0.7500000000000002220, 1.000000000000000000 ),
 .UNSPECIFIED. ) ;
#3873 = CARTESIAN_POINT ( 'NONE',  ( -1.407990827262886047, -0.5596871820425770583, -0.7847438621722759855 ) ) ;
#3874 = EDGE_LOOP ( 'NONE', ( #1443, #4502 ) ) ;
#3875 = CARTESIAN_POINT ( 'NONE',  ( -2.750000000000000000, 0.07620311904523520419, -0.06632192996211440372 ) ) ;
#3876 = CARTESIAN_POINT ( 'NONE',  ( 1.407990827262876055, -0.5596871820425730615, -0.7847438621722909735 ) ) ;
#3877 = DIRECTION ( 'NONE',  ( 0.000000000000000000, 0.000000000000000000, 1.000000000000000000 ) ) ;
#3878 = CARTESIAN_POINT ( 'NONE',  ( -1.880097316605830127, 1.322269763362975858, 1.743546707475869928 ) ) ;
#3879 = CARTESIAN_POINT ( 'NONE',  ( -1.749999999999960032, 0.8544593004390620417, 1.747680156139234997 ) ) ;
#3880 = CARTESIAN_POINT ( 'NONE',  ( 1.766276015400870092, -0.8908168466576269484, 0.4116682629721409858 ) ) ;
#3881 = ORIENTED_EDGE ( 'NONE', *, *, #4794, .T. ) ;
#3882 = CARTESIAN_POINT ( 'NONE',  ( 1.813098056632984845, 1.325529674578849848, -1.749999999999200195 ) ) ;
#3883 = CARTESIAN_POINT ( 'NONE',  ( -1.749999999988505195, 1.305713610130921909, -1.750000000000000000 ) ) ;
#3884 = CARTESIAN_POINT ( 'NONE',  ( -1.419530936173519997, -0.4412661021082215362, -1.111019545754218019 ) ) ;
#3885 = CARTESIAN_POINT ( 'NONE',  ( 1.258781522481100534, -0.3683564917057848831, -1.184825612503945136 ) ) ;
#3886 = CARTESIAN_POINT ( 'NONE',  ( 1.668356463370870069, 1.460221371959055991, 1.750000000000000000 ) ) ;
#3887 = CARTESIAN_POINT ( 'NONE',  ( -0.8298376315877464826, 2.914710084990169481, 0.4479268284193619332 ) ) ;
#3888 = ORIENTED_EDGE ( 'NONE', *, *, #4845, .F. ) ;
#3889 = CARTESIAN_POINT ( 'NONE',  ( -1.745305613490715002, -0.9035389767247252735, 0.3951557430157435213 ) ) ;
#3890 = CARTESIAN_POINT ( 'NONE',  ( -2.030231950625784876, -0.6055544870011240199, 0.000000000000000000 ) ) ;
#3891 = CARTESIAN_POINT ( 'NONE',  ( 2.685062319797939523, 1.660316100149460183, 0.7500000000000000000 ) ) ;
#3892 = AXIS2_PLACEMENT_3D ( 'NONE', #1540, #50, #4254 ) ;
#3893 = ORIENTED_EDGE ( 'NONE', *, *, #1640, .T. ) ;
#3894 = CARTESIAN_POINT ( 'NONE',  ( 1.750000000000000000, -0.3976646605647430333, 1.154006343251440025 ) ) ;
#3895 = CARTESIAN_POINT ( 'NONE',  ( -1.750000000000000000, -0.2299484706700334891, -1.327180304835559932 ) ) ;
#3896 = EDGE_CURVE ( 'NONE', #4722, #1595, #2673, .T. ) ;
#3897 = CARTESIAN_POINT ( 'NONE',  ( 1.750000000000000000, -0.7346410462617335435, 0.6659564502903019267 ) ) ;
#3898 = CARTESIAN_POINT ( 'NONE',  ( -0.6217100372494006599, 2.951995952393339895, -0.3521286987776484079 ) ) ;
#3899 = CARTESIAN_POINT ( 'NONE',  ( 1.584904098828834762, -0.5483696375257830491, -0.9831786291303807879 ) ) ;
#3900 = CARTESIAN_POINT ( 'NONE',  ( -1.517709170700245025, -0.8430317070755840581, -0.2562738891372019490 ) ) ;
#3901 = CARTESIAN_POINT ( 'NONE',  ( -0.5472084946893619462, -0.1358797867425109995, 1.414867442629891947 ) ) ;
#3902 = EDGE_CURVE ( 'NONE', #1325, #3538, #3770, .T. ) ;
#3903 = B_SPLINE_SURFACE_WITH_KNOTS ( 'NONE', 3, 3, ( 
 ( #873, #508, #4068, #2047, #4777, #1257 ),
 ( #4892, #4813, #93, #4385, #2870, #3638 ),
 ( #4923, #476, #58, #2380, #2451, #2834 ),
 ( #1187, #2083, #3276, #3606, #2012, #2799 ),
 ( #3969, #4032, #544, #2520, #1219, #4856 ),
 ( #913, #4355, #3240, #4002, #190, #1703 ),
 ( #1301, #1736, #1643, #3308, #4103, #943 ),
 ( #1344, #1614, #2415, #3341, #3709, #2767 ),
 ( #3210, #3575, #4141, #4959, #4629, #2184 ),
 ( #225, #2994, #1465, #611, #578, #2254 ),
 ( #971, #289, #1004, #4587, #5026, #2685 ),
 ( #2219, #2598, #1771, #4993, #1807, #4520 ),
 ( #3405, #1426, #1839, #2629, #4244, #3814 ),
 ( #4279, #1867, #3111, #4177, #2151, #3784 ),
 ( #4555, #260, #2656, #3030, #1385, #3432 ),
 ( #3495, #645, #3883, #676, #1036, #5090 ) ),
 .UNSPECIFIED., .F., .F., .F.,
 ( 4, 2, 2, 2, 2, 2, 2, 4 ),
 ( 4, 2, 4 ),
 ( 0.000000000000000000, 0.2500000000000000000, 0.3750000000000000000, 0.5000000000000000000, 0.6250000000000000000, 0.7500000000000000000, 0.8750000000000000000, 1.000000000000000000 ),
 ( 0.000000000000000000, 0.5000000000000000000, 1.000000000000000000 ),
 .UNSPECIFIED. ) ;
#3904 = VERTEX_POINT ( 'NONE', #1631 ) ;
#3905 = CARTESIAN_POINT ( 'NONE',  ( -1.916666666248747264, 1.307053563263375962, -1.750000000003831380 ) ) ;
#3906 = CARTESIAN_POINT ( 'NONE',  ( 1.642458709299104980, -0.6200562187179370355, -0.8808048046462959579 ) ) ;
#3907 = CARTESIAN_POINT ( 'NONE',  ( -2.693708416678437967, -0.3631018124672698022, 2.262790725795980880E-06 ) ) ;
#3908 = CARTESIAN_POINT ( 'NONE',  ( -1.749999999988505195, 1.305713610130923907, 1.750000000000000000 ) ) ;
#3909 = B_SPLINE_CURVE_WITH_KNOTS ( 'NONE', 3,
 ( #4944, #4877, #1691, #2542, #141, #496, #4980, #2105, #2932, #1826 ),
 .UNSPECIFIED., .F., .F.,
 ( 4, 2, 2, 2, 4 ),
 ( 0.000000000000000000, 0.2499999999999997780, 0.3749999999999997780, 0.4999999999999997780, 1.000000000000000000 ),
 .UNSPECIFIED. ) ;
#3910 = CARTESIAN_POINT ( 'NONE',  ( -1.750000000000000000, -0.3976646605647430333, 1.154006343251440025 ) ) ;
#3911 = SURFACE_SIDE_STYLE ('',( #4961 ) ) ;
#3912 = VERTEX_POINT ( 'NONE', #3122 ) ;
#3913 = DIRECTION ( 'NONE',  ( 0.000000000000000000, 0.000000000000000000, -1.000000000000000000 ) ) ;
#3914 = CARTESIAN_POINT ( 'NONE',  ( -1.421585057205825064, -0.5718049059765235587, 0.7368206296646769848 ) ) ;
#3915 = CARTESIAN_POINT ( 'NONE',  ( 1.758566755420101435, -0.8376475820565399966, -0.4816919424030588481 ) ) ;
#3916 = ORIENTED_EDGE ( 'NONE', *, *, #3717, .F. ) ;
#3917 = B_SPLINE_CURVE_WITH_KNOTS ( 'NONE', 3,
 ( #3615, #67, #2021, #2425, #2715, #2809, #4011, #1621, #1989, #454, #3553, #1132, #4746, #3146, #847, #1162, #1960, #39, #3976, #2388, #3494, #2776, #3526, #1559 ),
 .UNSPECIFIED., .F., .F.,
 ( 4, 2, 2, 2, 1, 2, 2, 2, 1, 1, 1, 2, 2, 4 ),
 ( 0.000000000000000000, 0.2499999999999990563, 0.3749999999999985012, 0.4374999999999981681, 0.4687499999999980571, 0.4843749999999980016, 0.4999999999999979461, 0.6249999999999985567, 0.6874999999999990008, 0.7187499999999991118, 0.7343749999999992228, 0.7421874999999993339, 0.7499999999999993339, 1.000000000000000000 ),
 .UNSPECIFIED. ) ;
#3918 = CARTESIAN_POINT ( 'NONE',  ( 0.5559070271103118133, 2.963266175807870884, 0.4790365096743387507 ) ) ;
#3919 = CARTESIAN_POINT ( 'NONE',  ( 1.228046919485538124, 2.808173005710125292, -0.5897791743905159700 ) ) ;
#3920 = EDGE_LOOP ( 'NONE', ( #1212, #1560 ) ) ;
#3921 = CARTESIAN_POINT ( 'NONE',  ( -1.843703965737584882, -0.9293589622436639885, -0.3644052401483195425 ) ) ;
#3922 = CARTESIAN_POINT ( 'NONE',  ( -1.517709170700245025, -0.8430317070755830589, 0.2562738891372039474 ) ) ;
#3923 =( GEOMETRIC_REPRESENTATION_CONTEXT ( 3 ) GLOBAL_UNCERTAINTY_ASSIGNED_CONTEXT ( ( #4535 ) ) GLOBAL_UNIT_ASSIGNED_CONTEXT ( ( #14, #387, #1065 ) ) REPRESENTATION_CONTEXT ( 'NONE', 'WORKASPACE' ) );
#3924 = CARTESIAN_POINT ( 'NONE',  ( 1.749999999977009946, 1.305713610126999935, 1.750000000000000000 ) ) ;
#3925 = CARTESIAN_POINT ( 'NONE',  ( 0.6559221313576713008, 2.860792261447752338, -0.8363413296890853665 ) ) ;
#3926 = CARTESIAN_POINT ( 'NONE',  ( -1.176517252566529947, 2.824517946322035122, 0.5746882633377410343 ) ) ;
#3927 = UNCERTAINTY_MEASURE_WITH_UNIT (LENGTH_MEASURE( 1.000000000000000082E-05 ), #3431, 'distance_accuracy_value', 'NONE');
#3928 = VERTEX_POINT ( 'NONE', #3594 ) ;
#3929 = ORIENTED_EDGE ( 'NONE', *, *, #3310, .F. ) ;
#3930 = CARTESIAN_POINT ( 'NONE',  ( 1.750000000000000000, -0.05569003863554600198, 1.480015538424043875 ) ) ;
#3931 = CARTESIAN_POINT ( 'NONE',  ( -1.750000000000000000, 0.2091087352659485032, -1.629231373670164906 ) ) ;
#3932 = DIRECTION ( 'NONE',  ( 0.000000000000000000, 0.000000000000000000, -1.000000000000000000 ) ) ;
#3933 = CARTESIAN_POINT ( 'NONE',  ( 2.660501160420198907, 1.720489108889031726, -1.750000000000006661 ) ) ;
#3934 = CARTESIAN_POINT ( 'NONE',  ( -1.749523507471859807, 1.307155996207590043, -1.750000000000000000 ) ) ;
#3935 = CARTESIAN_POINT ( 'NONE',  ( -2.473516188011640082, 2.021733838396099880, 0.7500000000000000000 ) ) ;
#3936 = EDGE_CURVE ( 'NONE', #4859, #1990, #2155, .T. ) ;
#3937 = CIRCLE ( 'NONE', #688, 0.7500000000000000000 ) ;
#3938 = CARTESIAN_POINT ( 'NONE',  ( -1.338813396508677256, -0.5172941525589890288, 1.029663938979960003 ) ) ;
#3939 = ORIENTED_EDGE ( 'NONE', *, *, #4185, .F. ) ;
#3940 = CARTESIAN_POINT ( 'NONE',  ( -1.749999999999960032, -0.8388845720282390728, -0.4809308325065440037 ) ) ;
#3941 = CARTESIAN_POINT ( 'NONE',  ( 1.764119652239454883, -0.8380560036229399712, -0.4800666328037449526 ) ) ;
#3942 = CARTESIAN_POINT ( 'NONE',  ( 2.381539475540090045, 1.503659698521500054, -1.503387140089874840 ) ) ;
#3943 = CARTESIAN_POINT ( 'NONE',  ( -1.880843076518705193, 1.314498483100095871, 1.743557805323465049 ) ) ;
#3944 = CARTESIAN_POINT ( 'NONE',  ( -2.749999999999983125, -0.4171489845977388033, 1.133398377065475637 ) ) ;
#3945 = CARTESIAN_POINT ( 'NONE',  ( 0.000000000000000000, 0.000000000000000000, 0.000000000000000000 ) ) ;
#3946 = ORIENTED_EDGE ( 'NONE', *, *, #184, .F. ) ;
#3947 = CARTESIAN_POINT ( 'NONE',  ( 1.847930440357363091, -1.136253446190023775, 0.2367086418128817871 ) ) ;
#3948 = CARTESIAN_POINT ( 'NONE',  ( -1.441803069710695828, -0.5948787111579955100, -0.6345824236914388017 ) ) ;
#3949 = CARTESIAN_POINT ( 'NONE',  ( -1.258781522481931203, -0.3683564917063621991, 1.184825612503342285 ) ) ;
#3950 = CARTESIAN_POINT ( 'NONE',  ( -0.9313336709770829724, -0.2437816662164667136, -1.313226162429196098 ) ) ;
#3951 = ORIENTED_EDGE ( 'NONE', *, *, #4583, .T. ) ;
#3952 = CARTESIAN_POINT ( 'NONE',  ( -1.734723475976809855E-15, 3.000000000000000000, 0.000000000000000000 ) ) ;
#3953 = DIRECTION ( 'NONE',  ( 0.000000000000000000, 0.000000000000000000, 1.000000000000000000 ) ) ;
#3954 = ORIENTED_EDGE ( 'NONE', *, *, #3477, .T. ) ;
#3955 = STYLED_ITEM ( 'NONE', ( #4000 ), #10 ) ;
#3956 = CARTESIAN_POINT ( 'NONE',  ( -2.685062396475904833, 1.660315896328979912, 0.7500000000172800663 ) ) ;
#3957 = CARTESIAN_POINT ( 'NONE',  ( -1.712560244119596620, -0.9073938006086625929, 0.3833888418454391989 ) ) ;
#3958 = CARTESIAN_POINT ( 'NONE',  ( -1.803291050299995035, -1.128613586675339953, -0.02624974246950349810 ) ) ;
#3959 = CARTESIAN_POINT ( 'NONE',  ( 0.9696699141100929564, -1.269669914110088005, -3.061616997868380553E-17 ) ) ;
#3960 = CARTESIAN_POINT ( 'NONE',  ( -2.091547508831833380, 2.381979287275096446, 1.622615258029035168 ) ) ;
#3961 = B_SPLINE_CURVE_WITH_KNOTS ( 'NONE', 3,
 ( #4610, #5043, #695, #1083 ),
 .UNSPECIFIED., .F., .F.,
 ( 4, 4 ),
 ( 3.206901062009429585E-05, 9.866737011383908129E-05 ),
 .UNSPECIFIED. ) ;
#3962 = FACE_OUTER_BOUND ( 'NONE', #2210, .T. ) ;
#3963 = ORIENTED_EDGE ( 'NONE', *, *, #840, .T. ) ;
#3964 = CARTESIAN_POINT ( 'NONE',  ( 2.750000000000000000, 0.3765693166092464739, 0.5170000814692549129 ) ) ;
#3965 = CARTESIAN_POINT ( 'NONE',  ( -2.749999999999876987, 0.8544592942362370103, -1.747680227945464626 ) ) ;
#3966 = CARTESIAN_POINT ( 'NONE',  ( -1.743713449350365213E-15, 3.000000000000000000, 5.204170427930419706E-15 ) ) ;
#3967 = CARTESIAN_POINT ( 'NONE',  ( -1.048090896063560873, 2.436961251452566035, -1.414278905591936253 ) ) ;
#3968 = CARTESIAN_POINT ( 'NONE',  ( 1.750000000000000000, -0.07291454520837080400, 1.496147290704068045 ) ) ;
#3969 = CARTESIAN_POINT ( 'NONE',  ( -2.561153394201389766, 1.613326276453894925, -1.251791603115013807 ) ) ;
#3970 = CARTESIAN_POINT ( 'NONE',  ( 2.173617385047964756, 1.438539672782024104, 1.648768003349329936 ) ) ;
#3971 = EDGE_LOOP ( 'NONE', ( #412, #3567, #1233, #1256, #202, #3033 ) ) ;
#3972 = CARTESIAN_POINT ( 'NONE',  ( 2.070252611841234991, 1.346208941662279779, -1.698936035170329761 ) ) ;
#3973 = CIRCLE ( 'NONE', #1682, 0.2500000000000000000 ) ;
#3974 = CARTESIAN_POINT ( 'NONE',  ( -2.749999999999996891, -0.4620725777302908677, 1.084257853134923844 ) ) ;
#3975 = ORIENTED_EDGE ( 'NONE', *, *, #585, .F. ) ;
#3976 = CARTESIAN_POINT ( 'NONE',  ( 0.6580598329123663603, 2.946172702584361147, -0.3696474263578146680 ) ) ;
#3977 = CARTESIAN_POINT ( 'NONE',  ( -1.383293044939168048, -0.5441299923377670433, 0.8361457084366070713 ) ) ;
#3978 = CARTESIAN_POINT ( 'NONE',  ( -0.8433840473215956646, -0.2162008434643201693, 1.340216542130096444 ) ) ;
#3979 = ADVANCED_FACE ( 'NONE', ( #231 ), #3641, .T. ) ;
#3980 = DIRECTION ( 'NONE',  ( 1.000000000000000000, 0.000000000000000000, 0.000000000000000000 ) ) ;
#3981 = CARTESIAN_POINT ( 'NONE',  ( 1.228046919485523913, 2.808173005710135062, 0.5897791743905159700 ) ) ;
#3982 = AXIS2_PLACEMENT_3D ( 'NONE', #2992, #3811, #4209 ) ;
#3983 = CARTESIAN_POINT ( 'NONE',  ( -1.541112958292425006, -0.8637236787723329146, -0.2838118607120349579 ) ) ;
#3984 = ORIENTED_EDGE ( 'NONE', *, *, #153, .T. ) ;
#3985 = CARTESIAN_POINT ( 'NONE',  ( -1.803309402829349262, -1.128631939204710610, -0.2605582559748939042 ) ) ;
#3986 = CARTESIAN_POINT ( 'NONE',  ( -2.509267378972080298, 1.543660786565379972, 1.360920021281845971 ) ) ;
#3987 = CARTESIAN_POINT ( 'NONE',  ( -1.731244272176491794, -0.9058512119512237559, 0.3900961783714149145 ) ) ;
#3988 = CARTESIAN_POINT ( 'NONE',  ( 1.756078415665120129, -0.9929684761747039623, 0.3245759123322640161 ) ) ;
#3989 = CARTESIAN_POINT ( 'NONE',  ( 0.1005004059512279724, 2.999999999999999556, -0.1244062601105503929 ) ) ;
#3990 = CARTESIAN_POINT ( 'NONE',  ( -1.416613602686379592, 2.745687301619659237, 1.247746620817074215 ) ) ;
#3991 = SURFACE_STYLE_USAGE ( .BOTH. , #2442 ) ;
#3992 = CYLINDRICAL_SURFACE ( 'NONE', #2610, 0.2500000000000001110 ) ;
#3993 = ORIENTED_EDGE ( 'NONE', *, *, #1123, .F. ) ;
#3994 = CARTESIAN_POINT ( 'NONE',  ( -1.773531391136510038, -0.9522987499603580153, -0.3515004888144295236 ) ) ;
#3995 = CARTESIAN_POINT ( 'NONE',  ( -2.749999999999996891, 1.080205472464323302, -1.749999999999998446 ) ) ;
#3996 = DIRECTION ( 'NONE',  ( 1.000000000000000000, 0.000000000000000000, 0.000000000000000000 ) ) ;
#3997 = CARTESIAN_POINT ( 'NONE',  ( -2.750000000000000000, 0.09657276347158560981, 0.09894214681363990016 ) ) ;
#3998 = CARTESIAN_POINT ( 'NONE',  ( -1.120411890681380251, 2.326323810672024983, -1.494328821316827316 ) ) ;
#3999 = EDGE_CURVE ( 'NONE', #4215, #3026, #409, .T. ) ;
#4000 = PRESENTATION_STYLE_ASSIGNMENT (( #3991 ) ) ;
#4001 = AXIS2_PLACEMENT_3D ( 'NONE', #261, #3462, #2717 ) ;
#4002 = CARTESIAN_POINT ( 'NONE',  ( -2.540350030550210025, 1.405162468721093960, -1.360295618907930049 ) ) ;
#4003 = DIRECTION ( 'NONE',  ( 0.000000000000000000, 0.000000000000000000, 1.000000000000000000 ) ) ;
#4004 = ORIENTED_EDGE ( 'NONE', *, *, #2196, .F. ) ;
#4005 = CARTESIAN_POINT ( 'NONE',  ( 2.400905186134360214, -0.8484368187661830429, -0.1477549123340851922 ) ) ;
#4006 = CARTESIAN_POINT ( 'NONE',  ( -1.561819054846985022, -0.5334186584038550505, 1.001024416087074043 ) ) ;
#4007 = DIRECTION ( 'NONE',  ( 0.000000000000000000, -1.000000000000000000, -2.168404344971010101E-16 ) ) ;
#4008 = CARTESIAN_POINT ( 'NONE',  ( 2.236873376507785505, 1.426551649444420145, -1.617955336029480273 ) ) ;
#4009 = CARTESIAN_POINT ( 'NONE',  ( -2.750000000000000000, 0.3290198916501665405, 0.4670274041193890335 ) ) ;
#4010 = ORIENTED_EDGE ( 'NONE', *, *, #217, .T. ) ;
#4011 = CARTESIAN_POINT ( 'NONE',  ( 1.477080165227185216, 2.716698864915090716, -0.6495548701654043633 ) ) ;
#4012 = CARTESIAN_POINT ( 'NONE',  ( -1.443698727945746940, -0.5974781122690052682, -0.6216017519842643724 ) ) ;
#4013 = AXIS2_PLACEMENT_3D ( 'NONE', #1584, #4576, #2205 ) ;
#4014 = CARTESIAN_POINT ( 'NONE',  ( -0.7801625727710819191, -0.1974405837549103315, -1.358263319327420282 ) ) ;
#4015 = CARTESIAN_POINT ( 'NONE',  ( 0.7277152206848249705, 2.935319345231320209, 0.4036391239606725301 ) ) ;
#4016 = CARTESIAN_POINT ( 'NONE',  ( -1.661388586530382794, -0.9060407374532530866, -0.3625534978293383226 ) ) ;
#4017 = ORIENTED_EDGE ( 'NONE', *, *, #2232, .F. ) ;
#4018 = CARTESIAN_POINT ( 'NONE',  ( -2.723956962668585113, 1.370190822555390042, 1.011841321199868027 ) ) ;
#4019 = CARTESIAN_POINT ( 'NONE',  ( 1.628250439543575290, -0.9002151737829557909, -0.3457729091201275362 ) ) ;
#4020 = CARTESIAN_POINT ( 'NONE',  ( 1.773531391136504931, -0.9522987499603510209, 0.3515004888144354633 ) ) ;
#4021 = CARTESIAN_POINT ( 'NONE',  ( -2.523154722854601850, -0.8380035809900673316, 0.002126583049274227092 ) ) ;
#4022 = CARTESIAN_POINT ( 'NONE',  ( -1.332087511739351804, 2.772518804196865361, 0.6172337592137190354 ) ) ;
#4023 = CARTESIAN_POINT ( 'NONE',  ( -0.4797489470091650388, 2.932622835938044403, 0.6004031388044969164 ) ) ;
#4024 = ADVANCED_FACE ( 'NONE', ( #901 ), #667, .T. ) ;
#4025 = LINE ( 'NONE', #246, #4038 ) ;
#4026 = ORIENTED_EDGE ( 'NONE', *, *, #1586, .F. ) ;
#4027 = CARTESIAN_POINT ( 'NONE',  ( -2.750000000000025313, -0.7332976178499054365, -0.6780887883435003927 ) ) ;
#4028 = CARTESIAN_POINT ( 'NONE',  ( 1.423211257349629166, 1.878318415802800789, 1.689085227716135451 ) ) ;
#4029 = CARTESIAN_POINT ( 'NONE',  ( -1.223260453666159098, 2.171749759017095105, -1.582552709336002561 ) ) ;
#4030 = CARTESIAN_POINT ( 'NONE',  ( -1.750000000000000000, -0.8099529597696579764, 0.5313215506047070935 ) ) ;
#4031 = CARTESIAN_POINT ( 'NONE',  ( -2.688708408643654124, 1.651879122489406937, 1.750000000000006883 ) ) ;
#4032 = CARTESIAN_POINT ( 'NONE',  ( -2.579091893677329939, 1.565701133083239993, -1.251734050905230156 ) ) ;
#4033 = CARTESIAN_POINT ( 'NONE',  ( 1.830680869562915092, -1.136120436312212156, 0.06430114619214979954 ) ) ;
#4034 = ORIENTED_EDGE ( 'NONE', *, *, #1586, .T. ) ;
#4035 = DIRECTION ( 'NONE',  ( 0.7652500153131940319, 0.4134036740454105074, -0.4934468728737799736 ) ) ;
#4036 = CARTESIAN_POINT ( 'NONE',  ( 1.298637826104865889, -0.7008349554924370173, -5.000000000000000000 ) ) ;
#4037 = CARTESIAN_POINT ( 'NONE',  ( 2.342608659978334895, 1.452663140954785881, -1.545382860228194932 ) ) ;
#4038 = VECTOR ( 'NONE', #3734, 1000.000000000000114 ) ;
#4039 = CARTESIAN_POINT ( 'NONE',  ( -2.750000000000000000, 0.4729419420652049566, 0.6156970000013309852 ) ) ;
#4040 = ORIENTED_EDGE ( 'NONE', *, *, #1809, .T. ) ;
#4041 = CARTESIAN_POINT ( 'NONE',  ( -1.465996687328449344, -0.6398811054520456842, -0.4044648006071180357 ) ) ;
#4042 = CARTESIAN_POINT ( 'NONE',  ( -0.9663664767698660896, -0.3570278931476664752, -1.058546694691920198 ) ) ;
#4043 = AXIS2_PLACEMENT_3D ( 'NONE', #4798, #1602, #1629 ) ;
#4044 = EDGE_CURVE ( 'NONE', #1496, #702, #1760, .T. ) ;
#4045 = CARTESIAN_POINT ( 'NONE',  ( -1.750000000000000000, 0.1864541761086874749, -1.750000000000000000 ) ) ;
#4046 = ORIENTED_EDGE ( 'NONE', *, *, #1635, .F. ) ;
#4047 = CARTESIAN_POINT ( 'NONE',  ( 1.738614697496659867, 1.339078261743080089, 1.750000000000000000 ) ) ;
#4048 = CARTESIAN_POINT ( 'NONE',  ( 1.452882301023775247, -0.6113300937146601832, -0.5514462847705918769 ) ) ;
#4049 = VERTEX_POINT ( 'NONE', #3198 ) ;
#4050 = CARTESIAN_POINT ( 'NONE',  ( 2.473516188011345207, 2.021733838396464922, -0.7500000000000000000 ) ) ;
#4051 = CARTESIAN_POINT ( 'NONE',  ( -2.680310490112904898, 1.597598348822444780, 1.013262025752267981 ) ) ;
#4052 = CARTESIAN_POINT ( 'NONE',  ( 1.766276015400870092, -0.8908168466576259492, -0.4116682629721409858 ) ) ;
#4053 = CARTESIAN_POINT ( 'NONE',  ( 2.561153394201389766, 1.613326276453894925, 1.251791603196015901 ) ) ;
#4054 = CARTESIAN_POINT ( 'NONE',  ( 1.081680260790530701, 2.385444453806332188, -1.453550161179954836 ) ) ;
#4055 = DIRECTION ( 'NONE',  ( 1.000000000000000000, 0.000000000000000000, 0.000000000000000000 ) ) ;
#4056 = CARTESIAN_POINT ( 'NONE',  ( -0.9235085139241701047, 2.616214940121250443, 1.240380605153522886 ) ) ;
#4057 = FACE_OUTER_BOUND ( 'NONE', #4926, .T. ) ;
#4058 = EDGE_CURVE ( 'NONE', #3320, #2981, #762, .T. ) ;
#4059 = ORIENTED_EDGE ( 'NONE', *, *, #3255, .F. ) ;
#4060 = CARTESIAN_POINT ( 'NONE',  ( -2.750000000000000000, 0.2670290864827739585, -0.3991484540132435033 ) ) ;
#4061 = CARTESIAN_POINT ( 'NONE',  ( -2.388181149922195434, -0.8446299121397088383, 0.1470837200088658536 ) ) ;
#4062 = AXIS2_PLACEMENT_3D ( 'NONE', #2601, #5094, #263 ) ;
#4063 = CARTESIAN_POINT ( 'NONE',  ( 2.750000000000000888, 0.2364969897493271189, 1.638944769783094113 ) ) ;
#4064 = CARTESIAN_POINT ( 'NONE',  ( -0.8500423896236918297, 2.709635035543376702, -1.127522876651931183 ) ) ;
#4065 = DIRECTION ( 'NONE',  ( 0.000000000000000000, -1.000000000000000000, 0.000000000000000000 ) ) ;
#4066 = CARTESIAN_POINT ( 'NONE',  ( -2.602331664285900015, 1.836076356434559909, 0.7500000000000000000 ) ) ;
#4067 = ADVANCED_FACE ( 'NONE', ( #678 ), #4489, .T. ) ;
#4068 = CARTESIAN_POINT ( 'NONE',  ( -2.722112298312855394, 1.547939782692479893, -0.7499999999477280355 ) ) ;
#4069 = CARTESIAN_POINT ( 'NONE',  ( 1.619231474077232447, -0.5932818192995334972, 0.9200052383866383909 ) ) ;
#4070 = EDGE_LOOP ( 'NONE', ( #1976, #3722, #3685, #820 ) ) ;
#4071 = AXIS2_PLACEMENT_3D ( 'NONE', #119, #2116, #3604 ) ;
#4072 = CARTESIAN_POINT ( 'NONE',  ( 2.750000000000000000, 0.5131396056503120251, -0.6540433578363459288 ) ) ;
#4073 = DIRECTION ( 'NONE',  ( 0.000000000000000000, 0.000000000000000000, 1.000000000000000000 ) ) ;
#4074 = CARTESIAN_POINT ( 'NONE',  ( 2.215831240368395072, 2.283700579122830199, -0.7430299773134729779 ) ) ;
#4075 = CARTESIAN_POINT ( 'NONE',  ( 2.602332224131080007, 1.836075383939460126, 0.7500000000000000000 ) ) ;
#4076 = ORIENTED_EDGE ( 'NONE', *, *, #1464, .T. ) ;
#4077 = CARTESIAN_POINT ( 'NONE',  ( 2.750000000000000000, 0.2253414237500159789, -0.3452518607287864971 ) ) ;
#4078 = CARTESIAN_POINT ( 'NONE',  ( -1.466766870564289116, -0.7920894069396277049, 0.1316052588629020026 ) ) ;
#4079 = CARTESIAN_POINT ( 'NONE',  ( 1.419722924461807922, -0.4413904334486690173, -1.110871141385809890 ) ) ;
#4080 = EDGE_CURVE ( 'NONE', #614, #4985, #4181, .T. ) ;
#4081 = CARTESIAN_POINT ( 'NONE',  ( 2.750000000000004441, 0.2855200361455036973, -1.655811501161853050 ) ) ;
#4082 = CARTESIAN_POINT ( 'NONE',  ( 2.750000000000000000, 0.5918384694524100320, 0.7036697310558379659 ) ) ;
#4083 = CARTESIAN_POINT ( 'NONE',  ( 1.750000000000000000, -0.7346410462580449385, -0.6659564502992263435 ) ) ;
#4084 = EDGE_LOOP ( 'NONE', ( #3063, #1786, #3893, #2327, #1815, #3514 ) ) ;
#4085 = CARTESIAN_POINT ( 'NONE',  ( -0.9181661030671061097, 2.624865368398744625, -1.233308953747888070 ) ) ;
#4086 = CARTESIAN_POINT ( 'NONE',  ( 1.731206272319005146, 1.343520870684669966, -1.750000000000000000 ) ) ;
#4087 = CARTESIAN_POINT ( 'NONE',  ( -2.705694043130075332, 1.605474149382830173, 0.8815594435611819879 ) ) ;
#4088 = CARTESIAN_POINT ( 'NONE',  ( 1.709626411944576319, -0.9076195204535197902, -0.3823311331821423464 ) ) ;
#4089 = CARTESIAN_POINT ( 'NONE',  ( 1.524266041028083274, -0.8570331599128820921, 0.4493258302678426186 ) ) ;
#4090 = CARTESIAN_POINT ( 'NONE',  ( 1.285459880577252356, 2.081043647397455842, -1.621812298790928031 ) ) ;
#4091 = CARTESIAN_POINT ( 'NONE',  ( 1.830680869562915092, -1.136120436312212156, -0.06430114619214878646 ) ) ;
#4092 = CARTESIAN_POINT ( 'NONE',  ( -1.491851285258313675, 1.772983506607473725, 1.713324118087337977 ) ) ;
#4093 = B_SPLINE_CURVE_WITH_KNOTS ( 'NONE', 3,
 ( #1851, #1019, #5040, #1080, #4120, #4975, #2640, #1509, #2537 ),
 .UNSPECIFIED., .F., .F.,
 ( 4, 1, 2, 2, 4 ),
 ( 0.000000000000000000, 0.2500000000000004996, 0.3750000000000002220, 0.5000000000000000000, 1.000000000000000000 ),
 .UNSPECIFIED. ) ;
#4094 = EDGE_LOOP ( 'NONE', ( #4513, #1741, #4972, #581, #2231, #3142 ) ) ;
#4095 = EDGE_CURVE ( 'NONE', #4901, #4609, #964, .T. ) ;
#4096 = CARTESIAN_POINT ( 'NONE',  ( -1.476660092387360068, -0.6757483333137539461, -0.2439413294471080018 ) ) ;
#4097 = CARTESIAN_POINT ( 'NONE',  ( -1.750000000000000000, -0.5287652274660530338, -1.006287766519014193 ) ) ;
#4098 = CARTESIAN_POINT ( 'NONE',  ( -2.363424350296849052, -0.8587161854314079301, 0.1613389562556288015 ) ) ;
#4099 = CARTESIAN_POINT ( 'NONE',  ( 2.750000000000000000, 0.1593725752020455078, 0.2269714044701844902 ) ) ;
#4100 = CARTESIAN_POINT ( 'NONE',  ( -1.423211257349463743, 1.878318415802771035, -1.689085227716143889 ) ) ;
#4101 = CARTESIAN_POINT ( 'NONE',  ( -2.750000000000000000, 1.313753328945229892, -0.7500000000000000000 ) ) ;
#4102 = FACE_OUTER_BOUND ( 'NONE', #4952, .T. ) ;
#4103 = CARTESIAN_POINT ( 'NONE',  ( -2.503300384756845354, 1.354950131289116122, -1.410927973871765939 ) ) ;
#4104 = EDGE_CURVE ( 'NONE', #2465, #1931, #2584, .T. ) ;
#4105 = CARTESIAN_POINT ( 'NONE',  ( 2.500000000000000000, -12.00000000000000000, 0.000000000000000000 ) ) ;
#4106 = ORIENTED_EDGE ( 'NONE', *, *, #4676, .T. ) ;
#4107 = CARTESIAN_POINT ( 'NONE',  ( 2.583780061706430153, -0.6796188807620568983, 0.002744841484182059931 ) ) ;
#4108 = DIRECTION ( 'NONE',  ( -0.8574989559356037683, 0.5144857049222548717, 0.000000000000000000 ) ) ;
#4109 = DIRECTION ( 'NONE',  ( 1.445602896647339903E-16, 1.000000000000000000, 0.000000000000000000 ) ) ;
#4110 = ADVANCED_FACE ( 'NONE', ( #1442 ), #3080, .T. ) ;
#4111 = CIRCLE ( 'NONE', #1457, 0.2500000000000000000 ) ;
#4112 = ORIENTED_EDGE ( 'NONE', *, *, #4095, .T. ) ;
#4113 = CARTESIAN_POINT ( 'NONE',  ( -1.700856529432059450, -0.7077188291519466157, 0.7265410547256698770 ) ) ;
#4114 = CARTESIAN_POINT ( 'NONE',  ( -1.517709170700245025, -0.8430317070755830589, 0.2562738891372039474 ) ) ;
#4115 = CARTESIAN_POINT ( 'NONE',  ( 0.7801625727714996961, -0.1974405837549111642, 1.358263319327420504 ) ) ;
#4116 = EDGE_CURVE ( 'NONE', #2039, #4486, #3909, .T. ) ;
#4117 = CARTESIAN_POINT ( 'NONE',  ( 2.750000000000000000, 0.5456855641915699939, -0.6808483020524570550 ) ) ;
#4118 = LINE ( 'NONE', #4604, #4140 ) ;
#4119 = CARTESIAN_POINT ( 'NONE',  ( 1.750000000000000000, 0.6528615147959671017, 1.730265551490019815 ) ) ;
#4120 = CARTESIAN_POINT ( 'NONE',  ( -1.476976696219939100, -0.8022992325952780224, -0.1730455880446321315 ) ) ;
#4121 = EDGE_LOOP ( 'NONE', ( #2119, #1334, #1899, #1425 ) ) ;
#4122 = CARTESIAN_POINT ( 'NONE',  ( -1.384593999151314092, 2.753211369096759675, -0.6296058517348699368 ) ) ;
#4123 = CARTESIAN_POINT ( 'NONE',  ( -2.685062319797939523, 1.660316100149460183, -0.7500000000000000000 ) ) ;
#4124 = CARTESIAN_POINT ( 'NONE',  ( 2.328364286316465748, -0.8770272950515357602, 0.1804114105586346606 ) ) ;
#4125 = CARTESIAN_POINT ( 'NONE',  ( 1.741630121403810127, -1.014162213809929991, 0.3137906052877035279 ) ) ;
#4126 = CARTESIAN_POINT ( 'NONE',  ( 0.9912754116568820439, 2.522083129750056329, -1.339888356613758269 ) ) ;
#4127 = DIRECTION ( 'NONE',  ( 0.000000000000000000, 0.000000000000000000, 1.000000000000000000 ) ) ;
#4128 = CARTESIAN_POINT ( 'NONE',  ( -0.6559221313582002111, 2.860792261447147933, 0.8363413296903494665 ) ) ;
#4129 = AXIS2_PLACEMENT_3D ( 'NONE', #3798, #206, #4570 ) ;
#4130 = ORIENTED_EDGE ( 'NONE', *, *, #4331, .F. ) ;
#4131 = CARTESIAN_POINT ( 'NONE',  ( -2.750000000000000000, 0.6148057690588101254, 0.7109410563166680408 ) ) ;
#4132 = CARTESIAN_POINT ( 'NONE',  ( -2.750000000000000000, 0.4083485791940240084, -0.5502371381124520067 ) ) ;
#4133 = CARTESIAN_POINT ( 'NONE',  ( -1.406585782257336659, -0.9005555596059869883, -0.3696721688787619198 ) ) ;
#4134 = CARTESIAN_POINT ( 'NONE',  ( -1.323223304703363912, -1.623223304703365066, 0.000000000000000000 ) ) ;
#4135 = CARTESIAN_POINT ( 'NONE',  ( 1.750000000000000000, -0.5816251537179559783, 0.9366453718570350029 ) ) ;
#4136 = CARTESIAN_POINT ( 'NONE',  ( -2.750000000000000000, 0.5598347546133739527, 0.6904058809802809948 ) ) ;
#4137 = CARTESIAN_POINT ( 'NONE',  ( -1.743713449350365213E-15, 3.000000000000000000, 0.7500000000172800663 ) ) ;
#4138 = CARTESIAN_POINT ( 'NONE',  ( -1.766276015400870092, -0.8908168466576259492, 0.4116682629721420406 ) ) ;
#4139 = AXIS2_PLACEMENT_3D ( 'NONE', #2700, #3932, #730 ) ;
#4140 = VECTOR ( 'NONE', #4466, 1000.000000000000000 ) ;
#4141 = CARTESIAN_POINT ( 'NONE',  ( -2.342608639756940114, 1.452663226866770074, -1.545382859797244990 ) ) ;
#4142 = CARTESIAN_POINT ( 'NONE',  ( 0.3759694354041445696, 2.982848374345153708, 0.2246011563046338422 ) ) ;
#4143 = ORIENTED_EDGE ( 'NONE', *, *, #4477, .T. ) ;
#4144 = ADVANCED_FACE ( 'NONE', ( #4759 ), #1333, .T. ) ;
#4145 = EDGE_CURVE ( 'NONE', #2392, #132, #1266, .T. ) ;
#4146 = CARTESIAN_POINT ( 'NONE',  ( 1.525882758779589787, -0.5101445300704938735, -1.028804879992004206 ) ) ;
#4147 = CARTESIAN_POINT ( 'NONE',  ( 2.473516188011164463, 2.021733838396686966, 1.749999999999998446 ) ) ;
#4148 =( LENGTH_UNIT ( ) NAMED_UNIT ( * ) SI_UNIT ( .MILLI., .METRE. ) );
#4149 = TOROIDAL_SURFACE ( 'NONE', #2413, 0.5000000000000000000, 0.2500000000000000000 ) ;
#4150 = CARTESIAN_POINT ( 'NONE',  ( 1.695203652891880131, 1.393856782217540058, 1.750000000000000000 ) ) ;
#4151 = B_SPLINE_CURVE_WITH_KNOTS ( 'NONE', 3,
 ( #2133, #3830, #272, #591, #4225, #3360 ),
 .UNSPECIFIED., .F., .F.,
 ( 4, 2, 4 ),
 ( 0.000000000000000000, 0.5000000000000000000, 1.000000000000000000 ),
 .UNSPECIFIED. ) ;
#4152 = VERTEX_POINT ( 'NONE', #2617 ) ;
#4153 = EDGE_CURVE ( 'NONE', #3298, #1931, #1265, .T. ) ;
#4154 = CARTESIAN_POINT ( 'NONE',  ( 2.750000000000000000, 0.2193304456360870014, -0.3357045805034189478 ) ) ;
#4155 = CARTESIAN_POINT ( 'NONE',  ( 1.108346077942547359, -0.4136350912553958259, 0.9934621151386004989 ) ) ;
#4156 = CARTESIAN_POINT ( 'NONE',  ( -1.916666666248702189, 1.307053563263376406, 1.750000000003831824 ) ) ;
#4157 = ADVANCED_FACE ( 'NONE', ( #3044 ), #4769, .T. ) ;
#4158 = LINE ( 'NONE', #1363, #774 ) ;
#4159 = DIRECTION ( 'NONE',  ( 0.000000000000000000, -1.000000000000000000, 0.000000000000000000 ) ) ;
#4160 = CARTESIAN_POINT ( 'NONE',  ( -1.763230197112381825, -0.8981655469309708373, -0.4031887570892531136 ) ) ;
#4161 = ORIENTED_EDGE ( 'NONE', *, *, #346, .T. ) ;
#4162 = CARTESIAN_POINT ( 'NONE',  ( 2.260641639424116001, -0.9071541550725985559, 0.2136387808008748113 ) ) ;
#4163 = CARTESIAN_POINT ( 'NONE',  ( 2.545107625578660215, 1.312106051867742096, 1.359989791892029842 ) ) ;
#4164 = CARTESIAN_POINT ( 'NONE',  ( -1.847929315924490501, -1.136253464284706860, 0.2367087452490571065 ) ) ;
#4165 =( BOUNDED_SURFACE ( )  B_SPLINE_SURFACE ( 3, 2, ( 
 ( #4963, #1068, #3034 ),
 ( #3071, #1135, #1467 ),
 ( #2258, #755, #3434 ),
 ( #1103, #4216, #1810 ),
 ( #3407, #1532, #1842 ),
 ( #2222, #4634, #680 ) ),
 .UNSPECIFIED., .F., .F., .F. ) 
 B_SPLINE_SURFACE_WITH_KNOTS ( ( 4, 2, 4 ),
 ( 3, 3 ),
 ( -0.0002095526428809099944, 0.0001012739712826419929, 0.0004121005854461940072 ),
 ( 0.000000000000000000, 1.000000000000000000 ),
 .UNSPECIFIED. ) 
 GEOMETRIC_REPRESENTATION_ITEM ( )  RATIONAL_B_SPLINE_SURFACE ( (
 ( 1.000000000000000000, 0.8657678558427759352, 1.000000000000000000),
 ( 1.000000000000000000, 0.8650503697188119956, 1.000000000000000000),
 ( 1.000000000000000000, 0.8848493827485849339, 1.000000000000000000),
 ( 1.000000000000000000, 0.9285547615591399628, 1.000000000000000000),
 ( 1.000000000000000000, 0.9523168479321899582, 1.000000000000000000),
 ( 1.000000000000000000, 0.9678446642613239836, 1.000000000000000000) ) ) 
 REPRESENTATION_ITEM ( '' )  SURFACE ( )  );
#4166 = CARTESIAN_POINT ( 'NONE',  ( -1.447955489963242082, 1.841488949456531188, 1.698708736547166476 ) ) ;
#4167 = FACE_OUTER_BOUND ( 'NONE', #3202, .T. ) ;
#4168 = EDGE_LOOP ( 'NONE', ( #2384, #4693, #2914, #4716, #2350, #2829, #2059 ) ) ;
#4169 = CARTESIAN_POINT ( 'NONE',  ( -1.750000000000000000, -0.4620725262248460141, -1.084257807662849959 ) ) ;
#4170 = CARTESIAN_POINT ( 'NONE',  ( 1.514441121662503331, 1.736979877869179401, 1.720096910232508103 ) ) ;
#4171 = CARTESIAN_POINT ( 'NONE',  ( 2.750000000000000000, 1.372943196131353849, -0.7499999999706890019 ) ) ;
#4172 = CARTESIAN_POINT ( 'NONE',  ( 2.750000000000000000, 0.2595500472034230066, 0.3904856694504980075 ) ) ;
#4173 = CARTESIAN_POINT ( 'NONE',  ( -2.749999999999996891, 1.080205472464321748, 1.749999999999998446 ) ) ;
#4174 = CARTESIAN_POINT ( 'NONE',  ( -1.464024658741089890, 3.000000000000000000, 0.7500000000172800663 ) ) ;
#4175 = CARTESIAN_POINT ( 'NONE',  ( -2.584683281598425086, 1.865139287450809924, 0.7499999999999891198 ) ) ;
#4176 = CIRCLE ( 'NONE', #444, 0.7499999999999997780 ) ;
#4177 = CARTESIAN_POINT ( 'NONE',  ( -1.880097315667800029, 1.322269772816950129, -1.743546707454564970 ) ) ;
#4178 = CARTESIAN_POINT ( 'NONE',  ( 1.766276015400870092, -0.8908168466576259492, -0.4116682629721409858 ) ) ;
#4179 = ORIENTED_EDGE ( 'NONE', *, *, #4779, .F. ) ;
#4180 = CARTESIAN_POINT ( 'NONE',  ( 1.749999999977009946, 1.305713610126999935, -1.750000000000000000 ) ) ;
#4181 = B_SPLINE_CURVE_WITH_KNOTS ( 'NONE', 3,
 ( #2032, #2821, #176, #956, #3729, #4162, #4439, #1756, #1022, #243, #4124, #2137, #3262, #596, #3624, #3660, #1368 ),
 .UNSPECIFIED., .F., .F.,
 ( 4, 2, 2, 1, 1, 1, 2, 2, 2, 4 ),
 ( 0.000000000000000000, 0.2499999999999886202, 0.3749999999999821254, 0.4374999999999796274, 0.4687499999999778511, 0.4843749999999769629, 0.4921874999999771294, 0.4999999999999773515, 0.7499999999999886757, 1.000000000000000000 ),
 .UNSPECIFIED. ) ;
#4182 = CARTESIAN_POINT ( 'NONE',  ( -1.756078415665174974, -0.9929684761746709887, 0.3245759123322815021 ) ) ;
#4183 = CARTESIAN_POINT ( 'NONE',  ( 0.6932812815959750186, 2.838525436799095303, -0.8892312966954800668 ) ) ;
#4184 = CARTESIAN_POINT ( 'NONE',  ( 2.473516188011348760, 2.021733838396460925, 1.750000000000001554 ) ) ;
#4185 = EDGE_CURVE ( 'NONE', #2825, #4691, #1785, .T. ) ;
#4186 = ORIENTED_EDGE ( 'NONE', *, *, #3371, .F. ) ;
#4187 = CARTESIAN_POINT ( 'NONE',  ( 1.750000000000000000, -0.6881264923790710863, -0.7633756128151218956 ) ) ;
#4188 = CARTESIAN_POINT ( 'NONE',  ( -1.478473721354635950, -0.7148611062111366321, 0.1278916076873805319 ) ) ;
#4189 = CARTESIAN_POINT ( 'NONE',  ( 0.7975863775447802340, -0.2024799241393994698, 1.353452989198427492 ) ) ;
#4190 = FACE_OUTER_BOUND ( 'NONE', #3106, .T. ) ;
#4191 = DIRECTION ( 'NONE',  ( 0.000000000000000000, 0.000000000000000000, -1.000000000000000000 ) ) ;
#4192 = CARTESIAN_POINT ( 'NONE',  ( -1.766276015400874977, -0.8908168466576280586, -0.4116682629721395426 ) ) ;
#4193 = ORIENTED_EDGE ( 'NONE', *, *, #1812, .T. ) ;
#4194 = CARTESIAN_POINT ( 'NONE',  ( -1.720840828619685015, -1.035106853554150108, -0.3055428144227099740 ) ) ;
#4195 = CARTESIAN_POINT ( 'NONE',  ( -1.734723475976809855E-15, 3.000000000000000000, 0.000000000000000000 ) ) ;
#4196 = CARTESIAN_POINT ( 'NONE',  ( -2.688766636847574887, 1.651897648552324904, -0.7500000000000000000 ) ) ;
#4197 = CARTESIAN_POINT ( 'NONE',  ( 2.180876825835955213, 1.412763777554858047, 1.648732183163335030 ) ) ;
#4198 = CARTESIAN_POINT ( 'NONE',  ( -1.296935231095289742, -0.4987198049677424305, -0.8938947495918365682 ) ) ;
#4199 = CARTESIAN_POINT ( 'NONE',  ( -2.750000000000000000, -3.000000000000000000, 0.000000000000000000 ) ) ;
#4200 = B_SPLINE_SURFACE_WITH_KNOTS ( 'NONE', 3, 3, ( 
 ( #4824, #1929, #100, #4789, #886, #2684 ),
 ( #2291, #3882, #4278, #4667, #5089, #356 ),
 ( #4312, #4712, #15, #880, #1987, #1678 ),
 ( #2423, #3247, #98, #1224, #811, #449 ),
 ( #483, #4786, #1648, #3972, #4392, #2019 ),
 ( #2806, #2386, #1618, #2773, #34, #3611 ),
 ( #4822, #4334, #4008, #1264, #2457, #2842 ),
 ( #3282, #3645, #4037, #414, #4425, #3549 ),
 ( #3214, #3942, #4742, #1191, #2624, #4239 ),
 ( #2287, #4706, #4207, #5085, #1956, #1925 ),
 ( #4987, #1459, #3141, #4307, #4581, #1127 ),
 ( #5021, #318, #1590, #1894, #253, #2710 ),
 ( #1062, #4625, #3427, #3777, #352, #285 ),
 ( #2680, #1492, #639, #384, #2652, #1524 ),
 ( #708, #2249, #1834, #3062, #3456, #3023 ),
 ( #3845, #5054, #1095, #3102, #4171, #11 ) ),
 .UNSPECIFIED., .F., .F., .F.,
 ( 4, 2, 2, 2, 2, 2, 2, 4 ),
 ( 4, 2, 4 ),
 ( 0.000000000000000000, 0.1250000000000000000, 0.2500000000000000000, 0.3750000000000000000, 0.5000000000000000000, 0.6250000000000000000, 0.7500000000000000000, 1.000000000000000000 ),
 ( 0.000000000000000000, 0.5000000000000000000, 1.000000000000000000 ),
 .UNSPECIFIED. ) ;
#4201 = FACE_OUTER_BOUND ( 'NONE', #673, .T. ) ;
#4202 = EDGE_LOOP ( 'NONE', ( #3268, #2257, #2439, #4059 ) ) ;
#4203 = CARTESIAN_POINT ( 'NONE',  ( 2.749999999999989786, -0.1329049294466434217, -1.417367805049606577 ) ) ;
#4204 = DIRECTION ( 'NONE',  ( -0.7071067811865510144, 0.7071067811865440200, 0.000000000000000000 ) ) ;
#4205 = AXIS2_PLACEMENT_3D ( 'NONE', #2234, #4938, #2970 ) ;
#4206 = CARTESIAN_POINT ( 'NONE',  ( 1.476789112485670241, -0.7124388040751219453, -0.1437958187663880005 ) ) ;
#4207 = CARTESIAN_POINT ( 'NONE',  ( 2.482301131310545195, 1.487221622329906179, -1.411009156678963983 ) ) ;
#4208 = CARTESIAN_POINT ( 'NONE',  ( 1.750000000000000000, -0.6881264923790580967, 0.7633756128151459874 ) ) ;
#4209 = DIRECTION ( 'NONE',  ( 0.7783125351197569541, -0.6278770561785620430, 0.000000000000000000 ) ) ;
#4210 = CARTESIAN_POINT ( 'NONE',  ( 1.692367070301881604, -1.017689606677175229, 0.2897586478530062570 ) ) ;
#4211 = DIRECTION ( 'NONE',  ( 1.000000000000000000, 0.000000000000000000, 0.000000000000000000 ) ) ;
#4212 = EDGE_CURVE ( 'NONE', #2998, #4486, #1254, .T. ) ;
#4213 = DIRECTION ( 'NONE',  ( 0.000000000000000000, 0.000000000000000000, -1.000000000000000000 ) ) ;
#4214 = CARTESIAN_POINT ( 'NONE',  ( -1.338620226708692629, -0.5171844805853272886, -1.029812642201355155 ) ) ;
#4215 = VERTEX_POINT ( 'NONE', #804 ) ;
#4216 = CARTESIAN_POINT ( 'NONE',  ( -2.423099451717111830, -0.9360795712600415985, -0.06711849033587462265 ) ) ;
#4217 = CARTESIAN_POINT ( 'NONE',  ( 2.003633779954649974, -0.9737267632371290338, 0.2989205570147525082 ) ) ;
#4218 = CARTESIAN_POINT ( 'NONE',  ( -0.2212973561927891741, 2.999999999999999112, 0.1414347843374073599 ) ) ;
#4219 = CARTESIAN_POINT ( 'NONE',  ( -1.750000000000235145, -0.9533549089492899808, 0.3479599546977669711 ) ) ;
#4220 = ORIENTED_EDGE ( 'NONE', *, *, #4303, .T. ) ;
#4221 = CARTESIAN_POINT ( 'NONE',  ( -1.675599242135285438, -0.6676700141322190474, 0.7999133300023985038 ) ) ;
#4222 = CARTESIAN_POINT ( 'NONE',  ( 0.5159112085469134135, -0.2312536620385054476, 1.194489412887189905 ) ) ;
#4223 = CARTESIAN_POINT ( 'NONE',  ( -1.146446609406723827, -1.446446609406723871, 0.000000000000000000 ) ) ;
#4224 = CARTESIAN_POINT ( 'NONE',  ( -1.000000000000000000, -1.800000000000000044, 0.000000000000000000 ) ) ;
#4225 = CARTESIAN_POINT ( 'NONE',  ( 1.982026120301436878, -1.015266870213146877, 0.2811705222001062432 ) ) ;
#4226 = ORIENTED_EDGE ( 'NONE', *, *, #4345, .T. ) ;
#4227 = CARTESIAN_POINT ( 'NONE',  ( 1.750000000000000000, 0.2364966434281935148, -1.638945776497439999 ) ) ;
#4228 = CARTESIAN_POINT ( 'NONE',  ( -1.199311741135490994, 2.820282215903831435, -1.058434778810868337 ) ) ;
#4229 = DIRECTION ( 'NONE',  ( 0.7071067811865515695, 0.7071067811865435759, 0.000000000000000000 ) ) ;
#4230 = CARTESIAN_POINT ( 'NONE',  ( 2.545031019789894877, 1.357713438264722017, 1.360096854999989890 ) ) ;
#4231 = CARTESIAN_POINT ( 'NONE',  ( 1.758007612218263738, -0.8998508402074603119, 0.4005146999696638788 ) ) ;
#4232 = CARTESIAN_POINT ( 'NONE',  ( 0.4958206888748959429, -0.2342511115050925075, 1.188992679705945799 ) ) ;
#4233 = CARTESIAN_POINT ( 'NONE',  ( -1.537245187164517635, -0.7825372363721725399, -0.5773597643687051750 ) ) ;
#4234 = CYLINDRICAL_SURFACE ( 'NONE', #4495, 0.1781093808680220825 ) ;
#4235 = ORIENTED_EDGE ( 'NONE', *, *, #3841, .F. ) ;
#4236 = AXIS2_PLACEMENT_3D ( 'NONE', #2081, #4483, #1342 ) ;
#4237 = CARTESIAN_POINT ( 'NONE',  ( 1.500000000000000000, -1.734723475976809855E-15, 0.000000000000000000 ) ) ;
#4238 = CARTESIAN_POINT ( 'NONE',  ( 0.6532731967154504771, 2.858947057686092474, 0.8339745221518888307 ) ) ;
#4239 = CARTESIAN_POINT ( 'NONE',  ( 2.410826750576064992, 1.311026471390595916, -1.503386811796500133 ) ) ;
#4240 = CARTESIAN_POINT ( 'NONE',  ( 2.750000000000000000, 0.2486807293000545260, 0.3772810775566839969 ) ) ;
#4241 = DIRECTION ( 'NONE',  ( -0.7071067811865515695, 0.7071067811865435759, 0.000000000000000000 ) ) ;
#4242 = CARTESIAN_POINT ( 'NONE',  ( -2.750000000000000000, 0.3882204811230079988, -0.5293874118458850031 ) ) ;
#4243 = LINE ( 'NONE', #1051, #726 ) ;
#4244 = CARTESIAN_POINT ( 'NONE',  ( -2.009193195086279804, 1.322935078982389934, -1.718033194803264996 ) ) ;
#4245 = CARTESIAN_POINT ( 'NONE',  ( 1.476747206972888193, -0.7008349554922049807, -0.1754738090597530165 ) ) ;
#4246 = ORIENTED_EDGE ( 'NONE', *, *, #2513, .T. ) ;
#4247 = CARTESIAN_POINT ( 'NONE',  ( 1.322763317648730563, -0.3976890131112967297, -1.153958665245882198 ) ) ;
#4248 = CARTESIAN_POINT ( 'NONE',  ( 1.749999999977009946, 1.305713610126999935, -1.750000000000000000 ) ) ;
#4249 = CARTESIAN_POINT ( 'NONE',  ( -1.743713449350365213E-15, 3.000000000000000000, 5.204170427930419706E-15 ) ) ;
#4250 = FACE_OUTER_BOUND ( 'NONE', #1303, .T. ) ;
#4251 = CARTESIAN_POINT ( 'NONE',  ( 1.955968623183613087, -1.045539004586071741, -0.2567425353075547534 ) ) ;
#4252 = ORIENTED_EDGE ( 'NONE', *, *, #1440, .T. ) ;
#4253 = CARTESIAN_POINT ( 'NONE',  ( -1.701898466886319294, -0.9077514410012555990, 0.3793973033892766855 ) ) ;
#4254 = DIRECTION ( 'NONE',  ( 0.7783125351197561770, 0.6278770561785630422, 0.000000000000000000 ) ) ;
#4255 = CARTESIAN_POINT ( 'NONE',  ( 2.750000000000000000, 1.313753328945229892, -0.7500000000000000000 ) ) ;
#4256 = VECTOR ( 'NONE', #4530, 1000.000000000000000 ) ;
#4257 = CARTESIAN_POINT ( 'NONE',  ( 2.750000000000000000, 0.4978782648226800500, 0.6395448365346110275 ) ) ;
#4258 = CARTESIAN_POINT ( 'NONE',  ( -1.750000000000000000, 0.3057116412357290258, -1.662007891990354924 ) ) ;
#4259 = ORIENTED_EDGE ( 'NONE', *, *, #4381, .F. ) ;
#4260 = CARTESIAN_POINT ( 'NONE',  ( -1.798480806299959767, -1.123153189916880068, 1.743176503035869955E-15 ) ) ;
#4261 =( BOUNDED_SURFACE ( )  B_SPLINE_SURFACE ( 3, 2, ( 
 ( #2582, #529, #1758 ),
 ( #932, #4021, #1722 ),
 ( #2934, #2107, #2507 ),
 ( #2139, #2892, #4407 ),
 ( #3366, #4841, #213 ),
 ( #597, #4164, #466 ) ),
 .UNSPECIFIED., .F., .F., .F. ) 
 B_SPLINE_SURFACE_WITH_KNOTS ( ( 4, 2, 4 ),
 ( 3, 3 ),
 ( -0.0004128507258340325054, -0.0001011817912018846003, 0.0002104871434302634946 ),
 ( 0.000000000000000000, 1.000000000000000000 ),
 .UNSPECIFIED. ) 
 GEOMETRIC_REPRESENTATION_ITEM ( )  RATIONAL_B_SPLINE_SURFACE ( (
 ( 1.000000000000000000, 0.9678408249854180134, 1.000000000000000000),
 ( 1.000000000000000000, 0.9520517192587110156, 1.000000000000000000),
 ( 1.000000000000000000, 0.9287650701290619537, 1.000000000000000000),
 ( 1.000000000000000000, 0.8848352729324200361, 1.000000000000000000),
 ( 1.000000000000000000, 0.8650407428902390228, 1.000000000000000000),
 ( 1.000000000000000000, 0.8657678987803929527, 1.000000000000000000) ) ) 
 REPRESENTATION_ITEM ( '' )  SURFACE ( )  );
#4262 = CARTESIAN_POINT ( 'NONE',  ( 2.642652142337404531, 1.759460454691784026, -1.750000000000006661 ) ) ;
#4263 = CARTESIAN_POINT ( 'NONE',  ( 1.751248621066309186, -0.9020625272513977944, -0.3973836634824783332 ) ) ;
#4264 = CARTESIAN_POINT ( 'NONE',  ( 2.218103141701269987, 1.483231767071012008, 1.618142553579745124 ) ) ;
#4265 = CARTESIAN_POINT ( 'NONE',  ( -0.5157307259843828540, -0.2374741014369501912, 1.325968637162451280 ) ) ;
#4266 = CARTESIAN_POINT ( 'NONE',  ( -1.479963529793449029, -0.6144561456487586115, -0.8938604125767232178 ) ) ;
#4267 = CYLINDRICAL_SURFACE ( 'NONE', #3242, 0.2500000000000002220 ) ;
#4268 = STYLED_ITEM ( 'NONE', ( #2470 ), #1038 ) ;
#4269 = ORIENTED_EDGE ( 'NONE', *, *, #1534, .F. ) ;
#4270 = CARTESIAN_POINT ( 'NONE',  ( 2.750000000000000000, 0.4083485791940390519, -0.5502371381124728789 ) ) ;
#4271 = DIRECTION ( 'NONE',  ( 0.000000000000000000, 0.000000000000000000, 1.000000000000000000 ) ) ;
#4272 = ADVANCED_FACE ( 'NONE', ( #4846 ), #1564, .T. ) ;
#4273 = CARTESIAN_POINT ( 'NONE',  ( 1.476660092387357848, -0.6757483333137539461, -0.2439413294471454996 ) ) ;
#4274 = CARTESIAN_POINT ( 'NONE',  ( -2.580987113963459922, -0.6829318340475449833, 5.740719026927770264E-16 ) ) ;
#4275 = CARTESIAN_POINT ( 'NONE',  ( -1.872445972391839852, 1.352148609456126138, 1.743528016683199899 ) ) ;
#4276 = CARTESIAN_POINT ( 'NONE',  ( -2.750000000000000000, 0.6477443463230899701, 0.7182933987529519504 ) ) ;
#4277 = DIRECTION ( 'NONE',  ( -0.5419230503555300116, 0.000000000000000000, -0.8404281096520734851 ) ) ;
#4278 = CARTESIAN_POINT ( 'NONE',  ( 1.814011349119214911, 1.321762895319384068, -1.749999999999584999 ) ) ;
#4279 = CARTESIAN_POINT ( 'NONE',  ( -1.872445962325224977, 1.352148636136583981, -1.743528016723549845 ) ) ;
#4280 = CARTESIAN_POINT ( 'NONE',  ( -1.715546096726584979, 1.393856782217540058, -1.750000000000000000 ) ) ;
#4281 = ORIENTED_EDGE ( 'NONE', *, *, #3783, .F. ) ;
#4282 = CARTESIAN_POINT ( 'NONE',  ( 1.223028023733777170, -0.3529512142690891530, -1.200905226938683956 ) ) ;
#4283 = CARTESIAN_POINT ( 'NONE',  ( 1.717089923061084988, 1.366726696395670126, -1.750000000000000000 ) ) ;
#4284 = CARTESIAN_POINT ( 'NONE',  ( -2.473516188011640082, 2.021733838396099880, 0.7500000000000000000 ) ) ;
#4285 = FACE_OUTER_BOUND ( 'NONE', #3188, .T. ) ;
#4286 = ORIENTED_EDGE ( 'NONE', *, *, #1984, .F. ) ;
#4287 = CARTESIAN_POINT ( 'NONE',  ( -1.766438811078625104, -0.8928131676424115870, 0.4094066236886171328 ) ) ;
#4288 = FILL_AREA_STYLE_COLOUR ( '', #2334 ) ;
#4289 = CARTESIAN_POINT ( 'NONE',  ( 2.073278746971411124, 1.308226022257696464, 1.707928643706944527 ) ) ;
#4290 = CARTESIAN_POINT ( 'NONE',  ( -1.750000000000000000, 1.080205472464321970, -1.750000000000000000 ) ) ;
#4291 = CARTESIAN_POINT ( 'NONE',  ( -0.5476872099053189391, 2.912035256475365319, 0.6882122695104430088 ) ) ;
#4292 = CIRCLE ( 'NONE', #2218, 0.2500000000000000000 ) ;
#4293 = CARTESIAN_POINT ( 'NONE',  ( 1.750000000000000000, -0.1115472750360179954, 1.436394771486592115 ) ) ;
#4294 = CARTESIAN_POINT ( 'NONE',  ( -2.749999999999989786, -0.05568931608610089290, -1.480014613185399508 ) ) ;
#4295 = ORIENTED_EDGE ( 'NONE', *, *, #1059, .T. ) ;
#4296 = DIRECTION ( 'NONE',  ( 0.000000000000000000, 0.000000000000000000, 1.000000000000000000 ) ) ;
#4297 = CARTESIAN_POINT ( 'NONE',  ( 2.632176256218995647, 1.780063776022349220, -1.750000000000003997 ) ) ;
#4299 = B_SPLINE_CURVE_WITH_KNOTS ( 'NONE', 3,
 ( #4033, #122, #94, #1704 ),
 .UNSPECIFIED., .F., .F.,
 ( 4, 4 ),
 ( 4.970286557785140109E-19, 6.679535735252989143E-05 ),
 .UNSPECIFIED. ) ;
#4298 = CARTESIAN_POINT ( 'NONE',  ( 1.383293044939168048, -0.5441299923377670433, -5.000000000000000000 ) ) ;
#4300 = DIRECTION ( 'NONE',  ( -1.445602896647339903E-16, 1.000000000000000000, 0.000000000000000000 ) ) ;
#4301 = CARTESIAN_POINT ( 'NONE',  ( -0.6190388243742359631, -0.2583899265794860067, 1.165644391522719925 ) ) ;
#4302 = AXIS2_PLACEMENT_3D ( 'NONE', #3781, #3404, #507 ) ;
#4303 = EDGE_CURVE ( 'NONE', #864, #4357, #863, .T. ) ;
#4304 = ORIENTED_EDGE ( 'NONE', *, *, #2869, .F. ) ;
#4305 = CARTESIAN_POINT ( 'NONE',  ( 1.323223304703363912, -1.623223304703365066, 0.000000000000000000 ) ) ;
#4306 = CARTESIAN_POINT ( 'NONE',  ( 1.516466147884998339, -0.6802022539884606811, -0.7803187300523185543 ) ) ;
#4307 = CARTESIAN_POINT ( 'NONE',  ( 2.540350036173925297, 1.405162411655076049, -1.360295619142336099 ) ) ;
#4308 = CARTESIAN_POINT ( 'NONE',  ( -2.180876840535419969, 1.412763714979573981, 1.648732183489044933 ) ) ;
#4309 = CARTESIAN_POINT ( 'NONE',  ( -2.750000000000000000, 0.5234470875649549493, 0.6627727555386859759 ) ) ;
#4310 = SURFACE_STYLE_USAGE ( .BOTH. , #3911 ) ;
#4311 = VECTOR ( 'NONE', #4300, 1000.000000000000000 ) ;
#4312 = CARTESIAN_POINT ( 'NONE',  ( 1.872445972391839852, 1.352148609456126138, -1.743528016681495041 ) ) ;
#4313 = CARTESIAN_POINT ( 'NONE',  ( -1.449134585484233018, -0.6054987113696591594, -0.5798915628000871347 ) ) ;
#4314 = CARTESIAN_POINT ( 'NONE',  ( 1.471455702586560221, -0.7542563584986730074, -0.05912794395076358123 ) ) ;
#4315 = ORIENTED_EDGE ( 'NONE', *, *, #5096, .F. ) ;
#4316 = CARTESIAN_POINT ( 'NONE',  ( 0.8236300174270215768, -0.2101987453071522405, -1.346031619945326385 ) ) ;
#4317 = AXIS2_PLACEMENT_3D ( 'NONE', #3439, #299, #4602 ) ;
#4318 = DIRECTION ( 'NONE',  ( -0.9558172740508308340, 0.2939614577219929470, 0.000000000000000000 ) ) ;
#4319 = CARTESIAN_POINT ( 'NONE',  ( -1.983292193446904994, -0.9644706000441329863, -0.3161028734257640416 ) ) ;
#4320 = CARTESIAN_POINT ( 'NONE',  ( 2.750000000000000000, 0.3882204811230135499, 0.5293874118458898881 ) ) ;
#4321 = CARTESIAN_POINT ( 'NONE',  ( 1.592180430793394885, -0.5629151138443490021, 0.9637639346429540677 ) ) ;
#4322 = CARTESIAN_POINT ( 'NONE',  ( 0.8334234181937104635, 2.720413859590571359, -1.101231692947264973 ) ) ;
#4323 = CARTESIAN_POINT ( 'NONE',  ( -0.9063029941420898128, 2.900289375797234559, 0.7801628811628086302 ) ) ;
#4324 = CARTESIAN_POINT ( 'NONE',  ( 1.750000000000000000, -0.2522286243951585294, 1.304743581508843953 ) ) ;
#4325 = CARTESIAN_POINT ( 'NONE',  ( -2.750000000000000000, 0.5502609436887619943, -0.6842568503068620078 ) ) ;
#4326 = CARTESIAN_POINT ( 'NONE',  ( 1.750000000000000000, -0.07291454520837080400, 1.496147290704068045 ) ) ;
#4327 = CARTESIAN_POINT ( 'NONE',  ( 1.748765272507109891, 1.309144344053264186, -1.750000000000000000 ) ) ;
#4328 = CARTESIAN_POINT ( 'NONE',  ( -2.688708527508127499, 1.651878752222430080, -1.749999999999998446 ) ) ;
#4329 = CARTESIAN_POINT ( 'NONE',  ( 1.604087507016104919, -0.9294100433914440629, 0.1454917800536593975 ) ) ;
#4330 = CARTESIAN_POINT ( 'NONE',  ( 1.231715912830139148, -0.4645176914822490843, 1.084005346444262718 ) ) ;
#4331 = EDGE_CURVE ( 'NONE', #2392, #1762, #3005, .T. ) ;
#4332 = CARTESIAN_POINT ( 'NONE',  ( -2.749999999999884093, -0.8595458309031623889, -0.4508189379945397590 ) ) ;
#4333 = CARTESIAN_POINT ( 'NONE',  ( 1.773531391136490054, -0.9522987499603369210, -0.3515004888144469541 ) ) ;
#4334 = CARTESIAN_POINT ( 'NONE',  ( 2.228504199884060455, 1.455705130205710018, -1.618080288787179910 ) ) ;
#4335 = CARTESIAN_POINT ( 'NONE',  ( -2.750000000000000000, 0.2899193462797060028, 0.4248699545025130253 ) ) ;
#4336 = CARTESIAN_POINT ( 'NONE',  ( 2.495610384407339843, -0.8672690870556419851, -0.08811768626842189644 ) ) ;
#4337 = CARTESIAN_POINT ( 'NONE',  ( -1.442550280753262193, -0.5958938634849821891, -0.6295737765013313947 ) ) ;
#4338 = CARTESIAN_POINT ( 'NONE',  ( -1.223028023730753588, -0.3529512142679910869, 1.200905226939829040 ) ) ;
#4339 = CARTESIAN_POINT ( 'NONE',  ( 2.750000000000000000, 0.9885278732850339978, -0.7500000143800699126 ) ) ;
#4340 = CARTESIAN_POINT ( 'NONE',  ( 1.176517252566534166, 2.824517946322035122, 0.5746882633377810023 ) ) ;
#4341 = CARTESIAN_POINT ( 'NONE',  ( 1.438174009172564771, -0.5897950940810480214, -0.6551630256084407522 ) ) ;
#4342 = B_SPLINE_CURVE_WITH_KNOTS ( 'NONE', 3,
 ( #288, #3848, #1495, #2290, #2683, #1034, #1593, #2628 ),
 .UNSPECIFIED., .F., .F.,
 ( 4, 2, 2, 4 ),
 ( 0.000000000000000000, 0.2499999999999997780, 0.4999999999999995559, 1.000000000000000000 ),
 .UNSPECIFIED. ) ;
#4343 = CARTESIAN_POINT ( 'NONE',  ( 2.219300542607654858, -1.050198758908925889, 2.222932579343084702E-16 ) ) ;
#4344 = CARTESIAN_POINT ( 'NONE',  ( -2.722112332065585338, 1.547939641456349991, 0.7500000000098330233 ) ) ;
#4345 = EDGE_CURVE ( 'NONE', #567, #2094, #1942, .T. ) ;
#4346 = DIRECTION ( 'NONE',  ( -1.000000000000000000, 0.000000000000000000, 0.000000000000000000 ) ) ;
#4347 = CARTESIAN_POINT ( 'NONE',  ( 2.446652753178899076, 1.311073422672486721, 1.479252817170053635 ) ) ;
#4348 = CARTESIAN_POINT ( 'NONE',  ( 0.4908657097825795401, 2.928975497755947011, -0.6148953259796273718 ) ) ;
#4349 = CARTESIAN_POINT ( 'NONE',  ( -2.666937164269134186, 1.312915858234998234, 1.164727500883018907 ) ) ;
#4350 = CARTESIAN_POINT ( 'NONE',  ( -1.750000000000029976, 0.4455700086927280035, -1.697921863030720013 ) ) ;
#4351 = CARTESIAN_POINT ( 'NONE',  ( -0.3521264199233364867, 2.989063560130449826, -0.2156338865639124969 ) ) ;
#4352 = CARTESIAN_POINT ( 'NONE',  ( -0.9232898853378241899, 2.616342014638018298, -1.240019796429904675 ) ) ;
#4353 = CARTESIAN_POINT ( 'NONE',  ( 1.647219398086335440, -0.9039276273301621867, 0.3556450595377751989 ) ) ;
#4354 = EDGE_CURVE ( 'NONE', #5028, #350, #4858, .T. ) ;
#4355 = CARTESIAN_POINT ( 'NONE',  ( -2.509267336948644900, 1.543660925080015067, -1.360920020841454026 ) ) ;
#4356 = CARTESIAN_POINT ( 'NONE',  ( 1.749999999988505195, 1.305713610130921909, 1.750000000000000000 ) ) ;
#4357 = VERTEX_POINT ( 'NONE', #1064 ) ;
#4358 = DIRECTION ( 'NONE',  ( 0.000000000000000000, 0.000000000000000000, 1.000000000000000000 ) ) ;
#4359 = CARTESIAN_POINT ( 'NONE',  ( 2.685062319797939523, 1.660316100149460183, 0.7500000000000000000 ) ) ;
#4360 = CARTESIAN_POINT ( 'NONE',  ( -2.750000000000000000, 0.5131396056503180203, 0.6540433578363509248 ) ) ;
#4361 = CARTESIAN_POINT ( 'NONE',  ( -1.750000000000000000, -0.4620725262248150389, 1.084257807662885931 ) ) ;
#4362 = APPLICATION_PROTOCOL_DEFINITION ( 'draft international standard', 'automotive_design', 1998, #922 ) ;
#4363 = CARTESIAN_POINT ( 'NONE',  ( -1.395906233736801783, -0.5509438943123210475, 0.8143132610870567056 ) ) ;
#4364 = CARTESIAN_POINT ( 'NONE',  ( -0.8290808706874730483, -0.2118458218453934949, 1.344438738174085435 ) ) ;
#4365 = AXIS2_PLACEMENT_3D ( 'NONE', #4237, #1522, #4271 ) ;
#4366 = CARTESIAN_POINT ( 'NONE',  ( -1.750000000000000000, -0.07291454520837059583, -1.496147290704068045 ) ) ;
#4367 = CARTESIAN_POINT ( 'NONE',  ( 1.219792352644228028, 2.176958439620475083, 1.583684009829310124 ) ) ;
#4368 = CARTESIAN_POINT ( 'NONE',  ( -1.568988387859026945, -0.8793238255512220158, -0.3073730390150475333 ) ) ;
#4369 = AXIS2_PLACEMENT_3D ( 'NONE', #1673, #837, #807 ) ;
#4370 = ORIENTED_EDGE ( 'NONE', *, *, #2647, .T. ) ;
#4371 = CARTESIAN_POINT ( 'NONE',  ( -2.561153460744145072, 1.613326099652250045, 1.251791603027522015 ) ) ;
#4372 = DIRECTION ( 'NONE',  ( 0.000000000000000000, 0.000000000000000000, -1.000000000000000000 ) ) ;
#4373 = CARTESIAN_POINT ( 'NONE',  ( 1.434149009422553966, -0.5848171487614489683, 0.6827729056361868665 ) ) ;
#4374 = CARTESIAN_POINT ( 'NONE',  ( 0.4879981620576956391, 2.929924424757227808, -0.6111535339075557793 ) ) ;
#4375 = CARTESIAN_POINT ( 'NONE',  ( -2.073278746931277450, 1.308226022257700238, 1.707928643719991424 ) ) ;
#4376 = EDGE_CURVE ( 'NONE', #3904, #4671, #1309, .T. ) ;
#4377 = CARTESIAN_POINT ( 'NONE',  ( -2.749999999999996891, 0.02827364361579260202, -1.537757121919305137 ) ) ;
#4378 = CIRCLE ( 'NONE', #2209, 0.2500000000000000000 ) ;
#4379 = DIRECTION ( 'NONE',  ( 0.8574989559356037683, 0.5144857049222548717, 0.000000000000000000 ) ) ;
#4380 = CARTESIAN_POINT ( 'NONE',  ( -2.750000000000000000, 0.1447006329994380280, 0.2049968935738119835 ) ) ;
#4381 = EDGE_CURVE ( 'NONE', #1416, #567, #3022, .T. ) ;
#4382 = CARTESIAN_POINT ( 'NONE',  ( -1.873469901274773308, 1.352534576905692454, -1.749999999998399947 ) ) ;
#4383 = CARTESIAN_POINT ( 'NONE',  ( 1.670213247664420253, -0.9069264313656705268, 0.3665049781508392668 ) ) ;
#4384 = ADVANCED_FACE ( 'NONE', ( #3101 ), #1360, .T. ) ;
#4385 = CARTESIAN_POINT ( 'NONE',  ( -2.744173359184129968, 1.431918637214657952, -0.8811353443365900207 ) ) ;
#4386 = CARTESIAN_POINT ( 'NONE',  ( 2.309121447965845508, 2.225516546533490736, 0.7500000000000004441 ) ) ;
#4387 = B_SPLINE_CURVE_WITH_KNOTS ( 'NONE', 3,
 ( #4628, #3145, #1897, #5088 ),
 .UNSPECIFIED., .F., .F.,
 ( 4, 4 ),
 ( 0.000000000000000000, 0.0001037875639951946097 ),
 .UNSPECIFIED. ) ;
#4388 = LINE ( 'NONE', #2646, #2798 ) ;
#4389 = CARTESIAN_POINT ( 'NONE',  ( -2.000000000000000000, -3.000000000000000000, 0.000000000000000000 ) ) ;
#4390 = CARTESIAN_POINT ( 'NONE',  ( -1.462313121577314412, -0.5931937570169063534, 0.9264985323365396708 ) ) ;
#4391 = CARTESIAN_POINT ( 'NONE',  ( 1.638045997138860121, 1.521305850765545031, -1.746818449655609840 ) ) ;
#4392 = CARTESIAN_POINT ( 'NONE',  ( 2.072115481620874888, 1.327022047910759950, -1.698951410399810014 ) ) ;
#4393 = CARTESIAN_POINT ( 'NONE',  ( -1.750000000000000000, -0.4879904142461620187, 1.054901015044231949 ) ) ;
#4394 = CARTESIAN_POINT ( 'NONE',  ( -2.250000000000000000, -3.000000000000000000, 3.061616997868385483E-17 ) ) ;
#4395 = CARTESIAN_POINT ( 'NONE',  ( 2.750000000000000000, 1.080205472464321970, -0.7500000000000000000 ) ) ;
#4396 = ORIENTED_EDGE ( 'NONE', *, *, #2550, .T. ) ;
#4397 = LINE ( 'NONE', #298, #2712 ) ;
#4398 = B_SPLINE_CURVE_WITH_KNOTS ( 'NONE', 3,
 ( #2627, #4920, #4991, #1461 ),
 .UNSPECIFIED., .F., .F.,
 ( 4, 4 ),
 ( 6.399705883067170222E-05, 0.0005047210828530419944 ),
 .UNSPECIFIED. ) ;
#4399 = CARTESIAN_POINT ( 'NONE',  ( -1.025255275669820110, -0.2766291318945731104, -1.279948411015648491 ) ) ;
#4400 = CARTESIAN_POINT ( 'NONE',  ( 0.9063029941420671642, 2.900289375797251878, 0.7801628811628671389 ) ) ;
#4401 = CARTESIAN_POINT ( 'NONE',  ( -1.684504302699816103, -0.9075937825176898510, -0.3725079447353522588 ) ) ;
#4402 = B_SPLINE_CURVE_WITH_KNOTS ( 'NONE', 3,
 ( #1066, #4668, #3068, #1497, #2951, #1898, #5059, #3461, #3377, #3850, #713, #1100, #1529, #2292, #3748, #101, #4041, #3616, #2389, #1163, #2716, #4313, #816, #786, #4012, #4337, #4747, #3948, #2022, #3219, #4713, #4429 ),
 .UNSPECIFIED., .F., .F.,
 ( 4, 2, 2, 1, 1, 2, 2, 2, 1, 1, 2, 2, 2, 2, 1, 1, 2, 2, 4 ),
 ( 0.000000000000000000, 0.1250000000000000833, 0.1875000000000001110, 0.2187500000000001110, 0.2343750000000000555, 0.2421875000000000278, 0.2500000000000000000, 0.3750000000000018874, 0.4375000000000028311, 0.4687500000000033307, 0.4843750000000036082, 0.5000000000000038858, 0.6250000000000068834, 0.6875000000000082157, 0.7187500000000087708, 0.7343750000000087708, 0.7421875000000084377, 0.7500000000000082157, 1.000000000000000000 ),
 .UNSPECIFIED. ) ;
#4403 = CARTESIAN_POINT ( 'NONE',  ( 2.508908944913919470, -0.8264862339113732137, 9.287003630845179657E-06 ) ) ;
#4404 = CARTESIAN_POINT ( 'NONE',  ( -2.617775617901529905, 1.362627483731061906, 1.251262603698570119 ) ) ;
#4405 = CARTESIAN_POINT ( 'NONE',  ( 1.644706302490136052, -0.9038372177081319681, -0.3547102392020875516 ) ) ;
#4406 = CARTESIAN_POINT ( 'NONE',  ( 1.463629297337902146, -0.7699048365869159971, 0.04174111343455870482 ) ) ;
#4407 = CARTESIAN_POINT ( 'NONE',  ( -2.154151598314010041, -0.9520505246690310619, 0.2638017354939200532 ) ) ;
#4408 = DIRECTION ( 'NONE',  ( 0.000000000000000000, 0.000000000000000000, 1.000000000000000000 ) ) ;
#4409 = CARTESIAN_POINT ( 'NONE',  ( -0.4879981620546612886, 2.929924424758269197, 0.6111535339034781522 ) ) ;
#4410 = CARTESIAN_POINT ( 'NONE',  ( -2.750000000000000000, 0.1593725752020355158, -0.2269714044701819922 ) ) ;
#4411 = LINE ( 'NONE', #3959, #4496 ) ;
#4412 = CARTESIAN_POINT ( 'NONE',  ( 1.544682700790128038, 1.687550264994239990, 1.728341824663970794 ) ) ;
#4413 = CARTESIAN_POINT ( 'NONE',  ( 2.749999999999996891, -0.3976646487907983807, 1.154006332048421291 ) ) ;
#4414 = CARTESIAN_POINT ( 'NONE',  ( -0.9372522076490686915, 2.597896611570469805, -1.261262810525155320 ) ) ;
#4415 = EDGE_CURVE ( 'NONE', #1325, #1322, #4689, .T. ) ;
#4416 = CARTESIAN_POINT ( 'NONE',  ( 1.684360623088701381, -0.9079770145146527360, 0.3726862365010731315 ) ) ;
#4417 = DIRECTION ( 'NONE',  ( 0.000000000000000000, 0.000000000000000000, 1.000000000000000000 ) ) ;
#4418 = AXIS2_PLACEMENT_3D ( 'NONE', #3157, #1972, #1240 ) ;
#4419 =( LENGTH_UNIT ( ) NAMED_UNIT ( * ) SI_UNIT ( .MILLI., .METRE. ) );
#4420 = CARTESIAN_POINT ( 'NONE',  ( 0.1106207226338981747, 3.000000000000000444, 0.07069952537288953787 ) ) ;
#4421 = ORIENTED_EDGE ( 'NONE', *, *, #2812, .F. ) ;
#4422 = CARTESIAN_POINT ( 'NONE',  ( 1.280231950625786208, -0.6055544870011240199, 0.000000000000000000 ) ) ;
#4423 = PLANE ( 'NONE',  #759 ) ;
#4424 = DIRECTION ( 'NONE',  ( 0.000000000000000000, 0.000000000000000000, 1.000000000000000000 ) ) ;
#4425 = CARTESIAN_POINT ( 'NONE',  ( 2.359881758154555254, 1.345602839729321820, -1.545183543005435256 ) ) ;
#4426 = ADVANCED_FACE ( 'NONE', ( #1393 ), #1049, .T. ) ;
#4427 = CARTESIAN_POINT ( 'NONE',  ( -1.750000000000000000, -0.3434211163663514754, 1.211014234246410082 ) ) ;
#4428 = CARTESIAN_POINT ( 'NONE',  ( 2.750000000000060396, -0.7524347789220434679, -0.6393683841804652657 ) ) ;
#4429 = CARTESIAN_POINT ( 'NONE',  ( -1.383293044939168048, -0.5441299923377670433, -0.8361457084366070713 ) ) ;
#4430 = ORIENTED_EDGE ( 'NONE', *, *, #4212, .F. ) ;
#4431 = CARTESIAN_POINT ( 'NONE',  ( -0.5469298378726440424, -0.1358318739330446057, -1.414908052083032164 ) ) ;
#4432 = AXIS2_PLACEMENT_3D ( 'NONE', #2009, #2409, #3087 ) ;
#4433 = CARTESIAN_POINT ( 'NONE',  ( -1.750000000000000000, 1.080205472464321970, -1.750000000000000000 ) ) ;
#4434 = CARTESIAN_POINT ( 'NONE',  ( 1.543575139126785123, 2.690195358626684907, 0.6634361983965899601 ) ) ;
#4435 = PLANE ( 'NONE',  #3699 ) ;
#4436 = CARTESIAN_POINT ( 'NONE',  ( 2.503573344296619929, 1.984475172425709921, -0.7500000000000139888 ) ) ;
#4437 = EDGE_CURVE ( 'NONE', #2516, #520, #1433, .T. ) ;
#4438 = CARTESIAN_POINT ( 'NONE',  ( -2.750000000000000000, 1.313753328945239884, 0.8809232947589090701 ) ) ;
#4439 = CARTESIAN_POINT ( 'NONE',  ( 2.282028243642729937, -0.8984956298340138758, 0.2037975428481552942 ) ) ;
#4440 = CIRCLE ( 'NONE', #4013, 0.2500000000000000000 ) ;
#4441 = CARTESIAN_POINT ( 'NONE',  ( 2.623732707652199903, 1.522756993566370065, 1.193364898665947971 ) ) ;
#4442 = CARTESIAN_POINT ( 'NONE',  ( 1.151000121992807879, 2.280130985246733744, -1.524239898573344965 ) ) ;
#4443 = CARTESIAN_POINT ( 'NONE',  ( -0.2653583034006335439, 2.989313432838109907, 0.3259829928779184871 ) ) ;
#4444 = CARTESIAN_POINT ( 'NONE',  ( -1.255847026908684549, 2.124490463193913214, 1.603350787218602136 ) ) ;
#4445 = CARTESIAN_POINT ( 'NONE',  ( -2.750000000000000000, 0.2486807293000455332, -0.3772810775566725061 ) ) ;
#4446 = FACE_OUTER_BOUND ( 'NONE', #4084, .T. ) ;
#4447 = CARTESIAN_POINT ( 'NONE',  ( 2.750000000000000000, 1.313753328945229892, -0.7500000000000000000 ) ) ;
#4448 = B_SPLINE_CURVE_WITH_KNOTS ( 'NONE', 3,
 ( #3318, #2568, #4526, #3793 ),
 .UNSPECIFIED., .F., .F.,
 ( 4, 4 ),
 ( 0.000000000000000000, 1.000000000000000000 ),
 .UNSPECIFIED. ) ;
#4449 = CARTESIAN_POINT ( 'NONE',  ( 1.750000000000000000, 0.02827013778348344900, 1.537762476900445208 ) ) ;
#4450 = CARTESIAN_POINT ( 'NONE',  ( -1.083304495832728698, 2.382912960041899009, -1.455526571325302720 ) ) ;
#4451 = CARTESIAN_POINT ( 'NONE',  ( 1.633640598878906891, -0.9013881596083130887, 0.3486841362422526958 ) ) ;
#4452 = CARTESIAN_POINT ( 'NONE',  ( -2.642652142337393428, 1.759460454691776254, 1.749999999999987121 ) ) ;
#4453 = SURFACE_STYLE_USAGE ( .BOTH. , #442 ) ;
#4454 = CARTESIAN_POINT ( 'NONE',  ( 0.8585392486345749807, 2.909481757109185995, 0.4610811323703309372 ) ) ;
#4455 = ORIENTED_EDGE ( 'NONE', *, *, #2299, .T. ) ;
#4456 = CARTESIAN_POINT ( 'NONE',  ( 1.830680869562915092, -1.136120436312212156, 0.06430114619214979954 ) ) ;
#4457 = CARTESIAN_POINT ( 'NONE',  ( -1.708981428593590035, -0.3483116345399989711, 0.000000000000000000 ) ) ;
#4458 = CARTESIAN_POINT ( 'NONE',  ( 1.541775747509735117, 1.693326313192190069, -1.728161555831089879 ) ) ;
#4459 = CARTESIAN_POINT ( 'NONE',  ( -1.750000000000000000, -0.6881264923790580967, 0.7633756128151459874 ) ) ;
#4460 = CARTESIAN_POINT ( 'NONE',  ( 2.749999999999996891, -0.7332976178498954445, -0.6780887883435131602 ) ) ;
#4461 = DIRECTION ( 'NONE',  ( 0.000000000000000000, 0.000000000000000000, 1.000000000000000000 ) ) ;
#4462 = CARTESIAN_POINT ( 'NONE',  ( 1.440725085526058047, -0.5751559526271363687, -0.9512059490299307196 ) ) ;
#4463 = FACE_OUTER_BOUND ( 'NONE', #3971, .T. ) ;
#4464 = ADVANCED_FACE ( 'NONE', ( #4780 ), #898, .T. ) ;
#4465 = CARTESIAN_POINT ( 'NONE',  ( 2.750000000000000000, 0.6477443463230601051, -0.7182933987529490638 ) ) ;
#4466 = DIRECTION ( 'NONE',  ( 1.000000000000000000, 0.000000000000000000, 0.000000000000000000 ) ) ;
#4467 = CARTESIAN_POINT ( 'NONE',  ( 1.750000000000000000, -0.8050148418556589691, -0.5400853469422159936 ) ) ;
#4468 = CARTESIAN_POINT ( 'NONE',  ( -1.023196801603726058, 2.869658262738040033, -0.5252997036291799926 ) ) ;
#4469 = CARTESIAN_POINT ( 'NONE',  ( 2.375810462365441023, -0.9537425103834997753, 3.186859793038515013E-05 ) ) ;
#4470 = CARTESIAN_POINT ( 'NONE',  ( -2.218103180138069952, 1.483231665055404047, 1.618142553408359996 ) ) ;
#4471 = DIRECTION ( 'NONE',  ( 0.9558172740508308340, 0.2939614577219929470, 0.000000000000000000 ) ) ;
#4472 = CIRCLE ( 'NONE', #3892, 0.9999999999999997780 ) ;
#4473 = CARTESIAN_POINT ( 'NONE',  ( 2.723956962659149994, 1.370190857481375923, 1.011841321257576087 ) ) ;
#4474 = CARTESIAN_POINT ( 'NONE',  ( 1.330397352771625741, 2.015408077979758517, -1.647858026413489663 ) ) ;
#4475 = CARTESIAN_POINT ( 'NONE',  ( 1.821225376666819828, -1.136113143108642198, -0.04385319317063215289 ) ) ;
#4476 = CARTESIAN_POINT ( 'NONE',  ( -1.592940290493853883, 1.611379637911353413, 1.743086283551977145 ) ) ;
#4477 = EDGE_CURVE ( 'NONE', #852, #480, #1320, .T. ) ;
#4478 = CARTESIAN_POINT ( 'NONE',  ( -2.749999999999996891, -0.4503512047346289182, -1.097196676375653546 ) ) ;
#4479 = LINE ( 'NONE', #2619, #1027 ) ;
#4480 = CARTESIAN_POINT ( 'NONE',  ( 1.586186386681273763, 1.616294991415797355, 1.737848423435065293 ) ) ;
#4481 = AXIS2_PLACEMENT_3D ( 'NONE', #1616, #1954, #315 ) ;
#4482 = CARTESIAN_POINT ( 'NONE',  ( -1.750000000000000000, 1.080205472464321970, 0.7500000000000000000 ) ) ;
#4483 = DIRECTION ( 'NONE',  ( 0.000000000000000000, 1.000000000000000000, 0.000000000000000000 ) ) ;
#4484 =( NAMED_UNIT ( * ) SI_UNIT ( $, .STERADIAN. ) SOLID_ANGLE_UNIT ( ) );
#4485 = CARTESIAN_POINT ( 'NONE',  ( 2.003633779954649974, -0.9737267632371290338, 0.2989205570147525082 ) ) ;
#4486 = VERTEX_POINT ( 'NONE', #2261 ) ;
#4487 = DIRECTION ( 'NONE',  ( 1.000000000000000000, 0.000000000000000000, 0.000000000000000000 ) ) ;
#4488 = CARTESIAN_POINT ( 'NONE',  ( 2.473516188011168015, 2.021733838396689631, -1.750000000000000888 ) ) ;
#4489 = TOROIDAL_SURFACE ( 'NONE', #3173, 0.5000000000000000000, 0.2500000000000000000 ) ;
#4490 = CARTESIAN_POINT ( 'NONE',  ( 1.741714702010959792, 1.324694757102779841, 1.750000000000000000 ) ) ;
#4491 = CARTESIAN_POINT ( 'NONE',  ( -1.690680888524568770, -0.6910655065299341482, 0.7576506701034134705 ) ) ;
#4492 = CARTESIAN_POINT ( 'NONE',  ( 0.8495117412328201389, -0.3187447248688859980, 1.101574503503531366 ) ) ;
#4493 = DIRECTION ( 'NONE',  ( -0.7071067811865441310, 0.7071067811865510144, 0.000000000000000000 ) ) ;
#4494 = ADVANCED_FACE ( 'NONE', ( #1424 ), #793, .F. ) ;
#4495 = AXIS2_PLACEMENT_3D ( 'NONE', #481, #4073, #4487 ) ;
#4496 = VECTOR ( 'NONE', #5036, 1000.000000000000000 ) ;
#4497 = EDGE_CURVE ( 'NONE', #2465, #1496, #3105, .T. ) ;
#4498 = CARTESIAN_POINT ( 'NONE',  ( 1.750000000000000000, 0.5821328925042579261, -1.722793570837364729 ) ) ;
#4499 = DIRECTION ( 'NONE',  ( 1.000000000000000000, 0.000000000000000000, 0.000000000000000000 ) ) ;
#4500 = CARTESIAN_POINT ( 'NONE',  ( -1.758566755526101977, -0.8376475838157263487, -0.4816919392559760316 ) ) ;
#4501 = CARTESIAN_POINT ( 'NONE',  ( -1.619231474076873400, -0.5932818192993414286, -0.9200052383869190553 ) ) ;
#4502 = ORIENTED_EDGE ( 'NONE', *, *, #510, .F. ) ;
#4503 = CARTESIAN_POINT ( 'NONE',  ( -5.000000000000000000, 1.393856782217540058, -1.750000000000000000 ) ) ;
#4504 = CARTESIAN_POINT ( 'NONE',  ( 0.5154689930572452505, -0.2374364749855653600, 1.326007910206856932 ) ) ;
#4505 = CARTESIAN_POINT ( 'NONE',  ( 1.609148061345115455, -0.8953065452402967361, -0.3347943506521583457 ) ) ;
#4506 = TOROIDAL_SURFACE ( 'NONE', #3640, 0.5000000000000000000, 0.2500000000000000000 ) ;
#4507 = CARTESIAN_POINT ( 'NONE',  ( 2.608775774324010310, 1.575087309684365167, 1.193578062040139942 ) ) ;
#4508 = CARTESIAN_POINT ( 'NONE',  ( 1.120250240441847733, 2.326479226696995806, -1.495247917070445576 ) ) ;
#4509 = CARTESIAN_POINT ( 'NONE',  ( 1.815314433885395040, -1.135984253306989711, -0.02203540967846030069 ) ) ;
#4510 = CARTESIAN_POINT ( 'NONE',  ( -1.715546096726584979, 3.000000000000000000, 0.000000000000000000 ) ) ;
#4511 = ADVANCED_FACE ( 'NONE', ( #4799 ), #4699, .T. ) ;
#4512 = CARTESIAN_POINT ( 'NONE',  ( 2.750000000000000000, 0.6148057690588070168, 0.7109410563166670416 ) ) ;
#4513 = ORIENTED_EDGE ( 'NONE', *, *, #5093, .T. ) ;
#4514 = CARTESIAN_POINT ( 'NONE',  ( -2.750000000000025313, -0.8005056906728394983, -0.5477314005211975090 ) ) ;
#4515 = CARTESIAN_POINT ( 'NONE',  ( 1.407221109672009973, 1.902264446489866589, 1.682609173569496797 ) ) ;
#4516 = CARTESIAN_POINT ( 'NONE',  ( 2.750000000000000000, 0.2349367398278325025, 0.3592240290112639900 ) ) ;
#4517 = CARTESIAN_POINT ( 'NONE',  ( -2.749999999999996891, 0.05794919313341083400, 1.555917859605830289 ) ) ;
#4518 = CARTESIAN_POINT ( 'NONE',  ( 2.129175835224395463, -1.014048463668211886, 0.2336367895939415185 ) ) ;
#4519 = CARTESIAN_POINT ( 'NONE',  ( -1.457008645922422074, -0.7823311822977629948, 3.061616997868380553E-17 ) ) ;
#4520 = CARTESIAN_POINT ( 'NONE',  ( -2.072215658353560030, 1.308304133421740012, -1.698926104592759945 ) ) ;
#4521 = CARTESIAN_POINT ( 'NONE',  ( 1.103890844675240457, 2.846566114844952811, 0.5518018645929761989 ) ) ;
#4522 = CARTESIAN_POINT ( 'NONE',  ( -1.476789112485670241, -0.7124388040751079565, 0.1437958187664259979 ) ) ;
#4523 = CARTESIAN_POINT ( 'NONE',  ( -1.367744077157009741, 2.759196877767540190, 0.6254820241994054619 ) ) ;
#4524 = CARTESIAN_POINT ( 'NONE',  ( 2.632176745688300734, 1.780062818312309059, 1.750000000000003997 ) ) ;
#4525 = CARTESIAN_POINT ( 'NONE',  ( 2.749999999999996891, -0.8595458309032090183, -0.4508189379945454212 ) ) ;
#4526 = CARTESIAN_POINT ( 'NONE',  ( 2.637949292853545735, 1.785548913253403036, 0.7500000000000002220 ) ) ;
#4527 = EDGE_LOOP ( 'NONE', ( #3672, #4281, #434 ) ) ;
#4528 = CARTESIAN_POINT ( 'NONE',  ( 1.025255275681214773, -0.2766291318983140624, 1.279948411011831322 ) ) ;
#4529 = LINE ( 'NONE', #1740, #2969 ) ;
#4530 = DIRECTION ( 'NONE',  ( 0.000000000000000000, 0.000000000000000000, 1.000000000000000000 ) ) ;
#4531 = CARTESIAN_POINT ( 'NONE',  ( -1.698492196488359252, -0.9077954523594637948, -0.3780938623966877410 ) ) ;
#4532 = CARTESIAN_POINT ( 'NONE',  ( -1.668356463370915144, 1.460221371959067982, -1.750000000000000000 ) ) ;
#4533 = EDGE_LOOP ( 'NONE', ( #3856, #3946, #2935, #400 ) ) ;
#4534 = CARTESIAN_POINT ( 'NONE',  ( 1.695203652891880131, 1.393856782217540058, -1.750000000000000000 ) ) ;
#4535 = UNCERTAINTY_MEASURE_WITH_UNIT (LENGTH_MEASURE( 1.000000000000000082E-05 ), #14, 'distance_accuracy_value', 'NONE');
#4536 = ADVANCED_FACE ( 'NONE', ( #1299 ), #4808, .T. ) ;
#4537 = VECTOR ( 'NONE', #3281, 1000.000000000000000 ) ;
#4538 = CARTESIAN_POINT ( 'NONE',  ( 2.193039244055329906, 1.334842998045312035, 1.648877732281235131 ) ) ;
#4539 = CARTESIAN_POINT ( 'NONE',  ( 1.765662059828988273, -0.8944796341024714437, 0.4071228819170869540 ) ) ;
#4540 = CARTESIAN_POINT ( 'NONE',  ( -0.5805800209527033351, 2.898431131155771112, 0.7323645170123955772 ) ) ;
#4541 = B_SPLINE_CURVE_WITH_KNOTS ( 'NONE', 3,
 ( #4146, #3817, #292, #3852, #4247, #3885, #4282, #4673, #1625, #1598, #4753, #392, #1232, #2750, #4831, #4316, #2431, #819, #1684, #3619, #851, #1994, #2850, #3655, #1655, #4014, #2025, #2815, #3258, #3950, #4399, #17, #2098, #424, #789, #134, #491 ),
 .UNSPECIFIED., .F., .F.,
 ( 4, 2, 2, 2, 2, 2, 1, 2, 2, 2, 2, 2, 1, 1, 2, 2, 2, 2, 2, 4 ),
 ( 0.000000000000000000, 0.06249999999999993061, 0.09374999999999981959, 0.1249999999999996947, 0.1874999999999995837, 0.2187499999999994449, 0.2343749999999994449, 0.2421874999999994449, 0.2499999999999994726, 0.4999999999999988898, 0.6249999999999986677, 0.6874999999999984457, 0.7187499999999983347, 0.7343749999999983347, 0.7421874999999983347, 0.7499999999999983347, 0.8124999999999986677, 0.8437499999999988898, 0.8749999999999990008, 1.000000000000000000 ),
 .UNSPECIFIED. ) ;
#4542 = AXIS2_PLACEMENT_3D ( 'NONE', #4579, #4204, #3454 ) ;
#4543 = CARTESIAN_POINT ( 'NONE',  ( 1.750000000000000000, -0.1874148412574160039, -1.367857459282288080 ) ) ;
#4544 = ORIENTED_EDGE ( 'NONE', *, *, #3120, .T. ) ;
#4545 = CARTESIAN_POINT ( 'NONE',  ( -2.750000000000004441, -0.5385368763091759048, -0.9943582441331564326 ) ) ;
#4546 = CIRCLE ( 'NONE', #739, 0.2999999999999999889 ) ;
#4547 = CARTESIAN_POINT ( 'NONE',  ( 1.478566816638664738, 1.793867331668254961, 1.709256540922009293 ) ) ;
#4548 = CARTESIAN_POINT ( 'NONE',  ( -2.750000000000000000, 0.03784415118891609753, 3.361026734705064929E-15 ) ) ;
#4549 = CARTESIAN_POINT ( 'NONE',  ( 2.749999999999996891, -0.5385368763091552546, 0.9943582441331806354 ) ) ;
#4550 = CARTESIAN_POINT ( 'NONE',  ( -2.750000000000025313, 0.6528615178973808941, 1.730265515586905778 ) ) ;
#4551 = CARTESIAN_POINT ( 'NONE',  ( 2.000000000000000000, -3.000000000000000000, 3.061616997868380553E-17 ) ) ;
#4552 = CARTESIAN_POINT ( 'NONE',  ( -2.688766519363730012, 1.651898019254430139, 0.7500000000000000000 ) ) ;
#4553 = AXIS2_PLACEMENT_3D ( 'NONE', #3166, #4296, #3602 ) ;
#4554 = ADVANCED_FACE ( 'NONE', ( #1401 ), #4709, .T. ) ;
#4555 = CARTESIAN_POINT ( 'NONE',  ( -1.811734558375099891, 1.329125127909241977, -1.749999999999200195 ) ) ;
#4556 = DIRECTION ( 'NONE',  ( 0.000000000000000000, 0.000000000000000000, 1.000000000000000000 ) ) ;
#4557 = ORIENTED_EDGE ( 'NONE', *, *, #4331, .T. ) ;
#4558 = B_SPLINE_CURVE_WITH_KNOTS ( 'NONE', 3,
 ( #366, #3989, #2694, #764, #3471, #1143, #4641, #1573, #828, #4374, #4348, #2338, #3925, #5068, #686, #4322, #4724, #398, #796, #1176, #1207, #2372, #1633, #1074, #1505, #3662, #3626, #4126, #1795, #3329, #3392, #81, #958, #4054, #2473, #3769, #4508, #4442, #4879, #1330, #3731, #3695, #564, #4090, #4474, #4946, #2823, #177, #4912, #1693, #143, #3264, #2173, #2544, #1663 ),
 .UNSPECIFIED., .F., .F.,
 ( 4, 2, 2, 1, 1, 2, 2, 2, 2, 1, 1, 1, 2, 2, 2, 2, 2, 2, 2, 2, 2, 2, 2, 2, 2, 2, 1, 1, 2, 2, 4 ),
 ( 0.000000000000000000, 0.1250000000000037470, 0.1875000000000056066, 0.2187500000000065503, 0.2343750000000069666, 0.2421875000000072720, 0.2500000000000075495, 0.3750000000000133782, 0.4375000000000163203, 0.4687500000000178191, 0.4843750000000184852, 0.4921875000000187073, 0.4960937500000188183, 0.5000000000000188738, 0.5312500000000190958, 0.5468750000000193179, 0.5625000000000194289, 0.5937500000000193179, 0.6093750000000194289, 0.6171875000000192069, 0.6250000000000189848, 0.6875000000000165423, 0.7187500000000152101, 0.7343750000000144329, 0.7500000000000136557, 0.8125000000000101030, 0.8437500000000084377, 0.8593750000000074385, 0.8671875000000069944, 0.8750000000000065503, 1.000000000000000000 ),
 .UNSPECIFIED. ) ;
#4559 = FACE_OUTER_BOUND ( 'NONE', #5019, .T. ) ;
#4560 = CARTESIAN_POINT ( 'NONE',  ( 2.750000000000000000, 1.313753328945229892, -0.8451327215160676642 ) ) ;
#4561 = CARTESIAN_POINT ( 'NONE',  ( -1.476660092387355849, -0.6757483333137489501, 0.2439413294471655114 ) ) ;
#4562 = CARTESIAN_POINT ( 'NONE',  ( 0.3521264199234909742, 2.989063560130429842, -0.2156338865634699897 ) ) ;
#4563 = EDGE_CURVE ( 'NONE', #702, #4985, #401, .T. ) ;
#4564 = CARTESIAN_POINT ( 'NONE',  ( 2.750000000000000000, 0.1593725752020455078, -0.2269714044701905131 ) ) ;
#4565 = DIRECTION ( 'NONE',  ( 1.000000000000000000, 0.000000000000000000, 0.000000000000000000 ) ) ;
#4566 = VERTEX_POINT ( 'NONE', #107 ) ;
#4567 = CARTESIAN_POINT ( 'NONE',  ( -2.727499396552814481, 1.547512528842975854, 0.7500000000086399776 ) ) ;
#4568 = B_SPLINE_CURVE_WITH_KNOTS ( 'NONE', 3,
 ( #4692, #3897, #3132, #4326, #866, #1667 ),
 .UNSPECIFIED., .F., .F.,
 ( 4, 1, 1, 4 ),
 ( 0.000000000000000000, 0.2570374988418305251, 0.3885268252332986783, 1.000000000000000000 ),
 .UNSPECIFIED. ) ;
#4569 = CARTESIAN_POINT ( 'NONE',  ( -1.881283909163732559, -1.123532100712860027, -0.1620660685575418813 ) ) ;
#4570 = DIRECTION ( 'NONE',  ( -1.000000000000000000, 0.000000000000000000, 0.000000000000000000 ) ) ;
#4571 = CARTESIAN_POINT ( 'NONE',  ( -1.663166221822535595, -0.6496253223145814770, -0.8310679908674220018 ) ) ;
#4572 = ORIENTED_EDGE ( 'NONE', *, *, #4303, .F. ) ;
#4573 = CARTESIAN_POINT ( 'NONE',  ( 2.219300542607654858, -1.050198758908925889, 2.222932579343084702E-16 ) ) ;
#4574 = CARTESIAN_POINT ( 'NONE',  ( 1.680256037200942743, -0.6747291154252248457, -0.7873587116697845500 ) ) ;
#4575 = CARTESIAN_POINT ( 'NONE',  ( 2.190521670493000173, 1.361282362229732090, 1.648840867037755009 ) ) ;
#4576 = DIRECTION ( 'NONE',  ( 0.5144857049222549827, -0.8574989559356037683, 0.000000000000000000 ) ) ;
#4577 = CARTESIAN_POINT ( 'NONE',  ( -0.9912754116641604440, 2.522083129739527863, 1.339888356623486487 ) ) ;
#4578 = ORIENTED_EDGE ( 'NONE', *, *, #2037, .F. ) ;
#4579 = CARTESIAN_POINT ( 'NONE',  ( -1.633785341219059939, -0.9591078775944010815, 0.000000000000000000 ) ) ;
#4580 = CARTESIAN_POINT ( 'NONE',  ( 1.756078415665149883, -0.9929684761746689903, -0.3245759123322835005 ) ) ;
#4581 = CARTESIAN_POINT ( 'NONE',  ( 2.545031019847300069, 1.357713410294066003, -1.360096854917083764 ) ) ;
#4582 = CARTESIAN_POINT ( 'NONE',  ( 1.750000000000029976, -0.6706622598510110222, 0.7960814397176499968 ) ) ;
#4583 = EDGE_CURVE ( 'NONE', #2246, #1267, #4729, .T. ) ;
#4584 = CARTESIAN_POINT ( 'NONE',  ( -1.750000000000000000, 0.3974686311735375344, 1.688659068430194976 ) ) ;
#4585 = CARTESIAN_POINT ( 'NONE',  ( 2.473516188011635197, 2.021733838396105210, -0.7500000000000000000 ) ) ;
#4586 = CARTESIAN_POINT ( 'NONE',  ( -2.750000000000000000, 0.7011395854399889993, -0.7278606173224790865 ) ) ;
#4587 = CARTESIAN_POINT ( 'NONE',  ( -2.190521670495264583, 1.361282362221744036, -1.648840867028259938 ) ) ;
#4588 = DIRECTION ( 'NONE',  ( 0.000000000000000000, 0.000000000000000000, 1.000000000000000000 ) ) ;
#4589 = VERTEX_POINT ( 'NONE', #3260 ) ;
#4590 = VERTEX_POINT ( 'NONE', #2576 ) ;
#4591 = FACE_OUTER_BOUND ( 'NONE', #2272, .T. ) ;
#4592 = CARTESIAN_POINT ( 'NONE',  ( 1.750000000000000000, -0.8050148418616719370, 0.5400853469314609301 ) ) ;
#4593 = CARTESIAN_POINT ( 'NONE',  ( 1.695203652891880131, 1.393856782217540058, 1.750000000000000000 ) ) ;
#4594 = CARTESIAN_POINT ( 'NONE',  ( 0.3095187925580938915, 2.991681823696269227, -0.2712483088785130336 ) ) ;
#4595 = CARTESIAN_POINT ( 'NONE',  ( -1.750000000000000000, -0.7332974990918450509, 0.6780887254449670110 ) ) ;
#4596 = EDGE_CURVE ( 'NONE', #3026, #976, #3113, .T. ) ;
#4597 = B_SPLINE_CURVE_WITH_KNOTS ( 'NONE', 3,
 ( #3224, #1278, #18, #928, #3591, #792, #1600, #1324, #1717 ),
 .UNSPECIFIED., .F., .F.,
 ( 4, 1, 2, 2, 4 ),
 ( 0.000000000000000000, 0.2500000000000011102, 0.3750000000000010547, 0.5000000000000009992, 1.000000000000000000 ),
 .UNSPECIFIED. ) ;
#4598 = ORIENTED_EDGE ( 'NONE', *, *, #4104, .F. ) ;
#4599 = CARTESIAN_POINT ( 'NONE',  ( 2.666937164279387762, 1.312915858234997568, 1.164727500856757691 ) ) ;
#4600 = CARTESIAN_POINT ( 'NONE',  ( 0.2674288835004349774, -0.1942697647260581417, 1.225417067066327137 ) ) ;
#4601 = ORIENTED_EDGE ( 'NONE', *, *, #3191, .T. ) ;
#4602 = DIRECTION ( 'NONE',  ( -1.000000000000000000, 0.000000000000000000, 0.000000000000000000 ) ) ;
#4603 = FACE_OUTER_BOUND ( 'NONE', #4527, .T. ) ;
#4604 = CARTESIAN_POINT ( 'NONE',  ( -5.000000000000000000, 1.080205472464321970, -1.750000000000000000 ) ) ;
#4605 = DIRECTION ( 'NONE',  ( 0.000000000000000000, 0.000000000000000000, 1.000000000000000000 ) ) ;
#4606 = ORIENTED_EDGE ( 'NONE', *, *, #2481, .F. ) ;
#4607 = CARTESIAN_POINT ( 'NONE',  ( 1.750000000000000000, 0.1455535790711909860, -1.601217593254955052 ) ) ;
#4608 = CARTESIAN_POINT ( 'NONE',  ( -0.9935940151897929562, 2.519997632147179978, -1.344691378400230120 ) ) ;
#4609 = VERTEX_POINT ( 'NONE', #3726 ) ;
#4610 = CARTESIAN_POINT ( 'NONE',  ( -1.812535957079619786, -1.135927216164721809, 1.530679359383375032E-12 ) ) ;
#4611 = CARTESIAN_POINT ( 'NONE',  ( 1.750000000000000000, -0.8050148418556589691, -0.5400853469422159936 ) ) ;
#4612 = VECTOR ( 'NONE', #32, 1000.000000000000000 ) ;
#4613 = CARTESIAN_POINT ( 'NONE',  ( 2.251037729713410318, 1.338576932536865938, 1.617887077182980082 ) ) ;
#4614 = CARTESIAN_POINT ( 'NONE',  ( -1.220748501262018504, -0.4626222330560574858, -0.9367470053890633030 ) ) ;
#4615 = AXIS2_PLACEMENT_3D ( 'NONE', #621, #2129, #3827 ) ;
#4616 = CARTESIAN_POINT ( 'NONE',  ( 0.1289933114431983663, -0.1943285378250556028, 1.370659250599477463 ) ) ;
#4617 = CARTESIAN_POINT ( 'NONE',  ( -1.396807910214863835, -0.5514309983454749320, -0.8127524926843020525 ) ) ;
#4618 = EDGE_LOOP ( 'NONE', ( #665, #4884, #1569, #540 ) ) ;
#4619 = CARTESIAN_POINT ( 'NONE',  ( 2.750000000000000000, 1.080205472464321970, 0.7500000000000000000 ) ) ;
#4620 = EDGE_LOOP ( 'NONE', ( #4638, #3458, #2881, #1016, #2749, #3150 ) ) ;
#4621 = CARTESIAN_POINT ( 'NONE',  ( 2.730199698748609904, -0.2195817754243548081, 3.427062308667655766E-06 ) ) ;
#4622 = PRESENTATION_LAYER_ASSIGNMENT (  '', '', ( #3955 ) ) ;
#4623 = VECTOR ( 'NONE', #4109, 1000.000000000000000 ) ;
#4624 = CARTESIAN_POINT ( 'NONE',  ( 1.525882758779729897, -0.5101445300705819141, -1.028804879991898069 ) ) ;
#4625 = CARTESIAN_POINT ( 'NONE',  ( 2.608775822005314993, 1.575087153000639839, -1.193578062222022007 ) ) ;
#4626 = CARTESIAN_POINT ( 'NONE',  ( 2.750000000000000000, 0.1910974077489129841, 0.2868705270439829702 ) ) ;
#4627 = DIRECTION ( 'NONE',  ( -0.7071067811865436870, -0.7071067811865514585, 0.000000000000000000 ) ) ;
#4628 = CARTESIAN_POINT ( 'NONE',  ( -1.695203652891880131, 1.393856782217540058, 1.750000000000000000 ) ) ;
#4629 = CARTESIAN_POINT ( 'NONE',  ( -2.359881758089700021, 1.345602861082211943, -1.545183543052325081 ) ) ;
#4630 = CARTESIAN_POINT ( 'NONE',  ( 1.766276015400870092, -0.8908168466576269484, 0.4116682629721409858 ) ) ;
#4631 = ORIENTED_EDGE ( 'NONE', *, *, #2545, .F. ) ;
#4632 = EDGE_CURVE ( 'NONE', #3529, #4771, #450, .T. ) ;
#4633 = VERTEX_POINT ( 'NONE', #4836 ) ;
#4634 = CARTESIAN_POINT ( 'NONE',  ( -2.597174556427193526, -0.7260246501797559260, 0.06395497146455758619 ) ) ;
#4635 = CARTESIAN_POINT ( 'NONE',  ( 1.638045997138880105, 1.521305850765519940, 1.746818449655609840 ) ) ;
#4636 = EDGE_CURVE ( 'NONE', #1416, #864, #4807, .T. ) ;
#4637 = CARTESIAN_POINT ( 'NONE',  ( 1.748765290670819983, 1.309144296220060122, 1.750000000000000000 ) ) ;
#4638 = ORIENTED_EDGE ( 'NONE', *, *, #840, .F. ) ;
#4639 = CARTESIAN_POINT ( 'NONE',  ( -1.694347065904504790, -0.9078498900119049697, 0.3765082014857428772 ) ) ;
#4640 = CARTESIAN_POINT ( 'NONE',  ( 2.736368737773144488, 1.313585834803183472, 0.9496230857076209952 ) ) ;
#4641 = CARTESIAN_POINT ( 'NONE',  ( 0.4374245378767237513, 2.945616036406915050, -0.5456211313096064330 ) ) ;
#4642 = ORIENTED_EDGE ( 'NONE', *, *, #982, .T. ) ;
#4643 = DIRECTION ( 'NONE',  ( 0.000000000000000000, 1.000000000000000000, 0.000000000000000000 ) ) ;
#4644 = CYLINDRICAL_SURFACE ( 'NONE', #4481, 0.2500000000000002220 ) ;
#4645 = CARTESIAN_POINT ( 'NONE',  ( 2.750000000000000000, 0.2670290864827624677, 0.3991484540132330117 ) ) ;
#4646 = CARTESIAN_POINT ( 'NONE',  ( -2.750000000000000000, 0.5062854146152360180, -0.6474009638673029476 ) ) ;
#4647 = ORIENTED_EDGE ( 'NONE', *, *, #3586, .T. ) ;
#4648 = CARTESIAN_POINT ( 'NONE',  ( 2.146980728860994780, -2.522091362974585138, 0.000000000000000000 ) ) ;
#4649 = EDGE_LOOP ( 'NONE', ( #1375, #1909, #3653, #4193, #1154, #4235, #227 ) ) ;
#4650 = CARTESIAN_POINT ( 'NONE',  ( 2.688766519363735341, 1.651898019254420147, -0.7500000000000000000 ) ) ;
#4651 = CARTESIAN_POINT ( 'NONE',  ( -1.741714702010954907, 1.324694757102786058, -1.750000000000000000 ) ) ;
#4652 = CARTESIAN_POINT ( 'NONE',  ( 2.193151206360690164, 1.309276421222365760, 1.648832960436410033 ) ) ;
#4653 = CARTESIAN_POINT ( 'NONE',  ( -1.137696878850031013, -0.4259114431700422587, -0.9793312048959244009 ) ) ;
#4654 = CARTESIAN_POINT ( 'NONE',  ( -0.4960733060684859863, -0.2342860467804175062, 1.188960017446599959 ) ) ;
#4655 = CARTESIAN_POINT ( 'NONE',  ( -1.426720902876959851, -0.5764343997994950675, -0.7194761433672579587 ) ) ;
#4656 = CIRCLE ( 'NONE', #4871, 0.7500000000000002220 ) ;
#4657 = ORIENTED_EDGE ( 'NONE', *, *, #410, .F. ) ;
#4658 = PRODUCT_DEFINITION ( 'UNKNOWN', '', #2191, #5032 ) ;
#4659 = ORIENTED_EDGE ( 'NONE', *, *, #2103, .F. ) ;
#4660 = CARTESIAN_POINT ( 'NONE',  ( -2.000000000000000000, -3.000000000000000000, 0.000000000000000000 ) ) ;
#4661 = FACE_OUTER_BOUND ( 'NONE', #1343, .T. ) ;
#4662 = CARTESIAN_POINT ( 'NONE',  ( 1.776859661648744870, -0.9322866281364120544, -0.3679707308476520278 ) ) ;
#4663 = CARTESIAN_POINT ( 'NONE',  ( -2.654973582128240750, -0.4893959159087780675, 5.942025702323526569E-05 ) ) ;
#4664 = CARTESIAN_POINT ( 'NONE',  ( -1.749999999988505195, 1.305713610130923907, 1.750000000000000000 ) ) ;
#4665 = CARTESIAN_POINT ( 'NONE',  ( -2.750000000000018208, 0.4455700316677868034, 1.697921736881796484 ) ) ;
#4666 = CARTESIAN_POINT ( 'NONE',  ( 1.476747206972888193, -0.7256922851853859768, 0.1080739618607501062 ) ) ;
#4667 = CARTESIAN_POINT ( 'NONE',  ( 1.815171901499470053, 1.314072511001652233, -1.750000000000365041 ) ) ;
#4668 = CARTESIAN_POINT ( 'NONE',  ( -1.465588831828467553, -0.7656573910144756079, -0.04674523279170687134 ) ) ;
#4669 = DIRECTION ( 'NONE',  ( 0.000000000000000000, 1.000000000000000000, 0.000000000000000000 ) ) ;
#4670 = CYLINDRICAL_SURFACE ( 'NONE', #721, 0.9186105886290507616 ) ;
#4671 = VERTEX_POINT ( 'NONE', #1366 ) ;
#4672 = ORIENTED_EDGE ( 'NONE', *, *, #2417, .T. ) ;
#4673 = CARTESIAN_POINT ( 'NONE',  ( 1.120740554626300067, -0.3115548035165502938, -1.244063865352009746 ) ) ;
#4674 = CARTESIAN_POINT ( 'NONE',  ( 2.091547508831821833, 2.381979287275072910, 1.622615258029081575 ) ) ;
#4675 = CARTESIAN_POINT ( 'NONE',  ( -1.183852661487659885, 2.823500849138726565, 0.5783212951906080423 ) ) ;
#4676 = EDGE_CURVE ( 'NONE', #4910, #1354, #3161, .T. ) ;
#4677 = DIRECTION ( 'NONE',  ( 0.000000000000000000, 0.000000000000000000, 1.000000000000000000 ) ) ;
#4678 = FACE_OUTER_BOUND ( 'NONE', #103, .T. ) ;
#4679 = EDGE_LOOP ( 'NONE', ( #2313, #4557, #1227, #1868 ) ) ;
#4680 = AXIS2_PLACEMENT_3D ( 'NONE', #1759, #2140, #3732 ) ;
#4681 = CARTESIAN_POINT ( 'NONE',  ( -1.757758261743146866, -0.9000836189848147040, 0.4005032679478048863 ) ) ;
#4682 = DIRECTION ( 'NONE',  ( 0.000000000000000000, 0.000000000000000000, 1.000000000000000000 ) ) ;
#4683 = CARTESIAN_POINT ( 'NONE',  ( 2.685063317885548972, 1.660313447097283568, 1.013118887221006181 ) ) ;
#4684 = ORIENTED_EDGE ( 'NONE', *, *, #2299, .F. ) ;
#4685 = CARTESIAN_POINT ( 'NONE',  ( -0.7678951801762330387, 2.788675122811234974, 0.9992194903357409785 ) ) ;
#4686 = COLOUR_RGB ( '',0.000000000000000000, 0.000000000000000000, 0.7529411764705882248 ) ;
#4687 = B_SPLINE_CURVE_WITH_KNOTS ( 'NONE', 3,
 ( #830, #1244, #2263, #3266, #3469, #1209, #2005, #2789, #4023, #4409, #1761, #4540, #4128, #3664, #993, #531, #280, #1724, #664, #566, #2980, #2141, #4056, #4947, #3393, #2243, #2109, #4577, #599, #2510, #2937, #2895, #1371, #3331, #4913, #3016, #1858, #1452, #216, #3421, #4881, #4444, #3771, #1829, #145, #1413, #2648, #4166, #3697, #4092, #3297, #2548, #4476, #4983, #1796 ),
 .UNSPECIFIED., .F., .F.,
 ( 4, 2, 2, 1, 1, 2, 2, 2, 2, 1, 1, 1, 2, 2, 2, 2, 2, 2, 2, 2, 2, 2, 2, 2, 2, 2, 1, 1, 2, 2, 4 ),
 ( 0.000000000000000000, 0.1249999999999975020, 0.1874999999999962530, 0.2187499999999956146, 0.2343749999999953648, 0.2421874999999952816, 0.2499999999999951705, 0.3749999999999935052, 0.4374999999999925615, 0.4687499999999921729, 0.4843749999999921174, 0.4921874999999920619, 0.4960937499999920619, 0.4999999999999921174, 0.5312499999999914513, 0.5468749999999914513, 0.5624999999999913403, 0.5937499999999907851, 0.6093749999999905631, 0.6171874999999904521, 0.6249999999999902300, 0.6874999999999922284, 0.7187499999999931166, 0.7343749999999935607, 0.7499999999999940048, 0.8124999999999957812, 0.8437499999999966693, 0.8593749999999971134, 0.8671874999999973355, 0.8749999999999974465, 1.000000000000000000 ),
 .UNSPECIFIED. ) ;
#4688 = CARTESIAN_POINT ( 'NONE',  ( 2.749999999999996891, -0.3134905195314050541, 1.242407128161943541 ) ) ;
#4689 = CIRCLE ( 'NONE', #5002, 1.000000000000000000 ) ;
#4690 = CARTESIAN_POINT ( 'NONE',  ( -2.750000000000000000, 0.7153211176431000240, -0.7306010113093159841 ) ) ;
#4691 = VERTEX_POINT ( 'NONE', #627 ) ;
#4692 = CARTESIAN_POINT ( 'NONE',  ( 1.750000000000000000, -0.8050148418616719370, 0.5400853469314609301 ) ) ;
#4693 = ORIENTED_EDGE ( 'NONE', *, *, #490, .T. ) ;
#4694 = CARTESIAN_POINT ( 'NONE',  ( 2.632176936398135325, 1.780064138445625055, -0.7500000000000000000 ) ) ;
#4695 = CARTESIAN_POINT ( 'NONE',  ( -2.642650025473490150, 1.759458342559404809, -0.7500000000000000000 ) ) ;
#4696 = CIRCLE ( 'NONE', #4129, 0.7500000000000000000 ) ;
#4697 = DIRECTION ( 'NONE',  ( 0.000000000000000000, 0.000000000000000000, 1.000000000000000000 ) ) ;
#4698 = AXIS2_PLACEMENT_3D ( 'NONE', #3510, #1639, #3996 ) ;
#4699 = CYLINDRICAL_SURFACE ( 'NONE', #4043, 1.000000000000000000 ) ;
#4700 = VERTEX_POINT ( 'NONE', #2853 ) ;
#4701 = VERTEX_POINT ( 'NONE', #593 ) ;
#4702 = DIRECTION ( 'NONE',  ( 0.000000000000000000, 0.000000000000000000, -1.000000000000000000 ) ) ;
#4703 = B_SPLINE_CURVE_WITH_KNOTS ( 'NONE', 3,
 ( #871, #407, #2448, #1613, #1341, #2765, #1734, #2412, #2797, #805, #2080, #542 ),
 .UNSPECIFIED., .F., .F.,
 ( 4, 2, 2, 2, 2, 4 ),
 ( 0.000000000000000000, 0.2499999999999995559, 0.3749999999999992228, 0.4374999999999991118, 0.4999999999999990008, 1.000000000000000000 ),
 .UNSPECIFIED. ) ;
#4704 = LINE ( 'NONE', #1778, #4537 ) ;
#4705 = CARTESIAN_POINT ( 'NONE',  ( 1.535699116838885381, -0.7436677403884511817, -0.6589426278672632087 ) ) ;
#4706 = CARTESIAN_POINT ( 'NONE',  ( 2.469717727251360184, 1.531230896619834914, -1.411210066112042139 ) ) ;
#4707 = EDGE_CURVE ( 'NONE', #567, #3928, #2952, .T. ) ;
#4708 = CARTESIAN_POINT ( 'NONE',  ( -2.190521673641859568, 1.361282330376554217, 1.648840867215555006 ) ) ;
#4709 =( BOUNDED_SURFACE ( )  B_SPLINE_SURFACE ( 3, 2, ( 
 ( #363, #2691, #1139 ),
 ( #1570, #3533, #3921 ),
 ( #2753, #3985, #4319 ),
 ( #3196, #824, #3561 ) ),
 .UNSPECIFIED., .F., .F., .F. ) 
 B_SPLINE_SURFACE_WITH_KNOTS ( ( 4, 4 ),
 ( 3, 3 ),
 ( -4.069656976789920027E-05, 0.0004549538551906020015 ),
 ( 0.000000000000000000, 1.000000000000000000 ),
 .UNSPECIFIED. ) 
 GEOMETRIC_REPRESENTATION_ITEM ( )  RATIONAL_B_SPLINE_SURFACE ( (
 ( 1.000000000000000000, 0.8909216278258259569, 1.000000000000000000),
 ( 1.000000000000000000, 0.8491613082503679522, 1.000000000000000000),
 ( 1.000000000000000000, 0.7755477971765399881, 1.000000000000000000),
 ( 1.000000000000000000, 0.6934874227755680742, 1.000000000000000000) ) ) 
 REPRESENTATION_ITEM ( '' )  SURFACE ( )  );
#4710 = CARTESIAN_POINT ( 'NONE',  ( -1.750000000000000000, -0.05569003863554600198, 1.480015538424043875 ) ) ;
#4711 = CARTESIAN_POINT ( 'NONE',  ( -2.750000000000000000, 0.2873960535905125124, -0.4222977610858635322 ) ) ;
#4712 = CARTESIAN_POINT ( 'NONE',  ( 1.875169011119865115, 1.344963887138806102, -1.743519928559234877 ) ) ;
#4713 = CARTESIAN_POINT ( 'NONE',  ( -1.408524978466779043, -0.5577607977149021679, -0.7924711968514150939 ) ) ;
#4714 = CARTESIAN_POINT ( 'NONE',  ( -1.182822208103030182, -0.4430267584728785346, -0.9596658193451350627 ) ) ;
#4715 = EDGE_LOOP ( 'NONE', ( #2134, #53, #458, #3929, #3849, #2193, #4739 ) ) ;
#4716 = ORIENTED_EDGE ( 'NONE', *, *, #394, .T. ) ;
#4717 = CIRCLE ( 'NONE', #2962, 0.2500000000000000000 ) ;
#4718 = CARTESIAN_POINT ( 'NONE',  ( 2.750000000000000000, 1.080205472464321970, -0.7500000000000000000 ) ) ;
#4719 = DIRECTION ( 'NONE',  ( 0.2939614577219925584, 0.9558172740508309451, 0.000000000000000000 ) ) ;
#4720 = DIRECTION ( 'NONE',  ( 0.000000000000000000, 0.000000000000000000, -1.000000000000000000 ) ) ;
#4721 = CARTESIAN_POINT ( 'NONE',  ( 1.633785341219059939, -0.9591078775944010815, 0.000000000000000000 ) ) ;
#4722 = VERTEX_POINT ( 'NONE', #2819 ) ;
#4723 = CARTESIAN_POINT ( 'NONE',  ( -1.741797446127464122, -0.9042191439145182974, 0.3938467878044392134 ) ) ;
#4724 = CARTESIAN_POINT ( 'NONE',  ( 0.8574238681812280660, 2.695627139820266471, -1.138395089175817221 ) ) ;
#4725 = ORIENTED_EDGE ( 'NONE', *, *, #5015, .F. ) ;
#4726 = CARTESIAN_POINT ( 'NONE',  ( -0.9227377060402168762, 2.894525836541554931, 0.4869193325867230415 ) ) ;
#4727 = CIRCLE ( 'NONE', #4754, 0.2500000000000000000 ) ;
#4728 = CARTESIAN_POINT ( 'NONE',  ( 1.750000000000000000, -0.3434211163663514754, 1.211014234246410082 ) ) ;
#4729 = LINE ( 'NONE', #989, #3032 ) ;
#4730 = CARTESIAN_POINT ( 'NONE',  ( -1.750000000000000000, 0.2855203824665870083, -1.655810494447489845 ) ) ;
#4731 = EDGE_LOOP ( 'NONE', ( #109, #3587, #183, #167 ) ) ;
#4732 = CARTESIAN_POINT ( 'NONE',  ( -0.4760667326364150242, 2.936064354155595080, -0.5947697022257809607 ) ) ;
#4733 = EDGE_LOOP ( 'NONE', ( #2383, #2687, #3951, #4875 ) ) ;
#4734 = CARTESIAN_POINT ( 'NONE',  ( 2.699483016478649855, 1.619541543763735048, -0.7500000000000000000 ) ) ;
#4735 = CARTESIAN_POINT ( 'NONE',  ( -2.584683519792377204, 1.865138188048212298, -1.750000000000006883 ) ) ;
#4736 = LINE ( 'NONE', #3673, #4844 ) ;
#4737 = CARTESIAN_POINT ( 'NONE',  ( 0.2503108091310424221, -0.2025185750451435063, 1.218438390504110069 ) ) ;
#4738 = VECTOR ( 'NONE', #894, 1000.000000000000114 ) ;
#4739 = ORIENTED_EDGE ( 'NONE', *, *, #4116, .F. ) ;
#4740 = ORIENTED_EDGE ( 'NONE', *, *, #822, .T. ) ;
#4741 = CARTESIAN_POINT ( 'NONE',  ( 1.505367058005780745, -0.8959639579809521859, -0.4047744467044187000 ) ) ;
#4742 = CARTESIAN_POINT ( 'NONE',  ( 2.392492059856825115, 1.465041804022352068, -1.503295561924374857 ) ) ;
#4743 = CARTESIAN_POINT ( 'NONE',  ( -1.997270778644810285, 1.383214497672883958, 1.718132867721080093 ) ) ;
#4744 = CARTESIAN_POINT ( 'NONE',  ( -2.750000000000000000, 0.2451100839750494920, 0.3728479397877514367 ) ) ;
#4745 = CARTESIAN_POINT ( 'NONE',  ( -2.750000000000000000, 0.4498235332708874767, -0.5925548562209909109 ) ) ;
#4746 = CARTESIAN_POINT ( 'NONE',  ( 1.183852661485942592, 2.823500849139316760, -0.5783212951896475884 ) ) ;
#4747 = CARTESIAN_POINT ( 'NONE',  ( -1.442096703168141092, -0.5952766148370413068, -0.6326273640650219576 ) ) ;
#4748 = CARTESIAN_POINT ( 'NONE',  ( -1.120740554632337460, -0.3115548035187470366, 1.244063865349720466 ) ) ;
#4749 = VERTEX_POINT ( 'NONE', #3292 ) ;
#4750 = EDGE_CURVE ( 'NONE', #747, #2600, #3600, .T. ) ;
#4751 = EDGE_LOOP ( 'NONE', ( #5044, #4659, #3287, #1622 ) ) ;
#4752 = LINE ( 'NONE', #522, #3119 ) ;
#4753 = CARTESIAN_POINT ( 'NONE',  ( 0.9315361317679686781, -0.2442652731724261617, -1.312612379324883394 ) ) ;
#4754 = AXIS2_PLACEMENT_3D ( 'NONE', #445, #2524, #3712 ) ;
#4755 = CARTESIAN_POINT ( 'NONE',  ( 1.144566226277882182, 2.289308046847795097, 1.526289913655434871 ) ) ;
#4756 = CARTESIAN_POINT ( 'NONE',  ( 1.413859393346567073, -0.5638536320359910370, -0.7672572598327753735 ) ) ;
#4757 = AXIS2_PLACEMENT_3D ( 'NONE', #2203, #2171, #896 ) ;
#4758 = CARTESIAN_POINT ( 'NONE',  ( 2.264510285202570472, -1.029177587960993456, 1.751741757237073625E-08 ) ) ;
#4759 = FACE_OUTER_BOUND ( 'NONE', #3497, .T. ) ;
#4760 = ORIENTED_EDGE ( 'NONE', *, *, #2812, .T. ) ;
#4761 = CARTESIAN_POINT ( 'NONE',  ( -2.332368350017385072, 1.488228440849068024, 1.545584603398204804 ) ) ;
#4762 = CARTESIAN_POINT ( 'NONE',  ( 2.750000000000000000, 0.4498235332708935275, 0.5925548562209959069 ) ) ;
#4763 = CARTESIAN_POINT ( 'NONE',  ( 1.440725085526058047, -0.5751559526271363687, 0.9512059490299307196 ) ) ;
#4764 = CARTESIAN_POINT ( 'NONE',  ( -1.426509635569499945, -2.038954318512709918, 0.000000000000000000 ) ) ;
#4765 = ORIENTED_EDGE ( 'NONE', *, *, #2927, .T. ) ;
#4766 = CARTESIAN_POINT ( 'NONE',  ( -2.308990344923140370, 2.202614228745638503, 1.704027443242025486 ) ) ;
#4767 = TOROIDAL_SURFACE ( 'NONE', #2394, 0.5000000000000000000, 0.2500000000000000000 ) ;
#4768 = CARTESIAN_POINT ( 'NONE',  ( -1.776859661648754862, -0.9322866281364440288, -0.3679707308476224958 ) ) ;
#4769 = CYLINDRICAL_SURFACE ( 'NONE', #3355, 0.2500000000000001665 ) ;
#4770 = CARTESIAN_POINT ( 'NONE',  ( -1.750000000000119904, 0.9681580816140029633, -1.750000000000000000 ) ) ;
#4771 = VERTEX_POINT ( 'NONE', #4941 ) ;
#4772 = CARTESIAN_POINT ( 'NONE',  ( -0.1306154834656040042, 3.000000000000000000, -0.1613829771411605107 ) ) ;
#4773 = ORIENTED_EDGE ( 'NONE', *, *, #3759, .F. ) ;
#4774 = CARTESIAN_POINT ( 'NONE',  ( -1.514441121662387424, 1.736979877869492928, -1.720096910232452148 ) ) ;
#4775 = CIRCLE ( 'NONE', #1044, 0.9999999999999997780 ) ;
#4776 = CARTESIAN_POINT ( 'NONE',  ( 1.750000000000000000, -0.6401450635739970307, 0.8992299248416779633 ) ) ;
#4777 = CARTESIAN_POINT ( 'NONE',  ( -2.750000000000000000, 1.372943232689946003, -0.7499999999706890019 ) ) ;
#4778 = CARTESIAN_POINT ( 'NONE',  ( 1.815450589388555080, 1.306239814465930182, 1.750000000000750067 ) ) ;
#4779 = EDGE_CURVE ( 'NONE', #114, #682, #4656, .T. ) ;
#4780 = FACE_OUTER_BOUND ( 'NONE', #2153, .T. ) ;
#4781 = ORIENTED_EDGE ( 'NONE', *, *, #2836, .F. ) ;
#4782 = ORIENTED_EDGE ( 'NONE', *, *, #2647, .F. ) ;
#4783 = B_SPLINE_CURVE_WITH_KNOTS ( 'NONE', 3,
 ( #3667, #3400, #1291, #4886, #2900, #1697, #2041 ),
 .UNSPECIFIED., .F., .F.,
 ( 4, 3, 4 ),
 ( -3.708304862167265066E-06, -4.235164736271501695E-22, 5.326737663457269492E-05 ),
 .UNSPECIFIED. ) ;
#4784 = CARTESIAN_POINT ( 'NONE',  ( -2.484319121887256898, -0.7968339895677137852, -0.09450694287405639327 ) ) ;
#4785 = CARTESIAN_POINT ( 'NONE',  ( 1.668356463370950005, 1.460221371959067982, -1.750000000000000000 ) ) ;
#4786 = CARTESIAN_POINT ( 'NONE',  ( 2.057922923085050204, 1.402266522206465860, -1.698919859000034949 ) ) ;
#4787 = ADVANCED_FACE ( 'NONE', ( #1414 ), #3596, .T. ) ;
#4788 = CARTESIAN_POINT ( 'NONE',  ( -1.750000000000000000, -0.6145458737463889154, 0.8887071982077831001 ) ) ;
#4789 = CARTESIAN_POINT ( 'NONE',  ( 1.749999999988505195, 1.305713610130923907, -1.750000000000000000 ) ) ;
#4790 = CARTESIAN_POINT ( 'NONE',  ( -1.440656869381407246, -0.5933450938876249081, 0.6419871057190941199 ) ) ;
#4791 = CARTESIAN_POINT ( 'NONE',  ( -0.8236300174268573748, -0.2101987453071525735, 1.346031619945326607 ) ) ;
#4792 = ORIENTED_EDGE ( 'NONE', *, *, #169, .T. ) ;
#4793 = ORIENTED_EDGE ( 'NONE', *, *, #1123, .T. ) ;
#4794 = EDGE_CURVE ( 'NONE', #2094, #1416, #2759, .T. ) ;
#4795 = LINE ( 'NONE', #5029, #3075 ) ;
#4796 = CARTESIAN_POINT ( 'NONE',  ( 0.7678951801761940699, 2.788675122811175022, 0.9992194903358300184 ) ) ;
#4797 = CARTESIAN_POINT ( 'NONE',  ( -1.579511102980541759, -0.8843734401954277402, -0.3153802618138984992 ) ) ;
#4798 = CARTESIAN_POINT ( 'NONE',  ( 1.750000000000000000, 0.000000000000000000, 0.7500000000000000000 ) ) ;
#4799 = FACE_OUTER_BOUND ( 'NONE', #1192, .T. ) ;
#4800 = EDGE_LOOP ( 'NONE', ( #4304, #2866, #1138, #3754, #1608, #4315, #2570 ) ) ;
#4801 = CARTESIAN_POINT ( 'NONE',  ( -2.623732737733994735, 1.522756866936799902, 1.193364898952059994 ) ) ;
#4802 = DIRECTION ( 'NONE',  ( 0.000000000000000000, 0.000000000000000000, -1.000000000000000000 ) ) ;
#4803 = CARTESIAN_POINT ( 'NONE',  ( 1.731757144956044936, -0.7621910331179430065, 0.6177299682499158839 ) ) ;
#4804 = ORIENTED_EDGE ( 'NONE', *, *, #1389, .F. ) ;
#4805 = CARTESIAN_POINT ( 'NONE',  ( -1.439909311195062047, 1.856128512284535015, 1.698186143914750090 ) ) ;
#4806 = FACE_OUTER_BOUND ( 'NONE', #4533, .T. ) ;
#4807 = B_SPLINE_CURVE_WITH_KNOTS ( 'NONE', 3,
 ( #1280, #494, #524, #4123 ),
 .UNSPECIFIED., .F., .F.,
 ( 4, 4 ),
 ( 0.000000000000000000, 1.000000000000000000 ),
 .UNSPECIFIED. ) ;
#4808 = CYLINDRICAL_SURFACE ( 'NONE', #1714, 0.2499999999999997780 ) ;
#4809 = CARTESIAN_POINT ( 'NONE',  ( -2.750000000000000000, 1.080205472464321970, -0.7500000000000000000 ) ) ;
#4810 = ORIENTED_EDGE ( 'NONE', *, *, #1534, .T. ) ;
#4811 = ORIENTED_EDGE ( 'NONE', *, *, #1964, .F. ) ;
#4812 = CARTESIAN_POINT ( 'NONE',  ( -1.749999999977009946, 1.305713610127001933, -1.750000000000000000 ) ) ;
#4813 = CARTESIAN_POINT ( 'NONE',  ( -2.705693989992689730, 1.605474323573089945, -0.8815594435386729932 ) ) ;
#4814 = CARTESIAN_POINT ( 'NONE',  ( 2.473516188011640082, 2.021733838396105210, 0.7500000000000000000 ) ) ;
#4815 = VECTOR ( 'NONE', #1753, 1000.000000000000000 ) ;
#4816 = ORIENTED_EDGE ( 'NONE', *, *, #3707, .F. ) ;
#4817 = ORIENTED_EDGE ( 'NONE', *, *, #1812, .F. ) ;
#4818 = DIRECTION ( 'NONE',  ( -1.000000000000000000, 0.000000000000000000, 0.000000000000000000 ) ) ;
#4819 = FACE_OUTER_BOUND ( 'NONE', #4618, .T. ) ;
#4820 = CARTESIAN_POINT ( 'NONE',  ( -1.396807910214827864, -0.5514309983454569464, 0.8127524926845010045 ) ) ;
#4821 = CARTESIAN_POINT ( 'NONE',  ( 2.308990344923125271, 2.202614228745645164, -1.704027443242009054 ) ) ;
#4822 = CARTESIAN_POINT ( 'NONE',  ( 2.218103180138069952, 1.483231665055404047, -1.618142553380224946 ) ) ;
#4823 = CARTESIAN_POINT ( 'NONE',  ( -2.750000000000000000, 0.2486807293000545260, 0.3772810775566839969 ) ) ;
#4824 = CARTESIAN_POINT ( 'NONE',  ( 1.749999999988505195, 1.305713610130923907, -1.750000000000000000 ) ) ;
#4825 = DIRECTION ( 'NONE',  ( 0.5144857049222548717, 0.8574989559356037683, 0.000000000000000000 ) ) ;
#4826 = CARTESIAN_POINT ( 'NONE',  ( -1.352798373028799572, -0.4123383319352679766, 1.138410470412210884 ) ) ;
#4827 = ORIENTED_EDGE ( 'NONE', *, *, #2675, .T. ) ;
#4828 = AXIS2_PLACEMENT_3D ( 'NONE', #3311, #4035, #3674 ) ;
#4829 = VERTEX_POINT ( 'NONE', #731 ) ;
#4830 = ADVANCED_FACE ( 'NONE', ( #3126 ), #4670, .T. ) ;
#4831 = CARTESIAN_POINT ( 'NONE',  ( 0.8290808706860134381, -0.2118458218448825703, -1.344438738174579262 ) ) ;
#4832 = CARTESIAN_POINT ( 'NONE',  ( 0.2653583034007780395, 2.989313432838190288, 0.3259829928775114793 ) ) ;
#4833 = CARTESIAN_POINT ( 'NONE',  ( -1.691431658835846452, -0.9077569678933919972, -0.3753111278981136611 ) ) ;
#4834 = B_SPLINE_SURFACE_WITH_KNOTS ( 'NONE', 3, 1, ( 
 ( #4994, #677 ),
 ( #1427, #1067 ),
 ( #3112, #1498 ),
 ( #4280, #1869 ) ),
 .UNSPECIFIED., .F., .F., .F.,
 ( 4, 4 ),
 ( 2, 2 ),
 ( 0.000000000000000000, 1.000000000000000000 ),
 ( 0.000000000000000000, 1.000000000000000000 ),
 .UNSPECIFIED. ) ;
#4835 = PRODUCT ( 'FG26X7S2A225KRT06', 'FG26X7S2A225KRT06', '', ( #516 ) ) ;
#4836 = CARTESIAN_POINT ( 'NONE',  ( -1.457008645922422074, -0.7823311822977619956, -0.02863575532958790096 ) ) ;
#4837 = ORIENTED_EDGE ( 'NONE', *, *, #2450, .F. ) ;
#4838 = CARTESIAN_POINT ( 'NONE',  ( -2.744173366476040155, 1.431918564652902015, 0.8811353443625969950 ) ) ;
#4839 = CARTESIAN_POINT ( 'NONE',  ( 1.666815240513474183, -0.9082300281336872505, -0.3659907571278600558 ) ) ;
#4840 = CARTESIAN_POINT ( 'NONE',  ( 1.476660092387360068, -0.6757483333137539461, 0.2439413294471350080 ) ) ;
#4841 = CARTESIAN_POINT ( 'NONE',  ( -2.015616060963126621, -1.133555156367541450, 0.2212834457416554268 ) ) ;
#4842 = CARTESIAN_POINT ( 'NONE',  ( -1.872513856747514804, 2.524511802675085015, 0.7130193092114509579 ) ) ;
#4843 = B_SPLINE_CURVE_WITH_KNOTS ( 'NONE', 3,
 ( #771, #1149, #535, #963, #4061, #4098, #1378, #2986, #2076, #997, #151, #1030, #2478, #2445, #115, #1801 ),
 .UNSPECIFIED., .F., .F.,
 ( 4, 2, 2, 2, 1, 1, 2, 2, 4 ),
 ( 0.000000000000000000, 0.2500000000000007772, 0.3750000000000018319, 0.4375000000000013323, 0.4687500000000000000, 0.4843749999999993894, 0.4921874999999988898, 0.4999999999999983347, 1.000000000000000000 ),
 .UNSPECIFIED. ) ;
#4844 = VECTOR ( 'NONE', #972, 1000.000000000000000 ) ;
#4845 = EDGE_CURVE ( 'NONE', #702, #2556, #1649, .T. ) ;
#4846 = FACE_OUTER_BOUND ( 'NONE', #2956, .T. ) ;
#4847 = CARTESIAN_POINT ( 'NONE',  ( -2.750000000000000000, 0.3765693166092849431, -0.5170000814692959912 ) ) ;
#4848 = ORIENTED_EDGE ( 'NONE', *, *, #1689, .T. ) ;
#4849 = CARTESIAN_POINT ( 'NONE',  ( 2.727499396552814481, 1.547512528842975854, -0.7500000000000000000 ) ) ;
#4850 = CARTESIAN_POINT ( 'NONE',  ( 2.750000000000000000, 0.5234470875649549493, 0.6627727555386859759 ) ) ;
#4851 = EDGE_CURVE ( 'NONE', #4771, #4590, #3961, .T. ) ;
#4852 = CARTESIAN_POINT ( 'NONE',  ( -0.9190793164647803604, 2.621783421818827176, -1.233566288961716939 ) ) ;
#4853 = FACE_OUTER_BOUND ( 'NONE', #2893, .T. ) ;
#4854 = DIRECTION ( 'NONE',  ( 0.000000000000000000, 0.000000000000000000, 1.000000000000000000 ) ) ;
#4855 = CARTESIAN_POINT ( 'NONE',  ( -1.717048961327380052, 1.365553041121364108, 1.750000000000000000 ) ) ;
#4856 = CARTESIAN_POINT ( 'NONE',  ( -2.617831599021640088, 1.312690732165272101, -1.251150674154344111 ) ) ;
#4857 = CARTESIAN_POINT ( 'NONE',  ( 1.195720548532274385, 2.818297194535188233, 0.5800339500147986271 ) ) ;
#4858 = CIRCLE ( 'NONE', #2800, 0.2500000000000000000 ) ;
#4859 = VERTEX_POINT ( 'NONE', #4138 ) ;
#4860 = CARTESIAN_POINT ( 'NONE',  ( 2.750000000000000000, 0.6148057690588040192, -0.7109410563166659314 ) ) ;
#4861 = DIRECTION ( 'NONE',  ( 0.000000000000000000, 0.000000000000000000, 1.000000000000000000 ) ) ;
#4862 = DIRECTION ( 'NONE',  ( 1.000000000000000000, 0.000000000000000000, 0.000000000000000000 ) ) ;
#4863 = CARTESIAN_POINT ( 'NONE',  ( -1.750000000000000000, -0.1115472750360179954, 1.436394771486592115 ) ) ;
#4864 = CARTESIAN_POINT ( 'NONE',  ( 2.749999999999989786, -0.6145464996400099578, -0.8887076280294536890 ) ) ;
#4865 = CARTESIAN_POINT ( 'NONE',  ( -2.096110719294866698, -1.107587201045739489, -0.03090287844451320570 ) ) ;
#4866 = CARTESIAN_POINT ( 'NONE',  ( -0.2503108091310364824, -0.2025185750451435063, -1.218438390504170021 ) ) ;
#4867 = EDGE_LOOP ( 'NONE', ( #3368, #4004, #1145, #4143 ) ) ;
#4868 = CIRCLE ( 'NONE', #4365, 0.2500000000000000000 ) ;
#4869 = CARTESIAN_POINT ( 'NONE',  ( -2.685062319797939523, 1.660316100149460183, -0.7500000000000000000 ) ) ;
#4870 = CARTESIAN_POINT ( 'NONE',  ( 1.439909311195080033, 1.856128512284554999, 1.698186143914745205 ) ) ;
#4871 = AXIS2_PLACEMENT_3D ( 'NONE', #2434, #2503, #1790 ) ;
#4872 = CARTESIAN_POINT ( 'NONE',  ( 1.146446609406723827, -1.446446609406723871, 0.000000000000000000 ) ) ;
#4873 = B_SPLINE_SURFACE_WITH_KNOTS ( 'NONE', 3, 1, ( 
 ( #174, #2579 ),
 ( #209, #3450 ),
 ( #595, #955 ),
 ( #1515, #1367 ) ),
 .UNSPECIFIED., .F., .F., .F.,
 ( 4, 4 ),
 ( 2, 2 ),
 ( 0.000000000000000000, 1.000000000000000000 ),
 ( 0.000000000000000000, 1.000000000000000000 ),
 .UNSPECIFIED. ) ;
#4874 = CARTESIAN_POINT ( 'NONE',  ( 2.584683281598420201, 1.865139287450814809, -0.7500000000000000000 ) ) ;
#4875 = ORIENTED_EDGE ( 'NONE', *, *, #5092, .T. ) ;
#4876 = CARTESIAN_POINT ( 'NONE',  ( -2.612740534728184905, 1.414490907885174176, 1.251377387146118014 ) ) ;
#4877 = CARTESIAN_POINT ( 'NONE',  ( 1.476747206972888415, -0.6904229985122475322, 0.2037054943676234187 ) ) ;
#4878 = CARTESIAN_POINT ( 'NONE',  ( 2.579091893684445136, 1.565701133085694918, 1.251734050961676115 ) ) ;
#4879 = CARTESIAN_POINT ( 'NONE',  ( 1.201506600066279074, 2.204814350557226188, -1.565068044330925945 ) ) ;
#4880 = CARTESIAN_POINT ( 'NONE',  ( -0.1732179110266429956, 3.000000000000000000, 0.1106908868642949989 ) ) ;
#4881 = CARTESIAN_POINT ( 'NONE',  ( -1.246516435614006379, 2.138230925819953665, 1.597173130351454695 ) ) ;
#4882 = CYLINDRICAL_SURFACE ( 'NONE', #4062, 0.2500000000000001110 ) ;
#4883 = CARTESIAN_POINT ( 'NONE',  ( -1.750000000000000000, -0.5689929831234030733, -0.9543846824249170302 ) ) ;
#4884 = ORIENTED_EDGE ( 'NONE', *, *, #1318, .T. ) ;
#4885 = CARTESIAN_POINT ( 'NONE',  ( -1.741630121403885179, -1.014162213809991941, -0.3137906052876785479 ) ) ;
#4886 = CARTESIAN_POINT ( 'NONE',  ( 1.773918152081110033, -1.099232406261691830, -5.981869387545050292E-15 ) ) ;
#4887 = CARTESIAN_POINT ( 'NONE',  ( 2.750000000000000000, 0.5456855641915819843, 0.6808483020524660478 ) ) ;
#4888 = CARTESIAN_POINT ( 'NONE',  ( -0.9278075193705855872, 2.610415333598161691, -1.246915378431085575 ) ) ;
#4889 = CIRCLE ( 'NONE', #4828, 0.2999999999999998779 ) ;
#4890 = CARTESIAN_POINT ( 'NONE',  ( -1.750000000000000000, -0.07291454520837080400, 1.496147290704068045 ) ) ;
#4891 = DIRECTION ( 'NONE',  ( 1.000000000000000000, 0.000000000000000000, 0.000000000000000000 ) ) ;
#4892 = CARTESIAN_POINT ( 'NONE',  ( -2.685062319797959951, 1.660316100149410001, -0.8815594435100040371 ) ) ;
#4893 = CARTESIAN_POINT ( 'NONE',  ( 0.2185706818742123303, 2.995458170034670076, 0.1356872551206591282 ) ) ;
#4894 = ORIENTED_EDGE ( 'NONE', *, *, #1628, .F. ) ;
#4895 = CARTESIAN_POINT ( 'NONE',  ( 1.860369705364644854, -0.9860637397938289972, -0.3225038609701295078 ) ) ;
#4896 = CARTESIAN_POINT ( 'NONE',  ( 1.893507236521648540, 2.517140516250442772, -1.535438331117018773 ) ) ;
#4897 = CARTESIAN_POINT ( 'NONE',  ( -2.749999999999996891, -0.8595458309031892563, 0.4508189379945249375 ) ) ;
#4898 = CARTESIAN_POINT ( 'NONE',  ( 1.749999999999845013, -0.9533549089492839856, -0.3479599546977700242 ) ) ;
#4899 = CARTESIAN_POINT ( 'NONE',  ( 1.588798083369464598, -0.9141206197448055182, -0.3715470528626365621 ) ) ;
#4900 = CARTESIAN_POINT ( 'NONE',  ( 0.1391087173543070210, -0.08045467751570249682, -1.460646816722990016 ) ) ;
#4901 = VERTEX_POINT ( 'NONE', #3307 ) ;
#4902 = B_SPLINE_CURVE_WITH_KNOTS ( 'NONE', 3,
 ( #2402, #2757, #2265, #3565 ),
 .UNSPECIFIED., .F., .F.,
 ( 4, 4 ),
 ( 0.000000000000000000, 1.000000000000000000 ),
 .UNSPECIFIED. ) ;
#4903 = EDGE_CURVE ( 'NONE', #1221, #1124, #2976, .T. ) ;
#4904 = CARTESIAN_POINT ( 'NONE',  ( 1.750000000000000000, 0.2091087352659155019, -1.629231373670154692 ) ) ;
#4905 = CARTESIAN_POINT ( 'NONE',  ( 2.750000000000060396, 0.8544592942362242427, 1.747680227945512588 ) ) ;
#4906 = CARTESIAN_POINT ( 'NONE',  ( -1.719113110709991732, -0.9070366075222899838, -0.3857874402832304761 ) ) ;
#4907 = CARTESIAN_POINT ( 'NONE',  ( -0.9063029941420245317, 2.900289375797212799, -0.7801628811629202076 ) ) ;
#4908 = DIRECTION ( 'NONE',  ( 0.000000000000000000, 0.000000000000000000, 1.000000000000000000 ) ) ;
#4909 = CIRCLE ( 'NONE', #966, 0.3000000000000000999 ) ;
#4910 = VERTEX_POINT ( 'NONE', #1702 ) ;
#4911 = CARTESIAN_POINT ( 'NONE',  ( 1.400914418953093321, -0.8879272823989483587, 0.3635006660405100676 ) ) ;
#4912 = CARTESIAN_POINT ( 'NONE',  ( 1.478788370778193473, 1.793585848934280413, -1.709189683608339561 ) ) ;
#4913 = CARTESIAN_POINT ( 'NONE',  ( -1.087296252651724915, 2.376828852953653204, 1.459760022968842330 ) ) ;
#4914 = CARTESIAN_POINT ( 'NONE',  ( 2.749999999999996891, -0.4620725777303156256, -1.084257853134898530 ) ) ;
#4915 = CARTESIAN_POINT ( 'NONE',  ( -2.750000000000000000, 0.4566935498550049877, -0.5994300956756529741 ) ) ;
#4916 = ORIENTED_EDGE ( 'NONE', *, *, #666, .T. ) ;
#4917 = CARTESIAN_POINT ( 'NONE',  ( 1.330980100649345133, 2.015166961926253109, 1.647944014011928582 ) ) ;
#4918 = CARTESIAN_POINT ( 'NONE',  ( 2.750000000000000000, -0.5011213312326560088, -0.5450932145654309169 ) ) ;
#4919 = CARTESIAN_POINT ( 'NONE',  ( -2.324699605690216053, 1.523649586512230814, -1.549549418313633353 ) ) ;
#4920 = CARTESIAN_POINT ( 'NONE',  ( 1.681467851183529927, -1.006790387558871958, 0.07447762968034989106 ) ) ;
#4921 = CARTESIAN_POINT ( 'NONE',  ( -1.706506262496150006, 1.379846210694653852, 1.750000000000000000 ) ) ;
#4922 = ADVANCED_FACE ( 'NONE', ( #4678 ), #1462, .T. ) ;
#4923 = CARTESIAN_POINT ( 'NONE',  ( -2.660249816630314790, 1.650906486244025029, -1.013281458190079753 ) ) ;
#4924 = CARTESIAN_POINT ( 'NONE',  ( 1.525882758779589787, -0.5101445300704938735, 1.028804879992004206 ) ) ;
#4925 = COLOUR_RGB ( '',0.7921568627450980005, 0.8196078431372548767, 0.9333333333333333481 ) ;
#4926 = EDGE_LOOP ( 'NONE', ( #2953, #489, #3863 ) ) ;
#4927 = CARTESIAN_POINT ( 'NONE',  ( 2.750000000000000000, 0.6722593254651050287, -0.7232781030558619317 ) ) ;
#4928 = CARTESIAN_POINT ( 'NONE',  ( 1.400914418953105534, -0.8879272823989717844, -0.3635006660405211698 ) ) ;
#4929 = CARTESIAN_POINT ( 'NONE',  ( 2.403366230662895120, 2.108691293849024539, -0.7499999613809249510 ) ) ;
#4930 = CARTESIAN_POINT ( 'NONE',  ( -2.750000000000000000, 0.1593725752020455078, 0.2269714044701844902 ) ) ;
#4931 =( NAMED_UNIT ( * ) PLANE_ANGLE_UNIT ( ) SI_UNIT ( $, .RADIAN. ) );
#4932 = CARTESIAN_POINT ( 'NONE',  ( 1.750000000000000000, -0.9185667535381150106, -0.3763592074118744524 ) ) ;
#4933 = CARTESIAN_POINT ( 'NONE',  ( -0.7967648489025976888, -0.3049660525928332144, 1.116195403005592501 ) ) ;
#4934 = VERTEX_POINT ( 'NONE', #4519 ) ;
#4935 = AXIS2_PLACEMENT_3D ( 'NONE', #3493, #1557, #4211 ) ;
#4936 =( BOUNDED_SURFACE ( )  B_SPLINE_SURFACE ( 3, 2, ( 
 ( #2264, #4763, #3158 ),
 ( #3825, #2661, #1142 ),
 ( #431, #3077, #4321 ),
 ( #5035, #5067, #795 ),
 ( #4373, #897, #2543 ),
 ( #1692, #4945, #3694 ),
 ( #465, #3625, #4803 ),
 ( #1662, #4089, #3228 ),
 ( #4840, #563, #2506 ),
 ( #142, #3295, #957 ),
 ( #1241, #3730, #4020 ),
 ( #2822, #1721, #3988 ),
 ( #4406, #80, #4125 ),
 ( #3595, #4911, #2437 ) ),
 .UNSPECIFIED., .F., .F., .F. ) 
 B_SPLINE_SURFACE_WITH_KNOTS ( ( 4, 2, 2, 2, 2, 2, 4 ),
 ( 3, 3 ),
 ( 0.001960654506550750173, 0.002100375278772664920, 0.002240096050994579667, 0.002519537595438410028, 0.002798979139882239956, 0.002938699912104160341, 0.003078420684326069884 ),
 ( 0.000000000000000000, 1.000000000000000000 ),
 .UNSPECIFIED. ) 
 GEOMETRIC_REPRESENTATION_ITEM ( )  RATIONAL_B_SPLINE_SURFACE ( (
 ( 1.000000000000000000, 0.9149918115556220366, 1.000000000000000000),
 ( 1.000000000000000000, 0.9092323102862660544, 1.000000000000000000),
 ( 1.000000000000000000, 0.9048726869173819853, 1.000000000000000000),
 ( 1.000000000000000000, 0.8917490712265849773, 1.000000000000000000),
 ( 1.000000000000000000, 0.8835555477073820940, 1.000000000000000000),
 ( 1.000000000000000000, 0.8559613658635639721, 1.000000000000000000),
 ( 1.000000000000000000, 0.8336304747925470382, 1.000000000000000000),
 ( 1.000000000000000000, 0.7784619660986898948, 1.000000000000000000),
 ( 1.000000000000000000, 0.7426798666282430350, 1.000000000000000000),
 ( 1.000000000000000000, 0.6906490077668019367, 1.000000000000000000),
 ( 1.000000000000000000, 0.6740129007320849741, 1.000000000000000000),
 ( 1.000000000000000000, 0.6506690799404910575, 1.000000000000000000),
 ( 1.000000000000000000, 0.6438473053655839884, 1.000000000000000000),
 ( 1.000000000000000000, 0.6434541551004410165, 1.000000000000000000) ) ) 
 REPRESENTATION_ITEM ( '' )  SURFACE ( )  );
#4937 = CARTESIAN_POINT ( 'NONE',  ( 2.749999999999996891, 0.4455700316677295159, -1.697921736881785160 ) ) ;
#4938 = DIRECTION ( 'NONE',  ( -0.6278770561785620430, -0.7783125351197569541, 0.000000000000000000 ) ) ;
#4939 = CARTESIAN_POINT ( 'NONE',  ( -1.764012923722004134, -0.8639898723722096996, -0.4433867979589913855 ) ) ;
#4940 = CARTESIAN_POINT ( 'NONE',  ( -1.252018256626880710, 2.803283348579209466, -1.107301063970836719 ) ) ;
#4941 = CARTESIAN_POINT ( 'NONE',  ( -1.812535957079619786, -1.135927216164721809, 1.530679359383375032E-12 ) ) ;
#4942 = CYLINDRICAL_SURFACE ( 'NONE', #3559, 0.2500000000000002220 ) ;
#4943 = VERTEX_POINT ( 'NONE', #1002 ) ;
#4944 = CARTESIAN_POINT ( 'NONE',  ( 1.476747206972888193, -0.7008349554924370173, 0.1754738090591245192 ) ) ;
#4945 = CARTESIAN_POINT ( 'NONE',  ( 1.535699116838984413, -0.7436677403883811266, 0.6589426278673486959 ) ) ;
#4946 = CARTESIAN_POINT ( 'NONE',  ( 1.366050532766834635, 1.962913625763105463, -1.665476597371490675 ) ) ;
#4947 = CARTESIAN_POINT ( 'NONE',  ( -0.9360444119507256300, 2.599718207523696645, 1.259622396681945755 ) ) ;
#4948 = CARTESIAN_POINT ( 'NONE',  ( 1.750000000000000000, -0.1329050821947548033, -1.417367975582177975 ) ) ;
#4949 = EDGE_CURVE ( 'NONE', #480, #852, #4978, .T. ) ;
#4950 = CARTESIAN_POINT ( 'NONE',  ( -2.749999999999989786, -0.4620725777303212878, -1.084257853134887206 ) ) ;
#4951 = ADVANCED_FACE ( 'NONE', ( #1568 ), #4942, .T. ) ;
#4952 = EDGE_LOOP ( 'NONE', ( #2562, #4220, #2446 ) ) ;
#4953 = CARTESIAN_POINT ( 'NONE',  ( 1.511042813458519207, 1.742437726860414759, 1.719113926321132135 ) ) ;
#4954 = AXIS2_PLACEMENT_3D ( 'NONE', #104, #890, #2062 ) ;
#4955 = CARTESIAN_POINT ( 'NONE',  ( 2.750000000000000000, -0.04022461109871479368, -0.1253815298501670117 ) ) ;
#4956 = CARTESIAN_POINT ( 'NONE',  ( -1.734723475976809855E-15, 3.000000000000000000, 0.000000000000000000 ) ) ;
#4957 = CARTESIAN_POINT ( 'NONE',  ( 1.285625261016099863, -0.1286214262305653833, -3.061616997868380553E-17 ) ) ;
#4958 = CARTESIAN_POINT ( 'NONE',  ( -2.642649572475924913, 1.759459277378335074, 0.7499999999999920064 ) ) ;
#4959 = CARTESIAN_POINT ( 'NONE',  ( -2.356253302958500218, 1.381972555929615876, -1.545273588823230071 ) ) ;
#4960 = CARTESIAN_POINT ( 'NONE',  ( 1.274262830394986556, 2.792351211691936896, 0.6019924582847553385 ) ) ;
#4961 = SURFACE_STYLE_FILL_AREA ( #3525 ) ;
#4962 = ORIENTED_EDGE ( 'NONE', *, *, #4145, .T. ) ;
#4963 = CARTESIAN_POINT ( 'NONE',  ( -1.825255616577855067, -1.136100230891750051, -0.06478964079501170481 ) ) ;
#4964 = CARTESIAN_POINT ( 'NONE',  ( 2.388125434602503372, 2.127581545203510061, 1.729596723148443260 ) ) ;
#4965 = CARTESIAN_POINT ( 'NONE',  ( 0.7678951801761940699, 2.788675122811219875, -0.9992194903357589642 ) ) ;
#4966 = ADVANCED_FACE ( 'NONE', ( #3267 ), #3245, .T. ) ;
#4967 = DIRECTION ( 'NONE',  ( 0.000000000000000000, -1.000000000000000000, 0.000000000000000000 ) ) ;
#4968 = B_SPLINE_CURVE_WITH_KNOTS ( 'NONE', 3,
 ( #2053, #514, #2805, #2157 ),
 .UNSPECIFIED., .F., .F.,
 ( 4, 4 ),
 ( -3.784021711333715254E-05, 0.0004028838069090170189 ),
 .UNSPECIFIED. ) ;
#4969 = CARTESIAN_POINT ( 'NONE',  ( 2.749999999999996891, -0.5287650426561585348, -1.006287614390995344 ) ) ;
#4970 = CARTESIAN_POINT ( 'NONE',  ( -1.457008645922424073, -0.7823311822977625507, 0.04994821908440964797 ) ) ;
#4971 = CARTESIAN_POINT ( 'NONE',  ( 1.525882758779589787, -0.5101445300704938735, 1.028804879992004206 ) ) ;
#4972 = ORIENTED_EDGE ( 'NONE', *, *, #2903, .T. ) ;
#4973 = AXIS2_PLACEMENT_3D ( 'NONE', #4224, #4159, #1478 ) ;
#4974 = CARTESIAN_POINT ( 'NONE',  ( 1.750000000000000000, 0.9681580816140089585, 1.750000000000000000 ) ) ;
#4975 = CARTESIAN_POINT ( 'NONE',  ( -1.473631783684278274, -0.7989543200596169736, -0.1611809753823150448 ) ) ;
#4976 = CARTESIAN_POINT ( 'NONE',  ( -1.655473505769287534, -0.6388537277122295910, -0.8491870465517825650 ) ) ;
#4977 = CARTESIAN_POINT ( 'NONE',  ( 1.706506262496140014, 1.379846210694669839, -1.750000000000000000 ) ) ;
#4978 = CIRCLE ( 'NONE', #4302, 0.2500000000000000000 ) ;
#4979 = ORIENTED_EDGE ( 'NONE', *, *, #4632, .T. ) ;
#4980 = CARTESIAN_POINT ( 'NONE',  ( 1.460940608992166378, -0.6269699968645592314, 0.4693474611640731653 ) ) ;
#4981 = CARTESIAN_POINT ( 'NONE',  ( 2.617831599021640088, 1.312690732165272101, 1.251150674154344111 ) ) ;
#4982 = CARTESIAN_POINT ( 'NONE',  ( 1.753953745714200041, -0.9012819388028878720, 0.3985361765034580728 ) ) ;
#4983 = CARTESIAN_POINT ( 'NONE',  ( -1.654957867384781123, 1.493336656641860216, 1.749999999999999778 ) ) ;
#4984 = CARTESIAN_POINT ( 'NONE',  ( -1.750000000000000000, -0.3976646605647845001, -1.154006343251398281 ) ) ;
#4985 = VERTEX_POINT ( 'NONE', #2484 ) ;
#4986 = CARTESIAN_POINT ( 'NONE',  ( 1.451946367919062730, 1.834788787175588576, 1.699959777827888097 ) ) ;
#4987 = CARTESIAN_POINT ( 'NONE',  ( 2.492783182182464863, 1.587398143210990042, -1.360991401754649832 ) ) ;
#4988 =( BOUNDED_SURFACE ( )  B_SPLINE_SURFACE ( 3, 2, ( 
 ( #3376, #2832, #969 ),
 ( #223, #2150, #4921 ),
 ( #577, #258, #4855 ),
 ( #4175, #3671, #1298 ),
 ( #4066, #156, #120 ),
 ( #1735, #1382, #2183 ),
 ( #4958, #4452, #2519 ),
 ( #2949, #3745, #3340 ),
 ( #2117, #609, #2596 ),
 ( #2993, #2449, #543 ),
 ( #4552, #4031, #3706 ),
 ( #940, #1253, #4992 ) ),
 .UNSPECIFIED., .F., .F., .F. ) 
 B_SPLINE_SURFACE_WITH_KNOTS ( ( 4, 2, 2, 2, 2, 4 ),
 ( 3, 3 ),
 ( 0.000000000000000000, 5.106313222873820140E-05, 7.659469834310729194E-05, 8.936048140029188803E-05, 9.574337292888420641E-05, 0.0001021262644574764028 ),
 ( 0.000000000000000000, 1.000000000000000000 ),
 .UNSPECIFIED. ) 
 GEOMETRIC_REPRESENTATION_ITEM ( )  RATIONAL_B_SPLINE_SURFACE ( (
 ( 1.000000000000000000, 0.7071067811865480168, 1.000000000000000000),
 ( 1.000000000000000000, 0.7071067811865480168, 1.000000000000000000),
 ( 1.000000000000000000, 0.7071067811865470176, 1.000000000000000000),
 ( 1.000000000000000000, 0.7071067811865470176, 1.000000000000000000),
 ( 1.000000000000000000, 0.7071067811865470176, 1.000000000000000000),
 ( 1.000000000000000000, 0.7071067811865470176, 1.000000000000000000),
 ( 1.000000000000000000, 0.7071067811865480168, 1.000000000000000000),
 ( 1.000000000000000000, 0.7071067811865480168, 1.000000000000000000),
 ( 1.000000000000000000, 0.7071067811865480168, 1.000000000000000000),
 ( 1.000000000000000000, 0.7071067811865480168, 1.000000000000000000),
 ( 1.000000000000000000, 0.7071067811865480168, 1.000000000000000000),
 ( 1.000000000000000000, 0.7071067811865480168, 1.000000000000000000) ) ) 
 REPRESENTATION_ITEM ( '' )  SURFACE ( )  );
#4989 = CARTESIAN_POINT ( 'NONE',  ( 2.749999999999989786, -0.5017693966406785444, 1.039083898642499060 ) ) ;
#4990 = CARTESIAN_POINT ( 'NONE',  ( -1.750000000000000000, 0.3057116412357614998, 1.662007891990364916 ) ) ;
#4991 = CARTESIAN_POINT ( 'NONE',  ( 1.595281596348010034, -0.9206041327233499549, 0.1570873764869089861 ) ) ;
#4992 = CARTESIAN_POINT ( 'NONE',  ( -1.750194208248410099, 1.305136138961562109, 1.750000000000000000 ) ) ;
#4993 = CARTESIAN_POINT ( 'NONE',  ( -2.070252609551115341, 1.346208964830633903, -1.698936035044829929 ) ) ;
#4994 = CARTESIAN_POINT ( 'NONE',  ( -1.715546096726584979, 3.000000000000000000, 1.880790961315660013E-34 ) ) ;
#4995 = LINE ( 'NONE', #2046, #1536 ) ;
#4996 = ADVANCED_FACE ( 'NONE', ( #5010 ), #4988, .T. ) ;
#4997 = EDGE_LOOP ( 'NONE', ( #4765, #883, #904 ) ) ;
#4998 = CARTESIAN_POINT ( 'NONE',  ( 1.146446609406723827, -1.446446609406723871, 0.000000000000000000 ) ) ;
#4999 = CARTESIAN_POINT ( 'NONE',  ( 1.031373881043964102, 2.462283035248820084, -1.395863024313461764 ) ) ;
#5000 = CARTESIAN_POINT ( 'NONE',  ( 1.717049107147450071, 1.365552836402064152, 1.750000000000000000 ) ) ;
#5001 = B_SPLINE_CURVE_WITH_KNOTS ( 'NONE', 3,
 ( #3061, #3425, #705, #2284, #2677, #282, #2385, #3843, #3905, #1156 ),
 .UNSPECIFIED., .F., .F.,
 ( 4, 2, 2, 2, 4 ),
 ( 0.000000000000000000, 0.2500000000000001665, 0.5000000000000001110, 0.7500000000000000000, 1.000000000000000000 ),
 .UNSPECIFIED. ) ;
#5002 = AXIS2_PLACEMENT_3D ( 'NONE', #3027, #3402, #711 ) ;
#5003 = CARTESIAN_POINT ( 'NONE',  ( 2.750000000000000000, -0.3446033122160160334, 0.4567003109614680145 ) ) ;
#5004 = CARTESIAN_POINT ( 'NONE',  ( 0.4696945988916217396, -0.1236668814568989555, 1.425157481385997960 ) ) ;
#5005 = EDGE_LOOP ( 'NONE', ( #1194, #727, #632, #1247 ) ) ;
#5006 = CARTESIAN_POINT ( 'NONE',  ( 2.750000000000000000, 1.313753328945229892, -5.000000000000000000 ) ) ;
#5007 = CARTESIAN_POINT ( 'NONE',  ( -1.735048497569773307, -0.9052869567726763433, -0.3914246295574702605 ) ) ;
#5008 = CARTESIAN_POINT ( 'NONE',  ( -1.668217181090167367, -0.6568256174670925596, -0.8187957905528694402 ) ) ;
#5009 = CARTESIAN_POINT ( 'NONE',  ( 2.660502445350940270, 1.720489697545755092, -0.7500000000000000000 ) ) ;
#5010 = FACE_OUTER_BOUND ( 'NONE', #3441, .T. ) ;
#5011 = ORIENTED_EDGE ( 'NONE', *, *, #4381, .T. ) ;
#5012 = CARTESIAN_POINT ( 'NONE',  ( -1.731206415309749946, 1.343520637053970068, -1.750000000000000000 ) ) ;
#5013 = CARTESIAN_POINT ( 'NONE',  ( 1.997270765080855215, 1.383214542900121913, 1.718132867596155133 ) ) ;
#5014 = CARTESIAN_POINT ( 'NONE',  ( 0.7967648489037479909, -0.3049660525931358057, -1.116195403005269871 ) ) ;
#5015 = EDGE_CURVE ( 'NONE', #4049, #1645, #4995, .T. ) ;
#5016 = CARTESIAN_POINT ( 'NONE',  ( 0.9696699141100919572, -1.269669914110088005, -3.061616997868380553E-17 ) ) ;
#5017 = PRESENTATION_LAYER_ASSIGNMENT (  '', '', ( #1218 ) ) ;
#5018 = AXIS2_PLACEMENT_3D ( 'NONE', #1793, #4471, #2068 ) ;
#5019 = EDGE_LOOP ( 'NONE', ( #2896, #4642, #3993, #3239 ) ) ;
#5020 = CARTESIAN_POINT ( 'NONE',  ( 1.416931902803389987, -0.9141344099998909289, -0.3712119959967898897 ) ) ;
#5021 = CARTESIAN_POINT ( 'NONE',  ( 2.561153460744139743, 1.613326099652250045, -1.251791602946519921 ) ) ;
#5022 = CARTESIAN_POINT ( 'NONE',  ( 1.749999999999765077, -0.9533549089492909800, 0.3479599546977669711 ) ) ;
#5023 = B_SPLINE_CURVE_WITH_KNOTS ( 'NONE', 3,
 ( #560, #3011, #1020, #4501, #2167, #626, #4976, #4571, #5008, #1481, #658, #2502, #2200 ),
 .UNSPECIFIED., .F., .F.,
 ( 4, 2, 2, 1, 2, 2, 4 ),
 ( 0.000000000000000000, 0.2500000000000011102, 0.3750000000000012768, 0.4375000000000012768, 0.4687500000000010547, 0.5000000000000008882, 1.000000000000000000 ),
 .UNSPECIFIED. ) ;
#5024 = CARTESIAN_POINT ( 'NONE',  ( -2.750000000000004441, 0.3057117345252937657, 1.662007570805037471 ) ) ;
#5025 = CARTESIAN_POINT ( 'NONE',  ( -2.750000000000000000, 0.2157921689171884982, -0.3306271746026089864 ) ) ;
#5026 = CARTESIAN_POINT ( 'NONE',  ( -2.193039244063839988, 1.334842998047562013, -1.648877732276245123 ) ) ;
#5027 = CARTESIAN_POINT ( 'NONE',  ( -2.146980728860994780, -2.522091362974585138, 0.000000000000000000 ) ) ;
#5028 = VERTEX_POINT ( 'NONE', #3635 ) ;
#5029 = CARTESIAN_POINT ( 'NONE',  ( 2.750000000000000000, 1.080205472464321970, 0.7500000000000000000 ) ) ;
#5030 = CARTESIAN_POINT ( 'NONE',  ( -1.773531391136474955, -0.9522987499603160488, 0.3515004888144624418 ) ) ;
#5031 = CARTESIAN_POINT ( 'NONE',  ( -1.739218462663584872E-15, 3.000000000000000000, 2.602085213965209853E-15 ) ) ;
#5032 = PRODUCT_DEFINITION_CONTEXT ( 'detailed design', #922, 'design' ) ;
#5033 = CARTESIAN_POINT ( 'NONE',  ( -2.749999999999996891, -0.9185667433083323230, 0.3763591993031940031 ) ) ;
#5034 = EDGE_CURVE ( 'NONE', #3746, #4566, #4342, .T. ) ;
#5035 = CARTESIAN_POINT ( 'NONE',  ( 1.426720902876929875, -0.5764343997994670898, 0.7194761433673679818 ) ) ;
#5036 = DIRECTION ( 'NONE',  ( 0.7071067811865515695, 0.7071067811865435759, 0.000000000000000000 ) ) ;
#5037 = DIRECTION ( 'NONE',  ( -0.7071067811865510144, 0.7071067811865440200, 0.000000000000000000 ) ) ;
#5038 = VERTEX_POINT ( 'NONE', #3880 ) ;
#5039 = CARTESIAN_POINT ( 'NONE',  ( -1.830680869562915092, -1.136120436312212156, -0.06430114619214828686 ) ) ;
#5040 = CARTESIAN_POINT ( 'NONE',  ( -1.494309372967066007, -0.8196319093424042634, -0.2207735873037263985 ) ) ;
#5041 = CARTESIAN_POINT ( 'NONE',  ( 1.750000000000000000, 0.2855203824665764611, -1.655810494447484960 ) ) ;
#5042 = CARTESIAN_POINT ( 'NONE',  ( -1.228046919485515920, 2.808173005710135062, -0.5897791743905339557 ) ) ;
#5043 = CARTESIAN_POINT ( 'NONE',  ( -1.815314433885375056, -1.135984253306989711, 0.02203540967838359815 ) ) ;
#5044 = ORIENTED_EDGE ( 'NONE', *, *, #2251, .F. ) ;
#5045 = CARTESIAN_POINT ( 'NONE',  ( 1.726662449632904162, -0.7538325150035767308, -0.6370494492892824212 ) ) ;
#5046 = CARTESIAN_POINT ( 'NONE',  ( 1.875169004263575134, 1.344963910047993982, 1.743519928539289943 ) ) ;
#5047 = DIRECTION ( 'NONE',  ( 0.000000000000000000, 0.000000000000000000, 1.000000000000000000 ) ) ;
#5048 = CARTESIAN_POINT ( 'NONE',  ( -0.1310832640416541017, -0.1944219138754126885, 1.370563848043178767 ) ) ;
#5049 = CARTESIAN_POINT ( 'NONE',  ( -1.507075619509018694, -0.6580077763265691493, -0.8207078801203814278 ) ) ;
#5050 = EDGE_CURVE ( 'NONE', #4749, #4486, #4909, .T. ) ;
#5051 = DIRECTION ( 'NONE',  ( 0.7652500153131938099, -0.4134036740454098968, 0.4934468728737808618 ) ) ;
#5052 = EDGE_LOOP ( 'NONE', ( #472, #3209, #2186, #4076, #1211 ) ) ;
#5053 = CARTESIAN_POINT ( 'NONE',  ( 1.479963529793421495, -0.6144561456487644957, -0.8938604125767383168 ) ) ;
#5054 = CARTESIAN_POINT ( 'NONE',  ( 2.705877931184559770, 1.604985349709225018, -0.7499999999394190153 ) ) ;
#5055 = CARTESIAN_POINT ( 'NONE',  ( 1.750000000000000000, -0.8595458257883030750, 0.4508189339401809659 ) ) ;
#5056 = EDGE_CURVE ( 'NONE', #504, #350, #3256, .T. ) ;
#5057 = CARTESIAN_POINT ( 'NONE',  ( -1.146446609406729822, -1.446446609406723871, 0.000000000000000000 ) ) ;
#5058 = CARTESIAN_POINT ( 'NONE',  ( -2.750000000000000000, 0.5131396056503100267, -0.6540433578363439304 ) ) ;
#5059 = CARTESIAN_POINT ( 'NONE',  ( -1.476806281990469705, -0.6991311759266172210, -0.1798801322401676894 ) ) ;
#5060 = CARTESIAN_POINT ( 'NONE',  ( 1.517709170700240140, -0.8430317070755820597, -0.2562738891372039474 ) ) ;
#5061 = EDGE_LOOP ( 'NONE', ( #70, #3045, #3492, #3804 ) ) ;
#5062 = CARTESIAN_POINT ( 'NONE',  ( -1.764012923614855177, -0.8639898711029843081, 0.4433867994620293573 ) ) ;
#5063 = CARTESIAN_POINT ( 'NONE',  ( -1.434149009422551968, -0.5848171487614469699, 0.6827729056362089599 ) ) ;
#5064 = CARTESIAN_POINT ( 'NONE',  ( -2.309125774315102575, 2.225511183617574495, 0.7500000000000002220 ) ) ;
#5065 = CARTESIAN_POINT ( 'NONE',  ( 2.666785755672447245, 1.706241279231768715, 1.749999999999998446 ) ) ;
#5066 = CARTESIAN_POINT ( 'NONE',  ( -1.722096198278786572, -0.9067436841457723329, 0.3868463041996119678 ) ) ;
#5067 = CARTESIAN_POINT ( 'NONE',  ( 1.507075619508976505, -0.6580077763265090862, 0.8207078801205097696 ) ) ;
#5068 = CARTESIAN_POINT ( 'NONE',  ( 0.7530762289443396762, 2.792992957946086818, -0.9782365493334959083 ) ) ;
#5069 = PLANE ( 'NONE',  #1798 ) ;
#5070 = CARTESIAN_POINT ( 'NONE',  ( 1.750000000000000000, -0.1874148412574009881, 1.367857459282302068 ) ) ;
#5071 = CARTESIAN_POINT ( 'NONE',  ( -2.750000000000000000, 0.5321683703066539817, -0.6702927007442799345 ) ) ;
#5072 = DIRECTION ( 'NONE',  ( 0.9558172740508310561, -0.2939614577219920033, 0.000000000000000000 ) ) ;
#5073 = CARTESIAN_POINT ( 'NONE',  ( -0.4535391449519508567, 2.975092697266373154, -0.2669161835467209754 ) ) ;
#5074 = CARTESIAN_POINT ( 'NONE',  ( -2.632176745688290076, 1.780062818312323492, -1.750000000000001554 ) ) ;
#5075 = CARTESIAN_POINT ( 'NONE',  ( 1.815171901016020106, 1.314072515766576021, 1.750000000000359934 ) ) ;
#5076 = CARTESIAN_POINT ( 'NONE',  ( -1.595281596348000042, -0.9206041327233430716, -0.1570873764869159805 ) ) ;
#5077 = AXIS2_PLACEMENT_3D ( 'NONE', #714, #2326, #1466 ) ;
#5078 = CARTESIAN_POINT ( 'NONE',  ( -0.6828492861265129665, -0.1683795300659249872, 1.386263293679725894 ) ) ;
#5079 = CARTESIAN_POINT ( 'NONE',  ( -1.711364701671290067, -0.7219365191442890239, -0.7032576983110540025 ) ) ;
#5080 = CARTESIAN_POINT ( 'NONE',  ( 2.749999999999996891, -0.3134905195313986703, -1.242407128161928220 ) ) ;
#5081 = CARTESIAN_POINT ( 'NONE',  ( -2.749999999999940492, -0.8388845665655816353, -0.4809308293680878421 ) ) ;
#5082 = AXIS2_PLACEMENT_3D ( 'NONE', #3584, #68, #3253 ) ;
#5083 = B_SPLINE_CURVE_WITH_KNOTS ( 'NONE', 3,
 ( #2346, #3803, #4539, #3055, #4231, #4982, #6, #245, #663, #1024, #1451, #1216, #4416, #4383, #29, #4353, #3272, #1982, #4451, #440, #3634, #2483, #1252 ),
 .UNSPECIFIED., .F., .F.,
 ( 4, 2, 2, 1, 2, 2, 2, 2, 2, 2, 2, 4 ),
 ( 0.000000000000000000, 0.03124999999999875100, 0.06249999999999750200, 0.09374999999999625300, 0.1093749999999955314, 0.1249999999999948097, 0.2499999999999930056, 0.3749999999999912292, 0.4374999999999912847, 0.4687499999999925060, 0.4999999999999937828, 1.000000000000000000 ),
 .UNSPECIFIED. ) ;
#5084 = CARTESIAN_POINT ( 'NONE',  ( 0.9440945601146756294, 2.588663944432523234, 1.271570364859745839 ) ) ;
#5085 = CARTESIAN_POINT ( 'NONE',  ( 2.498943051033009954, 1.399910788858996114, -1.410989789202337974 ) ) ;
#5086 = CARTESIAN_POINT ( 'NONE',  ( -1.815171901498760176, 1.314072511001193933, 1.750000000000365041 ) ) ;
#5087 = CARTESIAN_POINT ( 'NONE',  ( -2.750000000000000000, 0.6252854389745310382, 0.7135017892268159523 ) ) ;
#5088 = CARTESIAN_POINT ( 'NONE',  ( -1.749999999977009946, 1.305713610127001933, 1.750000000000000000 ) ) ;
#5089 = CARTESIAN_POINT ( 'NONE',  ( 1.815419161393494907, 1.310148905943385955, -1.750000000000755174 ) ) ;
#5090 = CARTESIAN_POINT ( 'NONE',  ( -1.749999999988505195, 1.305713610130921909, -1.750000000000000000 ) ) ;
#5091 = CARTESIAN_POINT ( 'NONE',  ( -1.810562036515694917, -1.135884572891040056, 0.000000000000000000 ) ) ;
#5092 = EDGE_CURVE ( 'NONE', #1267, #2039, #3291, .T. ) ;
#5093 = EDGE_CURVE ( 'NONE', #4700, #3746, #4387, .T. ) ;
#5094 = DIRECTION ( 'NONE',  ( -0.5144857049222549827, 0.8574989559356037683, 0.000000000000000000 ) ) ;
#5095 = CARTESIAN_POINT ( 'NONE',  ( -1.407990827262844080, -0.5596871820425470823, 0.7847438621723890062 ) ) ;
#5096 = EDGE_CURVE ( 'NONE', #1645, #4722, #3193, .T. ) ;
#5097 = CARTESIAN_POINT ( 'NONE',  ( 0.7277152206849339944, 2.935319345231300225, -0.4036391239605985337 ) ) ;
#5098 = CARTESIAN_POINT ( 'NONE',  ( 1.978495235161350285, -1.015263406517751266, -0.2791081209190939272 ) ) ;
#5099 = CARTESIAN_POINT ( 'NONE',  ( 2.750000000000000000, 0.09657276347158350038, 0.09894214681363611152 ) ) ;
#5100 = FILL_AREA_STYLE ('',( #4288 ) ) ;
#5101 = CARTESIAN_POINT ( 'NONE',  ( -1.692367070301644683, -1.017689606677140146, 0.2897586478533294430 ) ) ;
#5102 = CARTESIAN_POINT ( 'NONE',  ( -1.983925083526090205, 2.457480394576164962, 0.7255275397685040373 ) ) ;
#5103 = NEXT_ASSEMBLY_USAGE_OCCURRENCE ( 'NAUO1', ' ', ' ', #4658, #2500, $ ) ;
ENDSEC;
END-ISO-10303-21;
