ISO-10303-21;
HEADER;
FILE_DESCRIPTION (( 'STEP AP214' ),
    '1' );
FILE_NAME ('OSX10201-GYR1.STEP',
    '2023-03-04T22:39:54',
    ( '' ),
    ( '' ),
    'SwSTEP 2.0',
    'SolidWorks 2017',
    '' );
FILE_SCHEMA (( 'AUTOMOTIVE_DESIGN' ));
ENDSEC;

DATA;
#1 = EDGE_CURVE ( 'NONE', #3739, #6023, #122, .T. ) ;
#2 = ORIENTED_EDGE ( 'NONE', *, *, #4087, .F. ) ;
#3 = DIRECTION ( 'NONE',  ( 0.0000000000000000000, 0.0000000000000000000, -1.000000000000000000 ) ) ;
#4 = CIRCLE ( 'NONE', #3082, 0.2249999999999999500 ) ;
#5 = MECHANICAL_DESIGN_GEOMETRIC_PRESENTATION_REPRESENTATION (  '', ( #988 ), #219 ) ;
#6 = ADVANCED_FACE ( 'NONE', ( #2687 ), #5766, .T. ) ;
#7 = DIRECTION ( 'NONE',  ( 0.0000000000000000000, -0.0000000000000000000, 1.000000000000000000 ) ) ;
#8 = ORIENTED_EDGE ( 'NONE', *, *, #2973, .T. ) ;
#9 = AXIS2_PLACEMENT_3D ( 'NONE', #1723, #6192, #3253 ) ;
#10 = CARTESIAN_POINT ( 'NONE',  ( 2.500000000000004400, 7.900000000000000400, -10.56000000000000000 ) ) ;
#11 = DIRECTION ( 'NONE',  ( 0.0000000000000000000, 1.215986738798339900E-016, 1.000000000000000000 ) ) ;
#12 = LINE ( 'NONE', #2315, #3215 ) ;
#13 = EDGE_CURVE ( 'NONE', #5891, #3255, #1190, .T. ) ;
#14 = CARTESIAN_POINT ( 'NONE',  ( 3.630000000000239700, 1.100000000000001600, 11.43000000000000500 ) ) ;
#15 = ORIENTED_EDGE ( 'NONE', *, *, #4175, .T. ) ;
#16 = AXIS2_PLACEMENT_3D ( 'NONE', #732, #1280, #6191 ) ;
#17 = CIRCLE ( 'NONE', #5285, 0.2249999999999995100 ) ;
#18 = DIRECTION ( 'NONE',  ( 0.0000000000000000000, 1.000000000000000000, -1.215986738798339900E-016 ) ) ;
#19 = ORIENTED_EDGE ( 'NONE', *, *, #5017, .F. ) ;
#20 = DIRECTION ( 'NONE',  ( 1.000000000000000000, 0.0000000000000000000, 0.0000000000000000000 ) ) ;
#21 = DIRECTION ( 'NONE',  ( 0.0000000000000000000, 0.0000000000000000000, 1.000000000000000000 ) ) ;
#22 = ORIENTED_EDGE ( 'NONE', *, *, #3310, .F. ) ;
#23 = CARTESIAN_POINT ( 'NONE',  ( -3.629999999999786700, -6.200000000000000200, 9.115000000000003800 ) ) ;
#24 = LINE ( 'NONE', #2848, #563 ) ;
#25 = AXIS2_PLACEMENT_3D ( 'NONE', #6219, #4268, #4825 ) ;
#26 = ORIENTED_EDGE ( 'NONE', *, *, #2188, .T. ) ;
#27 = EDGE_LOOP ( 'NONE', ( #2715, #5288, #2740, #2086 ) ) ;
#28 = ADVANCED_FACE ( 'NONE', ( #2759 ), #6278, .F. ) ;
#29 = ORIENTED_EDGE ( 'NONE', *, *, #56, .F. ) ;
#30 = FILL_AREA_STYLE_COLOUR ( '', #2190 ) ;
#31 = FILL_AREA_STYLE ('',( #3509 ) ) ;
#32 = FACE_OUTER_BOUND ( 'NONE', #5022, .T. ) ;
#33 = VECTOR ( 'NONE', #5845, 1000.000000000000000 ) ;
#34 = DIRECTION ( 'NONE',  ( 0.0000000000000000000, 0.0000000000000000000, -1.000000000000000000 ) ) ;
#35 = DIRECTION ( 'NONE',  ( -0.0000000000000000000, 1.000000000000000000, -0.0000000000000000000 ) ) ;
#36 = SURFACE_SIDE_STYLE ('',( #4519 ) ) ;
#37 = ADVANCED_FACE ( 'NONE', ( #1745 ), #4984, .T. ) ;
#38 = DIRECTION ( 'NONE',  ( 0.0000000000000000000, 1.000000000000000000, -1.215986738798339900E-016 ) ) ;
#39 = FACE_OUTER_BOUND ( 'NONE', #4328, .T. ) ;
#40 = VERTEX_POINT ( 'NONE', #3892 ) ;
#41 = ADVANCED_FACE ( 'NONE', ( #3233 ), #1379, .F. ) ;
#42 = AXIS2_PLACEMENT_3D ( 'NONE', #2266, #2232, #5249 ) ;
#43 = VECTOR ( 'NONE', #1328, 1000.000000000000000 ) ;
#44 = CARTESIAN_POINT ( 'NONE',  ( -2.499999999999942700, 7.900000000000000400, -5.479999999999999500 ) ) ;
#45 = PLANE ( 'NONE',  #2806 ) ;
#46 =( GEOMETRIC_REPRESENTATION_CONTEXT ( 3 ) GLOBAL_UNCERTAINTY_ASSIGNED_CONTEXT ( ( #4425 ) ) GLOBAL_UNIT_ASSIGNED_CONTEXT ( ( #3966, #2024, #2497 ) ) REPRESENTATION_CONTEXT ( 'NONE', 'WORKASPACE' ) );
#47 = DIRECTION ( 'NONE',  ( 0.0000000000000000000, 1.000000000000000000, 0.0000000000000000000 ) ) ;
#48 = ORIENTED_EDGE ( 'NONE', *, *, #1456, .F. ) ;
#49 = ORIENTED_EDGE ( 'NONE', *, *, #4042, .T. ) ;
#50 = AXIS2_PLACEMENT_3D ( 'NONE', #4755, #734, #4220 ) ;
#51 = ORIENTED_EDGE ( 'NONE', *, *, #539, .F. ) ;
#52 = VECTOR ( 'NONE', #4783, 1000.000000000000000 ) ;
#53 = AXIS2_PLACEMENT_3D ( 'NONE', #5253, #4752, #2270 ) ;
#54 = EDGE_CURVE ( 'NONE', #3888, #366, #4426, .T. ) ;
#55 = CARTESIAN_POINT ( 'NONE',  ( -3.599999999999998800, 0.0000000000000000000, 11.65299103120981300 ) ) ;
#56 = EDGE_CURVE ( 'NONE', #1374, #1222, #4271, .T. ) ;
#57 = DIRECTION ( 'NONE',  ( -0.0000000000000000000, 1.000000000000000000, -0.0000000000000000000 ) ) ;
#58 = ORIENTED_EDGE ( 'NONE', *, *, #348, .T. ) ;
#59 = AXIS2_PLACEMENT_3D ( 'NONE', #5600, #617, #557 ) ;
#60 = PLANE ( 'NONE',  #2926 ) ;
#61 = ORIENTED_EDGE ( 'NONE', *, *, #6234, .T. ) ;
#62 = FACE_OUTER_BOUND ( 'NONE', #2336, .T. ) ;
#63 = CARTESIAN_POINT ( 'NONE',  ( 3.630000000000239700, 1.100000000000001600, 11.20500000000000500 ) ) ;
#64 = DIRECTION ( 'NONE',  ( 0.0000000000000000000, -1.000000000000000000, 0.0000000000000000000 ) ) ;
#65 = PLANE ( 'NONE',  #2109 ) ;
#66 = ADVANCED_FACE ( 'NONE', ( #1674 ), #4439, .F. ) ;
#67 = ORIENTED_EDGE ( 'NONE', *, *, #6460, .F. ) ;
#68 = PRESENTATION_STYLE_ASSIGNMENT (( #4240 ) ) ;
#69 = CARTESIAN_POINT ( 'NONE',  ( -4.399999999999992400, 7.900000000000000400, -12.75000000000000200 ) ) ;
#70 = CARTESIAN_POINT ( 'NONE',  ( 2.500000000000216300, 7.900000000000000400, 8.020000000000001400 ) ) ;
#71 = ORIENTED_EDGE ( 'NONE', *, *, #2155, .T. ) ;
#72 = DIRECTION ( 'NONE',  ( 4.984837574645996500E-016, 0.0000000000000000000, 1.000000000000000000 ) ) ;
#73 =( NAMED_UNIT ( * ) PLANE_ANGLE_UNIT ( ) SI_UNIT ( $, .RADIAN. ) );
#74 = DIRECTION ( 'NONE',  ( 0.0000000000000000000, 1.215986738798339900E-016, 1.000000000000000000 ) ) ;
#75 = ADVANCED_FACE ( 'NONE', ( #4505 ), #4483, .F. ) ;
#76 = VECTOR ( 'NONE', #1954, 1000.000000000000000 ) ;
#77 = VERTEX_POINT ( 'NONE', #5911 ) ;
#78 = CARTESIAN_POINT ( 'NONE',  ( 3.630000000000160200, 1.100000000000000800, 3.585000000000002600 ) ) ;
#79 = AXIS2_PLACEMENT_3D ( 'NONE', #6037, #5506, #4549 ) ;
#80 = DIRECTION ( 'NONE',  ( -1.000000000000000000, 0.0000000000000000000, 2.492418787322998300E-016 ) ) ;
#81 = ADVANCED_FACE ( 'NONE', ( #6284 ), #3806, .T. ) ;
#82 = ORIENTED_EDGE ( 'NONE', *, *, #4765, .F. ) ;
#83 = ORIENTED_EDGE ( 'NONE', *, *, #4209, .F. ) ;
#84 = CARTESIAN_POINT ( 'NONE',  ( -2.499999999999942700, 6.899999999999999500, -5.479999999999999500 ) ) ;
#85 = DIRECTION ( 'NONE',  ( 0.0000000000000000000, 0.0000000000000000000, 1.000000000000000000 ) ) ;
#86 = DIRECTION ( 'NONE',  ( -0.0000000000000000000, 1.000000000000000000, 0.0000000000000000000 ) ) ;
#87 = DIRECTION ( 'NONE',  ( 0.0000000000000000000, 1.000000000000000000, 0.0000000000000000000 ) ) ;
#88 = ORIENTED_EDGE ( 'NONE', *, *, #3621, .F. ) ;
#89 = VERTEX_POINT ( 'NONE', #2951 ) ;
#90 = COLOUR_RGB ( '',0.0000000000000000000, 0.7529411764705882200, 0.0000000000000000000 ) ;
#91 = MECHANICAL_DESIGN_GEOMETRIC_PRESENTATION_REPRESENTATION (  '', ( #571 ), #658 ) ;
#92 = ORIENTED_EDGE ( 'NONE', *, *, #4688, .F. ) ;
#93 = CARTESIAN_POINT ( 'NONE',  ( -2.499999999999836600, 6.900000000000000400, 4.679999999999999700 ) ) ;
#94 = DIRECTION ( 'NONE',  ( 0.0000000000000000000, 1.000000000000000000, 0.0000000000000000000 ) ) ;
#95 = VECTOR ( 'NONE', #4346, 1000.000000000000000 ) ;
#96 = EDGE_CURVE ( 'NONE', #2019, #5233, #4110, .T. ) ;
#97 = EDGE_CURVE ( 'NONE', #220, #1260, #3315, .T. ) ;
#98 = ORIENTED_EDGE ( 'NONE', *, *, #189, .T. ) ;
#99 = CARTESIAN_POINT ( 'NONE',  ( -3.629999999999999400, 1.736396103067893400, -11.65499999999999800 ) ) ;
#100 = DIRECTION ( 'NONE',  ( -2.492418787322998300E-016, 0.0000000000000000000, -1.000000000000000000 ) ) ;
#101 = FACE_OUTER_BOUND ( 'NONE', #6261, .T. ) ;
#102 = CARTESIAN_POINT ( 'NONE',  ( -2.499999999999756600, 7.900000000000000400, 12.30000000000000200 ) ) ;
#103 = VERTEX_POINT ( 'NONE', #1422 ) ;
#104 = DIRECTION ( 'NONE',  ( 0.0000000000000000000, 1.000000000000000000, 0.0000000000000000000 ) ) ;
#105 = EDGE_CURVE ( 'NONE', #3282, #2273, #804, .T. ) ;
#106 = CARTESIAN_POINT ( 'NONE',  ( -2.499999999999917000, -20.30459520007603700, -4.679999999999999700 ) ) ;
#107 = ADVANCED_FACE ( 'NONE', ( #1901 ), #904, .F. ) ;
#108 = ORIENTED_EDGE ( 'NONE', *, *, #56, .T. ) ;
#109 = ORIENTED_EDGE ( 'NONE', *, *, #2932, .F. ) ;
#110 = VECTOR ( 'NONE', #1879, 1000.000000000000000 ) ;
#111 =( NAMED_UNIT ( * ) SI_UNIT ( $, .STERADIAN. ) SOLID_ANGLE_UNIT ( ) );
#112 = DIRECTION ( 'NONE',  ( -1.000000000000000000, 0.0000000000000000000, -0.0000000000000000000 ) ) ;
#113 = DIRECTION ( 'NONE',  ( -4.984837574645996500E-016, 0.0000000000000000000, -1.000000000000000000 ) ) ;
#114 = AXIS2_PLACEMENT_3D ( 'NONE', #4204, #2165, #132 ) ;
#115 = LINE ( 'NONE', #4575, #5370 ) ;
#116 = DIRECTION ( 'NONE',  ( 0.0000000000000000000, -1.000000000000000000, 0.0000000000000000000 ) ) ;
#117 = FILL_AREA_STYLE ('',( #4623 ) ) ;
#118 = LINE ( 'NONE', #2788, #5298 ) ;
#119 = CARTESIAN_POINT ( 'NONE',  ( 2.500000000000242900, 6.900000000000000400, 10.56000000000000200 ) ) ;
#120 = LINE ( 'NONE', #5839, #1839 ) ;
#121 = LINE ( 'NONE', #1338, #4829 ) ;
#122 = LINE ( 'NONE', #810, #2529 ) ;
#123 = DIRECTION ( 'NONE',  ( 0.0000000000000000000, -0.0000000000000000000, 1.000000000000000000 ) ) ;
#124 = CARTESIAN_POINT ( 'NONE',  ( -4.358578643762681900, 6.900000000000000400, -12.65000000000000200 ) ) ;
#125 = MANIFOLD_SOLID_BREP ( 'Boss-Extrude2', #1242 ) ;
#126 = LINE ( 'NONE', #164, #5978 ) ;
#127 = VERTEX_POINT ( 'NONE', #1866 ) ;
#128 = EDGE_CURVE ( 'NONE', #825, #1505, #1270, .T. ) ;
#129 = CARTESIAN_POINT ( 'NONE',  ( -2.499999999999757100, 7.900000000000000400, 10.56000000000000200 ) ) ;
#130 = PLANE ( 'NONE',  #4538 ) ;
#131 =( BOUNDED_CURVE ( )  B_SPLINE_CURVE ( 3, ( #1581, #2665, #1627, #593 ),
 .UNSPECIFIED., .F., .F. ) 
 B_SPLINE_CURVE_WITH_KNOTS ( ( 4, 4 ),
 ( 1.704527916205920100, 4.136909984906857600 ),
 .UNSPECIFIED. ) 
 CURVE ( )  GEOMETRIC_REPRESENTATION_ITEM ( )  RATIONAL_B_SPLINE_CURVE ( ( 1.000000000000000000, 0.5648134946770304600, 0.5648134946770304600, 1.000000000000000000 ) ) 
 REPRESENTATION_ITEM ( '' )  );
#132 = DIRECTION ( 'NONE',  ( -4.984837574645996500E-016, 0.0000000000000000000, -1.000000000000000000 ) ) ;
#133 = LINE ( 'NONE', #5973, #5310 ) ;
#134 = SURFACE_SIDE_STYLE ('',( #6303 ) ) ;
#135 = ORIENTED_EDGE ( 'NONE', *, *, #2472, .T. ) ;
#136 = ADVANCED_FACE ( 'NONE', ( #4828 ), #1969, .T. ) ;
#137 = DIRECTION ( 'NONE',  ( 0.0000000000000000000, 1.215986738798339900E-016, 1.000000000000000000 ) ) ;
#138 = ORIENTED_EDGE ( 'NONE', *, *, #4256, .F. ) ;
#139 = ORIENTED_EDGE ( 'NONE', *, *, #5012, .T. ) ;
#140 = LINE ( 'NONE', #6311, #5319 ) ;
#141 = EDGE_CURVE ( 'NONE', #1690, #6213, #4676, .T. ) ;
#142 = DIRECTION ( 'NONE',  ( 0.0000000000000000000, 0.0000000000000000000, 1.000000000000000000 ) ) ;
#143 = AXIS2_PLACEMENT_3D ( 'NONE', #1810, #6293, #4858 ) ;
#144 = DIRECTION ( 'NONE',  ( 0.0000000000000000000, 1.000000000000000000, -1.215986738798339900E-016 ) ) ;
#145 = DIRECTION ( 'NONE',  ( -4.984837574645996500E-016, 0.0000000000000000000, -1.000000000000000000 ) ) ;
#146 = FACE_OUTER_BOUND ( 'NONE', #4167, .T. ) ;
#147 = DIRECTION ( 'NONE',  ( 1.000000000000000000, 0.0000000000000000000, -4.984837574645996500E-016 ) ) ;
#148 = ORIENTED_EDGE ( 'NONE', *, *, #5789, .F. ) ;
#149 = DIRECTION ( 'NONE',  ( 2.492418787322998300E-016, -0.0000000000000000000, 1.000000000000000000 ) ) ;
#150 = DIRECTION ( 'NONE',  ( 2.492418787322998300E-016, 0.0000000000000000000, 1.000000000000000000 ) ) ;
#151 = ORIENTED_EDGE ( 'NONE', *, *, #1163, .T. ) ;
#152 = CLOSED_SHELL ( 'NONE', ( #2106, #4069, #4532, #2023, #4013, #2377 ) ) ;
#153 = VECTOR ( 'NONE', #4234, 1000.000000000000000 ) ;
#154 = DIRECTION ( 'NONE',  ( 0.7071067811865475700, 0.0000000000000000000, 0.7071067811865475700 ) ) ;
#155 = LINE ( 'NONE', #3208, #5334 ) ;
#156 =( LENGTH_UNIT ( ) NAMED_UNIT ( * ) SI_UNIT ( .MILLI., .METRE. ) );
#157 = ORIENTED_EDGE ( 'NONE', *, *, #2187, .T. ) ;
#158 = DIRECTION ( 'NONE',  ( 0.0000000000000000000, 0.0000000000000000000, 1.000000000000000000 ) ) ;
#159 =( NAMED_UNIT ( * ) SI_UNIT ( $, .STERADIAN. ) SOLID_ANGLE_UNIT ( ) );
#160 = ORIENTED_EDGE ( 'NONE', *, *, #2753, .F. ) ;
#161 = VERTEX_POINT ( 'NONE', #5399 ) ;
#162 = PLANE ( 'NONE',  #2835 ) ;
#163 = LINE ( 'NONE', #4174, #5342 ) ;
#164 = CARTESIAN_POINT ( 'NONE',  ( 2.500000000000057700, 7.900000000000000400, -5.479999999999999500 ) ) ;
#165 = ADVANCED_FACE ( 'NONE', ( #6448 ), #726, .T. ) ;
#166 = CARTESIAN_POINT ( 'NONE',  ( 3.630000000000239700, -6.200000000000000200, 11.20500000000000500 ) ) ;
#167 = VERTEX_POINT ( 'NONE', #3018 ) ;
#168 = VERTEX_POINT ( 'NONE', #5018 ) ;
#169 = PRODUCT_DEFINITION_FORMATION_WITH_SPECIFIED_SOURCE ( 'ANY', '', #3566, .NOT_KNOWN. ) ;
#170 = VECTOR ( 'NONE', #4306, 1000.000000000000000 ) ;
#171 = FACE_OUTER_BOUND ( 'NONE', #3351, .T. ) ;
#172 = CARTESIAN_POINT ( 'NONE',  ( 5.100000000000000500, 1.099999999999999000, -9.807856876076018100 ) ) ;
#173 = CARTESIAN_POINT ( 'NONE',  ( -2.499999999999783300, 6.900000000000000400, 9.760000000000001600 ) ) ;
#174 = ORIENTED_EDGE ( 'NONE', *, *, #301, .F. ) ;
#175 = EDGE_CURVE ( 'NONE', #3405, #932, #5822, .T. ) ;
#176 = EDGE_CURVE ( 'NONE', #5099, #669, #2152, .T. ) ;
#177 = EDGE_CURVE ( 'NONE', #2159, #6422, #115, .T. ) ;
#178 = VERTEX_POINT ( 'NONE', #1465 ) ;
#179 = ORIENTED_EDGE ( 'NONE', *, *, #4372, .T. ) ;
#180 = ORIENTED_EDGE ( 'NONE', *, *, #6495, .T. ) ;
#181 = AXIS2_PLACEMENT_3D ( 'NONE', #3622, #5050, #6111 ) ;
#182 = PLANE ( 'NONE',  #4574 ) ;
#183 = FACE_OUTER_BOUND ( 'NONE', #2450, .T. ) ;
#184 = CARTESIAN_POINT ( 'NONE',  ( 3.630000000000080300, 1.099999999999999900, -3.809999999999997400 ) ) ;
#185 = ORIENTED_EDGE ( 'NONE', *, *, #1767, .F. ) ;
#186 = DIRECTION ( 'NONE',  ( 0.0000000000000000000, 1.000000000000000000, 0.0000000000000000000 ) ) ;
#187 = ORIENTED_EDGE ( 'NONE', *, *, #383, .T. ) ;
#188 = ORIENTED_EDGE ( 'NONE', *, *, #225, .T. ) ;
#189 = EDGE_CURVE ( 'NONE', #1535, #1821, #4594, .T. ) ;
#190 = DIRECTION ( 'NONE',  ( -0.0000000000000000000, 1.000000000000000000, -0.0000000000000000000 ) ) ;
#191 = FACE_OUTER_BOUND ( 'NONE', #2990, .T. ) ;
#192 = LINE ( 'NONE', #6102, #4116 ) ;
#193 = COLOUR_RGB ( '',0.0000000000000000000, 0.7529411764705882200, 0.0000000000000000000 ) ;
#194 =( LENGTH_UNIT ( ) NAMED_UNIT ( * ) SI_UNIT ( .MILLI., .METRE. ) );
#195 = CARTESIAN_POINT ( 'NONE',  ( 3.630000000000160200, -6.200000000000000200, 4.035000000000001900 ) ) ;
#196 = EDGE_LOOP ( 'NONE', ( #6470, #2816 ) ) ;
#197 = AXIS2_PLACEMENT_3D ( 'NONE', #5097, #87, #2098 ) ;
#198 = CIRCLE ( 'NONE', #1670, 0.2249999999999995100 ) ;
#200 = CARTESIAN_POINT ( 'NONE',  ( -3.629999999999999400, -6.200000000000000200, -11.65499999999999800 ) ) ;
#199 = CIRCLE ( 'NONE', #4832, 0.2249999999999999500 ) ;
#201 = VERTEX_POINT ( 'NONE', #1047 ) ;
#202 = DIRECTION ( 'NONE',  ( 0.0000000000000000000, 1.000000000000000000, 0.0000000000000000000 ) ) ;
#203 = DIRECTION ( 'NONE',  ( 0.0000000000000000000, -1.000000000000000000, 0.0000000000000000000 ) ) ;
#204 = DIRECTION ( 'NONE',  ( 0.0000000000000000000, 0.0000000000000000000, 1.000000000000000000 ) ) ;
#205 = UNCERTAINTY_MEASURE_WITH_UNIT (LENGTH_MEASURE( 1.000000000000000100E-005 ), #6055, 'distance_accuracy_value', 'NONE');
#206 = CARTESIAN_POINT ( 'NONE',  ( 5.100000000000000500, 1.099999999999999000, -9.807856876076018100 ) ) ;
#207 = LINE ( 'NONE', #5486, #5764 ) ;
#208 = ORIENTED_EDGE ( 'NONE', *, *, #5871, .F. ) ;
#209 = COLOUR_RGB ( '',0.7921568627450980000, 0.8196078431372548800, 0.9333333333333333500 ) ;
#210 = SURFACE_STYLE_USAGE ( .BOTH. , #5780 ) ;
#211 = DIRECTION ( 'NONE',  ( 0.0000000000000000000, 0.0000000000000000000, 1.000000000000000000 ) ) ;
#212 = VERTEX_POINT ( 'NONE', #6480 ) ;
#213 = ORIENTED_EDGE ( 'NONE', *, *, #706, .T. ) ;
#214 = CIRCLE ( 'NONE', #3714, 0.2249999999999995100 ) ;
#215 = EDGE_CURVE ( 'NONE', #3162, #1647, #4190, .T. ) ;
#216 = EDGE_CURVE ( 'NONE', #5663, #5453, #5969, .T. ) ;
#217 = EDGE_CURVE ( 'NONE', #1541, #3374, #575, .T. ) ;
#218 = PLANE ( 'NONE',  #114 ) ;
#219 =( GEOMETRIC_REPRESENTATION_CONTEXT ( 3 ) GLOBAL_UNCERTAINTY_ASSIGNED_CONTEXT ( ( #1274 ) ) GLOBAL_UNIT_ASSIGNED_CONTEXT ( ( #3053, #73, #4076 ) ) REPRESENTATION_CONTEXT ( 'NONE', 'WORKASPACE' ) );
#220 = VERTEX_POINT ( 'NONE', #4038 ) ;
#221 = FACE_OUTER_BOUND ( 'NONE', #3259, .T. ) ;
#222 = DIRECTION ( 'NONE',  ( 0.0000000000000000000, 1.215986738798339900E-016, 1.000000000000000000 ) ) ;
#223 = DIRECTION ( 'NONE',  ( 0.0000000000000000000, 1.000000000000000000, 0.0000000000000000000 ) ) ;
#224 = CARTESIAN_POINT ( 'NONE',  ( 5.100000000000000500, 2.779948234064492300E-015, 11.35000000000000100 ) ) ;
#225 = EDGE_CURVE ( 'NONE', #2440, #2736, #2994, .T. ) ;
#226 = DIRECTION ( 'NONE',  ( -0.0000000000000000000, 1.000000000000000000, -0.0000000000000000000 ) ) ;
#227 = VECTOR ( 'NONE', #4536, 1000.000000000000000 ) ;
#228 = VERTEX_POINT ( 'NONE', #3510 ) ;
#229 = DIRECTION ( 'NONE',  ( 0.0000000000000000000, 0.0000000000000000000, 1.000000000000000000 ) ) ;
#230 = FILL_AREA_STYLE ('',( #2704 ) ) ;
#231 = DIRECTION ( 'NONE',  ( 0.0000000000000000000, 1.000000000000000000, 0.0000000000000000000 ) ) ;
#232 = LINE ( 'NONE', #2852, #911 ) ;
#233 = ORIENTED_EDGE ( 'NONE', *, *, #1846, .F. ) ;
#234 = DIRECTION ( 'NONE',  ( 0.0000000000000000000, 1.000000000000000000, -1.215986738798339900E-016 ) ) ;
#235 = SURFACE_STYLE_FILL_AREA ( #4462 ) ;
#236 = ORIENTED_EDGE ( 'NONE', *, *, #3184, .F. ) ;
#237 = ORIENTED_EDGE ( 'NONE', *, *, #3958, .T. ) ;
#238 = COLOUR_RGB ( '',0.0000000000000000000, 0.7529411764705882200, 0.0000000000000000000 ) ;
#239 = FACE_OUTER_BOUND ( 'NONE', #2856, .T. ) ;
#240 = ORIENTED_EDGE ( 'NONE', *, *, #6321, .F. ) ;
#241 = EDGE_LOOP ( 'NONE', ( #4445, #3064, #629, #3610 ) ) ;
#242 = CARTESIAN_POINT ( 'NONE',  ( -3.629999999999840000, -6.200000000000000200, 3.810000000000002700 ) ) ;
#243 = ORIENTED_EDGE ( 'NONE', *, *, #2459, .T. ) ;
#244 = LINE ( 'NONE', #3199, #920 ) ;
#245 = DIRECTION ( 'NONE',  ( -4.984837574645996500E-016, 0.0000000000000000000, -1.000000000000000000 ) ) ;
#246 = VECTOR ( 'NONE', #737, 1000.000000000000000 ) ;
#247 = AXIS2_PLACEMENT_3D ( 'NONE', #3392, #6360, #3370 ) ;
#248 = DIRECTION ( 'NONE',  ( 0.0000000000000000000, 0.0000000000000000000, 1.000000000000000000 ) ) ;
#249 = CARTESIAN_POINT ( 'NONE',  ( -4.999999999999992900, 6.899999999999999500, -12.00857864376269100 ) ) ;
#250 = CARTESIAN_POINT ( 'NONE',  ( 3.630000000000106900, -6.200000000000000200, -1.269999999999996900 ) ) ;
#251 = ORIENTED_EDGE ( 'NONE', *, *, #2606, .T. ) ;
#252 =( LENGTH_UNIT ( ) NAMED_UNIT ( * ) SI_UNIT ( .MILLI., .METRE. ) );
#253 = DIRECTION ( 'NONE',  ( 0.0000000000000000000, 1.000000000000000000, 0.0000000000000000000 ) ) ;
#254 = LINE ( 'NONE', #4916, #1330 ) ;
#255 = MECHANICAL_DESIGN_GEOMETRIC_PRESENTATION_REPRESENTATION (  '', ( #6198 ), #5976 ) ;
#256 = CARTESIAN_POINT ( 'NONE',  ( -2.499999999999837000, 7.900000000000000400, 2.939999999999999900 ) ) ;
#257 = ORIENTED_EDGE ( 'NONE', *, *, #840, .F. ) ;
#258 = STYLED_ITEM ( 'NONE', ( #68 ), #1753 ) ;
#259 = VECTOR ( 'NONE', #282, 1000.000000000000000 ) ;
#260 = CARTESIAN_POINT ( 'NONE',  ( -2.499999999999810400, 6.900000000000000400, 5.480000000000000400 ) ) ;
#261 = VERTEX_POINT ( 'NONE', #84 ) ;
#262 = EDGE_LOOP ( 'NONE', ( #4817, #135, #5644, #2405 ) ) ;
#263 = ORIENTED_EDGE ( 'NONE', *, *, #663, .T. ) ;
#264 = EDGE_CURVE ( 'NONE', #6289, #5128, #5673, .T. ) ;
#265 = EDGE_CURVE ( 'NONE', #4948, #639, #347, .T. ) ;
#266 = LINE ( 'NONE', #4952, #6358 ) ;
#267 = CIRCLE ( 'NONE', #5947, 0.2249999999999999500 ) ;
#268 = CARTESIAN_POINT ( 'NONE',  ( -2.499999999999863200, 6.900000000000000400, 2.140000000000001500 ) ) ;
#269 = DIRECTION ( 'NONE',  ( 0.0000000000000000000, 1.000000000000000000, -1.215986738798339900E-016 ) ) ;
#270 = AXIS2_PLACEMENT_3D ( 'NONE', #3488, #1948, #506 ) ;
#271 = CARTESIAN_POINT ( 'NONE',  ( -2.499999999999863200, 7.900000000000000400, 2.140000000000001500 ) ) ;
#272 = CARTESIAN_POINT ( 'NONE',  ( -2.499999999999890300, 6.900000000000000400, -2.139999999999999700 ) ) ;
#273 = VECTOR ( 'NONE', #882, 1000.000000000000000 ) ;
#274 = LINE ( 'NONE', #1147, #949 ) ;
#275 = DIRECTION ( 'NONE',  ( -0.0000000000000000000, -0.0000000000000000000, 1.000000000000000000 ) ) ;
#276 = CARTESIAN_POINT ( 'NONE',  ( 2.500000000000189600, 7.900000000000000400, 5.480000000000000400 ) ) ;
#277 = LINE ( 'NONE', #3863, #2760 ) ;
#278 = VECTOR ( 'NONE', #4636, 1000.000000000000000 ) ;
#279 = ORIENTED_EDGE ( 'NONE', *, *, #3994, .F. ) ;
#280 = COLOUR_RGB ( '',0.7921568627450980000, 0.8196078431372548800, 0.9333333333333333500 ) ;
#281 =( LENGTH_UNIT ( ) NAMED_UNIT ( * ) SI_UNIT ( .MILLI., .METRE. ) );
#282 = DIRECTION ( 'NONE',  ( 0.0000000000000000000, 1.000000000000000000, 0.0000000000000000000 ) ) ;
#283 = VERTEX_POINT ( 'NONE', #5200 ) ;
#284 = CYLINDRICAL_SURFACE ( 'NONE', #2680, 0.2249999999999999500 ) ;
#285 = AXIS2_PLACEMENT_3D ( 'NONE', #6124, #5628, #3122 ) ;
#286 = PLANE ( 'NONE',  #6354 ) ;
#287 = CARTESIAN_POINT ( 'NONE',  ( -2.499999999999917000, 6.900000000000000400, -4.679999999999999700 ) ) ;
#288 = ORIENTED_EDGE ( 'NONE', *, *, #4493, .T. ) ;
#289 = DIRECTION ( 'NONE',  ( 1.000000000000000000, 0.0000000000000000000, 0.0000000000000000000 ) ) ;
#290 = EDGE_LOOP ( 'NONE', ( #888, #4338, #613, #4671 ) ) ;
#291 = CIRCLE ( 'NONE', #6034, 0.2249999999999995100 ) ;
#292 = CARTESIAN_POINT ( 'NONE',  ( 3.630000000000000300, 0.1034274948450667300, -11.20499999999999800 ) ) ;
#293 = CARTESIAN_POINT ( 'NONE',  ( 5.100000000000000500, 1.099999999999999000, -9.807856876076018100 ) ) ;
#294 = PLANE ( 'NONE',  #3631 ) ;
#295 = DIRECTION ( 'NONE',  ( 0.0000000000000000000, -0.0000000000000000000, 1.000000000000000000 ) ) ;
#296 = VERTEX_POINT ( 'NONE', #503 ) ;
#297 = CARTESIAN_POINT ( 'NONE',  ( -2.499999999999783300, 7.900000000000000400, 9.760000000000001600 ) ) ;
#298 = EDGE_LOOP ( 'NONE', ( #5689, #1664, #5772, #4733, #1444 ) ) ;
#299 = LINE ( 'NONE', #4531, #5314 ) ;
#300 = CARTESIAN_POINT ( 'NONE',  ( 2.500000000000163900, 6.900000000000000400, 4.679999999999999700 ) ) ;
#301 = EDGE_CURVE ( 'NONE', #5242, #5054, #274, .T. ) ;
#302 = EDGE_CURVE ( 'NONE', #1499, #1287, #192, .T. ) ;
#303 = LINE ( 'NONE', #5094, #3026 ) ;
#304 = EDGE_CURVE ( 'NONE', #3118, #2729, #4027, .T. ) ;
#305 = CARTESIAN_POINT ( 'NONE',  ( 3.599999999999998800, 0.0000000000000000000, -12.75000000000000200 ) ) ;
#306 = CARTESIAN_POINT ( 'NONE',  ( 2.500000000000137700, 7.900000000000000400, 2.140000000000001500 ) ) ;
#307 = AXIS2_PLACEMENT_3D ( 'NONE', #2034, #3097, #113 ) ;
#308 = ORIENTED_EDGE ( 'NONE', *, *, #1963, .T. ) ;
#309 = COLOUR_RGB ( '',0.7921568627450980000, 0.8196078431372548800, 0.9333333333333333500 ) ;
#310 = CARTESIAN_POINT ( 'NONE',  ( 3.599999999999998800, 0.0000000000000000000, -12.75000000000000200 ) ) ;
#311 = CARTESIAN_POINT ( 'NONE',  ( 3.630000000000053200, -6.200000000000000200, -6.124999999999997300 ) ) ;
#312 = DIRECTION ( 'NONE',  ( 1.000000000000000000, 0.0000000000000000000, -4.984837574645996500E-016 ) ) ;
#313 = EDGE_CURVE ( 'NONE', #2119, #396, #131, .T. ) ;
#314 = ORIENTED_EDGE ( 'NONE', *, *, #6361, .T. ) ;
#315 = ORIENTED_EDGE ( 'NONE', *, *, #3311, .T. ) ;
#316 = LINE ( 'NONE', #6266, #766 ) ;
#317 = DIRECTION ( 'NONE',  ( -4.984837574645996500E-016, 0.0000000000000000000, -1.000000000000000000 ) ) ;
#318 = LINE ( 'NONE', #6100, #767 ) ;
#319 = DIRECTION ( 'NONE',  ( 0.0000000000000000000, 0.0000000000000000000, -1.000000000000000000 ) ) ;
#320 = VERTEX_POINT ( 'NONE', #1667 ) ;
#321 = EDGE_LOOP ( 'NONE', ( #2549, #520, #5417, #5961 ) ) ;
#322 = FACE_OUTER_BOUND ( 'NONE', #791, .T. ) ;
#323 = LINE ( 'NONE', #3608, #4004 ) ;
#324 = AXIS2_PLACEMENT_3D ( 'NONE', #529, #1950, #6017 ) ;
#325 = DIRECTION ( 'NONE',  ( 0.0000000000000000000, 1.000000000000000000, -1.215986738798339900E-016 ) ) ;
#326 = ORIENTED_EDGE ( 'NONE', *, *, #5182, .F. ) ;
#327 = LINE ( 'NONE', #4353, #3287 ) ;
#328 = DIRECTION ( 'NONE',  ( 0.0000000000000000000, 1.000000000000000000, 0.0000000000000000000 ) ) ;
#329 = UNCERTAINTY_MEASURE_WITH_UNIT (LENGTH_MEASURE( 1.000000000000000100E-005 ), #871, 'distance_accuracy_value', 'NONE');
#330 = ORIENTED_EDGE ( 'NONE', *, *, #2224, .F. ) ;
#331 = PLANE ( 'NONE',  #576 ) ;
#332 = MECHANICAL_DESIGN_GEOMETRIC_PRESENTATION_REPRESENTATION (  '', ( #2541 ), #46 ) ;
#333 = PLANE ( 'NONE',  #4373 ) ;
#334 = VECTOR ( 'NONE', #4679, 1000.000000000000000 ) ;
#335 = CARTESIAN_POINT ( 'NONE',  ( 2.500000000000084800, 6.899999999999999500, -2.939999999999999900 ) ) ;
#336 = VERTEX_POINT ( 'NONE', #3124 ) ;
#337 = CARTESIAN_POINT ( 'NONE',  ( -3.629999999999999400, 1.099999999999998800, -11.42999999999999800 ) ) ;
#338 = ORIENTED_EDGE ( 'NONE', *, *, #2235, .F. ) ;
#339 = EDGE_LOOP ( 'NONE', ( #6109, #784, #4863, #3178 ) ) ;
#340 = EDGE_CURVE ( 'NONE', #1822, #1814, #4422, .T. ) ;
#341 = EDGE_CURVE ( 'NONE', #2518, #548, #2070, .T. ) ;
#342 = DIRECTION ( 'NONE',  ( 0.6427876096865349200, 0.7660444431189817900, 0.0000000000000000000 ) ) ;
#343 = EDGE_CURVE ( 'NONE', #5192, #1647, #3649, .T. ) ;
#344 = ORIENTED_EDGE ( 'NONE', *, *, #2069, .F. ) ;
#345 = ORIENTED_EDGE ( 'NONE', *, *, #4843, .T. ) ;
#346 = LINE ( 'NONE', #3779, #2757 ) ;
#347 = LINE ( 'NONE', #1991, #2832 ) ;
#348 = EDGE_CURVE ( 'NONE', #2722, #320, #4109, .T. ) ;
#349 = LINE ( 'NONE', #4595, #5371 ) ;
#350 = CARTESIAN_POINT ( 'NONE',  ( 3.630000000000027400, -6.200000000000000200, -9.114999999999996700 ) ) ;
#351 = ORIENTED_EDGE ( 'NONE', *, *, #4159, .F. ) ;
#352 = CARTESIAN_POINT ( 'NONE',  ( 2.500000000000003600, 6.899999999999999500, -12.30000000000000100 ) ) ;
#353 = AXIS2_PLACEMENT_3D ( 'NONE', #4381, #5901, #1371 ) ;
#354 = DIRECTION ( 'NONE',  ( -1.000000000000000000, 0.0000000000000000000, -0.0000000000000000000 ) ) ;
#355 = CARTESIAN_POINT ( 'NONE',  ( -2.499999999999863200, 7.900000000000000400, 0.4000000000000010200 ) ) ;
#356 = CARTESIAN_POINT ( 'NONE',  ( -2.499999999999837000, -20.30459520007603700, 2.939999999999999900 ) ) ;
#357 = ORIENTED_EDGE ( 'NONE', *, *, #6079, .T. ) ;
#358 = ADVANCED_FACE ( 'NONE', ( #940 ), #2157, .F. ) ;
#359 = AXIS2_PLACEMENT_3D ( 'NONE', #6113, #4658, #3160 ) ;
#360 = CARTESIAN_POINT ( 'NONE',  ( -3.629999999999893300, -6.200000000000000200, -1.494999999999996800 ) ) ;
#361 = VECTOR ( 'NONE', #908, 1000.000000000000000 ) ;
#362 = VERTEX_POINT ( 'NONE', #4131 ) ;
#363 = DIRECTION ( 'NONE',  ( 0.0000000000000000000, 1.000000000000000000, -1.215986738798339900E-016 ) ) ;
#364 = CARTESIAN_POINT ( 'NONE',  ( 3.599999999999998800, 0.0000000000000000000, -11.65299103120977400 ) ) ;
#365 = CARTESIAN_POINT ( 'NONE',  ( 3.630000000000106900, -6.200000000000000200, -1.269999999999996900 ) ) ;
#366 = VERTEX_POINT ( 'NONE', #4176 ) ;
#367 = AXIS2_PLACEMENT_3D ( 'NONE', #2351, #2311, #319 ) ;
#368 = ORIENTED_EDGE ( 'NONE', *, *, #1429, .F. ) ;
#369 = VECTOR ( 'NONE', #2742, 1000.000000000000000 ) ;
#370 = CARTESIAN_POINT ( 'NONE',  ( 3.630000000000080300, -6.200000000000000200, -4.034999999999996600 ) ) ;
#371 = DIRECTION ( 'NONE',  ( 0.0000000000000000000, 0.0000000000000000000, -1.000000000000000000 ) ) ;
#372 = CIRCLE ( 'NONE', #2636, 0.2249999999999995100 ) ;
#373 = CARTESIAN_POINT ( 'NONE',  ( -3.629999999999760100, 1.736396103067893400, 11.43000000000000500 ) ) ;
#374 = CARTESIAN_POINT ( 'NONE',  ( -2.289071048146349900, 1.100000000000001400, 9.807856876076018100 ) ) ;
#375 = EDGE_LOOP ( 'NONE', ( #3502, #4002 ) ) ;
#376 = COLOUR_RGB ( '',0.7921568627450980000, 0.8196078431372548800, 0.9333333333333333500 ) ;
#377 = ORIENTED_EDGE ( 'NONE', *, *, #1079, .T. ) ;
#378 = DIRECTION ( 'NONE',  ( 0.0000000000000000000, 1.000000000000000000, -1.215986738798339900E-016 ) ) ;
#379 = DIRECTION ( 'NONE',  ( 0.0000000000000000000, 1.000000000000000000, 0.0000000000000000000 ) ) ;
#380 = AXIS2_PLACEMENT_3D ( 'NONE', #4259, #4732, #3231 ) ;
#381 = EDGE_CURVE ( 'NONE', #1166, #3571, #6276, .T. ) ;
#382 = CARTESIAN_POINT ( 'NONE',  ( -3.629999999999813400, -6.200000000000000200, 6.350000000000003200 ) ) ;
#383 = EDGE_CURVE ( 'NONE', #2110, #228, #1183, .T. ) ;
#384 = DIRECTION ( 'NONE',  ( 0.0000000000000000000, -1.000000000000000000, 0.0000000000000000000 ) ) ;
#385 = DIRECTION ( 'NONE',  ( 0.0000000000000000000, 1.000000000000000000, 0.0000000000000000000 ) ) ;
#386 = ORIENTED_EDGE ( 'NONE', *, *, #3991, .T. ) ;
#387 = CARTESIAN_POINT ( 'NONE',  ( -2.499999999999863200, 6.900000000000000400, 2.140000000000001500 ) ) ;
#388 = VECTOR ( 'NONE', #5882, 1000.000000000000000 ) ;
#389 = VERTEX_POINT ( 'NONE', #3699 ) ;
#390 = AXIS2_PLACEMENT_3D ( 'NONE', #1654, #1152, #3683 ) ;
#391 = ADVANCED_FACE ( 'NONE', ( #3075 ), #6444, .T. ) ;
#392 = EDGE_LOOP ( 'NONE', ( #5186, #4275 ) ) ;
#393 = CARTESIAN_POINT ( 'NONE',  ( 3.586232610621881800, 0.1034274948450669300, -11.20499999999999800 ) ) ;
#394 = EDGE_LOOP ( 'NONE', ( #854, #1137, #4995, #109 ) ) ;
#395 = DIRECTION ( 'NONE',  ( -0.7660444431189817900, -0.6427876096865349200, 0.0000000000000000000 ) ) ;
#396 = VERTEX_POINT ( 'NONE', #3105 ) ;
#397 = ORIENTED_EDGE ( 'NONE', *, *, #304, .T. ) ;
#398 = COLOUR_RGB ( '',0.7529411764705882200, 0.7529411764705882200, 0.0000000000000000000 ) ;
#399 = DIRECTION ( 'NONE',  ( 0.0000000000000000000, 1.000000000000000000, -1.215986738798339900E-016 ) ) ;
#400 = SURFACE_STYLE_FILL_AREA ( #2815 ) ;
#401 = UNCERTAINTY_MEASURE_WITH_UNIT (LENGTH_MEASURE( 1.000000000000000100E-005 ), #5465, 'distance_accuracy_value', 'NONE');
#402 = DIRECTION ( 'NONE',  ( -1.000000000000000000, 0.0000000000000000000, 0.0000000000000000000 ) ) ;
#403 = DIRECTION ( 'NONE',  ( -0.0000000000000000000, 1.000000000000000000, -0.0000000000000000000 ) ) ;
#404 = VERTEX_POINT ( 'NONE', #1110 ) ;
#405 = VECTOR ( 'NONE', #3543, 1000.000000000000000 ) ;
#406 = STYLED_ITEM ( 'NONE', ( #4639 ), #5092 ) ;
#407 = CARTESIAN_POINT ( 'NONE',  ( -2.499999999999783300, 6.899999999999999500, 9.760000000000001600 ) ) ;
#408 = PLANE ( 'NONE',  #2010 ) ;
#409 = MANIFOLD_SOLID_BREP ( 'Cut-Extrude5', #4322 ) ;
#410 = ORIENTED_EDGE ( 'NONE', *, *, #2221, .F. ) ;
#411 = VECTOR ( 'NONE', #3155, 1000.000000000000000 ) ;
#412 = CARTESIAN_POINT ( 'NONE',  ( 5.100000000000000500, 1.100000000000001400, 9.807856876076018100 ) ) ;
#413 = CARTESIAN_POINT ( 'NONE',  ( 3.630000000000213100, -6.200000000000000200, 8.890000000000004100 ) ) ;
#414 = ORIENTED_EDGE ( 'NONE', *, *, #1635, .F. ) ;
#415 = ORIENTED_EDGE ( 'NONE', *, *, #3994, .T. ) ;
#416 = DIRECTION ( 'NONE',  ( 2.492418787322998300E-016, -0.0000000000000000000, 1.000000000000000000 ) ) ;
#417 = SURFACE_STYLE_USAGE ( .BOTH. , #1392 ) ;
#418 = VECTOR ( 'NONE', #1281, 1000.000000000000000 ) ;
#419 = ADVANCED_FACE ( 'NONE', ( #6126 ), #5275, .T. ) ;
#420 = EDGE_CURVE ( 'NONE', #6445, #3763, #1109, .T. ) ;
#421 = EDGE_CURVE ( 'NONE', #2749, #5353, #5290, .T. ) ;
#422 = CARTESIAN_POINT ( 'NONE',  ( 5.100000000000000500, 0.0000000000000000000, -12.75000000000000200 ) ) ;
#423 = DIRECTION ( 'NONE',  ( -1.000000000000000000, 0.0000000000000000000, 2.492418787322998300E-016 ) ) ;
#424 = EDGE_CURVE ( 'NONE', #1058, #6388, #267, .T. ) ;
#425 = DIRECTION ( 'NONE',  ( -0.0000000000000000000, 1.000000000000000000, -0.0000000000000000000 ) ) ;
#426 = AXIS2_PLACEMENT_3D ( 'NONE', #3607, #5693, #3121 ) ;
#427 = CARTESIAN_POINT ( 'NONE',  ( -3.629999999999786700, -6.200000000000000200, 8.665000000000004500 ) ) ;
#428 = CARTESIAN_POINT ( 'NONE',  ( -2.499999999999917000, 6.899999999999999500, -4.679999999999999700 ) ) ;
#429 = DIRECTION ( 'NONE',  ( -1.000000000000000000, -0.0000000000000000000, -0.0000000000000000000 ) ) ;
#430 = VECTOR ( 'NONE', #3227, 1000.000000000000000 ) ;
#431 = VERTEX_POINT ( 'NONE', #5611 ) ;
#432 = EDGE_CURVE ( 'NONE', #2119, #825, #2145, .T. ) ;
#433 = VECTOR ( 'NONE', #3278, 1000.000000000000000 ) ;
#434 = DIRECTION ( 'NONE',  ( 0.0000000000000000000, 1.000000000000000000, 0.0000000000000000000 ) ) ;
#435 = CARTESIAN_POINT ( 'NONE',  ( -2.499999999999756600, 6.900000000000000400, 12.30000000000000200 ) ) ;
#436 = VERTEX_POINT ( 'NONE', #4711 ) ;
#437 = LINE ( 'NONE', #5385, #5003 ) ;
#438 = DIRECTION ( 'NONE',  ( 0.0000000000000000000, 0.0000000000000000000, 1.000000000000000000 ) ) ;
#439 = ORIENTED_EDGE ( 'NONE', *, *, #313, .F. ) ;
#440 = ORIENTED_EDGE ( 'NONE', *, *, #6157, .F. ) ;
#441 = DIRECTION ( 'NONE',  ( 0.0000000000000000000, 1.000000000000000000, 0.0000000000000000000 ) ) ;
#442 = EDGE_LOOP ( 'NONE', ( #4886, #5865, #1683, #3290 ) ) ;
#443 = AXIS2_PLACEMENT_3D ( 'NONE', #3711, #5286, #3222 ) ;
#444 = UNCERTAINTY_MEASURE_WITH_UNIT (LENGTH_MEASURE( 1.000000000000000100E-005 ), #5240, 'distance_accuracy_value', 'NONE');
#445 = ORIENTED_EDGE ( 'NONE', *, *, #3673, .F. ) ;
#446 = ORIENTED_EDGE ( 'NONE', *, *, #2387, .T. ) ;
#447 = LINE ( 'NONE', #1787, #4779 ) ;
#448 = CARTESIAN_POINT ( 'NONE',  ( 3.630000000000239700, 1.736396103067893400, 11.43000000000000500 ) ) ;
#449 = DIRECTION ( 'NONE',  ( 0.0000000000000000000, -0.5807029557109357800, 0.8141155183563220100 ) ) ;
#450 = ADVANCED_FACE ( 'NONE', ( #5594 ), #2236, .T. ) ;
#451 = AXIS2_PLACEMENT_3D ( 'NONE', #3629, #1083, #1528 ) ;
#452 = DIRECTION ( 'NONE',  ( -4.984837574645996500E-016, 0.0000000000000000000, -1.000000000000000000 ) ) ;
#453 = DIRECTION ( 'NONE',  ( -0.7660444431189817900, -0.6427876096865349200, 0.0000000000000000000 ) ) ;
#454 = EDGE_CURVE ( 'NONE', #296, #2880, #5147, .T. ) ;
#455 = CARTESIAN_POINT ( 'NONE',  ( 2.500000000000243800, 7.900000000000000400, 12.30000000000000200 ) ) ;
#456 = EDGE_LOOP ( 'NONE', ( #511, #6119, #3004, #3712 ) ) ;
#457 = FACE_OUTER_BOUND ( 'NONE', #6474, .T. ) ;
#458 = ORIENTED_EDGE ( 'NONE', *, *, #4604, .F. ) ;
#459 = ORIENTED_EDGE ( 'NONE', *, *, #6079, .F. ) ;
#460 = ADVANCED_FACE ( 'NONE', ( #4667 ), #5698, .F. ) ;
#461 = DIRECTION ( 'NONE',  ( -0.0000000000000000000, -0.0000000000000000000, 1.000000000000000000 ) ) ;
#462 = ORIENTED_EDGE ( 'NONE', *, *, #5151, .T. ) ;
#463 = LINE ( 'NONE', #2578, #2327 ) ;
#464 = EDGE_LOOP ( 'NONE', ( #3645, #4021, #690, #2820, #98 ) ) ;
#465 = EDGE_CURVE ( 'NONE', #6388, #3037, #568, .T. ) ;
#466 = ORIENTED_EDGE ( 'NONE', *, *, #2918, .T. ) ;
#467 = MECHANICAL_DESIGN_GEOMETRIC_PRESENTATION_REPRESENTATION (  '', ( #1347 ), #1688 ) ;
#468 = CYLINDRICAL_SURFACE ( 'NONE', #4012, 0.2249999999999995100 ) ;
#469 = EDGE_LOOP ( 'NONE', ( #5138, #470, #3677, #466 ) ) ;
#470 = ORIENTED_EDGE ( 'NONE', *, *, #141, .T. ) ;
#471 = LINE ( 'NONE', #1849, #405 ) ;
#472 = EDGE_LOOP ( 'NONE', ( #5794, #1165, #5158, #3836 ) ) ;
#473 = ADVANCED_FACE ( 'NONE', ( #794 ), #2607, .T. ) ;
#474 = DIRECTION ( 'NONE',  ( 0.0000000000000000000, 1.000000000000000000, -1.215986738798339900E-016 ) ) ;
#475 = FACE_OUTER_BOUND ( 'NONE', #2964, .T. ) ;
#476 = VERTEX_POINT ( 'NONE', #1686 ) ;
#477 = DIRECTION ( 'NONE',  ( 0.0000000000000000000, 0.0000000000000000000, -1.000000000000000000 ) ) ;
#478 = VERTEX_POINT ( 'NONE', #3195 ) ;
#479 = CARTESIAN_POINT ( 'NONE',  ( -4.358578643762681900, 6.900000000000000400, -12.65000000000000200 ) ) ;
#480 = CARTESIAN_POINT ( 'NONE',  ( -2.499999999999996400, 7.900000000000000400, -12.30000000000000100 ) ) ;
#481 = DIRECTION ( 'NONE',  ( -0.0000000000000000000, 1.000000000000000000, -0.0000000000000000000 ) ) ;
#482 = COLOUR_RGB ( '',0.7921568627450980000, 0.8196078431372548800, 0.9333333333333333500 ) ;
#483 = PRESENTATION_STYLE_ASSIGNMENT (( #4925 ) ) ;
#484 = ORIENTED_EDGE ( 'NONE', *, *, #6169, .T. ) ;
#485 = VERTEX_POINT ( 'NONE', #3804 ) ;
#486 = ORIENTED_EDGE ( 'NONE', *, *, #2970, .F. ) ;
#487 = ADVANCED_FACE ( 'NONE', ( #875 ), #294, .T. ) ;
#488 = PRESENTATION_LAYER_ASSIGNMENT (  '', '', ( #898 ) ) ;
#489 = LINE ( 'NONE', #6245, #2287 ) ;
#490 = VECTOR ( 'NONE', #6058, 1000.000000000000000 ) ;
#491 = DIRECTION ( 'NONE',  ( 1.000000000000000000, 0.0000000000000000000, -0.0000000000000000000 ) ) ;
#492 = ORIENTED_EDGE ( 'NONE', *, *, #1508, .T. ) ;
#493 = AXIS2_PLACEMENT_3D ( 'NONE', #5139, #2133, #3680 ) ;
#494 = DIRECTION ( 'NONE',  ( 0.0000000000000000000, 1.000000000000000000, 0.0000000000000000000 ) ) ;
#495 = LINE ( 'NONE', #4689, #3880 ) ;
#496 = VERTEX_POINT ( 'NONE', #3210 ) ;
#497 = CARTESIAN_POINT ( 'NONE',  ( -2.499999999999889900, -20.30459520007603700, -0.3999999999999993000 ) ) ;
#498 = EDGE_CURVE ( 'NONE', #1649, #6475, #3727, .T. ) ;
#499 = EDGE_CURVE ( 'NONE', #3965, #6367, #2523, .T. ) ;
#500 = CARTESIAN_POINT ( 'NONE',  ( -2.499999999999996400, 6.899999999999999500, -12.30000000000000100 ) ) ;
#501 = EDGE_CURVE ( 'NONE', #5919, #1136, #3563, .T. ) ;
#502 = CIRCLE ( 'NONE', #3943, 0.2249999999999999500 ) ;
#503 = CARTESIAN_POINT ( 'NONE',  ( -3.629999999999786700, -6.200000000000000200, 9.115000000000003800 ) ) ;
#504 = VERTEX_POINT ( 'NONE', #4904 ) ;
#505 = AXIS2_PLACEMENT_3D ( 'NONE', #2611, #2116, #1612 ) ;
#506 = DIRECTION ( 'NONE',  ( -4.984837574645996500E-016, 0.0000000000000000000, -1.000000000000000000 ) ) ;
#507 = CARTESIAN_POINT ( 'NONE',  ( -2.289071048146349900, 1.100000000000001900, -12.75000000000000200 ) ) ;
#508 = FILL_AREA_STYLE ('',( #3513 ) ) ;
#509 = CIRCLE ( 'NONE', #6189, 0.2249999999999995100 ) ;
#510 = ADVANCED_FACE ( 'NONE', ( #3797 ), #2219, .T. ) ;
#511 = ORIENTED_EDGE ( 'NONE', *, *, #1591, .F. ) ;
#512 = EDGE_CURVE ( 'NONE', #4302, #127, #1976, .T. ) ;
#513 = DIRECTION ( 'NONE',  ( 0.0000000000000000000, 0.0000000000000000000, -1.000000000000000000 ) ) ;
#514 = CARTESIAN_POINT ( 'NONE',  ( -2.499999999999996000, 6.900000000000000400, -10.56000000000000000 ) ) ;
#515 = CARTESIAN_POINT ( 'NONE',  ( -2.499999999999943200, 7.900000000000000400, -7.219999999999999800 ) ) ;
#516 = EDGE_LOOP ( 'NONE', ( #4668, #1792 ) ) ;
#517 = DIRECTION ( 'NONE',  ( -0.0000000000000000000, 1.000000000000000000, -0.0000000000000000000 ) ) ;
#518 = CARTESIAN_POINT ( 'NONE',  ( -3.629999999999840000, -6.200000000000000200, 3.585000000000002600 ) ) ;
#519 = EDGE_LOOP ( 'NONE', ( #3424, #459, #4576, #4520 ) ) ;
#520 = ORIENTED_EDGE ( 'NONE', *, *, #1246, .T. ) ;
#521 = ADVANCED_FACE ( 'NONE', ( #1593 ), #3952, .F. ) ;
#522 = DIRECTION ( 'NONE',  ( 0.0000000000000000000, 1.000000000000000000, -1.215986738798339900E-016 ) ) ;
#523 = CARTESIAN_POINT ( 'NONE',  ( -3.629999999999999400, 1.099999999999998800, -11.65499999999999800 ) ) ;
#524 = PRESENTATION_LAYER_ASSIGNMENT (  '', '', ( #406 ) ) ;
#525 = VECTOR ( 'NONE', #4734, 1000.000000000000000 ) ;
#526 = ADVANCED_FACE ( 'NONE', ( #1262 ), #823, .T. ) ;
#527 = PLANE ( 'NONE',  #79 ) ;
#528 = CARTESIAN_POINT ( 'NONE',  ( -2.499999999999996000, 6.899999999999999500, -10.56000000000000000 ) ) ;
#529 = CARTESIAN_POINT ( 'NONE',  ( -3.629999999999946200, 1.099999999999999400, -6.349999999999997000 ) ) ;
#530 = VERTEX_POINT ( 'NONE', #1836 ) ;
#531 = VECTOR ( 'NONE', #434, 1000.000000000000000 ) ;
#532 = AXIS2_PLACEMENT_3D ( 'NONE', #2892, #1910, #1894 ) ;
#533 = ORIENTED_EDGE ( 'NONE', *, *, #2252, .T. ) ;
#534 = CARTESIAN_POINT ( 'NONE',  ( -3.629999999999946200, -6.200000000000000200, -6.124999999999997300 ) ) ;
#535 = LINE ( 'NONE', #1345, #759 ) ;
#536 = ORIENTED_EDGE ( 'NONE', *, *, #540, .T. ) ;
#537 = CARTESIAN_POINT ( 'NONE',  ( -3.629999999999893300, -6.200000000000000200, -1.269999999999996900 ) ) ;
#538 = DIRECTION ( 'NONE',  ( 0.0000000000000000000, 1.000000000000000000, -1.215986738798339900E-016 ) ) ;
#539 = EDGE_CURVE ( 'NONE', #2231, #1588, #6047, .T. ) ;
#540 = EDGE_CURVE ( 'NONE', #682, #667, #1032, .T. ) ;
#541 = ORIENTED_EDGE ( 'NONE', *, *, #866, .T. ) ;
#542 = EDGE_CURVE ( 'NONE', #1308, #1072, #3305, .T. ) ;
#543 = DIRECTION ( 'NONE',  ( 0.0000000000000000000, 1.000000000000000000, 0.0000000000000000000 ) ) ;
#544 = ADVANCED_FACE ( 'NONE', ( #5894 ), #5815, .T. ) ;
#545 = LINE ( 'NONE', #5908, #4164 ) ;
#546 = AXIS2_PLACEMENT_3D ( 'NONE', #3831, #4896, #1387 ) ;
#547 = CARTESIAN_POINT ( 'NONE',  ( -8.574999999999995700, -0.0000000000000000000, -8.574999999999995700 ) ) ;
#548 = VERTEX_POINT ( 'NONE', #335 ) ;
#549 = VERTEX_POINT ( 'NONE', #2372 ) ;
#550 = VECTOR ( 'NONE', #4148, 1000.000000000000000 ) ;
#551 = DIRECTION ( 'NONE',  ( 0.0000000000000000000, -0.0000000000000000000, 1.000000000000000000 ) ) ;
#552 = CIRCLE ( 'NONE', #197, 0.2249999999999995100 ) ;
#553 = EDGE_CURVE ( 'NONE', #682, #3336, #4496, .T. ) ;
#554 = CARTESIAN_POINT ( 'NONE',  ( 2.500000000000110600, 6.900000000000000400, -0.3999999999999993000 ) ) ;
#555 = ADVANCED_FACE ( 'NONE', ( #3391 ), #4341, .F. ) ;
#556 = DIRECTION ( 'NONE',  ( 0.0000000000000000000, 0.0000000000000000000, 1.000000000000000000 ) ) ;
#557 = DIRECTION ( 'NONE',  ( 0.0000000000000000000, 0.0000000000000000000, 1.000000000000000000 ) ) ;
#558 = ORIENTED_EDGE ( 'NONE', *, *, #539, .T. ) ;
#559 = FACE_OUTER_BOUND ( 'NONE', #5855, .T. ) ;
#560 = ADVANCED_FACE ( 'NONE', ( #643 ), #5330, .F. ) ;
#561 = DIRECTION ( 'NONE',  ( 0.0000000000000000000, 0.0000000000000000000, 1.000000000000000000 ) ) ;
#562 = VERTEX_POINT ( 'NONE', #6294 ) ;
#563 = VECTOR ( 'NONE', #1873, 1000.000000000000000 ) ;
#564 = EDGE_LOOP ( 'NONE', ( #2991, #1874, #3867, #6174 ) ) ;
#565 = ORIENTED_EDGE ( 'NONE', *, *, #3532, .F. ) ;
#566 = DIRECTION ( 'NONE',  ( 0.0000000000000000000, 1.000000000000000000, 0.0000000000000000000 ) ) ;
#567 = CARTESIAN_POINT ( 'NONE',  ( -3.298609699603328900, 0.2528964899032520300, 11.37678322839512100 ) ) ;
#568 = LINE ( 'NONE', #4219, #3877 ) ;
#569 = PLANE ( 'NONE',  #4760 ) ;
#570 = ORIENTED_EDGE ( 'NONE', *, *, #4282, .F. ) ;
#571 = STYLED_ITEM ( 'NONE', ( #3887 ), #5933 ) ;
#572 = PLANE ( 'NONE',  #650 ) ;
#573 = DIRECTION ( 'NONE',  ( 0.0000000000000000000, -0.0000000000000000000, 1.000000000000000000 ) ) ;
#574 = VECTOR ( 'NONE', #1855, 1000.000000000000000 ) ;
#575 = LINE ( 'NONE', #6038, #1599 ) ;
#576 = AXIS2_PLACEMENT_3D ( 'NONE', #4831, #797, #3838 ) ;
#577 = LINE ( 'NONE', #1816, #6215 ) ;
#578 = CARTESIAN_POINT ( 'NONE',  ( -3.805979689713891100, 0.06434730280394747300, 11.25978840857985800 ) ) ;
#579 = DIRECTION ( 'NONE',  ( -0.0000000000000000000, 1.000000000000000000, 0.0000000000000000000 ) ) ;
#580 = LINE ( 'NONE', #2281, #3736 ) ;
#581 = PLANE ( 'NONE',  #6290 ) ;
#582 = ORIENTED_EDGE ( 'NONE', *, *, #3007, .T. ) ;
#583 = DIRECTION ( 'NONE',  ( 0.0000000000000000000, 1.215986738798339900E-016, 1.000000000000000000 ) ) ;
#584 = PRESENTATION_LAYER_ASSIGNMENT (  '', '', ( #258 ) ) ;
#585 = ADVANCED_FACE ( 'NONE', ( #5664 ), #3820, .F. ) ;
#586 = FACE_OUTER_BOUND ( 'NONE', #4260, .T. ) ;
#587 = CARTESIAN_POINT ( 'NONE',  ( -2.499999999999969800, 7.900000000000000400, -8.019999999999999600 ) ) ;
#588 = VERTEX_POINT ( 'NONE', #2807 ) ;
#589 =( GEOMETRIC_REPRESENTATION_CONTEXT ( 3 ) GLOBAL_UNCERTAINTY_ASSIGNED_CONTEXT ( ( #5459 ) ) GLOBAL_UNIT_ASSIGNED_CONTEXT ( ( #883, #899, #1414 ) ) REPRESENTATION_CONTEXT ( 'NONE', 'WORKASPACE' ) );
#590 = EDGE_CURVE ( 'NONE', #3131, #3969, #4681, .T. ) ;
#591 = ADVANCED_FACE ( 'NONE', ( #3150 ), #1818, .T. ) ;
#592 = EDGE_CURVE ( 'NONE', #1260, #5095, #5439, .T. ) ;
#593 = CARTESIAN_POINT ( 'NONE',  ( 3.507546743040612200, 0.07757749381575798600, 11.24124036485525300 ) ) ;
#594 = VECTOR ( 'NONE', #5635, 1000.000000000000000 ) ;
#595 = ORIENTED_EDGE ( 'NONE', *, *, #3185, .F. ) ;
#596 = AXIS2_PLACEMENT_3D ( 'NONE', #3294, #2767, #5758 ) ;
#597 = DIRECTION ( 'NONE',  ( 0.0000000000000000000, 1.000000000000000000, 0.0000000000000000000 ) ) ;
#598 = ORIENTED_EDGE ( 'NONE', *, *, #5586, .T. ) ;
#599 = DIRECTION ( 'NONE',  ( 0.0000000000000000000, 0.0000000000000000000, 1.000000000000000000 ) ) ;
#600 = ORIENTED_EDGE ( 'NONE', *, *, #6418, .T. ) ;
#601 = CARTESIAN_POINT ( 'NONE',  ( 3.630000000000133100, 1.100000000000000300, 1.270000000000003800 ) ) ;
#602 = MANIFOLD_SOLID_BREP ( 'Boss-Extrude3[6]', #1872 ) ;
#603 = DIRECTION ( 'NONE',  ( 0.0000000000000000000, 0.0000000000000000000, -1.000000000000000000 ) ) ;
#604 = EDGE_LOOP ( 'NONE', ( #4316, #2802, #1363, #600 ) ) ;
#605 = CARTESIAN_POINT ( 'NONE',  ( -2.499999999999996400, 7.900000000000000400, -12.30000000000000100 ) ) ;
#606 = MANIFOLD_SOLID_BREP ( 'Split1[10]', #4741 ) ;
#607 = DIRECTION ( 'NONE',  ( -1.000000000000000000, 0.0000000000000000000, -0.0000000000000000000 ) ) ;
#608 = CARTESIAN_POINT ( 'NONE',  ( -0.7825920120800673500, 2.364086003539508600, -8.035673659342375400 ) ) ;
#609 = VECTOR ( 'NONE', #3040, 1000.000000000000000 ) ;
#610 = DIRECTION ( 'NONE',  ( 0.0000000000000000000, 1.000000000000000000, -1.215986738798339900E-016 ) ) ;
#611 = SURFACE_SIDE_STYLE ('',( #4875 ) ) ;
#612 = CYLINDRICAL_SURFACE ( 'NONE', #3860, 0.2249999999999995100 ) ;
#613 = ORIENTED_EDGE ( 'NONE', *, *, #2016, .T. ) ;
#614 = DIRECTION ( 'NONE',  ( 0.0000000000000000000, 1.000000000000000000, 0.0000000000000000000 ) ) ;
#615 = ADVANCED_FACE ( 'NONE', ( #322 ), #1161, .T. ) ;
#616 = ORIENTED_EDGE ( 'NONE', *, *, #4458, .T. ) ;
#617 = DIRECTION ( 'NONE',  ( 0.0000000000000000000, 1.000000000000000000, 0.0000000000000000000 ) ) ;
#618 = ORIENTED_EDGE ( 'NONE', *, *, #4718, .T. ) ;
#619 = FACE_BOUND ( 'NONE', #5820, .T. ) ;
#620 = EDGE_LOOP ( 'NONE', ( #4582, #4725 ) ) ;
#621 = ORIENTED_EDGE ( 'NONE', *, *, #5391, .T. ) ;
#622 = CARTESIAN_POINT ( 'NONE',  ( -2.499999999999969800, -20.30459520007603700, -8.019999999999999600 ) ) ;
#623 = CARTESIAN_POINT ( 'NONE',  ( -2.499999999999916500, 7.900000000000000400, -2.939999999999999900 ) ) ;
#624 = VERTEX_POINT ( 'NONE', #6497 ) ;
#625 = EDGE_CURVE ( 'NONE', #3021, #4498, #4239, .T. ) ;
#626 = EDGE_CURVE ( 'NONE', #6059, #859, #4722, .T. ) ;
#627 = EDGE_CURVE ( 'NONE', #404, #1535, #6335, .T. ) ;
#628 = ORIENTED_EDGE ( 'NONE', *, *, #4416, .T. ) ;
#629 = ORIENTED_EDGE ( 'NONE', *, *, #4685, .T. ) ;
#630 = CARTESIAN_POINT ( 'NONE',  ( 5.100000000000000500, 1.099999999999999000, -9.807856876076018100 ) ) ;
#631 = AXIS2_PLACEMENT_3D ( 'NONE', #3635, #2581, #5630 ) ;
#632 = FACE_OUTER_BOUND ( 'NONE', #5605, .T. ) ;
#633 = PLANE ( 'NONE',  #2660 ) ;
#634 = CARTESIAN_POINT ( 'NONE',  ( 3.630000000000213100, -6.200000000000000200, 8.890000000000004100 ) ) ;
#635 = ORIENTED_EDGE ( 'NONE', *, *, #4630, .F. ) ;
#636 = VERTEX_POINT ( 'NONE', #5410 ) ;
#637 = EDGE_CURVE ( 'NONE', #3118, #201, #3529, .T. ) ;
#638 = DIRECTION ( 'NONE',  ( 0.0000000000000000000, 1.000000000000000000, 0.0000000000000000000 ) ) ;
#639 = VERTEX_POINT ( 'NONE', #5500 ) ;
#640 = VERTEX_POINT ( 'NONE', #6433 ) ;
#641 = ORIENTED_EDGE ( 'NONE', *, *, #4893, .F. ) ;
#642 = LINE ( 'NONE', #2743, #4899 ) ;
#643 = FACE_OUTER_BOUND ( 'NONE', #1780, .T. ) ;
#644 = CARTESIAN_POINT ( 'NONE',  ( 2.500000000000136800, 7.900000000000000400, 0.4000000000000010200 ) ) ;
#645 = EDGE_LOOP ( 'NONE', ( #1018, #2253, #6062, #697 ) ) ;
#646 = CLOSED_SHELL ( 'NONE', ( #5001, #37, #1071, #860 ) ) ;
#647 = EDGE_LOOP ( 'NONE', ( #4469, #4383 ) ) ;
#648 = DIRECTION ( 'NONE',  ( -4.984837574645996500E-016, 0.0000000000000000000, -1.000000000000000000 ) ) ;
#649 = ADVANCED_FACE ( 'NONE', ( #2659 ), #5341, .F. ) ;
#650 = AXIS2_PLACEMENT_3D ( 'NONE', #3197, #6199, #1052 ) ;
#651 = VECTOR ( 'NONE', #4751, 1000.000000000000000 ) ;
#652 =( NAMED_UNIT ( * ) SI_UNIT ( $, .STERADIAN. ) SOLID_ANGLE_UNIT ( ) );
#653 = CARTESIAN_POINT ( 'NONE',  ( 5.000000000000000900, 7.900000000000000400, -12.65000000000000000 ) ) ;
#654 =( NAMED_UNIT ( * ) PLANE_ANGLE_UNIT ( ) SI_UNIT ( $, .RADIAN. ) );
#655 = LINE ( 'NONE', #6240, #2156 ) ;
#656 = PRESENTATION_STYLE_ASSIGNMENT (( #2051 ) ) ;
#657 = ORIENTED_EDGE ( 'NONE', *, *, #2672, .T. ) ;
#658 =( GEOMETRIC_REPRESENTATION_CONTEXT ( 3 ) GLOBAL_UNCERTAINTY_ASSIGNED_CONTEXT ( ( #1310 ) ) GLOBAL_UNIT_ASSIGNED_CONTEXT ( ( #2947, #1987, #2966 ) ) REPRESENTATION_CONTEXT ( 'NONE', 'WORKASPACE' ) );
#659 = DIRECTION ( 'NONE',  ( -4.984837574645996500E-016, 0.0000000000000000000, -1.000000000000000000 ) ) ;
#660 = PLANE ( 'NONE',  #5265 ) ;
#661 = LINE ( 'NONE', #1761, #4600 ) ;
#662 = ORIENTED_EDGE ( 'NONE', *, *, #97, .T. ) ;
#663 = EDGE_CURVE ( 'NONE', #785, #3658, #2804, .T. ) ;
#664 = EDGE_CURVE ( 'NONE', #2705, #2986, #1565, .T. ) ;
#665 = CIRCLE ( 'NONE', #5531, 0.2249999999999995100 ) ;
#666 = DIRECTION ( 'NONE',  ( 1.000000000000000000, 0.0000000000000000000, 0.0000000000000000000 ) ) ;
#667 = VERTEX_POINT ( 'NONE', #4474 ) ;
#668 = AXIS2_PLACEMENT_3D ( 'NONE', #2766, #2720, #4810 ) ;
#669 = VERTEX_POINT ( 'NONE', #6452 ) ;
#670 = EDGE_LOOP ( 'NONE', ( #1395, #1359, #1218, #1100 ) ) ;
#671 = VECTOR ( 'NONE', #317, 1000.000000000000000 ) ;
#672 = EDGE_CURVE ( 'NONE', #2880, #3558, #692, .T. ) ;
#673 = DIRECTION ( 'NONE',  ( 0.0000000000000000000, 1.000000000000000000, 0.0000000000000000000 ) ) ;
#674 = PRESENTATION_LAYER_ASSIGNMENT (  '', '', ( #1347 ) ) ;
#675 = DIRECTION ( 'NONE',  ( 0.0000000000000000000, 1.000000000000000000, 0.0000000000000000000 ) ) ;
#676 = VECTOR ( 'NONE', #3115, 1000.000000000000000 ) ;
#677 = ORIENTED_EDGE ( 'NONE', *, *, #176, .F. ) ;
#678 = ORIENTED_EDGE ( 'NONE', *, *, #216, .T. ) ;
#679 = CARTESIAN_POINT ( 'NONE',  ( -4.399999999999992400, 7.900000000000000400, -12.75000000000000200 ) ) ;
#680 = CARTESIAN_POINT ( 'NONE',  ( -5.099999999999998800, 7.900000000000000400, 12.74999999999999800 ) ) ;
#681 = ORIENTED_EDGE ( 'NONE', *, *, #2331, .F. ) ;
#682 = VERTEX_POINT ( 'NONE', #2897 ) ;
#683 = CARTESIAN_POINT ( 'NONE',  ( -4.999999999999992900, 6.899999999999999500, -12.00857864376269100 ) ) ;
#684 = FACE_OUTER_BOUND ( 'NONE', #4350, .T. ) ;
#685 = EDGE_LOOP ( 'NONE', ( #4155, #492 ) ) ;
#686 = DIRECTION ( 'NONE',  ( -1.000000000000000000, -0.0000000000000000000, -0.0000000000000000000 ) ) ;
#687 = AXIS2_PLACEMENT_3D ( 'NONE', #6063, #86, #3595 ) ;
#688 = CARTESIAN_POINT ( 'NONE',  ( -2.499999999999970200, 6.900000000000000400, -9.759999999999999800 ) ) ;
#689 = DIRECTION ( 'NONE',  ( 0.0000000000000000000, 1.000000000000000000, 0.0000000000000000000 ) ) ;
#690 = ORIENTED_EDGE ( 'NONE', *, *, #2067, .T. ) ;
#691 = DIRECTION ( 'NONE',  ( 0.0000000000000000000, 0.0000000000000000000, 1.000000000000000000 ) ) ;
#692 = LINE ( 'NONE', #917, #5406 ) ;
#693 = CARTESIAN_POINT ( 'NONE',  ( -3.726518583939370200, 0.1034274948450669400, -11.20499999999999800 ) ) ;
#694 = VECTOR ( 'NONE', #461, 1000.000000000000000 ) ;
#695 = CARTESIAN_POINT ( 'NONE',  ( 0.0000000000000000000, 0.0000000000000000000, 0.0000000000000000000 ) ) ;
#696 =( GEOMETRIC_REPRESENTATION_CONTEXT ( 3 ) GLOBAL_UNCERTAINTY_ASSIGNED_CONTEXT ( ( #2247 ) ) GLOBAL_UNIT_ASSIGNED_CONTEXT ( ( #3857, #1856, #1832 ) ) REPRESENTATION_CONTEXT ( 'NONE', 'WORKASPACE' ) );
#697 = ORIENTED_EDGE ( 'NONE', *, *, #2970, .T. ) ;
#698 = PLANE ( 'NONE',  #3031 ) ;
#699 = ORIENTED_EDGE ( 'NONE', *, *, #3007, .F. ) ;
#700 = VECTOR ( 'NONE', #1544, 1000.000000000000000 ) ;
#701 = VECTOR ( 'NONE', #5784, 1000.000000000000000 ) ;
#702 = AXIS2_PLACEMENT_3D ( 'NONE', #3667, #2638, #4185 ) ;
#703 = CARTESIAN_POINT ( 'NONE',  ( -4.999999999999992900, -20.30459520007603700, -12.00857864376269100 ) ) ;
#704 = ORIENTED_EDGE ( 'NONE', *, *, #1334, .F. ) ;
#705 = AXIS2_PLACEMENT_3D ( 'NONE', #1556, #57, #477 ) ;
#706 = EDGE_CURVE ( 'NONE', #2688, #478, #771, .T. ) ;
#707 = EDGE_CURVE ( 'NONE', #530, #1312, #1320, .T. ) ;
#708 = FILL_AREA_STYLE_COLOUR ( '', #193 ) ;
#709 = EDGE_LOOP ( 'NONE', ( #2782, #5211, #1449, #3557 ) ) ;
#710 = CARTESIAN_POINT ( 'NONE',  ( -4.358578643762681900, -20.30459520007603700, -12.65000000000000200 ) ) ;
#711 = CARTESIAN_POINT ( 'NONE',  ( 0.0000000000000000000, 7.900000000000000400, 0.0000000000000000000 ) ) ;
#712 = CARTESIAN_POINT ( 'NONE',  ( 3.630000000000106900, -6.200000000000000200, -1.269999999999996900 ) ) ;
#713 = DIRECTION ( 'NONE',  ( 0.0000000000000000000, 1.000000000000000000, 0.0000000000000000000 ) ) ;
#714 = CARTESIAN_POINT ( 'NONE',  ( -2.499999999999863200, 6.900000000000000400, 2.140000000000001500 ) ) ;
#715 = LINE ( 'NONE', #2458, #5735 ) ;
#716 =( NAMED_UNIT ( * ) SI_UNIT ( $, .STERADIAN. ) SOLID_ANGLE_UNIT ( ) );
#717 = UNCERTAINTY_MEASURE_WITH_UNIT (LENGTH_MEASURE( 1.000000000000000100E-005 ), #3738, 'distance_accuracy_value', 'NONE');
#718 = EDGE_LOOP ( 'NONE', ( #2183, #1886, #1844, #5648 ) ) ;
#719 = CARTESIAN_POINT ( 'NONE',  ( -3.629999999999999400, 0.1034274948450667300, -11.20499999999999800 ) ) ;
#720 = ORIENTED_EDGE ( 'NONE', *, *, #5160, .T. ) ;
#721 = VERTEX_POINT ( 'NONE', #4166 ) ;
#722 = CARTESIAN_POINT ( 'NONE',  ( -4.358578643762682800, 7.900000000000000400, -12.65000000000000200 ) ) ;
#723 = VECTOR ( 'NONE', #4238, 1000.000000000000000 ) ;
#724 = CARTESIAN_POINT ( 'NONE',  ( -2.499999999999916500, 7.900000000000000400, -2.939999999999999900 ) ) ;
#725 = LINE ( 'NONE', #355, #1512 ) ;
#726 = CYLINDRICAL_SURFACE ( 'NONE', #4415, 0.2249999999999995100 ) ;
#727 = ORIENTED_EDGE ( 'NONE', *, *, #2554, .T. ) ;
#728 =( GEOMETRIC_REPRESENTATION_CONTEXT ( 3 ) GLOBAL_UNCERTAINTY_ASSIGNED_CONTEXT ( ( #3046 ) ) GLOBAL_UNIT_ASSIGNED_CONTEXT ( ( #3147, #3104, #159 ) ) REPRESENTATION_CONTEXT ( 'NONE', 'WORKASPACE' ) );
#729 = DIRECTION ( 'NONE',  ( -0.7660444431189817900, 0.6427876096865349200, 0.0000000000000000000 ) ) ;
#730 = EDGE_LOOP ( 'NONE', ( #2710, #445, #789, #5589 ) ) ;
#731 = DIRECTION ( 'NONE',  ( 2.492418787322998300E-016, 0.0000000000000000000, 1.000000000000000000 ) ) ;
#732 = CARTESIAN_POINT ( 'NONE',  ( -4.999999999999992900, -20.30459520007603700, -12.00857864376269100 ) ) ;
#733 = CYLINDRICAL_SURFACE ( 'NONE', #3977, 0.2249999999999995100 ) ;
#734 = DIRECTION ( 'NONE',  ( 0.0000000000000000000, 1.000000000000000000, -1.215986738798339900E-016 ) ) ;
#735 = ORIENTED_EDGE ( 'NONE', *, *, #341, .F. ) ;
#736 = VECTOR ( 'NONE', #6283, 1000.000000000000000 ) ;
#737 = DIRECTION ( 'NONE',  ( -0.0000000000000000000, 1.000000000000000000, -0.0000000000000000000 ) ) ;
#738 = ORIENTED_EDGE ( 'NONE', *, *, #5750, .T. ) ;
#739 = ORIENTED_EDGE ( 'NONE', *, *, #3752, .F. ) ;
#740 = VECTOR ( 'NONE', #5734, 1000.000000000000000 ) ;
#741 = EDGE_CURVE ( 'NONE', #5301, #2980, #5941, .T. ) ;
#742 = DIRECTION ( 'NONE',  ( -1.000000000000000000, -0.0000000000000000000, -0.0000000000000000000 ) ) ;
#743 = EDGE_CURVE ( 'NONE', #5054, #2696, #5202, .T. ) ;
#744 = CARTESIAN_POINT ( 'NONE',  ( -4.999999999999992900, 6.900000000000000400, -12.00857864376269100 ) ) ;
#745 = PLANE ( 'NONE',  #2557 ) ;
#746 = STYLED_ITEM ( 'NONE', ( #656 ), #2913 ) ;
#747 = ORIENTED_EDGE ( 'NONE', *, *, #6462, .F. ) ;
#748 = FACE_OUTER_BOUND ( 'NONE', #1451, .T. ) ;
#749 = CARTESIAN_POINT ( 'NONE',  ( 3.630000000000000300, -6.200000000000000200, -11.65499999999999800 ) ) ;
#750 = PLANE ( 'NONE',  #5742 ) ;
#751 = CARTESIAN_POINT ( 'NONE',  ( -2.499999999999836600, -20.30459520007603700, 4.679999999999999700 ) ) ;
#752 = EDGE_CURVE ( 'NONE', #2206, #3162, #1796, .T. ) ;
#753 = CARTESIAN_POINT ( 'NONE',  ( -3.629999999999866200, -6.200000000000000200, 1.045000000000003900 ) ) ;
#754 = LINE ( 'NONE', #1594, #3913 ) ;
#755 = DIRECTION ( 'NONE',  ( 0.0000000000000000000, 1.000000000000000000, 0.0000000000000000000 ) ) ;
#756 = CARTESIAN_POINT ( 'NONE',  ( -3.629999999999760100, -6.200000000000000200, 11.43000000000000500 ) ) ;
#757 = CARTESIAN_POINT ( 'NONE',  ( -4.999999999999999100, 7.900000000000000400, 12.65000000000000000 ) ) ;
#758 = EDGE_LOOP ( 'NONE', ( #4377, #5788, #844, #1181 ) ) ;
#759 = VECTOR ( 'NONE', #3902, 1000.000000000000000 ) ;
#760 = ORIENTED_EDGE ( 'NONE', *, *, #2332, .T. ) ;
#761 = CARTESIAN_POINT ( 'NONE',  ( 5.100000000000000500, 1.099999999999999000, -9.807856876076018100 ) ) ;
#762 =( GEOMETRIC_REPRESENTATION_CONTEXT ( 3 ) GLOBAL_UNCERTAINTY_ASSIGNED_CONTEXT ( ( #3163 ) ) GLOBAL_UNIT_ASSIGNED_CONTEXT ( ( #4288, #3261, #2756 ) ) REPRESENTATION_CONTEXT ( 'NONE', 'WORKASPACE' ) );
#763 = ORIENTED_EDGE ( 'NONE', *, *, #4892, .F. ) ;
#764 = CARTESIAN_POINT ( 'NONE',  ( 3.630000000000160200, -6.200000000000000200, 4.035000000000001900 ) ) ;
#765 = DIRECTION ( 'NONE',  ( 2.492418787322998300E-016, 0.0000000000000000000, 1.000000000000000000 ) ) ;
#766 = VECTOR ( 'NONE', #772, 1000.000000000000000 ) ;
#767 = VECTOR ( 'NONE', #1066, 1000.000000000000000 ) ;
#768 = ADVANCED_FACE ( 'NONE', ( #3848 ), #4311, .F. ) ;
#769 = ORIENTED_EDGE ( 'NONE', *, *, #2552, .F. ) ;
#770 = CARTESIAN_POINT ( 'NONE',  ( 2.500000000000110600, 7.900000000000000400, -0.3999999999999993000 ) ) ;
#771 = LINE ( 'NONE', #1436, #3448 ) ;
#772 = DIRECTION ( 'NONE',  ( -1.000000000000000000, -0.0000000000000000000, -0.0000000000000000000 ) ) ;
#773 = LINE ( 'NONE', #3615, #5414 ) ;
#774 = AXIS2_PLACEMENT_3D ( 'NONE', #5522, #3, #964 ) ;
#775 = PLANE ( 'NONE',  #5302 ) ;
#776 =( NAMED_UNIT ( * ) SI_UNIT ( $, .STERADIAN. ) SOLID_ANGLE_UNIT ( ) );
#777 = CARTESIAN_POINT ( 'NONE',  ( 3.630000000000160200, -6.200000000000000200, 3.585000000000002600 ) ) ;
#778 = ORIENTED_EDGE ( 'NONE', *, *, #980, .F. ) ;
#779 = CARTESIAN_POINT ( 'NONE',  ( 3.630000000000239700, -6.200000000000000200, 11.20500000000000500 ) ) ;
#780 = DIRECTION ( 'NONE',  ( 1.000000000000000000, 0.0000000000000000000, 0.0000000000000000000 ) ) ;
#781 = FACE_OUTER_BOUND ( 'NONE', #5195, .T. ) ;
#782 = EDGE_CURVE ( 'NONE', #1346, #4498, #1650, .T. ) ;
#783 = DIRECTION ( 'NONE',  ( -0.0000000000000000000, -1.215986738798339900E-016, -1.000000000000000000 ) ) ;
#784 = ORIENTED_EDGE ( 'NONE', *, *, #3915, .T. ) ;
#785 = VERTEX_POINT ( 'NONE', #5062 ) ;
#786 = MANIFOLD_SOLID_BREP ( 'Boss-Extrude3[1]', #3137 ) ;
#787 = DIRECTION ( 'NONE',  ( 0.0000000000000000000, 1.000000000000000000, 0.0000000000000000000 ) ) ;
#788 = ORIENTED_EDGE ( 'NONE', *, *, #3439, .F. ) ;
#789 = ORIENTED_EDGE ( 'NONE', *, *, #1, .T. ) ;
#790 = MECHANICAL_DESIGN_GEOMETRIC_PRESENTATION_REPRESENTATION (  '', ( #1466 ), #3487 ) ;
#791 = EDGE_LOOP ( 'NONE', ( #315, #5364, #351, #2825 ) ) ;
#792 = EDGE_CURVE ( 'NONE', #936, #2483, #6491, .T. ) ;
#793 = VECTOR ( 'NONE', #416, 1000.000000000000000 ) ;
#794 = FACE_OUTER_BOUND ( 'NONE', #5174, .T. ) ;
#795 = CARTESIAN_POINT ( 'NONE',  ( -2.499999999999863200, 6.899999999999999500, 0.4000000000000010200 ) ) ;
#796 = UNCERTAINTY_MEASURE_WITH_UNIT (LENGTH_MEASURE( 1.000000000000000100E-005 ), #194, 'distance_accuracy_value', 'NONE');
#797 = DIRECTION ( 'NONE',  ( -1.000000000000000000, 0.0000000000000000000, 2.492418787322998300E-016 ) ) ;
#798 = ORIENTED_EDGE ( 'NONE', *, *, #2981, .F. ) ;
#799 = STYLED_ITEM ( 'NONE', ( #1261 ), #3627 ) ;
#800 = CARTESIAN_POINT ( 'NONE',  ( 2.500000000000030600, -20.30459520007603700, -8.019999999999999600 ) ) ;
#801 = EDGE_LOOP ( 'NONE', ( #4663, #1706, #5739, #814, #3106, #19 ) ) ;
#802 = DIRECTION ( 'NONE',  ( -1.000000000000000000, -0.0000000000000000000, -0.0000000000000000000 ) ) ;
#803 = CIRCLE ( 'NONE', #1049, 0.2249999999999999500 ) ;
#804 = CIRCLE ( 'NONE', #2752, 0.2249999999999995100 ) ;
#805 = ORIENTED_EDGE ( 'NONE', *, *, #3710, .F. ) ;
#806 = CARTESIAN_POINT ( 'NONE',  ( -3.629999999999760100, 1.100000000000001600, 11.43000000000000500 ) ) ;
#807 = LINE ( 'NONE', #1738, #2527 ) ;
#808 = CARTESIAN_POINT ( 'NONE',  ( -5.099999999999998800, 1.099999999999999000, -9.807856876076018100 ) ) ;
#809 = ORIENTED_EDGE ( 'NONE', *, *, #1081, .F. ) ;
#810 = CARTESIAN_POINT ( 'NONE',  ( -2.499999999999917000, 6.900000000000000400, -4.679999999999999700 ) ) ;
#811 = SURFACE_STYLE_FILL_AREA ( #2272 ) ;
#812 = SURFACE_STYLE_USAGE ( .BOTH. , #3314 ) ;
#813 = CARTESIAN_POINT ( 'NONE',  ( -2.499999999999783300, 7.900000000000000400, 9.760000000000001600 ) ) ;
#814 = ORIENTED_EDGE ( 'NONE', *, *, #1420, .T. ) ;
#815 = AXIS2_PLACEMENT_3D ( 'NONE', #1000, #4043, #2048 ) ;
#816 = FACE_OUTER_BOUND ( 'NONE', #3423, .T. ) ;
#817 = DIRECTION ( 'NONE',  ( 0.0000000000000000000, 1.000000000000000000, -1.215986738798339900E-016 ) ) ;
#818 = CARTESIAN_POINT ( 'NONE',  ( 2.289071048146351700, 1.099999999999999000, -9.807856876076018100 ) ) ;
#819 = VERTEX_POINT ( 'NONE', #987 ) ;
#820 = VECTOR ( 'NONE', #5210, 1000.000000000000000 ) ;
#821 = DIRECTION ( 'NONE',  ( -4.984837574645996500E-016, 0.0000000000000000000, -1.000000000000000000 ) ) ;
#822 = CARTESIAN_POINT ( 'NONE',  ( -3.629999999999920000, 1.099999999999999900, -3.584999999999997300 ) ) ;
#823 = PLANE ( 'NONE',  #5749 ) ;
#824 = DIRECTION ( 'NONE',  ( -1.000000000000000000, 0.0000000000000000000, 2.492418787322998300E-016 ) ) ;
#825 = VERTEX_POINT ( 'NONE', #2087 ) ;
#826 = DIRECTION ( 'NONE',  ( -0.0000000000000000000, -1.000000000000000000, -0.0000000000000000000 ) ) ;
#827 = ORIENTED_EDGE ( 'NONE', *, *, #3478, .F. ) ;
#828 = LINE ( 'NONE', #3807, #4622 ) ;
#829 = CARTESIAN_POINT ( 'NONE',  ( 2.500000000000217200, 7.900000000000000400, 9.760000000000001600 ) ) ;
#830 = EDGE_CURVE ( 'NONE', #201, #2955, #3772, .T. ) ;
#831 = CIRCLE ( 'NONE', #5544, 0.2249999999999995100 ) ;
#832 = EDGE_CURVE ( 'NONE', #4974, #3021, #2486, .T. ) ;
#833 = DIRECTION ( 'NONE',  ( 0.0000000000000000000, 1.000000000000000000, 0.0000000000000000000 ) ) ;
#834 = ADVANCED_FACE ( 'NONE', ( #3356 ), #2482, .F. ) ;
#835 = ORIENTED_EDGE ( 'NONE', *, *, #215, .F. ) ;
#836 = CIRCLE ( 'NONE', #3539, 0.2249999999999995100 ) ;
#837 = DIRECTION ( 'NONE',  ( -2.462239309748130900E-016, 0.0000000000000000000, 1.000000000000000000 ) ) ;
#838 = CARTESIAN_POINT ( 'NONE',  ( 5.100000000000000500, 1.099999999999999000, -9.807856876076018100 ) ) ;
#839 = CARTESIAN_POINT ( 'NONE',  ( 2.500000000000190500, 6.899999999999999500, 7.220000000000000600 ) ) ;
#840 = EDGE_CURVE ( 'NONE', #4790, #1223, #463, .T. ) ;
#841 = LINE ( 'NONE', #710, #153 ) ;
#842 = VERTEX_POINT ( 'NONE', #523 ) ;
#843 = LINE ( 'NONE', #4692, #6012 ) ;
#844 = ORIENTED_EDGE ( 'NONE', *, *, #6361, .F. ) ;
#845 = EDGE_LOOP ( 'NONE', ( #565, #3102, #1309, #2724 ) ) ;
#846 = VERTEX_POINT ( 'NONE', #3013 ) ;
#847 = MECHANICAL_DESIGN_GEOMETRIC_PRESENTATION_REPRESENTATION (  '', ( #406 ), #2402 ) ;
#848 = PLANE ( 'NONE',  #4691 ) ;
#849 = CARTESIAN_POINT ( 'NONE',  ( 3.507546743040525600, 0.07757749381583084500, -11.24124036485514800 ) ) ;
#850 = CARTESIAN_POINT ( 'NONE',  ( 3.507546743040525600, 0.07757749381583084500, -11.24124036485514800 ) ) ;
#851 = ORIENTED_EDGE ( 'NONE', *, *, #4894, .T. ) ;
#852 = ORIENTED_EDGE ( 'NONE', *, *, #3912, .F. ) ;
#853 = LINE ( 'NONE', #3169, #170 ) ;
#854 = ORIENTED_EDGE ( 'NONE', *, *, #1164, .T. ) ;
#855 = CARTESIAN_POINT ( 'NONE',  ( 2.500000000000137700, -20.30459520007603700, 2.140000000000001500 ) ) ;
#856 = PLANE ( 'NONE',  #3482 ) ;
#857 = FACE_OUTER_BOUND ( 'NONE', #3818, .T. ) ;
#858 = CARTESIAN_POINT ( 'NONE',  ( -5.099999999999998800, 0.0000000000000000000, -12.75000000000000200 ) ) ;
#859 = VERTEX_POINT ( 'NONE', #78 ) ;
#860 = ADVANCED_FACE ( 'NONE', ( #4714 ), #5571, .T. ) ;
#861 = EDGE_CURVE ( 'NONE', #3698, #5353, #4157, .T. ) ;
#862 = EDGE_CURVE ( 'NONE', #4645, #5817, #3637, .T. ) ;
#863 = VECTOR ( 'NONE', #4077, 1000.000000000000000 ) ;
#864 = MANIFOLD_SOLID_BREP ( 'Boss-Extrude3[3]', #3669 ) ;
#865 = CARTESIAN_POINT ( 'NONE',  ( -2.499999999999942700, 6.900000000000000400, -5.479999999999999500 ) ) ;
#866 = EDGE_CURVE ( 'NONE', #4620, #965, #3521, .T. ) ;
#867 = ORIENTED_EDGE ( 'NONE', *, *, #1095, .F. ) ;
#868 = ORIENTED_EDGE ( 'NONE', *, *, #999, .T. ) ;
#869 = DIRECTION ( 'NONE',  ( -1.000000000000000000, 0.0000000000000000000, -0.0000000000000000000 ) ) ;
#870 = CARTESIAN_POINT ( 'NONE',  ( -3.629999999999760100, 1.736396103067893400, 11.65500000000000500 ) ) ;
#871 =( LENGTH_UNIT ( ) NAMED_UNIT ( * ) SI_UNIT ( .MILLI., .METRE. ) );
#872 = CARTESIAN_POINT ( 'NONE',  ( -2.499999999999996400, 6.900000000000000400, -12.30000000000000100 ) ) ;
#873 = LINE ( 'NONE', #4314, #2437 ) ;
#874 = CARTESIAN_POINT ( 'NONE',  ( 2.500000000000163900, 7.900000000000000400, 4.679999999999999700 ) ) ;
#875 = FACE_OUTER_BOUND ( 'NONE', #5862, .T. ) ;
#876 = EDGE_CURVE ( 'NONE', #2736, #5119, #1082, .T. ) ;
#877 = DIRECTION ( 'NONE',  ( 0.0000000000000000000, 1.000000000000000000, 0.0000000000000000000 ) ) ;
#878 = FACE_OUTER_BOUND ( 'NONE', #4141, .T. ) ;
#879 = VERTEX_POINT ( 'NONE', #2170 ) ;
#880 = PLANE ( 'NONE',  #6403 ) ;
#881 = CARTESIAN_POINT ( 'NONE',  ( 3.599999999999998800, 0.0000000000000000000, 11.65299103120975000 ) ) ;
#882 = DIRECTION ( 'NONE',  ( -1.000000000000000000, -0.0000000000000000000, -0.0000000000000000000 ) ) ;
#883 =( LENGTH_UNIT ( ) NAMED_UNIT ( * ) SI_UNIT ( .MILLI., .METRE. ) );
#884 = EDGE_LOOP ( 'NONE', ( #3032, #4570, #6346, #4105 ) ) ;
#885 = AXIS2_PLACEMENT_3D ( 'NONE', #4142, #1200, #1139 ) ;
#886 = DIRECTION ( 'NONE',  ( 1.000000000000000000, 0.0000000000000000000, 0.0000000000000000000 ) ) ;
#887 = DIRECTION ( 'NONE',  ( 0.0000000000000000000, 1.000000000000000000, 0.0000000000000000000 ) ) ;
#888 = ORIENTED_EDGE ( 'NONE', *, *, #4855, .T. ) ;
#889 = LINE ( 'NONE', #2186, #4048 ) ;
#890 = CLOSED_SHELL ( 'NONE', ( #5925, #891, #5036, #3043 ) ) ;
#891 = ADVANCED_FACE ( 'NONE', ( #5638 ), #4307, .T. ) ;
#892 = AXIS2_PLACEMENT_3D ( 'NONE', #6419, #2885, #4915 ) ;
#893 = ORIENTED_EDGE ( 'NONE', *, *, #225, .F. ) ;
#894 = FACE_OUTER_BOUND ( 'NONE', #2652, .T. ) ;
#895 = PLANE ( 'NONE',  #532 ) ;
#896 = DIRECTION ( 'NONE',  ( 0.0000000000000000000, 1.000000000000000000, 0.0000000000000000000 ) ) ;
#897 = ORIENTED_EDGE ( 'NONE', *, *, #2878, .F. ) ;
#898 = STYLED_ITEM ( 'NONE', ( #4151 ), #1070 ) ;
#899 =( NAMED_UNIT ( * ) PLANE_ANGLE_UNIT ( ) SI_UNIT ( $, .RADIAN. ) );
#900 = CARTESIAN_POINT ( 'NONE',  ( 3.630000000000160200, 1.100000000000000800, 3.810000000000002700 ) ) ;
#901 = MECHANICAL_DESIGN_GEOMETRIC_PRESENTATION_REPRESENTATION (  '', ( #258 ), #1597 ) ;
#902 = FACE_BOUND ( 'NONE', #5754, .T. ) ;
#903 = CARTESIAN_POINT ( 'NONE',  ( 3.630000000000000300, 1.099999999999998800, -11.42999999999999800 ) ) ;
#904 = PLANE ( 'NONE',  #905 ) ;
#905 = AXIS2_PLACEMENT_3D ( 'NONE', #2356, #4951, #1927 ) ;
#906 = CARTESIAN_POINT ( 'NONE',  ( -2.499999999999863200, -20.30459520007603700, 2.140000000000001500 ) ) ;
#907 = EDGE_CURVE ( 'NONE', #2922, #389, #3926, .T. ) ;
#908 = DIRECTION ( 'NONE',  ( 0.0000000000000000000, 1.000000000000000000, 0.0000000000000000000 ) ) ;
#909 = CARTESIAN_POINT ( 'NONE',  ( 3.298609699603818800, 0.2528964899028411400, -11.37678322839519600 ) ) ;
#910 = ORIENTED_EDGE ( 'NONE', *, *, #2069, .T. ) ;
#911 = VECTOR ( 'NONE', #1875, 1000.000000000000000 ) ;
#912 = VERTEX_POINT ( 'NONE', #3206 ) ;
#913 = ORIENTED_EDGE ( 'NONE', *, *, #5499, .T. ) ;
#914 = DIRECTION ( 'NONE',  ( 0.0000000000000000000, 1.000000000000000000, 0.0000000000000000000 ) ) ;
#915 = CARTESIAN_POINT ( 'NONE',  ( 3.630000000000080300, -6.200000000000000200, -3.584999999999997300 ) ) ;
#916 = EDGE_LOOP ( 'NONE', ( #769, #6270, #1434, #3329 ) ) ;
#917 = CARTESIAN_POINT ( 'NONE',  ( -3.629999999999786700, -6.200000000000000200, 8.665000000000004500 ) ) ;
#918 = VERTEX_POINT ( 'NONE', #3270 ) ;
#919 = ORIENTED_EDGE ( 'NONE', *, *, #6030, .T. ) ;
#920 = VECTOR ( 'NONE', #5184, 1000.000000000000000 ) ;
#921 = CARTESIAN_POINT ( 'NONE',  ( -3.629999999999786700, -6.200000000000000200, 8.890000000000004100 ) ) ;
#922 = ADVANCED_FACE ( 'NONE', ( #6009 ), #750, .T. ) ;
#923 = VECTOR ( 'NONE', #5828, 1000.000000000000000 ) ;
#924 = DIRECTION ( 'NONE',  ( 1.000000000000000000, 0.0000000000000000000, 0.0000000000000000000 ) ) ;
#925 = CARTESIAN_POINT ( 'NONE',  ( 3.840297408448369400, 0.0000000000000000000, 11.35000000000000100 ) ) ;
#926 = VERTEX_POINT ( 'NONE', #2248 ) ;
#927 = CARTESIAN_POINT ( 'NONE',  ( 0.0000000000000000000, 7.900000000000000400, 0.0000000000000000000 ) ) ;
#928 = LINE ( 'NONE', #4419, #4251 ) ;
#929 = AXIS2_PLACEMENT_3D ( 'NONE', #3090, #1793, #4821 ) ;
#930 = FILL_AREA_STYLE_COLOUR ( '', #4512 ) ;
#931 = PLANE ( 'NONE',  #2124 ) ;
#932 = VERTEX_POINT ( 'NONE', #5775 ) ;
#933 = VECTOR ( 'NONE', #6235, 1000.000000000000000 ) ;
#934 = ADVANCED_FACE ( 'NONE', ( #2118 ), #2698, .T. ) ;
#935 = ORIENTED_EDGE ( 'NONE', *, *, #1714, .F. ) ;
#936 = VERTEX_POINT ( 'NONE', #3247 ) ;
#937 = EDGE_LOOP ( 'NONE', ( #2809, #788, #6325, #4959, #4053 ) ) ;
#938 = DIRECTION ( 'NONE',  ( 2.492418787322998300E-016, 0.0000000000000000000, 1.000000000000000000 ) ) ;
#939 = VECTOR ( 'NONE', #2953, 1000.000000000000000 ) ;
#940 = FACE_OUTER_BOUND ( 'NONE', #2130, .T. ) ;
#941 = CARTESIAN_POINT ( 'NONE',  ( 2.500000000000137700, 6.900000000000000400, 2.140000000000001500 ) ) ;
#942 = ORIENTED_EDGE ( 'NONE', *, *, #5111, .F. ) ;
#944 = AXIS2_PLACEMENT_3D ( 'NONE', #4891, #887, #5463 ) ;
#943 = DIRECTION ( 'NONE',  ( 2.492418787322998300E-016, 0.0000000000000000000, 1.000000000000000000 ) ) ;
#945 = EDGE_CURVE ( 'NONE', #4928, #6445, #841, .T. ) ;
#946 = DIRECTION ( 'NONE',  ( 0.0000000000000000000, 1.000000000000000000, 0.0000000000000000000 ) ) ;
#947 = EDGE_CURVE ( 'NONE', #431, #1505, #1946, .T. ) ;
#948 = VECTOR ( 'NONE', #6268, 1000.000000000000000 ) ;
#949 = VECTOR ( 'NONE', #5137, 1000.000000000000000 ) ;
#950 = AXIS2_PLACEMENT_3D ( 'NONE', #2548, #2598, #74 ) ;
#951 = DIRECTION ( 'NONE',  ( 0.0000000000000000000, 1.000000000000000000, -1.215986738798339900E-016 ) ) ;
#952 =( NAMED_UNIT ( * ) SI_UNIT ( $, .STERADIAN. ) SOLID_ANGLE_UNIT ( ) );
#953 = DIRECTION ( 'NONE',  ( 0.0000000000000000000, -1.000000000000000000, 0.0000000000000000000 ) ) ;
#954 = VECTOR ( 'NONE', #4767, 1000.000000000000000 ) ;
#955 = LINE ( 'NONE', #166, #1519 ) ;
#956 = ORIENTED_EDGE ( 'NONE', *, *, #5012, .F. ) ;
#957 = ADVANCED_FACE ( 'NONE', ( #6096, #619, #2959, #5263, #6176, #3619, #1231, #1640, #1476, #6249, #4792 ), #4728, .T. ) ;
#958 = EDGE_CURVE ( 'NONE', #3856, #2052, #316, .T. ) ;
#959 = LINE ( 'NONE', #4344, #4838 ) ;
#960 = DIRECTION ( 'NONE',  ( 1.000000000000000000, 0.0000000000000000000, 0.0000000000000000000 ) ) ;
#961 = DIRECTION ( 'NONE',  ( -0.0000000000000000000, 1.000000000000000000, -0.0000000000000000000 ) ) ;
#962 = ORIENTED_EDGE ( 'NONE', *, *, #424, .F. ) ;
#963 = DIRECTION ( 'NONE',  ( 0.0000000000000000000, 0.0000000000000000000, -1.000000000000000000 ) ) ;
#964 = DIRECTION ( 'NONE',  ( -1.000000000000000000, 0.0000000000000000000, -0.0000000000000000000 ) ) ;
#965 = VERTEX_POINT ( 'NONE', #1250 ) ;
#966 = ADVANCED_FACE ( 'NONE', ( #5483 ), #3718, .F. ) ;
#967 = CARTESIAN_POINT ( 'NONE',  ( -5.099999999999998800, 0.0000000000000000000, 12.74999999999999800 ) ) ;
#968 = DIRECTION ( 'NONE',  ( -1.000000000000000000, -0.0000000000000000000, 0.0000000000000000000 ) ) ;
#969 = EDGE_LOOP ( 'NONE', ( #4434, #2261, #1481, #3846 ) ) ;
#970 = DIRECTION ( 'NONE',  ( 0.0000000000000000000, -0.0000000000000000000, -1.000000000000000000 ) ) ;
#971 = DIRECTION ( 'NONE',  ( -0.0000000000000000000, 1.000000000000000000, 0.0000000000000000000 ) ) ;
#972 = ORIENTED_EDGE ( 'NONE', *, *, #1979, .T. ) ;
#973 = EDGE_LOOP ( 'NONE', ( #3905, #2904, #2876, #2131 ) ) ;
#974 = LINE ( 'NONE', #5823, #1626 ) ;
#975 = CARTESIAN_POINT ( 'NONE',  ( 2.500000000000242900, 7.900000000000000400, 10.56000000000000200 ) ) ;
#976 = VECTOR ( 'NONE', #4996, 1000.000000000000000 ) ;
#977 = DIRECTION ( 'NONE',  ( 0.0000000000000000000, 1.000000000000000000, 0.0000000000000000000 ) ) ;
#978 = CARTESIAN_POINT ( 'NONE',  ( 3.840297408448132300, 0.0000000000000000000, -11.35000000000000100 ) ) ;
#979 = DIRECTION ( 'NONE',  ( -1.000000000000000000, -0.0000000000000000000, -1.853618526925526000E-016 ) ) ;
#980 = EDGE_CURVE ( 'NONE', #2392, #6051, #5791, .T. ) ;
#981 = EDGE_CURVE ( 'NONE', #5384, #3739, #2654, .T. ) ;
#982 = EDGE_LOOP ( 'NONE', ( #3141, #5975, #4024, #1180, #4926, #2410 ) ) ;
#983 = LINE ( 'NONE', #2594, #4940 ) ;
#984 = EDGE_CURVE ( 'NONE', #3763, #4956, #4231, .T. ) ;
#985 = DIRECTION ( 'NONE',  ( 0.0000000000000000000, -1.000000000000000000, 0.0000000000000000000 ) ) ;
#986 = ADVANCED_FACE ( 'NONE', ( #2956 ), #2282, .T. ) ;
#987 = CARTESIAN_POINT ( 'NONE',  ( -2.499999999999943200, 6.899999999999999500, -7.219999999999999800 ) ) ;
#988 = STYLED_ITEM ( 'NONE', ( #5543 ), #2242 ) ;
#989 = DIRECTION ( 'NONE',  ( -4.984837574645996500E-016, 0.0000000000000000000, -1.000000000000000000 ) ) ;
#990 = EDGE_LOOP ( 'NONE', ( #4203, #5183, #6446, #1013 ) ) ;
#991 = DIRECTION ( 'NONE',  ( 0.0000000000000000000, 0.0000000000000000000, 1.000000000000000000 ) ) ;
#992 = ORIENTED_EDGE ( 'NONE', *, *, #5343, .F. ) ;
#993 = VECTOR ( 'NONE', #4170, 1000.000000000000000 ) ;
#994 = VERTEX_POINT ( 'NONE', #4809 ) ;
#995 = VECTOR ( 'NONE', #4976, 1000.000000000000000 ) ;
#996 = ORIENTED_EDGE ( 'NONE', *, *, #2789, .F. ) ;
#997 = DIRECTION ( 'NONE',  ( 1.000000000000000000, 0.0000000000000000000, 0.0000000000000000000 ) ) ;
#998 = ORIENTED_EDGE ( 'NONE', *, *, #1332, .F. ) ;
#999 = EDGE_CURVE ( 'NONE', #5384, #4871, #1871, .T. ) ;
#1000 = CARTESIAN_POINT ( 'NONE',  ( -3.629999999999866200, -6.200000000000000200, 1.270000000000003800 ) ) ;
#1001 = CARTESIAN_POINT ( 'NONE',  ( 5.100000000000000500, 2.779948234064492300E-015, 11.35000000000000100 ) ) ;
#1002 = EDGE_LOOP ( 'NONE', ( #1622, #3545, #4349, #29 ) ) ;
#1003 = PLANE ( 'NONE',  #4555 ) ;
#1004 = AXIS2_PLACEMENT_3D ( 'NONE', #712, #1809, #248 ) ;
#1005 = FACE_OUTER_BOUND ( 'NONE', #1921, .T. ) ;
#1006 = ADVANCED_FACE ( 'NONE', ( #4465 ), #1739, .F. ) ;
#1007 = ORIENTED_EDGE ( 'NONE', *, *, #3347, .T. ) ;
#1008 = CARTESIAN_POINT ( 'NONE',  ( -4.358578643762681900, 6.900000000000000400, -12.65000000000000200 ) ) ;
#1009 = CIRCLE ( 'NONE', #5235, 0.2249999999999995100 ) ;
#1010 = CARTESIAN_POINT ( 'NONE',  ( -2.499999999999783700, 7.900000000000000400, 8.020000000000001400 ) ) ;
#1011 = CIRCLE ( 'NONE', #1623, 0.2249999999999995100 ) ;
#1012 = AXIS2_PLACEMENT_3D ( 'NONE', #5852, #2845, #3919 ) ;
#1013 = ORIENTED_EDGE ( 'NONE', *, *, #6131, .T. ) ;
#1014 = DIRECTION ( 'NONE',  ( 0.0000000000000000000, -0.0000000000000000000, -1.000000000000000000 ) ) ;
#1015 = CARTESIAN_POINT ( 'NONE',  ( -3.629999999999973200, -6.200000000000000200, -8.889999999999997000 ) ) ;
#1016 = CYLINDRICAL_SURFACE ( 'NONE', #885, 0.2249999999999995100 ) ;
#1017 = DIRECTION ( 'NONE',  ( 0.0000000000000000000, 1.000000000000000000, 0.0000000000000000000 ) ) ;
#1018 = ORIENTED_EDGE ( 'NONE', *, *, #542, .F. ) ;
#1019 = DIRECTION ( 'NONE',  ( -4.984837574645996500E-016, 0.0000000000000000000, -1.000000000000000000 ) ) ;
#1020 = DIRECTION ( 'NONE',  ( 0.0000000000000000000, 1.000000000000000000, 0.0000000000000000000 ) ) ;
#1021 = AXIS2_PLACEMENT_3D ( 'NONE', #448, #384, #3980 ) ;
#1022 = DIRECTION ( 'NONE',  ( 0.0000000000000000000, 1.000000000000000000, 0.0000000000000000000 ) ) ;
#1023 = VECTOR ( 'NONE', #6327, 1000.000000000000000 ) ;
#1024 = DIRECTION ( 'NONE',  ( 2.492418787322998300E-016, -0.0000000000000000000, 1.000000000000000000 ) ) ;
#1025 = VERTEX_POINT ( 'NONE', #5292 ) ;
#1026 = ORIENTED_EDGE ( 'NONE', *, *, #2844, .F. ) ;
#1027 = ADVANCED_FACE ( 'NONE', ( #4551 ), #331, .F. ) ;
#1028 = EDGE_LOOP ( 'NONE', ( #1540, #3194, #5492, #2 ) ) ;
#1029 =( GEOMETRIC_REPRESENTATION_CONTEXT ( 3 ) GLOBAL_UNCERTAINTY_ASSIGNED_CONTEXT ( ( #205 ) ) GLOBAL_UNIT_ASSIGNED_CONTEXT ( ( #6055, #2041, #5549 ) ) REPRESENTATION_CONTEXT ( 'NONE', 'WORKASPACE' ) );
#1030 = LINE ( 'NONE', #4556, #4744 ) ;
#1031 = FILL_AREA_STYLE_COLOUR ( '', #398 ) ;
#1032 = LINE ( 'NONE', #4299, #33 ) ;
#1033 = DIRECTION ( 'NONE',  ( 0.0000000000000000000, 1.000000000000000000, 0.0000000000000000000 ) ) ;
#1034 = CARTESIAN_POINT ( 'NONE',  ( 2.500000000000243800, -20.30459520007603700, 12.30000000000000200 ) ) ;
#1035 = PLANE ( 'NONE',  #4805 ) ;
#1036 = AXIS2_PLACEMENT_3D ( 'NONE', #1973, #1515, #4064 ) ;
#1037 = ADVANCED_FACE ( 'NONE', ( #2027 ), #612, .T. ) ;
#1038 = LINE ( 'NONE', #3716, #6363 ) ;
#1039 = VECTOR ( 'NONE', #2653, 1000.000000000000000 ) ;
#1040 = ORIENTED_EDGE ( 'NONE', *, *, #141, .F. ) ;
#1041 = CARTESIAN_POINT ( 'NONE',  ( 2.500000000000217200, 7.900000000000000400, 9.760000000000001600 ) ) ;
#1042 = DIRECTION ( 'NONE',  ( 1.000000000000000000, 0.0000000000000000000, 0.0000000000000000000 ) ) ;
#1043 = EDGE_CURVE ( 'NONE', #5317, #1986, #2875, .T. ) ;
#1044 = ADVANCED_FACE ( 'NONE', ( #4633 ), #880, .F. ) ;
#1045 = EDGE_CURVE ( 'NONE', #261, #819, #535, .T. ) ;
#1046 = CYLINDRICAL_SURFACE ( 'NONE', #1224, 0.2249999999999999500 ) ;
#1047 = CARTESIAN_POINT ( 'NONE',  ( -2.499999999999757100, 6.900000000000000400, 10.56000000000000200 ) ) ;
#1048 = ORIENTED_EDGE ( 'NONE', *, *, #5458, .F. ) ;
#1049 = AXIS2_PLACEMENT_3D ( 'NONE', #4835, #5327, #6312 ) ;
#1050 = CLOSED_SHELL ( 'NONE', ( #5477, #4877, #5955, #5490, #2136, #2073 ) ) ;
#1051 = CARTESIAN_POINT ( 'NONE',  ( 2.500000000000003600, 6.900000000000000400, -12.30000000000000100 ) ) ;
#1052 = DIRECTION ( 'NONE',  ( 0.0000000000000000000, -0.0000000000000000000, -1.000000000000000000 ) ) ;
#1053 = CARTESIAN_POINT ( 'NONE',  ( 3.630000000000053200, -6.200000000000000200, -6.349999999999997000 ) ) ;
#1054 = VECTOR ( 'NONE', #253, 1000.000000000000000 ) ;
#1055 = VERTEX_POINT ( 'NONE', #311 ) ;
#1056 = LINE ( 'NONE', #2406, #6381 ) ;
#1057 = DIRECTION ( 'NONE',  ( -0.0000000000000000000, 1.000000000000000000, -0.0000000000000000000 ) ) ;
#1058 = VERTEX_POINT ( 'NONE', #4379 ) ;
#1059 = ORIENTED_EDGE ( 'NONE', *, *, #5597, .F. ) ;
#1060 = FACE_OUTER_BOUND ( 'NONE', #3280, .T. ) ;
#1061 = CARTESIAN_POINT ( 'NONE',  ( 0.0000000000000000000, 7.900000000000000400, 0.0000000000000000000 ) ) ;
#1062 = ADVANCED_FACE ( 'NONE', ( #1632 ), #3363, .F. ) ;
#1063 = FILL_AREA_STYLE ('',( #4544 ) ) ;
#1064 = ORIENTED_EDGE ( 'NONE', *, *, #177, .T. ) ;
#1065 = LINE ( 'NONE', #1725, #6230 ) ;
#1066 = DIRECTION ( 'NONE',  ( -0.0000000000000000000, -0.0000000000000000000, 1.000000000000000000 ) ) ;
#1067 = DIRECTION ( 'NONE',  ( -1.000000000000000000, -0.0000000000000000000, 0.0000000000000000000 ) ) ;
#1068 = PLANE ( 'NONE',  #3168 ) ;
#1069 = ADVANCED_FACE ( 'NONE', ( #457 ), #5708, .T. ) ;
#1070 = MANIFOLD_SOLID_BREP ( 'Boss-Extrude3[8]', #3455 ) ;
#1071 = ADVANCED_FACE ( 'NONE', ( #5474 ), #3384, .F. ) ;
#1072 = VERTEX_POINT ( 'NONE', #2369 ) ;
#1073 = PRESENTATION_STYLE_ASSIGNMENT (( #2347 ) ) ;
#1074 = VERTEX_POINT ( 'NONE', #352 ) ;
#1075 = CARTESIAN_POINT ( 'NONE',  ( 2.500000000000030200, 7.900000000000000400, -9.759999999999999800 ) ) ;
#1076 = MANIFOLD_SOLID_BREP ( 'Split1[2]', #152 ) ;
#1077 = CARTESIAN_POINT ( 'NONE',  ( -2.499999999999942700, 7.900000000000000400, -5.479999999999999500 ) ) ;
#1078 = EDGE_CURVE ( 'NONE', #3225, #228, #4944, .T. ) ;
#1079 = EDGE_CURVE ( 'NONE', #1541, #2341, #5325, .T. ) ;
#1080 = ORIENTED_EDGE ( 'NONE', *, *, #4685, .F. ) ;
#1081 = EDGE_CURVE ( 'NONE', #1822, #5663, #232, .T. ) ;
#1082 = LINE ( 'NONE', #5171, #993 ) ;
#1083 = DIRECTION ( 'NONE',  ( 0.0000000000000000000, 1.000000000000000000, -1.215986738798339900E-016 ) ) ;
#1084 = VECTOR ( 'NONE', #4217, 1000.000000000000000 ) ;
#1085 = MECHANICAL_DESIGN_GEOMETRIC_PRESENTATION_REPRESENTATION (  '', ( #746 ), #1760 ) ;
#1086 = ORIENTED_EDGE ( 'NONE', *, *, #741, .F. ) ;
#1087 = CARTESIAN_POINT ( 'NONE',  ( -3.629999999999786700, -6.200000000000000200, 8.890000000000004100 ) ) ;
#1088 = ORIENTED_EDGE ( 'NONE', *, *, #2009, .T. ) ;
#1089 = CARTESIAN_POINT ( 'NONE',  ( 2.500000000000004400, -20.30459520007603700, -10.56000000000000000 ) ) ;
#1090 = ORIENTED_EDGE ( 'NONE', *, *, #876, .F. ) ;
#1091 = LINE ( 'NONE', #4535, #1488 ) ;
#1092 = DIRECTION ( 'NONE',  ( 1.000000000000000000, 0.0000000000000000000, -0.0000000000000000000 ) ) ;
#1093 = CARTESIAN_POINT ( 'NONE',  ( -3.629999999999946200, -6.200000000000000200, -6.349999999999997000 ) ) ;
#1094 = PRESENTATION_STYLE_ASSIGNMENT (( #1446 ) ) ;
#1095 = EDGE_CURVE ( 'NONE', #785, #3965, #3267, .T. ) ;
#1096 = DIRECTION ( 'NONE',  ( 0.0000000000000000000, 1.000000000000000000, 0.0000000000000000000 ) ) ;
#1097 = EDGE_LOOP ( 'NONE', ( #2944, #257, #3726, #344 ) ) ;
#1098 = VECTOR ( 'NONE', #481, 1000.000000000000000 ) ;
#1099 = SURFACE_STYLE_USAGE ( .BOTH. , #3601 ) ;
#1100 = ORIENTED_EDGE ( 'NONE', *, *, #4766, .F. ) ;
#1101 = ADVANCED_FACE ( 'NONE', ( #4073 ), #5493, .F. ) ;
#1102 = AXIS2_PLACEMENT_3D ( 'NONE', #1517, #3960, #4530 ) ;
#1103 = ORIENTED_EDGE ( 'NONE', *, *, #1381, .F. ) ;
#1104 = DIRECTION ( 'NONE',  ( -4.984837574645996500E-016, 0.0000000000000000000, -1.000000000000000000 ) ) ;
#1105 = ORIENTED_EDGE ( 'NONE', *, *, #2507, .T. ) ;
#1106 = EDGE_LOOP ( 'NONE', ( #935, #3868 ) ) ;
#1107 = DIRECTION ( 'NONE',  ( -1.000000000000000000, -0.0000000000000000000, -0.0000000000000000000 ) ) ;
#1108 = VECTOR ( 'NONE', #5994, 1000.000000000000000 ) ;
#1109 = LINE ( 'NONE', #1229, #4978 ) ;
#1110 = CARTESIAN_POINT ( 'NONE',  ( -4.999999999999999100, 6.900000000000000400, 12.65000000000000000 ) ) ;
#1111 = CARTESIAN_POINT ( 'NONE',  ( -4.999999999999999100, -20.30459520007603700, 12.65000000000000000 ) ) ;
#1112 = ORIENTED_EDGE ( 'NONE', *, *, #5153, .F. ) ;
#1113 = DIRECTION ( 'NONE',  ( 1.000000000000000000, 0.0000000000000000000, -4.984837574645996500E-016 ) ) ;
#1114 = DIRECTION ( 'NONE',  ( 0.0000000000000000000, -0.0000000000000000000, 1.000000000000000000 ) ) ;
#1115 = SURFACE_STYLE_FILL_AREA ( #2265 ) ;
#1116 = ORIENTED_EDGE ( 'NONE', *, *, #3265, .T. ) ;
#1117 = EDGE_CURVE ( 'NONE', #3336, #5006, #1779, .T. ) ;
#1118 = DIRECTION ( 'NONE',  ( -0.0000000000000000000, 1.000000000000000000, -0.0000000000000000000 ) ) ;
#1119 = PRESENTATION_STYLE_ASSIGNMENT (( #3378 ) ) ;
#1120 = ORIENTED_EDGE ( 'NONE', *, *, #6030, .F. ) ;
#1121 = ORIENTED_EDGE ( 'NONE', *, *, #2639, .F. ) ;
#1122 = AXIS2_PLACEMENT_3D ( 'NONE', #6355, #2916, #3365 ) ;
#1123 = VECTOR ( 'NONE', #4386, 1000.000000000000000 ) ;
#1124 = SURFACE_SIDE_STYLE ('',( #2836 ) ) ;
#1125 = ORIENTED_EDGE ( 'NONE', *, *, #5356, .F. ) ;
#1126 = AXIS2_PLACEMENT_3D ( 'NONE', #5526, #5992, #6011 ) ;
#1127 = SURFACE_STYLE_USAGE ( .BOTH. , #611 ) ;
#1128 = EDGE_CURVE ( 'NONE', #2731, #4759, #1394, .T. ) ;
#1129 = DIRECTION ( 'NONE',  ( -0.0000000000000000000, 1.000000000000000000, -0.0000000000000000000 ) ) ;
#1130 = LINE ( 'NONE', #1536, #6072 ) ;
#1131 = MECHANICAL_DESIGN_GEOMETRIC_PRESENTATION_REPRESENTATION (  '', ( #2267 ), #3639 ) ;
#1132 = ORIENTED_EDGE ( 'NONE', *, *, #5017, .T. ) ;
#1133 = VECTOR ( 'NONE', #5843, 1000.000000000000000 ) ;
#1134 = PLANE ( 'NONE',  #2822 ) ;
#1135 = ADVANCED_FACE ( 'NONE', ( #5562 ), #2111, .T. ) ;
#1136 = VERTEX_POINT ( 'NONE', #5027 ) ;
#1137 = ORIENTED_EDGE ( 'NONE', *, *, #5421, .T. ) ;
#1138 = CARTESIAN_POINT ( 'NONE',  ( -3.629999999999760100, 1.100000000000001600, 11.65500000000000500 ) ) ;
#1139 = DIRECTION ( 'NONE',  ( 0.0000000000000000000, 0.0000000000000000000, -1.000000000000000000 ) ) ;
#1140 = CARTESIAN_POINT ( 'NONE',  ( 3.630000000000027400, 1.099999999999999000, -8.889999999999997000 ) ) ;
#1141 = LINE ( 'NONE', #4650, #2863 ) ;
#1142 = CARTESIAN_POINT ( 'NONE',  ( -5.099999999999998800, 7.900000000000000400, -12.04999999999999500 ) ) ;
#1143 = DIRECTION ( 'NONE',  ( 0.0000000000000000000, 0.0000000000000000000, 1.000000000000000000 ) ) ;
#1144 = ORIENTED_EDGE ( 'NONE', *, *, #5799, .F. ) ;
#1145 = VECTOR ( 'NONE', #1057, 1000.000000000000000 ) ;
#1146 = ORIENTED_EDGE ( 'NONE', *, *, #2793, .T. ) ;
#1147 = CARTESIAN_POINT ( 'NONE',  ( -2.499999999999889900, 6.899999999999999500, -0.3999999999999993000 ) ) ;
#1148 = PLANE ( 'NONE',  #3057 ) ;
#1149 = DIRECTION ( 'NONE',  ( 1.000000000000000000, 0.0000000000000000000, -0.0000000000000000000 ) ) ;
#1150 = ORIENTED_EDGE ( 'NONE', *, *, #3438, .F. ) ;
#1151 = AXIS2_PLACEMENT_3D ( 'NONE', #4901, #5841, #5898 ) ;
#1152 = DIRECTION ( 'NONE',  ( 0.0000000000000000000, 1.000000000000000000, 0.0000000000000000000 ) ) ;
#1153 = ORIENTED_EDGE ( 'NONE', *, *, #2768, .T. ) ;
#1154 = PRESENTATION_STYLE_ASSIGNMENT (( #4640 ) ) ;
#1155 = LINE ( 'NONE', #1580, #3039 ) ;
#1156 = CLOSED_SHELL ( 'NONE', ( #591, #1135, #2540, #6 ) ) ;
#1157 = AXIS2_PLACEMENT_3D ( 'NONE', #3328, #1303, #1813 ) ;
#1158 = EDGE_LOOP ( 'NONE', ( #345, #263, #5980, #3592, #3705, #2228 ) ) ;
#1159 = CARTESIAN_POINT ( 'NONE',  ( -2.499999999999757100, -20.30459520007603700, 10.56000000000000200 ) ) ;
#1160 = ORIENTED_EDGE ( 'NONE', *, *, #6083, .T. ) ;
#1161 = CYLINDRICAL_SURFACE ( 'NONE', #2604, 0.2249999999999999500 ) ;
#1162 = AXIS2_PLACEMENT_3D ( 'NONE', #6301, #3308, #3916 ) ;
#1163 = EDGE_CURVE ( 'NONE', #2149, #3893, #2407, .T. ) ;
#1164 = EDGE_CURVE ( 'NONE', #6405, #2163, #1865, .T. ) ;
#1165 = ORIENTED_EDGE ( 'NONE', *, *, #5597, .T. ) ;
#1166 = VERTEX_POINT ( 'NONE', #4941 ) ;
#1167 = LINE ( 'NONE', #5916, #5350 ) ;
#1168 = CARTESIAN_POINT ( 'NONE',  ( -3.629999999999760100, -6.200000000000000200, 11.20500000000000500 ) ) ;
#1169 = AXIS2_PLACEMENT_3D ( 'NONE', #2544, #4072, #561 ) ;
#1170 = LINE ( 'NONE', #1748, #923 ) ;
#1171 = DIRECTION ( 'NONE',  ( 0.0000000000000000000, -1.000000000000000000, 0.0000000000000000000 ) ) ;
#1172 = DIRECTION ( 'NONE',  ( 0.0000000000000000000, 1.000000000000000000, 0.0000000000000000000 ) ) ;
#1173 = EDGE_LOOP ( 'NONE', ( #6396, #5781, #2575, #4784 ) ) ;
#1174 = CARTESIAN_POINT ( 'NONE',  ( -3.840297408448131400, 0.0000000000000000000, -11.35000000000000100 ) ) ;
#1175 = EDGE_CURVE ( 'NONE', #336, #1482, #2709, .T. ) ;
#1176 = PLANE ( 'NONE',  #1365 ) ;
#1177 = LINE ( 'NONE', #1034, #4325 ) ;
#1178 = ORIENTED_EDGE ( 'NONE', *, *, #6376, .T. ) ;
#1179 = LINE ( 'NONE', #2525, #4580 ) ;
#1180 = ORIENTED_EDGE ( 'NONE', *, *, #958, .T. ) ;
#1181 = ORIENTED_EDGE ( 'NONE', *, *, #1639, .F. ) ;
#1182 = FACE_OUTER_BOUND ( 'NONE', #4540, .T. ) ;
#1183 = CIRCLE ( 'NONE', #2930, 0.2249999999999999500 ) ;
#1184 = DIRECTION ( 'NONE',  ( 0.7071067811865479100, 0.0000000000000000000, -0.7071067811865470200 ) ) ;
#1185 = DIRECTION ( 'NONE',  ( -2.462239309748130900E-016, 0.0000000000000000000, 1.000000000000000000 ) ) ;
#1186 = DIRECTION ( 'NONE',  ( 0.0000000000000000000, 0.0000000000000000000, 1.000000000000000000 ) ) ;
#1187 = FACE_OUTER_BOUND ( 'NONE', #5793, .T. ) ;
#1188 = DIRECTION ( 'NONE',  ( 0.0000000000000000000, 1.000000000000000000, -1.215986738798339900E-016 ) ) ;
#1189 = VECTOR ( 'NONE', #1096, 1000.000000000000000 ) ;
#1190 = LINE ( 'NONE', #2295, #4911 ) ;
#1191 = ORIENTED_EDGE ( 'NONE', *, *, #6320, .T. ) ;
#1192 = VECTOR ( 'NONE', #3214, 1000.000000000000000 ) ;
#1193 = CARTESIAN_POINT ( 'NONE',  ( -2.499999999999916500, 6.899999999999999500, -2.939999999999999900 ) ) ;
#1194 = ORIENTED_EDGE ( 'NONE', *, *, #2842, .T. ) ;
#1195 = EDGE_LOOP ( 'NONE', ( #1619, #5859, #308, #778 ) ) ;
#1196 = EDGE_CURVE ( 'NONE', #6388, #1058, #1699, .T. ) ;
#1197 = EDGE_CURVE ( 'NONE', #2512, #4140, #3762, .T. ) ;
#1198 = CARTESIAN_POINT ( 'NONE',  ( 3.630000000000106900, -6.200000000000000200, -1.494999999999996800 ) ) ;
#1199 = EDGE_CURVE ( 'NONE', #4249, #2749, #5928, .T. ) ;
#1200 = DIRECTION ( 'NONE',  ( 0.0000000000000000000, -1.000000000000000000, 0.0000000000000000000 ) ) ;
#1201 = VECTOR ( 'NONE', #5296, 1000.000000000000000 ) ;
#1202 = VERTEX_POINT ( 'NONE', #4448 ) ;
#1203 = FACE_OUTER_BOUND ( 'NONE', #2699, .T. ) ;
#1204 = PRESENTATION_LAYER_ASSIGNMENT (  '', '', ( #988 ) ) ;
#1205 = CARTESIAN_POINT ( 'NONE',  ( 2.500000000000136800, 7.900000000000000400, 0.4000000000000010200 ) ) ;
#1206 = ORIENTED_EDGE ( 'NONE', *, *, #420, .F. ) ;
#1207 = DIRECTION ( 'NONE',  ( 0.0000000000000000000, -1.000000000000000000, 0.0000000000000000000 ) ) ;
#1208 = ORIENTED_EDGE ( 'NONE', *, *, #1246, .F. ) ;
#1209 = VECTOR ( 'NONE', #5540, 1000.000000000000000 ) ;
#1210 = DIRECTION ( 'NONE',  ( -1.000000000000000000, 0.0000000000000000000, 2.492418787322998300E-016 ) ) ;
#1211 = EDGE_CURVE ( 'NONE', #89, #5694, #2318, .T. ) ;
#1212 = VERTEX_POINT ( 'NONE', #5448 ) ;
#1213 = CARTESIAN_POINT ( 'NONE',  ( -2.499999999999996400, 7.900000000000000400, -12.30000000000000100 ) ) ;
#1214 = DIRECTION ( 'NONE',  ( -0.7071067811865479100, -0.0000000000000000000, 0.7071067811865470200 ) ) ;
#1215 = DIRECTION ( 'NONE',  ( 0.0000000000000000000, 0.0000000000000000000, 1.000000000000000000 ) ) ;
#1216 =( NAMED_UNIT ( * ) PLANE_ANGLE_UNIT ( ) SI_UNIT ( $, .RADIAN. ) );
#1217 = CARTESIAN_POINT ( 'NONE',  ( -3.629999999999999400, -6.200000000000000200, -11.42999999999999800 ) ) ;
#1218 = ORIENTED_EDGE ( 'NONE', *, *, #6244, .F. ) ;
#1219 = FACE_OUTER_BOUND ( 'NONE', #6179, .T. ) ;
#1220 = VERTEX_POINT ( 'NONE', #3946 ) ;
#1221 = FACE_OUTER_BOUND ( 'NONE', #1724, .T. ) ;
#1222 = VERTEX_POINT ( 'NONE', #2431 ) ;
#1223 = VERTEX_POINT ( 'NONE', #2941 ) ;
#1224 = AXIS2_PLACEMENT_3D ( 'NONE', #2376, #4966, #3989 ) ;
#1225 = DIRECTION ( 'NONE',  ( 0.0000000000000000000, -0.0000000000000000000, -1.000000000000000000 ) ) ;
#1226 = CARTESIAN_POINT ( 'NONE',  ( 2.500000000000057700, 7.900000000000000400, -5.479999999999999500 ) ) ;
#1227 = CARTESIAN_POINT ( 'NONE',  ( 2.500000000000163000, 7.900000000000000400, 2.939999999999999900 ) ) ;
#1228 = ORIENTED_EDGE ( 'NONE', *, *, #343, .F. ) ;
#1229 = CARTESIAN_POINT ( 'NONE',  ( -4.999999999999992900, 7.900000000000000400, -12.00857864376269100 ) ) ;
#1230 = VERTEX_POINT ( 'NONE', #915 ) ;
#1231 = FACE_BOUND ( 'NONE', #2800, .T. ) ;
#1232 = CARTESIAN_POINT ( 'NONE',  ( -2.499999999999783300, 6.900000000000000400, 9.760000000000001600 ) ) ;
#1233 = LINE ( 'NONE', #2837, #6336 ) ;
#1234 = DIRECTION ( 'NONE',  ( 1.000000000000000000, 0.0000000000000000000, 0.0000000000000000000 ) ) ;
#1235 = STYLED_ITEM ( 'NONE', ( #1073 ), #1076 ) ;
#1236 = ORIENTED_EDGE ( 'NONE', *, *, #512, .T. ) ;
#1237 = DIRECTION ( 'NONE',  ( -4.984837574645996500E-016, 0.0000000000000000000, -1.000000000000000000 ) ) ;
#1238 = FACE_OUTER_BOUND ( 'NONE', #1106, .T. ) ;
#1239 = COLOUR_RGB ( '',0.7529411764705882200, 0.7529411764705882200, 0.0000000000000000000 ) ;
#1240 = DIRECTION ( 'NONE',  ( -1.000000000000000000, 0.0000000000000000000, -1.853618526925526000E-016 ) ) ;
#1241 = FILL_AREA_STYLE_COLOUR ( '', #209 ) ;
#1242 = CLOSED_SHELL ( 'NONE', ( #3264, #4044, #419, #5863, #4180, #4480, #2343, #5548, #358, #107, #2519, #1006, #2035, #28, #966, #5578, #3109, #6387, #4113, #3596, #3582, #1537, #6457, #5985, #1428, #1329, #2866, #3506, #3072, #585, #4539, #1609, #2475, #2949, #1027, #1101, #5517, #1923, #5124, #75, #6094, #957, #5108, #834, #1509, #3077, #1364 ) ) ;
#1243 = AXIS2_PLACEMENT_3D ( 'NONE', #6127, #3611, #3087 ) ;
#1244 = DIRECTION ( 'NONE',  ( -1.000000000000000000, -0.0000000000000000000, -0.0000000000000000000 ) ) ;
#1245 = LINE ( 'NONE', #5700, #5133 ) ;
#1246 = EDGE_CURVE ( 'NONE', #1295, #336, #1934, .T. ) ;
#1247 = PLANE ( 'NONE',  #5254 ) ;
#1248 = ORIENTED_EDGE ( 'NONE', *, *, #5623, .T. ) ;
#1249 = ORIENTED_EDGE ( 'NONE', *, *, #1752, .T. ) ;
#1250 = CARTESIAN_POINT ( 'NONE',  ( 3.630000000000239700, 1.100000000000001600, 11.65500000000000500 ) ) ;
#1251 =( GEOMETRIC_REPRESENTATION_CONTEXT ( 3 ) GLOBAL_UNCERTAINTY_ASSIGNED_CONTEXT ( ( #3408 ) ) GLOBAL_UNIT_ASSIGNED_CONTEXT ( ( #5798, #4750, #776 ) ) REPRESENTATION_CONTEXT ( 'NONE', 'WORKASPACE' ) );
#1252 = CARTESIAN_POINT ( 'NONE',  ( -2.499999999999969800, 6.900000000000000400, -8.019999999999999600 ) ) ;
#1253 = DIRECTION ( 'NONE',  ( 0.0000000000000000000, 1.000000000000000000, 0.0000000000000000000 ) ) ;
#1254 = FACE_OUTER_BOUND ( 'NONE', #5577, .T. ) ;
#1255 = CARTESIAN_POINT ( 'NONE',  ( -3.629999999999760100, 1.100000000000001600, 11.43000000000000500 ) ) ;
#1256 = VERTEX_POINT ( 'NONE', #6473 ) ;
#1257 = DIRECTION ( 'NONE',  ( 1.000000000000000000, 0.0000000000000000000, 0.0000000000000000000 ) ) ;
#1258 = CARTESIAN_POINT ( 'NONE',  ( 2.500000000000109700, 6.899999999999999500, -2.139999999999999700 ) ) ;
#1259 = VERTEX_POINT ( 'NONE', #5471 ) ;
#1260 = VERTEX_POINT ( 'NONE', #3474 ) ;
#1261 = PRESENTATION_STYLE_ASSIGNMENT (( #4834 ) ) ;
#1262 = FACE_OUTER_BOUND ( 'NONE', #1815, .T. ) ;
#1263 = CARTESIAN_POINT ( 'NONE',  ( -2.499999999999809900, 6.899999999999999500, 7.220000000000000600 ) ) ;
#1264 = DIRECTION ( 'NONE',  ( 0.0000000000000000000, 1.000000000000000000, -1.215986738798339900E-016 ) ) ;
#1265 = ORIENTED_EDGE ( 'NONE', *, *, #2676, .T. ) ;
#1266 = EDGE_LOOP ( 'NONE', ( #4524, #3811, #4280, #1971 ) ) ;
#1267 = MANIFOLD_SOLID_BREP ( 'Boss-Extrude3[19]', #6331 ) ;
#1268 = CIRCLE ( 'NONE', #3997, 0.2249999999999995100 ) ;
#1269 =( NAMED_UNIT ( * ) PLANE_ANGLE_UNIT ( ) SI_UNIT ( $, .RADIAN. ) );
#1270 = CIRCLE ( 'NONE', #705, 0.2249999999999995100 ) ;
#1271 = CARTESIAN_POINT ( 'NONE',  ( 5.100000000000000500, 1.099999999999999000, -9.807856876076018100 ) ) ;
#1272 = CIRCLE ( 'NONE', #1323, 0.2249999999999995100 ) ;
#1273 = CARTESIAN_POINT ( 'NONE',  ( -2.499999999999756600, 6.899999999999999500, 12.30000000000000200 ) ) ;
#1274 = UNCERTAINTY_MEASURE_WITH_UNIT (LENGTH_MEASURE( 1.000000000000000100E-005 ), #3053, 'distance_accuracy_value', 'NONE');
#1275 = ORIENTED_EDGE ( 'NONE', *, *, #4644, .F. ) ;
#1276 = ORIENTED_EDGE ( 'NONE', *, *, #5554, .F. ) ;
#1277 = CARTESIAN_POINT ( 'NONE',  ( -2.499999999999809900, 6.900000000000000400, 7.220000000000000600 ) ) ;
#1278 = PLANE ( 'NONE',  #3828 ) ;
#1279 = PLANE ( 'NONE',  #5116 ) ;
#1280 = DIRECTION ( 'NONE',  ( -0.7071067811865471300, 0.0000000000000000000, -0.7071067811865480200 ) ) ;
#1281 = DIRECTION ( 'NONE',  ( -0.0000000000000000000, -0.0000000000000000000, 1.000000000000000000 ) ) ;
#1282 = DIRECTION ( 'NONE',  ( 0.0000000000000000000, 1.000000000000000000, 0.0000000000000000000 ) ) ;
#1283 = ORIENTED_EDGE ( 'NONE', *, *, #2187, .F. ) ;
#1284 = AXIS2_PLACEMENT_3D ( 'NONE', #1093, #597, #3612 ) ;
#1285 = CARTESIAN_POINT ( 'NONE',  ( -2.499999999999970200, 6.900000000000000400, -9.759999999999999800 ) ) ;
#1286 = CYLINDRICAL_SURFACE ( 'NONE', #3512, 0.2249999999999995100 ) ;
#1287 = VERTEX_POINT ( 'NONE', #1478 ) ;
#1288 = VECTOR ( 'NONE', #5355, 1000.000000000000000 ) ;
#1289 = STYLED_ITEM ( 'NONE', ( #3652 ), #125 ) ;
#1290 = EDGE_CURVE ( 'NONE', #3471, #3316, #1307, .T. ) ;
#1291 = EDGE_CURVE ( 'NONE', #1438, #3675, #6486, .T. ) ;
#1292 = ORIENTED_EDGE ( 'NONE', *, *, #2335, .F. ) ;
#1293 = AXIS2_PLACEMENT_3D ( 'NONE', #3190, #202, #158 ) ;
#1294 = ORIENTED_EDGE ( 'NONE', *, *, #1546, .T. ) ;
#1295 = VERTEX_POINT ( 'NONE', #1569 ) ;
#1296 = DIRECTION ( 'NONE',  ( 0.6427876096865349200, 0.7660444431189817900, 0.0000000000000000000 ) ) ;
#1297 = SURFACE_SIDE_STYLE ('',( #3609 ) ) ;
#1298 = DIRECTION ( 'NONE',  ( 1.000000000000000000, 0.0000000000000000000, -4.984837574645996500E-016 ) ) ;
#1299 = PLANE ( 'NONE',  #4979 ) ;
#1300 = EDGE_CURVE ( 'NONE', #3893, #476, #5105, .T. ) ;
#1301 = DIRECTION ( 'NONE',  ( -1.000000000000000000, -0.0000000000000000000, -0.0000000000000000000 ) ) ;
#1302 = LINE ( 'NONE', #3700, #6164 ) ;
#1303 = DIRECTION ( 'NONE',  ( 0.0000000000000000000, 0.0000000000000000000, -1.000000000000000000 ) ) ;
#1304 = DIRECTION ( 'NONE',  ( 0.0000000000000000000, 0.0000000000000000000, 1.000000000000000000 ) ) ;
#1305 = ORIENTED_EDGE ( 'NONE', *, *, #3621, .T. ) ;
#1306 = CARTESIAN_POINT ( 'NONE',  ( 2.289071048146349900, 1.100000000000001900, 12.74999999999999800 ) ) ;
#1307 = LINE ( 'NONE', #2102, #1145 ) ;
#1308 = VERTEX_POINT ( 'NONE', #44 ) ;
#1309 = ORIENTED_EDGE ( 'NONE', *, *, #4975, .F. ) ;
#1310 = UNCERTAINTY_MEASURE_WITH_UNIT (LENGTH_MEASURE( 1.000000000000000100E-005 ), #2947, 'distance_accuracy_value', 'NONE');
#1311 = CARTESIAN_POINT ( 'NONE',  ( 3.630000000000027400, 1.099999999999999000, -8.664999999999997400 ) ) ;
#1312 = VERTEX_POINT ( 'NONE', #70 ) ;
#1313 = DIRECTION ( 'NONE',  ( 0.0000000000000000000, 1.000000000000000000, 0.0000000000000000000 ) ) ;
#1314 = VECTOR ( 'NONE', #6033, 1000.000000000000000 ) ;
#1315 = FACE_OUTER_BOUND ( 'NONE', #1758, .T. ) ;
#1316 = VERTEX_POINT ( 'NONE', #2571 ) ;
#1317 = ORIENTED_EDGE ( 'NONE', *, *, #4455, .F. ) ;
#1318 = CARTESIAN_POINT ( 'NONE',  ( -3.629999999999893300, -6.200000000000000200, -1.044999999999996800 ) ) ;
#1319 = EDGE_LOOP ( 'NONE', ( #5861, #5904, #1501, #2868 ) ) ;
#1320 = LINE ( 'NONE', #2460, #5569 ) ;
#1321 =( LENGTH_UNIT ( ) NAMED_UNIT ( * ) SI_UNIT ( .MILLI., .METRE. ) );
#1322 = FACE_OUTER_BOUND ( 'NONE', #6238, .T. ) ;
#1323 = AXIS2_PLACEMENT_3D ( 'NONE', #2555, #610, #5154 ) ;
#1324 = CARTESIAN_POINT ( 'NONE',  ( -5.099999999999998800, 7.900000000000000400, -12.75000000000000200 ) ) ;
#1325 = CARTESIAN_POINT ( 'NONE',  ( -3.629999999999760100, 0.0000000000000000000, 11.65500000000000500 ) ) ;
#1326 = ORIENTED_EDGE ( 'NONE', *, *, #3672, .T. ) ;
#1327 = CARTESIAN_POINT ( 'NONE',  ( -2.499999999999916500, 6.899999999999999500, -2.939999999999999900 ) ) ;
#1328 = DIRECTION ( 'NONE',  ( -4.984837574645996500E-016, 0.0000000000000000000, -1.000000000000000000 ) ) ;
#1329 = ADVANCED_FACE ( 'NONE', ( #6233 ), #2056, .F. ) ;
#1330 = VECTOR ( 'NONE', #1869, 1000.000000000000000 ) ;
#1331 = EDGE_CURVE ( 'NONE', #1821, #5576, #2251, .T. ) ;
#1332 = EDGE_CURVE ( 'NONE', #4948, #6411, #6399, .T. ) ;
#1333 = SURFACE_SIDE_STYLE ('',( #6188 ) ) ;
#1334 = EDGE_CURVE ( 'NONE', #2518, #1212, #2566, .T. ) ;
#1335 = ORIENTED_EDGE ( 'NONE', *, *, #2649, .F. ) ;
#1336 = STYLED_ITEM ( 'NONE', ( #3174 ), #2438 ) ;
#1337 = LINE ( 'NONE', #5769, #3643 ) ;
#1338 = CARTESIAN_POINT ( 'NONE',  ( -2.499999999999996000, 7.900000000000000400, -10.56000000000000000 ) ) ;
#1339 = DIRECTION ( 'NONE',  ( 1.000000000000000000, 0.0000000000000000000, 0.0000000000000000000 ) ) ;
#1340 = CARTESIAN_POINT ( 'NONE',  ( 3.630000000000027400, -6.200000000000000200, -8.889999999999997000 ) ) ;
#1341 = EDGE_LOOP ( 'NONE', ( #3070, #4853, #1977, #88 ) ) ;
#1342 = ORIENTED_EDGE ( 'NONE', *, *, #1845, .F. ) ;
#1343 = EDGE_CURVE ( 'NONE', #5946, #1707, #983, .T. ) ;
#1344 = CARTESIAN_POINT ( 'NONE',  ( -2.499999999999863200, 7.900000000000000400, 0.4000000000000010200 ) ) ;
#1345 = CARTESIAN_POINT ( 'NONE',  ( -2.499999999999942700, 6.899999999999999500, -5.479999999999999500 ) ) ;
#1346 = VERTEX_POINT ( 'NONE', #6024 ) ;
#1347 = STYLED_ITEM ( 'NONE', ( #5438 ), #3416 ) ;
#1348 = DIRECTION ( 'NONE',  ( 0.0000000000000000000, 0.0000000000000000000, -1.000000000000000000 ) ) ;
#1349 = EDGE_LOOP ( 'NONE', ( #4881, #1930, #1048, #6044, #6350 ) ) ;
#1350 = CARTESIAN_POINT ( 'NONE',  ( -3.629999999999946200, 1.099999999999999400, -6.574999999999996600 ) ) ;
#1351 = VECTOR ( 'NONE', #2323, 1000.000000000000000 ) ;
#1352 = VECTOR ( 'NONE', #3841, 1000.000000000000000 ) ;
#1353 = DIRECTION ( 'NONE',  ( 0.0000000000000000000, 1.215986738798339900E-016, 1.000000000000000000 ) ) ;
#1355 = AXIS2_PLACEMENT_3D ( 'NONE', #1823, #1755, #2274 ) ;
#1354 = FACE_OUTER_BOUND ( 'NONE', #5655, .T. ) ;
#1356 = DIRECTION ( 'NONE',  ( 0.0000000000000000000, 0.0000000000000000000, -1.000000000000000000 ) ) ;
#1357 = LINE ( 'NONE', #4094, #5520 ) ;
#1358 = COLOUR_RGB ( '',0.7921568627450980000, 0.8196078431372548800, 0.9333333333333333500 ) ;
#1359 = ORIENTED_EDGE ( 'NONE', *, *, #2592, .F. ) ;
#1360 = DIRECTION ( 'NONE',  ( -1.000000000000000000, 0.0000000000000000000, 2.492418787322998300E-016 ) ) ;
#1361 = VECTOR ( 'NONE', #3845, 1000.000000000000000 ) ;
#1362 = CARTESIAN_POINT ( 'NONE',  ( 2.500000000000163900, -20.30459520007603700, 4.679999999999999700 ) ) ;
#1363 = ORIENTED_EDGE ( 'NONE', *, *, #6160, .T. ) ;
#1364 = ADVANCED_FACE ( 'NONE', ( #2479, #6171, #4864, #5252, #4709, #4541, #1548, #902, #6086, #6317, #2020 ), #3549, .F. ) ;
#1365 = AXIS2_PLACEMENT_3D ( 'NONE', #5219, #1113, #145 ) ;
#1366 = CARTESIAN_POINT ( 'NONE',  ( 5.100000000000000500, 1.099999999999999000, -9.807856876076018100 ) ) ;
#1367 = VECTOR ( 'NONE', #6214, 1000.000000000000000 ) ;
#1368 =( NAMED_UNIT ( * ) PLANE_ANGLE_UNIT ( ) SI_UNIT ( $, .RADIAN. ) );
#1369 = CARTESIAN_POINT ( 'NONE',  ( 2.500000000000163900, 7.900000000000000400, 4.679999999999999700 ) ) ;
#1370 = ORIENTED_EDGE ( 'NONE', *, *, #3681, .F. ) ;
#1371 = DIRECTION ( 'NONE',  ( 0.0000000000000000000, 0.0000000000000000000, 1.000000000000000000 ) ) ;
#1372 = CARTESIAN_POINT ( 'NONE',  ( -3.629999999999866200, -6.200000000000000200, 1.270000000000003800 ) ) ;
#1373 = AXIS2_PLACEMENT_3D ( 'NONE', #4402, #4359, #3341 ) ;
#1374 = VERTEX_POINT ( 'NONE', #5051 ) ;
#1375 = DIRECTION ( 'NONE',  ( 2.492418787322998300E-016, -0.0000000000000000000, 1.000000000000000000 ) ) ;
#1376 = EDGE_LOOP ( 'NONE', ( #5678, #763, #446, #618 ) ) ;
#1377 = VECTOR ( 'NONE', #6402, 1000.000000000000000 ) ;
#1378 = CARTESIAN_POINT ( 'NONE',  ( 2.500000000000084400, 7.900000000000000400, -2.939999999999999900 ) ) ;
#1379 = PLANE ( 'NONE',  #5259 ) ;
#1380 = AXIS2_PLACEMENT_3D ( 'NONE', #5778, #6211, #6247 ) ;
#1381 = EDGE_CURVE ( 'NONE', #5425, #639, #4781, .T. ) ;
#1382 = CARTESIAN_POINT ( 'NONE',  ( -3.629999999999999400, 0.0000000000000000000, -11.42999999999999800 ) ) ;
#1383 = VERTEX_POINT ( 'NONE', #1075 ) ;
#1384 = SURFACE_STYLE_FILL_AREA ( #230 ) ;
#1385 = EDGE_CURVE ( 'NONE', #4790, #5952, #754, .T. ) ;
#1386 = CARTESIAN_POINT ( 'NONE',  ( 2.500000000000057700, 6.900000000000000400, -5.479999999999999500 ) ) ;
#1387 = DIRECTION ( 'NONE',  ( -0.7660444431189817900, -0.6427876096865349200, 0.0000000000000000000 ) ) ;
#1388 = CARTESIAN_POINT ( 'NONE',  ( 2.500000000000083500, 6.900000000000000400, -4.679999999999999700 ) ) ;
#1389 = AXIS2_PLACEMENT_3D ( 'NONE', #1425, #5948, #3511 ) ;
#1390 = FACE_OUTER_BOUND ( 'NONE', #2622, .T. ) ;
#1391 = DIRECTION ( 'NONE',  ( 0.0000000000000000000, 1.000000000000000000, -1.215986738798339900E-016 ) ) ;
#1392 = SURFACE_SIDE_STYLE ('',( #1711 ) ) ;
#1393 = VERTEX_POINT ( 'NONE', #2120 ) ;
#1394 = LINE ( 'NONE', #4007, #1939 ) ;
#1395 = ORIENTED_EDGE ( 'NONE', *, *, #1918, .F. ) ;
#1396 = CARTESIAN_POINT ( 'NONE',  ( -2.499999999999863200, 6.899999999999999500, 2.140000000000001500 ) ) ;
#1397 = CARTESIAN_POINT ( 'NONE',  ( 2.500000000000243800, 6.900000000000000400, 12.30000000000000200 ) ) ;
#1398 = ADVANCED_FACE ( 'NONE', ( #1390 ), #2080, .F. ) ;
#1399 = ORIENTED_EDGE ( 'NONE', *, *, #2551, .T. ) ;
#1400 = ORIENTED_EDGE ( 'NONE', *, *, #1300, .F. ) ;
#1401 = DIRECTION ( 'NONE',  ( 0.0000000000000000000, 1.000000000000000000, 0.0000000000000000000 ) ) ;
#1402 = PRESENTATION_STYLE_ASSIGNMENT (( #2485 ) ) ;
#1403 = AXIS2_PLACEMENT_3D ( 'NONE', #4707, #1210, #5237 ) ;
#1404 = CARTESIAN_POINT ( 'NONE',  ( -2.499999999999810400, 6.899999999999999500, 5.480000000000000400 ) ) ;
#1405 = DIRECTION ( 'NONE',  ( 0.0000000000000000000, 1.000000000000000000, 0.0000000000000000000 ) ) ;
#1406 = DIRECTION ( 'NONE',  ( 0.0000000000000000000, 0.0000000000000000000, 1.000000000000000000 ) ) ;
#1407 = ORIENTED_EDGE ( 'NONE', *, *, #2879, .F. ) ;
#1408 = DIRECTION ( 'NONE',  ( 1.000000000000000000, 0.0000000000000000000, 0.0000000000000000000 ) ) ;
#1409 = LINE ( 'NONE', #4587, #4567 ) ;
#1410 = VERTEX_POINT ( 'NONE', #605 ) ;
#1411 = CARTESIAN_POINT ( 'NONE',  ( -3.629999999999760100, -6.200000000000000200, 11.43000000000000500 ) ) ;
#1412 = PLANE ( 'NONE',  #1972 ) ;
#1413 = FACE_OUTER_BOUND ( 'NONE', #6200, .T. ) ;
#1414 =( NAMED_UNIT ( * ) SI_UNIT ( $, .STERADIAN. ) SOLID_ANGLE_UNIT ( ) );
#1415 = ORIENTED_EDGE ( 'NONE', *, *, #4590, .T. ) ;
#1416 = EDGE_LOOP ( 'NONE', ( #747, #1786 ) ) ;
#1417 = DIRECTION ( 'NONE',  ( 0.0000000000000000000, 0.0000000000000000000, 1.000000000000000000 ) ) ;
#1418 = EDGE_CURVE ( 'NONE', #212, #3286, #2107, .T. ) ;
#1419 = LINE ( 'NONE', #3734, #411 ) ;
#1420 = EDGE_CURVE ( 'NONE', #5006, #3665, #3516, .T. ) ;
#1421 = ORIENTED_EDGE ( 'NONE', *, *, #1754, .F. ) ;
#1422 = CARTESIAN_POINT ( 'NONE',  ( -2.499999999999916500, 7.900000000000000400, -2.939999999999999900 ) ) ;
#1423 = ORIENTED_EDGE ( 'NONE', *, *, #264, .T. ) ;
#1424 = ORIENTED_EDGE ( 'NONE', *, *, #5551, .F. ) ;
#1425 = CARTESIAN_POINT ( 'NONE',  ( 3.630000000000000300, 1.736396103067893400, -11.42999999999999800 ) ) ;
#1426 = CARTESIAN_POINT ( 'NONE',  ( -3.629999999999760100, 1.100000000000001600, 11.20500000000000500 ) ) ;
#1427 = LINE ( 'NONE', #2269, #5289 ) ;
#1428 = ADVANCED_FACE ( 'NONE', ( #5023 ), #2615, .F. ) ;
#1429 = EDGE_CURVE ( 'NONE', #5582, #2989, #3906, .T. ) ;
#1430 = CARTESIAN_POINT ( 'NONE',  ( 0.0000000000000000000, 0.0000000000000000000, 0.0000000000000000000 ) ) ;
#1431 = VECTOR ( 'NONE', #1834, 1000.000000000000000 ) ;
#1432 = COLOUR_RGB ( '',0.2509803921568627400, 0.2509803921568627400, 0.2509803921568627400 ) ;
#1433 = FILL_AREA_STYLE_COLOUR ( '', #376 ) ;
#1434 = ORIENTED_EDGE ( 'NONE', *, *, #1918, .T. ) ;
#1435 = CARTESIAN_POINT ( 'NONE',  ( -2.499999999999969800, 6.900000000000000400, -8.019999999999999600 ) ) ;
#1436 = CARTESIAN_POINT ( 'NONE',  ( 2.500000000000004400, 7.900000000000000400, -10.56000000000000000 ) ) ;
#1437 = LINE ( 'NONE', #412, #1992 ) ;
#1438 = VERTEX_POINT ( 'NONE', #5209 ) ;
#1439 = SURFACE_SIDE_STYLE ('',( #5230 ) ) ;
#1440 = ADVANCED_FACE ( 'NONE', ( #5699 ), #5642, .T. ) ;
#1441 = DIRECTION ( 'NONE',  ( 0.0000000000000000000, 1.000000000000000000, 0.0000000000000000000 ) ) ;
#1442 = FACE_OUTER_BOUND ( 'NONE', #1266, .T. ) ;
#1443 = DIRECTION ( 'NONE',  ( 0.0000000000000000000, -1.000000000000000000, 0.0000000000000000000 ) ) ;
#1444 = ORIENTED_EDGE ( 'NONE', *, *, #3827, .T. ) ;
#1445 = DIRECTION ( 'NONE',  ( 0.0000000000000000000, -1.000000000000000000, 0.0000000000000000000 ) ) ;
#1446 = SURFACE_STYLE_USAGE ( .BOTH. , #3401 ) ;
#1447 = CARTESIAN_POINT ( 'NONE',  ( -2.499999999999889900, 7.900000000000000400, -0.3999999999999993000 ) ) ;
#1448 = VECTOR ( 'NONE', #3940, 1000.000000000000000 ) ;
#1449 = ORIENTED_EDGE ( 'NONE', *, *, #6131, .F. ) ;
#1450 = DIRECTION ( 'NONE',  ( 0.0000000000000000000, 0.0000000000000000000, 1.000000000000000000 ) ) ;
#1451 = EDGE_LOOP ( 'NONE', ( #3196, #4444, #2276, #4847 ) ) ;
#1452 = PLANE ( 'NONE',  #4297 ) ;
#1453 = ORIENTED_EDGE ( 'NONE', *, *, #4124, .T. ) ;
#1454 = ORIENTED_EDGE ( 'NONE', *, *, #2789, .T. ) ;
#1455 = LINE ( 'NONE', #1327, #2471 ) ;
#1456 = EDGE_CURVE ( 'NONE', #4527, #5891, #6004, .T. ) ;
#1457 = CARTESIAN_POINT ( 'NONE',  ( -2.499999999999863200, 7.900000000000000400, 2.140000000000001500 ) ) ;
#1458 = EDGE_CURVE ( 'NONE', #201, #4873, #4145, .T. ) ;
#1459 = DIRECTION ( 'NONE',  ( 0.0000000000000000000, 0.0000000000000000000, 1.000000000000000000 ) ) ;
#1460 = ADVANCED_FACE ( 'NONE', ( #1221 ), #130, .T. ) ;
#1461 = PLANE ( 'NONE',  #6315 ) ;
#1462 = AXIS2_PLACEMENT_3D ( 'NONE', #1765, #5250, #5757 ) ;
#1463 = LINE ( 'NONE', #6060, #5179 ) ;
#1464 = DIRECTION ( 'NONE',  ( 0.0000000000000000000, 1.000000000000000000, -1.215986738798339900E-016 ) ) ;
#1465 = CARTESIAN_POINT ( 'NONE',  ( -2.499999999999943200, 7.900000000000000400, -7.219999999999999800 ) ) ;
#1466 = STYLED_ITEM ( 'NONE', ( #4265 ), #409 ) ;
#1467 =( NAMED_UNIT ( * ) PLANE_ANGLE_UNIT ( ) SI_UNIT ( $, .RADIAN. ) );
#1468 = EDGE_CURVE ( 'NONE', #2231, #1890, #5014, .T. ) ;
#1469 = CARTESIAN_POINT ( 'NONE',  ( 2.500000000000084400, 6.900000000000000400, -2.939999999999999900 ) ) ;
#1470 = CARTESIAN_POINT ( 'NONE',  ( 2.500000000000110600, 6.900000000000000400, -0.3999999999999993000 ) ) ;
#1471 = EDGE_LOOP ( 'NONE', ( #2888, #4589, #4566, #972 ) ) ;
#1472 = ORIENTED_EDGE ( 'NONE', *, *, #5499, .F. ) ;
#1473 = AXIS2_PLACEMENT_3D ( 'NONE', #4775, #6271, #295 ) ;
#1474 = VERTEX_POINT ( 'NONE', #644 ) ;
#1475 = ADVANCED_FACE ( 'NONE', ( #3508 ), #6137, .T. ) ;
#1476 = FACE_BOUND ( 'NONE', #6254, .T. ) ;
#1477 = PLANE ( 'NONE',  #2719 ) ;
#1478 = CARTESIAN_POINT ( 'NONE',  ( 2.500000000000056800, 7.900000000000000400, -7.219999999999999800 ) ) ;
#1479 = VECTOR ( 'NONE', #713, 1000.000000000000000 ) ;
#1480 = DIRECTION ( 'NONE',  ( -4.984837574645996500E-016, 0.0000000000000000000, -1.000000000000000000 ) ) ;
#1481 = ORIENTED_EDGE ( 'NONE', *, *, #4545, .T. ) ;
#1482 = VERTEX_POINT ( 'NONE', #3159 ) ;
#1483 = VECTOR ( 'NONE', #2154, 1000.000000000000000 ) ;
#1484 = DIRECTION ( 'NONE',  ( 1.000000000000000000, 0.0000000000000000000, 0.0000000000000000000 ) ) ;
#1485 = ORIENTED_EDGE ( 'NONE', *, *, #4604, .T. ) ;
#1486 = DIRECTION ( 'NONE',  ( 0.0000000000000000000, 1.215986738798339900E-016, 1.000000000000000000 ) ) ;
#1487 = ORIENTED_EDGE ( 'NONE', *, *, #383, .F. ) ;
#1488 = VECTOR ( 'NONE', #4026, 1000.000000000000000 ) ;
#1489 = CARTESIAN_POINT ( 'NONE',  ( 2.500000000000057700, -20.30459520007603700, -5.479999999999999500 ) ) ;
#1490 = VECTOR ( 'NONE', #4045, 1000.000000000000100 ) ;
#1491 =( GEOMETRIC_REPRESENTATION_CONTEXT ( 3 ) GLOBAL_UNCERTAINTY_ASSIGNED_CONTEXT ( ( #444 ) ) GLOBAL_UNIT_ASSIGNED_CONTEXT ( ( #5240, #1704, #5721 ) ) REPRESENTATION_CONTEXT ( 'NONE', 'WORKASPACE' ) );
#1492 = CARTESIAN_POINT ( 'NONE',  ( 3.630000000000053200, -6.200000000000000200, -6.349999999999997000 ) ) ;
#1493 = CARTESIAN_POINT ( 'NONE',  ( -2.499999999999942700, 6.900000000000000400, -5.479999999999999500 ) ) ;
#1494 = ORIENTED_EDGE ( 'NONE', *, *, #3912, .T. ) ;
#1495 = ADVANCED_FACE ( 'NONE', ( #2786 ), #6159, .F. ) ;
#1496 = LINE ( 'NONE', #764, #4011 ) ;
#1497 = STYLED_ITEM ( 'NONE', ( #3604 ), #1267 ) ;
#1498 = DIRECTION ( 'NONE',  ( 0.0000000000000000000, 1.000000000000000000, -1.215986738798339900E-016 ) ) ;
#1499 = VERTEX_POINT ( 'NONE', #1633 ) ;
#1500 = DIRECTION ( 'NONE',  ( 0.0000000000000000000, 1.000000000000000000, -1.215986738798339900E-016 ) ) ;
#1501 = ORIENTED_EDGE ( 'NONE', *, *, #3400, .T. ) ;
#1502 = ORIENTED_EDGE ( 'NONE', *, *, #454, .F. ) ;
#1503 = VERTEX_POINT ( 'NONE', #3591 ) ;
#1504 = SURFACE_STYLE_USAGE ( .BOTH. , #2924 ) ;
#1505 = VERTEX_POINT ( 'NONE', #3135 ) ;
#1506 = ORIENTED_EDGE ( 'NONE', *, *, #424, .T. ) ;
#1507 = EDGE_CURVE ( 'NONE', #3114, #5918, #2314, .T. ) ;
#1508 = EDGE_CURVE ( 'NONE', #3440, #320, #1860, .T. ) ;
#1509 = ADVANCED_FACE ( 'NONE', ( #2179 ), #569, .F. ) ;
#1510 = DIRECTION ( 'NONE',  ( -0.5690694145809334100, 0.4775059358891263200, -0.6694386324220940000 ) ) ;
#1511 = EDGE_CURVE ( 'NONE', #5256, #4518, #4374, .T. ) ;
#1512 = VECTOR ( 'NONE', #1301, 1000.000000000000000 ) ;
#1513 = VECTOR ( 'NONE', #2975, 1000.000000000000000 ) ;
#1514 =( NAMED_UNIT ( * ) SI_UNIT ( $, .STERADIAN. ) SOLID_ANGLE_UNIT ( ) );
#1515 = DIRECTION ( 'NONE',  ( -0.0000000000000000000, 0.0000000000000000000, 1.000000000000000000 ) ) ;
#1516 =( NAMED_UNIT ( * ) SI_UNIT ( $, .STERADIAN. ) SOLID_ANGLE_UNIT ( ) );
#1517 = CARTESIAN_POINT ( 'NONE',  ( -2.499999999999996400, -20.30459520007603700, -12.30000000000000100 ) ) ;
#1518 = LINE ( 'NONE', #683, #5519 ) ;
#1519 = VECTOR ( 'NONE', #4674, 1000.000000000000000 ) ;
#1520 = ORIENTED_EDGE ( 'NONE', *, *, #2684, .F. ) ;
#1521 = EDGE_CURVE ( 'NONE', #4052, #3244, #831, .T. ) ;
#1522 = FACE_OUTER_BOUND ( 'NONE', #801, .T. ) ;
#1523 = DIRECTION ( 'NONE',  ( -0.0000000000000000000, 1.000000000000000000, -0.0000000000000000000 ) ) ;
#1524 = DIRECTION ( 'NONE',  ( 0.0000000000000000000, -0.0000000000000000000, 1.000000000000000000 ) ) ;
#1525 = DIRECTION ( 'NONE',  ( 0.0000000000000000000, 0.0000000000000000000, 1.000000000000000000 ) ) ;
#1526 = EDGE_LOOP ( 'NONE', ( #1090, #893, #6248, #5373 ) ) ;
#1527 = LINE ( 'NONE', #2135, #594 ) ;
#1528 = DIRECTION ( 'NONE',  ( 0.0000000000000000000, 0.0000000000000000000, 1.000000000000000000 ) ) ;
#1529 = ADVANCED_FACE ( 'NONE', ( #146 ), #3489, .T. ) ;
#1530 = ORIENTED_EDGE ( 'NONE', *, *, #2224, .T. ) ;
#1531 = SURFACE_SIDE_STYLE ('',( #2494 ) ) ;
#1532 = AXIS2_PLACEMENT_3D ( 'NONE', #5112, #2089, #5593 ) ;
#1533 = CARTESIAN_POINT ( 'NONE',  ( 2.500000000000030200, 6.899999999999999500, -9.759999999999999800 ) ) ;
#1534 = VERTEX_POINT ( 'NONE', #3998 ) ;
#1535 = VERTEX_POINT ( 'NONE', #2536 ) ;
#1536 = CARTESIAN_POINT ( 'NONE',  ( 3.630000000000213100, -6.200000000000000200, 8.665000000000004500 ) ) ;
#1537 = ADVANCED_FACE ( 'NONE', ( #221 ), #4041, .F. ) ;
#1538 = DIRECTION ( 'NONE',  ( 0.0000000000000000000, -0.0000000000000000000, 1.000000000000000000 ) ) ;
#1539 = AXIS2_PLACEMENT_3D ( 'NONE', #5588, #6097, #3605 ) ;
#1540 = ORIENTED_EDGE ( 'NONE', *, *, #1521, .T. ) ;
#1541 = VERTEX_POINT ( 'NONE', #2563 ) ;
#1542 = VECTOR ( 'NONE', #4198, 1000.000000000000000 ) ;
#1543 = ADVANCED_FACE ( 'NONE', ( #3110 ), #60, .F. ) ;
#1544 = DIRECTION ( 'NONE',  ( 1.000000000000000000, 0.0000000000000000000, 0.0000000000000000000 ) ) ;
#1545 = CARTESIAN_POINT ( 'NONE',  ( -3.507546743040525600, 0.07757749381583035900, -11.24124036485514600 ) ) ;
#1546 = EDGE_CURVE ( 'NONE', #3856, #496, #303, .T. ) ;
#1547 = EDGE_CURVE ( 'NONE', #5952, #89, #1463, .T. ) ;
#1548 = FACE_BOUND ( 'NONE', #2679, .T. ) ;
#1549 = ORIENTED_EDGE ( 'NONE', *, *, #6365, .F. ) ;
#1550 = EDGE_CURVE ( 'NONE', #4873, #4970, #2011, .T. ) ;
#1551 = CARTESIAN_POINT ( 'NONE',  ( 2.500000000000243800, 6.900000000000000400, 12.30000000000000200 ) ) ;
#1552 = DIRECTION ( 'NONE',  ( 0.0000000000000000000, 1.000000000000000000, 0.0000000000000000000 ) ) ;
#1553 = ORIENTED_EDGE ( 'NONE', *, *, #4493, .F. ) ;
#1554 = COLOUR_RGB ( '',0.7529411764705882200, 0.0000000000000000000, 0.0000000000000000000 ) ;
#1555 = ORIENTED_EDGE ( 'NONE', *, *, #3990, .F. ) ;
#1556 = CARTESIAN_POINT ( 'NONE',  ( 3.630000000000239700, 0.0000000000000000000, 11.43000000000000500 ) ) ;
#1557 = LINE ( 'NONE', #5422, #1708 ) ;
#1558 = DIRECTION ( 'NONE',  ( 0.0000000000000000000, 1.000000000000000000, -1.215986738798339900E-016 ) ) ;
#1559 = EDGE_CURVE ( 'NONE', #396, #4244, #3125, .T. ) ;
#1560 = PLANE ( 'NONE',  #687 ) ;
#1561 = DIRECTION ( 'NONE',  ( 0.0000000000000000000, 1.000000000000000000, -1.215986738798339900E-016 ) ) ;
#1562 =( BOUNDED_CURVE ( )  B_SPLINE_CURVE ( 3, ( #4521, #567, #4547, #1665 ),
 .UNSPECIFIED., .F., .F. ) 
 B_SPLINE_CURVE_WITH_KNOTS ( ( 4, 4 ),
 ( 2.146275322271095300, 4.578657390975816800 ),
 .UNSPECIFIED. ) 
 CURVE ( )  GEOMETRIC_REPRESENTATION_ITEM ( )  RATIONAL_B_SPLINE_CURVE ( ( 1.000000000000000000, 0.5648134946758475200, 0.5648134946758475200, 1.000000000000000000 ) ) 
 REPRESENTATION_ITEM ( '' )  );
#1563 = VERTEX_POINT ( 'NONE', #3541 ) ;
#1564 = ORIENTED_EDGE ( 'NONE', *, *, #6118, .T. ) ;
#1565 = LINE ( 'NONE', #5902, #4081 ) ;
#1566 = ADVANCED_FACE ( 'NONE', ( #3982 ), #2469, .T. ) ;
#1567 = FACE_OUTER_BOUND ( 'NONE', #6430, .T. ) ;
#1568 = ORIENTED_EDGE ( 'NONE', *, *, #1550, .T. ) ;
#1569 = CARTESIAN_POINT ( 'NONE',  ( 2.500000000000164300, 6.899999999999999500, 4.679999999999999700 ) ) ;
#1570 = CARTESIAN_POINT ( 'NONE',  ( 3.630000000000000300, 1.099999999999998800, -11.65499999999999800 ) ) ;
#1571 = ORIENTED_EDGE ( 'NONE', *, *, #2713, .T. ) ;
#1572 = LINE ( 'NONE', #5787, #2204 ) ;
#1573 = LINE ( 'NONE', #1819, #246 ) ;
#1574 = ADVANCED_FACE ( 'NONE', ( #1219 ), #4625, .F. ) ;
#1575 = AXIS2_PLACEMENT_3D ( 'NONE', #14, #38, #1974 ) ;
#1576 = ORIENTED_EDGE ( 'NONE', *, *, #3826, .F. ) ;
#1577 = DIRECTION ( 'NONE',  ( 0.0000000000000000000, 1.000000000000000000, 0.0000000000000000000 ) ) ;
#1578 = CIRCLE ( 'NONE', #1575, 0.2249999999999995100 ) ;
#1579 = ADVANCED_FACE ( 'NONE', ( #2560 ), #4669, .F. ) ;
#1580 = CARTESIAN_POINT ( 'NONE',  ( -5.099999999999998800, 7.900000000000000400, -12.04999999999999500 ) ) ;
#1581 = CARTESIAN_POINT ( 'NONE',  ( 3.599999999999998800, 0.0000000000000000000, 11.65299103120975000 ) ) ;
#1582 = ORIENTED_EDGE ( 'NONE', *, *, #2009, .F. ) ;
#1583 = DIRECTION ( 'NONE',  ( -0.0000000000000000000, -0.5807029557109360000, -0.8141155183563219000 ) ) ;
#1584 = STYLED_ITEM ( 'NONE', ( #1837 ), #5927 ) ;
#1585 = DIRECTION ( 'NONE',  ( -0.0000000000000000000, 1.000000000000000000, -0.0000000000000000000 ) ) ;
#1586 = CARTESIAN_POINT ( 'NONE',  ( 5.100000000000000500, 1.099999999999999000, -9.807856876076018100 ) ) ;
#1587 = LINE ( 'NONE', #1917, #863 ) ;
#1588 = VERTEX_POINT ( 'NONE', #6147 ) ;
#1589 = ORIENTED_EDGE ( 'NONE', *, *, #3754, .T. ) ;
#1590 = ORIENTED_EDGE ( 'NONE', *, *, #5705, .F. ) ;
#1591 = EDGE_CURVE ( 'NONE', #3374, #4067, #4704, .T. ) ;
#1592 = LINE ( 'NONE', #3228, #5434 ) ;
#1593 = FACE_OUTER_BOUND ( 'NONE', #2567, .T. ) ;
#1594 = CARTESIAN_POINT ( 'NONE',  ( -2.499999999999809900, -20.30459520007603700, 7.220000000000000600 ) ) ;
#1595 = CLOSED_SHELL ( 'NONE', ( #1069, #5045, #5152, #5837 ) ) ;
#1596 = DIRECTION ( 'NONE',  ( 0.0000000000000000000, 0.8141155183563219000, -0.5807029557109360000 ) ) ;
#1597 =( GEOMETRIC_REPRESENTATION_CONTEXT ( 3 ) GLOBAL_UNCERTAINTY_ASSIGNED_CONTEXT ( ( #3908 ) ) GLOBAL_UNIT_ASSIGNED_CONTEXT ( ( #5720, #5277, #5295 ) ) REPRESENTATION_CONTEXT ( 'NONE', 'WORKASPACE' ) );
#1598 = CIRCLE ( 'NONE', #4331, 0.2249999999999995100 ) ;
#1599 = VECTOR ( 'NONE', #3063, 1000.000000000000000 ) ;
#1600 = STYLED_ITEM ( 'NONE', ( #483 ), #602 ) ;
#1601 = CARTESIAN_POINT ( 'NONE',  ( -3.629999999999760100, 1.736396103067893400, 11.20500000000000500 ) ) ;
#1602 = EDGE_CURVE ( 'NONE', #362, #2418, #2640, .T. ) ;
#1603 = SURFACE_STYLE_FILL_AREA ( #3027 ) ;
#1604 = FACE_OUTER_BOUND ( 'NONE', #4720, .T. ) ;
#1605 = ORIENTED_EDGE ( 'NONE', *, *, #5188, .T. ) ;
#1606 = VERTEX_POINT ( 'NONE', #6104 ) ;
#1607 = AXIS2_PLACEMENT_3D ( 'NONE', #5167, #4188, #2207 ) ;
#1608 = CARTESIAN_POINT ( 'NONE',  ( -2.499999999999996000, -20.30459520007603700, -10.56000000000000000 ) ) ;
#1609 = ADVANCED_FACE ( 'NONE', ( #4060 ), #6085, .F. ) ;
#1610 = DIRECTION ( 'NONE',  ( -1.000000000000000000, 0.0000000000000000000, 2.492418787322998300E-016 ) ) ;
#1611 = UNCERTAINTY_MEASURE_WITH_UNIT (LENGTH_MEASURE( 1.000000000000000100E-005 ), #4018, 'distance_accuracy_value', 'NONE');
#1612 = DIRECTION ( 'NONE',  ( 0.0000000000000000000, 0.0000000000000000000, 1.000000000000000000 ) ) ;
#1613 = VECTOR ( 'NONE', #3909, 1000.000000000000000 ) ;
#1614 = EDGE_LOOP ( 'NONE', ( #1638, #1494, #4830, #5995 ) ) ;
#1615 = FACE_OUTER_BOUND ( 'NONE', #5115, .T. ) ;
#1616 = CARTESIAN_POINT ( 'NONE',  ( -3.599999999999998800, 0.0000000000000000000, -12.75000000000000200 ) ) ;
#1617 = CARTESIAN_POINT ( 'NONE',  ( -3.298609699603817000, 0.2528964899028428600, -11.37678322839519400 ) ) ;
#1618 = ORIENTED_EDGE ( 'NONE', *, *, #876, .T. ) ;
#1619 = ORIENTED_EDGE ( 'NONE', *, *, #6041, .F. ) ;
#1620 = CARTESIAN_POINT ( 'NONE',  ( 2.500000000000030600, 6.900000000000000400, -8.019999999999999600 ) ) ;
#1621 =( NAMED_UNIT ( * ) PLANE_ANGLE_UNIT ( ) SI_UNIT ( $, .RADIAN. ) );
#1622 = ORIENTED_EDGE ( 'NONE', *, *, #2841, .T. ) ;
#1623 = AXIS2_PLACEMENT_3D ( 'NONE', #903, #378, #2903 ) ;
#1624 = ORIENTED_EDGE ( 'NONE', *, *, #4855, .F. ) ;
#1625 = EDGE_LOOP ( 'NONE', ( #5394, #6140, #1112, #3495 ) ) ;
#1626 = VECTOR ( 'NONE', #441, 1000.000000000000000 ) ;
#1627 = CARTESIAN_POINT ( 'NONE',  ( 3.298609699604305500, 0.2528964899024324600, 11.37678322839528300 ) ) ;
#1628 = CARTESIAN_POINT ( 'NONE',  ( -3.629999999999973200, -6.200000000000000200, -8.889999999999997000 ) ) ;
#1629 = VECTOR ( 'NONE', #4161, 1000.000000000000000 ) ;
#1630 = AXIS2_PLACEMENT_3D ( 'NONE', #413, #5005, #5427 ) ;
#1631 = VERTEX_POINT ( 'NONE', #5614 ) ;
#1632 = FACE_OUTER_BOUND ( 'NONE', #3486, .T. ) ;
#1633 = CARTESIAN_POINT ( 'NONE',  ( 2.500000000000056800, 6.899999999999999500, -7.219999999999999800 ) ) ;
#1634 = CARTESIAN_POINT ( 'NONE',  ( 5.000000000000000900, 6.900000000000000400, 12.65000000000000000 ) ) ;
#1635 = EDGE_CURVE ( 'NONE', #5509, #4466, #3186, .T. ) ;
#1636 = EDGE_CURVE ( 'NONE', #168, #932, #1141, .T. ) ;
#1637 = ADVANCED_FACE ( 'NONE', ( #3829 ), #162, .F. ) ;
#1638 = ORIENTED_EDGE ( 'NONE', *, *, #5462, .T. ) ;
#1639 = EDGE_CURVE ( 'NONE', #6316, #4956, #5321, .T. ) ;
#1640 = FACE_BOUND ( 'NONE', #5806, .T. ) ;
#1641 = DIRECTION ( 'NONE',  ( -1.000000000000000000, -0.0000000000000000000, -0.0000000000000000000 ) ) ;
#1642 = LINE ( 'NONE', #5196, #1479 ) ;
#1643 = CARTESIAN_POINT ( 'NONE',  ( -3.544264593930552400, 0.09456800591350761300, -11.21742054539753000 ) ) ;
#1644 = AXIS2_PLACEMENT_3D ( 'NONE', #293, #2769, #2703 ) ;
#1645 = DIRECTION ( 'NONE',  ( 0.0000000000000000000, 1.000000000000000000, 0.0000000000000000000 ) ) ;
#1646 = CARTESIAN_POINT ( 'NONE',  ( -4.358578643762681900, 6.900000000000000400, -12.65000000000000200 ) ) ;
#1647 = VERTEX_POINT ( 'NONE', #3127 ) ;
#1648 = DIRECTION ( 'NONE',  ( 4.984837574645996500E-016, 0.0000000000000000000, 1.000000000000000000 ) ) ;
#1649 = VERTEX_POINT ( 'NONE', #1651 ) ;
#1650 = LINE ( 'NONE', #3507, #5034 ) ;
#1651 = CARTESIAN_POINT ( 'NONE',  ( 5.100000000000000500, 1.100000000000001400, 9.807856876076018100 ) ) ;
#1652 = VECTOR ( 'NONE', #4889, 1000.000000000000000 ) ;
#1653 = EDGE_CURVE ( 'NONE', #3558, #2747, #6313, .T. ) ;
#1654 = CARTESIAN_POINT ( 'NONE',  ( -3.629999999999813400, -6.200000000000000200, 6.350000000000003200 ) ) ;
#1655 = ORIENTED_EDGE ( 'NONE', *, *, #907, .T. ) ;
#1656 = EDGE_LOOP ( 'NONE', ( #4955, #1959, #108, #1283 ) ) ;
#1657 = LINE ( 'NONE', #3044, #4479 ) ;
#1658 = DIRECTION ( 'NONE',  ( -1.000000000000000000, 0.0000000000000000000, -0.0000000000000000000 ) ) ;
#1659 = DIRECTION ( 'NONE',  ( 0.0000000000000000000, 0.0000000000000000000, 1.000000000000000000 ) ) ;
#1660 = ORIENTED_EDGE ( 'NONE', *, *, #4766, .T. ) ;
#1661 = FACE_OUTER_BOUND ( 'NONE', #6297, .T. ) ;
#1662 = ORIENTED_EDGE ( 'NONE', *, *, #4031, .F. ) ;
#1663 = CARTESIAN_POINT ( 'NONE',  ( 2.500000000000217200, -20.30459520007603700, 9.760000000000001600 ) ) ;
#1664 = ORIENTED_EDGE ( 'NONE', *, *, #1095, .T. ) ;
#1665 = CARTESIAN_POINT ( 'NONE',  ( -3.599999999999998800, 0.0000000000000000000, 11.65299103120981300 ) ) ;
#1666 = VECTOR ( 'NONE', #3335, 1000.000000000000000 ) ;
#1667 = CARTESIAN_POINT ( 'NONE',  ( 3.630000000000133100, 1.100000000000000300, 1.495000000000003700 ) ) ;
#1668 = EDGE_LOOP ( 'NONE', ( #827, #1520 ) ) ;
#1669 = ORIENTED_EDGE ( 'NONE', *, *, #3870, .T. ) ;
#1670 = AXIS2_PLACEMENT_3D ( 'NONE', #900, #4435, #1417 ) ;
#1671 = ORIENTED_EDGE ( 'NONE', *, *, #1550, .F. ) ;
#1672 = ADVANCED_FACE ( 'NONE', ( #5395 ), #1148, .T. ) ;
#1673 = LINE ( 'NONE', #6383, #2915 ) ;
#1674 = FACE_OUTER_BOUND ( 'NONE', #2849, .T. ) ;
#1675 = EDGE_CURVE ( 'NONE', #2100, #4790, #1302, .T. ) ;
#1676 = EDGE_CURVE ( 'NONE', #2821, #4177, #5999, .T. ) ;
#1677 = CIRCLE ( 'NONE', #6267, 0.2249999999999999500 ) ;
#1678 = DIRECTION ( 'NONE',  ( 1.000000000000000000, 0.0000000000000000000, 0.0000000000000000000 ) ) ;
#1679 = EDGE_CURVE ( 'NONE', #1230, #2110, #5552, .T. ) ;
#1680 = CARTESIAN_POINT ( 'NONE',  ( -3.629999999999999400, 1.099999999999998800, -11.42999999999999800 ) ) ;
#1681 = LINE ( 'NONE', #3047, #4120 ) ;
#1682 = CLOSED_SHELL ( 'NONE', ( #391, #544, #2064, #487 ) ) ;
#1683 = ORIENTED_EDGE ( 'NONE', *, *, #981, .T. ) ;
#1684 = CARTESIAN_POINT ( 'NONE',  ( -2.499999999999783300, 6.899999999999999500, 9.760000000000001600 ) ) ;
#1685 = EDGE_CURVE ( 'NONE', #5817, #3093, #4591, .T. ) ;
#1686 = CARTESIAN_POINT ( 'NONE',  ( -2.499999999999836600, 6.900000000000000400, 4.679999999999999700 ) ) ;
#1687 = UNCERTAINTY_MEASURE_WITH_UNIT (LENGTH_MEASURE( 1.000000000000000100E-005 ), #5010, 'distance_accuracy_value', 'NONE');
#1688 =( GEOMETRIC_REPRESENTATION_CONTEXT ( 3 ) GLOBAL_UNCERTAINTY_ASSIGNED_CONTEXT ( ( #401 ) ) GLOBAL_UNIT_ASSIGNED_CONTEXT ( ( #5465, #1467, #5511 ) ) REPRESENTATION_CONTEXT ( 'NONE', 'WORKASPACE' ) );
#1689 = CARTESIAN_POINT ( 'NONE',  ( -2.499999999999809900, 7.900000000000000400, 7.220000000000000600 ) ) ;
#1690 = VERTEX_POINT ( 'NONE', #5738 ) ;
#1691 = VERTEX_POINT ( 'NONE', #2771 ) ;
#1692 = EDGE_LOOP ( 'NONE', ( #4664, #4411, #4491, #5912 ) ) ;
#1693 = LINE ( 'NONE', #2413, #1133 ) ;
#1694 = CARTESIAN_POINT ( 'NONE',  ( -2.499999999999943200, 6.900000000000000400, -7.219999999999999800 ) ) ;
#1695 = DIRECTION ( 'NONE',  ( 0.0000000000000000000, 1.000000000000000000, 0.0000000000000000000 ) ) ;
#1696 = DIRECTION ( 'NONE',  ( -0.0000000000000000000, 0.0000000000000000000, 1.000000000000000000 ) ) ;
#1697 =( GEOMETRIC_REPRESENTATION_CONTEXT ( 3 ) GLOBAL_UNCERTAINTY_ASSIGNED_CONTEXT ( ( #1611 ) ) GLOBAL_UNIT_ASSIGNED_CONTEXT ( ( #4018, #4529, #1516 ) ) REPRESENTATION_CONTEXT ( 'NONE', 'WORKASPACE' ) );
#1698 = DIRECTION ( 'NONE',  ( 0.0000000000000000000, 1.000000000000000000, 0.0000000000000000000 ) ) ;
#1699 = CIRCLE ( 'NONE', #6107, 0.2249999999999999500 ) ;
#1700 = ORIENTED_EDGE ( 'NONE', *, *, #5150, .F. ) ;
#1701 = CARTESIAN_POINT ( 'NONE',  ( 5.100000000000000500, 1.100000000000001400, 9.807856876076018100 ) ) ;
#1702 = FILL_AREA_STYLE_COLOUR ( '', #482 ) ;
#1703 = CARTESIAN_POINT ( 'NONE',  ( 3.599999999999998800, 0.0000000000000000000, -12.75000000000000200 ) ) ;
#1704 =( NAMED_UNIT ( * ) PLANE_ANGLE_UNIT ( ) SI_UNIT ( $, .RADIAN. ) );
#1705 =( GEOMETRIC_REPRESENTATION_CONTEXT ( 3 ) GLOBAL_UNCERTAINTY_ASSIGNED_CONTEXT ( ( #4601 ) ) GLOBAL_UNIT_ASSIGNED_CONTEXT ( ( #6070, #5602, #111 ) ) REPRESENTATION_CONTEXT ( 'NONE', 'WORKASPACE' ) );
#1706 = ORIENTED_EDGE ( 'NONE', *, *, #553, .T. ) ;
#1707 = VERTEX_POINT ( 'NONE', #5657 ) ;
#1708 = VECTOR ( 'NONE', #1905, 1000.000000000000000 ) ;
#1709 = VERTEX_POINT ( 'NONE', #6195 ) ;
#1710 = DIRECTION ( 'NONE',  ( -0.0000000000000000000, 0.0000000000000000000, 1.000000000000000000 ) ) ;
#1711 = SURFACE_STYLE_FILL_AREA ( #2416 ) ;
#1712 = LINE ( 'NONE', #3373, #5570 ) ;
#1713 = AXIS2_PLACEMENT_3D ( 'NONE', #5801, #1785, #4836 ) ;
#1714 = EDGE_CURVE ( 'NONE', #4249, #3698, #372, .T. ) ;
#1715 = EDGE_CURVE ( 'NONE', #2119, #5099, #6478, .T. ) ;
#1716 = ORIENTED_EDGE ( 'NONE', *, *, #6471, .F. ) ;
#1717 = FILL_AREA_STYLE ('',( #708 ) ) ;
#1718 = VERTEX_POINT ( 'NONE', #1258 ) ;
#1719 = DIRECTION ( 'NONE',  ( 0.0000000000000000000, 0.0000000000000000000, 1.000000000000000000 ) ) ;
#1720 = DIRECTION ( 'NONE',  ( 0.0000000000000000000, 1.000000000000000000, 0.0000000000000000000 ) ) ;
#1721 = CARTESIAN_POINT ( 'NONE',  ( -4.358578643762681900, 6.900000000000000400, -12.65000000000000200 ) ) ;
#1722 = DIRECTION ( 'NONE',  ( 0.0000000000000000000, -0.0000000000000000000, 1.000000000000000000 ) ) ;
#1723 = CARTESIAN_POINT ( 'NONE',  ( -4.999999999999999100, -20.30459520007603700, 12.65000000000000000 ) ) ;
#1724 = EDGE_LOOP ( 'NONE', ( #5518, #5494 ) ) ;
#1725 = CARTESIAN_POINT ( 'NONE',  ( 5.100000000000000500, 7.900000000000000400, 12.74999999999999800 ) ) ;
#1726 = DIRECTION ( 'NONE',  ( 0.0000000000000000000, -0.0000000000000000000, -1.000000000000000000 ) ) ;
#1727 = LINE ( 'NONE', #3728, #3784 ) ;
#1728 = DIRECTION ( 'NONE',  ( 0.0000000000000000000, 0.0000000000000000000, 1.000000000000000000 ) ) ;
#1729 = ORIENTED_EDGE ( 'NONE', *, *, #2296, .T. ) ;
#1730 = CIRCLE ( 'NONE', #596, 0.2249999999999995100 ) ;
#1731 = CARTESIAN_POINT ( 'NONE',  ( -2.499999999999890300, -20.30459520007603700, -2.139999999999999700 ) ) ;
#1732 = ORIENTED_EDGE ( 'NONE', *, *, #1081, .T. ) ;
#1733 = VERTEX_POINT ( 'NONE', #3782 ) ;
#1734 = VERTEX_POINT ( 'NONE', #1232 ) ;
#1735 =( GEOMETRIC_REPRESENTATION_CONTEXT ( 3 ) GLOBAL_UNCERTAINTY_ASSIGNED_CONTEXT ( ( #3945 ) ) GLOBAL_UNIT_ASSIGNED_CONTEXT ( ( #2751, #2239, #6255 ) ) REPRESENTATION_CONTEXT ( 'NONE', 'WORKASPACE' ) );
#1736 = CYLINDRICAL_SURFACE ( 'NONE', #4769, 0.2249999999999995100 ) ;
#1737 = SURFACE_STYLE_FILL_AREA ( #2987 ) ;
#1738 = CARTESIAN_POINT ( 'NONE',  ( -2.499999999999969800, 6.900000000000000400, -8.019999999999999600 ) ) ;
#1739 = PLANE ( 'NONE',  #3176 ) ;
#1740 = PLANE ( 'NONE',  #668 ) ;
#1741 = DIRECTION ( 'NONE',  ( -4.984837574645996500E-016, 0.0000000000000000000, -1.000000000000000000 ) ) ;
#1742 = DIRECTION ( 'NONE',  ( 4.984837574645996500E-016, 0.0000000000000000000, 1.000000000000000000 ) ) ;
#1743 = DIRECTION ( 'NONE',  ( 0.0000000000000000000, 1.000000000000000000, 0.0000000000000000000 ) ) ;
#1744 = LINE ( 'NONE', #714, #4269 ) ;
#1745 = FACE_OUTER_BOUND ( 'NONE', #564, .T. ) ;
#1746 = SURFACE_SIDE_STYLE ('',( #1384 ) ) ;
#1747 = CARTESIAN_POINT ( 'NONE',  ( -4.358578643762681900, 7.900000000000000400, -12.65000000000000200 ) ) ;
#1748 = CARTESIAN_POINT ( 'NONE',  ( -2.499999999999863200, 6.900000000000000400, 2.140000000000001500 ) ) ;
#1749 = VECTOR ( 'NONE', #2366, 1000.000000000000000 ) ;
#1750 = ORIENTED_EDGE ( 'NONE', *, *, #5458, .T. ) ;
#1751 = EDGE_CURVE ( 'NONE', #1287, #1691, #3682, .T. ) ;
#1752 = EDGE_CURVE ( 'NONE', #640, #4187, #4533, .T. ) ;
#1753 = MANIFOLD_SOLID_BREP ( 'Boss-Extrude3[7]', #890 ) ;
#1754 = EDGE_CURVE ( 'NONE', #3618, #2328, #2175, .T. ) ;
#1755 = DIRECTION ( 'NONE',  ( 0.0000000000000000000, 1.000000000000000000, -1.215986738798339900E-016 ) ) ;
#1756 = FACE_OUTER_BOUND ( 'NONE', #6031, .T. ) ;
#1757 = CARTESIAN_POINT ( 'NONE',  ( -2.499999999999863200, -20.30459520007603700, 0.4000000000000010200 ) ) ;
#1758 = EDGE_LOOP ( 'NONE', ( #368, #5636, #2191, #1116 ) ) ;
#1759 = FACE_OUTER_BOUND ( 'NONE', #3801, .T. ) ;
#1760 =( GEOMETRIC_REPRESENTATION_CONTEXT ( 3 ) GLOBAL_UNCERTAINTY_ASSIGNED_CONTEXT ( ( #6138 ) ) GLOBAL_UNIT_ASSIGNED_CONTEXT ( ( #4607, #4046, #2138 ) ) REPRESENTATION_CONTEXT ( 'NONE', 'WORKASPACE' ) );
#1761 = CARTESIAN_POINT ( 'NONE',  ( -4.999999999999999100, 7.900000000000000400, 12.65000000000000000 ) ) ;
#1762 = MANIFOLD_SOLID_BREP ( 'Split1[4]', #2451 ) ;
#1763 = LINE ( 'NONE', #4954, #361 ) ;
#1764 = ORIENTED_EDGE ( 'NONE', *, *, #980, .T. ) ;
#1765 = CARTESIAN_POINT ( 'NONE',  ( -3.629999999999840000, 1.100000000000000800, 3.810000000000002700 ) ) ;
#1766 = ORIENTED_EDGE ( 'NONE', *, *, #3475, .T. ) ;
#1767 = EDGE_CURVE ( 'NONE', #3770, #669, #1065, .T. ) ;
#1768 = CARTESIAN_POINT ( 'NONE',  ( -2.499999999999889900, 6.900000000000000400, -0.3999999999999993000 ) ) ;
#1769 = CARTESIAN_POINT ( 'NONE',  ( -3.629999999999893300, -6.200000000000000200, -1.269999999999996900 ) ) ;
#1770 = DIRECTION ( 'NONE',  ( -1.000000000000000000, -0.0000000000000000000, -0.0000000000000000000 ) ) ;
#1771 = CARTESIAN_POINT ( 'NONE',  ( 2.500000000000137700, 7.900000000000000400, 2.140000000000001500 ) ) ;
#1772 = ORIENTED_EDGE ( 'NONE', *, *, #1, .F. ) ;
#1773 = ORIENTED_EDGE ( 'NONE', *, *, #1882, .F. ) ;
#1774 = LINE ( 'NONE', #5872, #5695 ) ;
#1775 = CARTESIAN_POINT ( 'NONE',  ( -3.629999999999920000, -6.200000000000000200, -4.034999999999996600 ) ) ;
#1776 = VECTOR ( 'NONE', #3066, 1000.000000000000000 ) ;
#1777 = DIRECTION ( 'NONE',  ( 0.0000000000000000000, 0.0000000000000000000, 1.000000000000000000 ) ) ;
#1778 = DIRECTION ( 'NONE',  ( -1.000000000000000000, 0.0000000000000000000, 2.492418787322998300E-016 ) ) ;
#1779 = CIRCLE ( 'NONE', #5660, 0.2249999999999995100 ) ;
#1780 = EDGE_LOOP ( 'NONE', ( #3884, #2559 ) ) ;
#1781 = CARTESIAN_POINT ( 'NONE',  ( 2.500000000000243800, 6.900000000000000400, 12.30000000000000200 ) ) ;
#1782 = AXIS2_PLACEMENT_3D ( 'NONE', #6077, #522, #4126 ) ;
#1783 = CARTESIAN_POINT ( 'NONE',  ( 2.500000000000217200, 6.900000000000000400, 9.760000000000001600 ) ) ;
#1784 = EDGE_LOOP ( 'NONE', ( #4513, #2958, #2310, #3732, #1399, #2783 ) ) ;
#1785 = DIRECTION ( 'NONE',  ( 0.0000000000000000000, 1.000000000000000000, 0.0000000000000000000 ) ) ;
#1786 = ORIENTED_EDGE ( 'NONE', *, *, #2714, .F. ) ;
#1787 = CARTESIAN_POINT ( 'NONE',  ( -4.999999999999999100, 6.899999999999999500, 12.65000000000000000 ) ) ;
#1788 = LINE ( 'NONE', #224, #3620 ) ;
#1789 = PLANE ( 'NONE',  #2364 ) ;
#1790 = EDGE_LOOP ( 'NONE', ( #1502, #4710 ) ) ;
#1791 = EDGE_CURVE ( 'NONE', #1482, #4690, #3678, .T. ) ;
#1792 = ORIENTED_EDGE ( 'NONE', *, *, #5909, .T. ) ;
#1793 = DIRECTION ( 'NONE',  ( -1.000000000000000000, 0.0000000000000000000, 0.0000000000000000000 ) ) ;
#1794 = EDGE_CURVE ( 'NONE', #4584, #1606, #1455, .T. ) ;
#1795 = ORIENTED_EDGE ( 'NONE', *, *, #3108, .T. ) ;
#1796 = CIRCLE ( 'NONE', #5194, 0.2249999999999995100 ) ;
#1797 = DIRECTION ( 'NONE',  ( 0.0000000000000000000, 1.215986738798339900E-016, 1.000000000000000000 ) ) ;
#1798 = FACE_OUTER_BOUND ( 'NONE', #4368, .T. ) ;
#1799 = AXIS2_PLACEMENT_3D ( 'NONE', #1850, #2818, #5305 ) ;
#1800 = PRODUCT_DEFINITION_SHAPE ( 'NONE', 'NONE',  #4318 ) ;
#1801 = CARTESIAN_POINT ( 'NONE',  ( -2.499999999999916500, 6.899999999999999500, -2.939999999999999900 ) ) ;
#1802 = CARTESIAN_POINT ( 'NONE',  ( 5.000000000000000900, 7.900000000000000400, -12.65000000000000000 ) ) ;
#1803 = ORIENTED_EDGE ( 'NONE', *, *, #2262, .F. ) ;
#1804 = LINE ( 'NONE', #5069, #5497 ) ;
#1805 = EDGE_CURVE ( 'NONE', #2355, #3665, #828, .T. ) ;
#1806 = DIRECTION ( 'NONE',  ( 1.000000000000000000, 0.0000000000000000000, 0.0000000000000000000 ) ) ;
#1807 = ORIENTED_EDGE ( 'NONE', *, *, #4042, .F. ) ;
#1808 = CARTESIAN_POINT ( 'NONE',  ( 5.100000000000000500, 1.099999999999999000, -9.807856876076018100 ) ) ;
#1809 = DIRECTION ( 'NONE',  ( 0.0000000000000000000, 1.000000000000000000, 0.0000000000000000000 ) ) ;
#1810 = CARTESIAN_POINT ( 'NONE',  ( -3.629999999999973200, -6.200000000000000200, -8.889999999999997000 ) ) ;
#1811 = DIRECTION ( 'NONE',  ( -1.000000000000000000, 0.0000000000000000000, -0.0000000000000000000 ) ) ;
#1812 = ORIENTED_EDGE ( 'NONE', *, *, #4124, .F. ) ;
#1813 = DIRECTION ( 'NONE',  ( -1.000000000000000000, 0.0000000000000000000, -0.0000000000000000000 ) ) ;
#1814 = VERTEX_POINT ( 'NONE', #779 ) ;
#1815 = EDGE_LOOP ( 'NONE', ( #5379, #3931 ) ) ;
#1816 = CARTESIAN_POINT ( 'NONE',  ( 5.000000000000000900, -20.30459520007603700, 12.65000000000000000 ) ) ;
#1817 = FACE_OUTER_BOUND ( 'NONE', #4815, .T. ) ;
#1818 = CYLINDRICAL_SURFACE ( 'NONE', #3832, 0.2249999999999995100 ) ;
#1819 = CARTESIAN_POINT ( 'NONE',  ( -2.499999999999916500, 6.900000000000000400, -2.939999999999999900 ) ) ;
#1820 = ORIENTED_EDGE ( 'NONE', *, *, #1653, .T. ) ;
#1821 = VERTEX_POINT ( 'NONE', #3457 ) ;
#1822 = VERTEX_POINT ( 'NONE', #4839 ) ;
#1823 = CARTESIAN_POINT ( 'NONE',  ( -3.629999999999866200, 1.100000000000000300, 1.270000000000003800 ) ) ;
#1824 = VECTOR ( 'NONE', #3252, 1000.000000000000000 ) ;
#1825 = DIRECTION ( 'NONE',  ( 0.0000000000000000000, 1.000000000000000000, 0.0000000000000000000 ) ) ;
#1826 = VECTOR ( 'NONE', #34, 1000.000000000000000 ) ;
#1827 = AXIS2_PLACEMENT_3D ( 'NONE', #5658, #2610, #5681 ) ;
#1828 = FACE_OUTER_BOUND ( 'NONE', #5560, .T. ) ;
#1829 = LINE ( 'NONE', #3055, #5445 ) ;
#1830 = ORIENTED_EDGE ( 'NONE', *, *, #264, .F. ) ;
#1831 = CARTESIAN_POINT ( 'NONE',  ( -5.099999999999998800, 0.0000000000000000000, -12.04999999999999500 ) ) ;
#1832 =( NAMED_UNIT ( * ) SI_UNIT ( $, .STERADIAN. ) SOLID_ANGLE_UNIT ( ) );
#1833 = CARTESIAN_POINT ( 'NONE',  ( 3.630000000000213100, -6.200000000000000200, 8.890000000000004100 ) ) ;
#1834 = DIRECTION ( 'NONE',  ( 1.000000000000000000, 0.0000000000000000000, 0.0000000000000000000 ) ) ;
#1835 = MECHANICAL_DESIGN_GEOMETRIC_PRESENTATION_REPRESENTATION (  '', ( #1497 ), #1705 ) ;
#1836 = CARTESIAN_POINT ( 'NONE',  ( 2.500000000000216300, 6.899999999999999500, 8.020000000000001400 ) ) ;
#1837 = PRESENTATION_STYLE_ASSIGNMENT (( #1504 ) ) ;
#1838 = DIRECTION ( 'NONE',  ( 0.0000000000000000000, 1.215986738798339900E-016, 1.000000000000000000 ) ) ;
#1839 = VECTOR ( 'NONE', #6333, 1000.000000000000000 ) ;
#1840 = ORIENTED_EDGE ( 'NONE', *, *, #176, .T. ) ;
#1841 = CARTESIAN_POINT ( 'NONE',  ( -2.499999999999836600, 7.900000000000000400, 4.679999999999999700 ) ) ;
#1842 = AXIS2_PLACEMENT_3D ( 'NONE', #5803, #6015, #3277 ) ;
#1843 = DIRECTION ( 'NONE',  ( -4.984837574645996500E-016, 0.0000000000000000000, -1.000000000000000000 ) ) ;
#1844 = ORIENTED_EDGE ( 'NONE', *, *, #2067, .F. ) ;
#1845 = EDGE_CURVE ( 'NONE', #1563, #5694, #974, .T. ) ;
#1846 = EDGE_CURVE ( 'NONE', #4883, #842, #2101, .T. ) ;
#1847 = DIRECTION ( 'NONE',  ( 0.0000000000000000000, 0.0000000000000000000, 1.000000000000000000 ) ) ;
#1848 = EDGE_CURVE ( 'NONE', #5796, #6316, #447, .T. ) ;
#1849 = CARTESIAN_POINT ( 'NONE',  ( 2.500000000000004400, 6.900000000000000400, -10.56000000000000000 ) ) ;
#1850 = CARTESIAN_POINT ( 'NONE',  ( 3.630000000000133100, -6.200000000000000200, 1.270000000000003800 ) ) ;
#1851 = ORIENTED_EDGE ( 'NONE', *, *, #2189, .T. ) ;
#1852 = AXIS2_PLACEMENT_3D ( 'NONE', #5685, #2144, #6181 ) ;
#1853 = ORIENTED_EDGE ( 'NONE', *, *, #3958, .F. ) ;
#1854 = VECTOR ( 'NONE', #3272, 1000.000000000000000 ) ;
#1855 = DIRECTION ( 'NONE',  ( -1.000000000000000000, 0.0000000000000000000, 0.0000000000000000000 ) ) ;
#1856 =( NAMED_UNIT ( * ) PLANE_ANGLE_UNIT ( ) SI_UNIT ( $, .RADIAN. ) );
#1857 = DIRECTION ( 'NONE',  ( 0.0000000000000000000, 1.000000000000000000, 0.0000000000000000000 ) ) ;
#1858 = EDGE_CURVE ( 'NONE', #4040, #3093, #5622, .T. ) ;
#1859 = DIRECTION ( 'NONE',  ( 0.5690694145809335200, -0.4775059358891263200, -0.6694386324220937800 ) ) ;
#1860 = CIRCLE ( 'NONE', #2061, 0.2249999999999999500 ) ;
#1861 = CARTESIAN_POINT ( 'NONE',  ( -3.629999999999760100, 0.0000000000000000000, 11.43000000000000500 ) ) ;
#1862 = PLANE ( 'NONE',  #247 ) ;
#1863 = ADVANCED_FACE ( 'NONE', ( #3179 ), #2289, .T. ) ;
#1864 = ORIENTED_EDGE ( 'NONE', *, *, #2639, .T. ) ;
#1865 = CIRCLE ( 'NONE', #1630, 0.2249999999999995100 ) ;
#1866 = CARTESIAN_POINT ( 'NONE',  ( -4.399999999999992400, 0.0000000000000000000, -12.75000000000000200 ) ) ;
#1867 = AXIS2_PLACEMENT_3D ( 'NONE', #6082, #2605, #3633 ) ;
#1868 = CARTESIAN_POINT ( 'NONE',  ( 3.630000000000186900, 1.100000000000001000, 6.350000000000003200 ) ) ;
#1869 = DIRECTION ( 'NONE',  ( -1.000000000000000000, -0.0000000000000000000, -0.0000000000000000000 ) ) ;
#1870 = ORIENTED_EDGE ( 'NONE', *, *, #2564, .F. ) ;
#1871 = LINE ( 'NONE', #2785, #5631 ) ;
#1872 = CLOSED_SHELL ( 'NONE', ( #1935, #473, #2453, #526 ) ) ;
#1873 = DIRECTION ( 'NONE',  ( 0.0000000000000000000, 1.000000000000000000, 0.0000000000000000000 ) ) ;
#1874 = ORIENTED_EDGE ( 'NONE', *, *, #6459, .T. ) ;
#1875 = DIRECTION ( 'NONE',  ( 0.0000000000000000000, 1.000000000000000000, 0.0000000000000000000 ) ) ;
#1876 = VECTOR ( 'NONE', #4597, 1000.000000000000000 ) ;
#1877 = AXIS2_PLACEMENT_3D ( 'NONE', #2039, #5547, #6032 ) ;
#1878 = CARTESIAN_POINT ( 'NONE',  ( 2.500000000000244200, 6.899999999999999500, 12.30000000000000200 ) ) ;
#1879 = DIRECTION ( 'NONE',  ( -2.492418787322998300E-016, 0.0000000000000000000, -1.000000000000000000 ) ) ;
#1880 = ORIENTED_EDGE ( 'NONE', *, *, #2188, .F. ) ;
#1881 = CIRCLE ( 'NONE', #1852, 0.2249999999999999500 ) ;
#1882 = EDGE_CURVE ( 'NONE', #2989, #4974, #5008, .T. ) ;
#1883 = PLANE ( 'NONE',  #3559 ) ;
#1884 = EDGE_CURVE ( 'NONE', #1821, #2417, #5996, .T. ) ;
#1885 = UNCERTAINTY_MEASURE_WITH_UNIT (LENGTH_MEASURE( 1.000000000000000100E-005 ), #4392, 'distance_accuracy_value', 'NONE');
#1886 = ORIENTED_EDGE ( 'NONE', *, *, #5297, .F. ) ;
#1887 = AXIS2_PLACEMENT_3D ( 'NONE', #2243, #3688, #5747 ) ;
#1888 = VECTOR ( 'NONE', #4019, 1000.000000000000000 ) ;
#1889 = CARTESIAN_POINT ( 'NONE',  ( -5.099999999999998800, 7.900000000000000400, 12.74999999999999800 ) ) ;
#1890 = VERTEX_POINT ( 'NONE', #2925 ) ;
#1891 = ADVANCED_FACE ( 'NONE', ( #3425 ), #1461, .T. ) ;
#1892 = EDGE_CURVE ( 'NONE', #6051, #2392, #2006, .T. ) ;
#1893 = LINE ( 'NONE', #2030, #2213 ) ;
#1894 = DIRECTION ( 'NONE',  ( 2.492418787322998300E-016, 0.0000000000000000000, 1.000000000000000000 ) ) ;
#1895 = DIRECTION ( 'NONE',  ( 0.0000000000000000000, 1.000000000000000000, 0.0000000000000000000 ) ) ;
#1896 = ORIENTED_EDGE ( 'NONE', *, *, #6376, .F. ) ;
#1897 = ORIENTED_EDGE ( 'NONE', *, *, #2297, .T. ) ;
#1898 = AXIS2_PLACEMENT_3D ( 'NONE', #5809, #2796, #2258 ) ;
#1899 = CARTESIAN_POINT ( 'NONE',  ( -2.499999999999756600, 6.900000000000000400, 12.30000000000000200 ) ) ;
#1900 = COLOUR_RGB ( '',0.7921568627450980000, 0.8196078431372548800, 0.9333333333333333500 ) ;
#1901 = FACE_OUTER_BOUND ( 'NONE', #4285, .T. ) ;
#1902 = ORIENTED_EDGE ( 'NONE', *, *, #4458, .F. ) ;
#1903 = CARTESIAN_POINT ( 'NONE',  ( -3.629999999999893300, -6.200000000000000200, -1.269999999999996900 ) ) ;
#1904 = DIRECTION ( 'NONE',  ( 2.492418787322998300E-016, 0.0000000000000000000, 1.000000000000000000 ) ) ;
#1905 = DIRECTION ( 'NONE',  ( 2.492418787322998300E-016, -0.0000000000000000000, 1.000000000000000000 ) ) ;
#1906 = VECTOR ( 'NONE', #3823, 1000.000000000000000 ) ;
#1907 = VECTOR ( 'NONE', #4378, 1000.000000000000000 ) ;
#1908 = ORIENTED_EDGE ( 'NONE', *, *, #1197, .F. ) ;
#1909 = AXIS2_PLACEMENT_3D ( 'NONE', #4112, #3703, #4154 ) ;
#1910 = DIRECTION ( 'NONE',  ( -1.000000000000000000, 0.0000000000000000000, 2.492418787322998300E-016 ) ) ;
#1911 = FACE_OUTER_BOUND ( 'NONE', #1614, .T. ) ;
#1912 = CARTESIAN_POINT ( 'NONE',  ( -3.629999999999760100, -6.200000000000000200, 11.65500000000000500 ) ) ;
#1913 = CARTESIAN_POINT ( 'NONE',  ( -4.358578643762681900, 6.900000000000000400, -12.65000000000000200 ) ) ;
#1914 = ORIENTED_EDGE ( 'NONE', *, *, #1559, .T. ) ;
#1915 = PRESENTATION_STYLE_ASSIGNMENT (( #3791 ) ) ;
#1916 = CARTESIAN_POINT ( 'NONE',  ( 2.500000000000084400, -20.30459520007603700, -2.939999999999999900 ) ) ;
#1917 = CARTESIAN_POINT ( 'NONE',  ( -2.499999999999996400, 7.900000000000000400, -12.30000000000000100 ) ) ;
#1918 = EDGE_CURVE ( 'NONE', #3428, #3385, #4854, .T. ) ;
#1919 = DIRECTION ( 'NONE',  ( 2.492418787322998300E-016, -0.0000000000000000000, 1.000000000000000000 ) ) ;
#1920 = LINE ( 'NONE', #2690, #2851 ) ;
#1921 = EDGE_LOOP ( 'NONE', ( #6394, #1662, #5121, #6177 ) ) ;
#1922 = CARTESIAN_POINT ( 'NONE',  ( -2.499999999999809900, 7.900000000000000400, 7.220000000000000600 ) ) ;
#1923 = ADVANCED_FACE ( 'NONE', ( #748 ), #5966, .F. ) ;
#1924 = ORIENTED_EDGE ( 'NONE', *, *, #4376, .F. ) ;
#1925 = AXIS2_PLACEMENT_3D ( 'NONE', #5779, #2237, #1215 ) ;
#1926 = DIRECTION ( 'NONE',  ( -1.000000000000000000, 0.0000000000000000000, -0.0000000000000000000 ) ) ;
#1927 = DIRECTION ( 'NONE',  ( -1.000000000000000000, 0.0000000000000000000, -0.0000000000000000000 ) ) ;
#1928 = STYLED_ITEM ( 'NONE', ( #5645 ), #606 ) ;
#1929 = DIRECTION ( 'NONE',  ( 0.0000000000000000000, 0.0000000000000000000, 1.000000000000000000 ) ) ;
#1930 = ORIENTED_EDGE ( 'NONE', *, *, #3023, .F. ) ;
#1931 = FACE_OUTER_BOUND ( 'NONE', #5662, .T. ) ;
#1932 = EDGE_CURVE ( 'NONE', #389, #4182, #6081, .T. ) ;
#1933 = DIRECTION ( 'NONE',  ( 0.0000000000000000000, 1.000000000000000000, 0.0000000000000000000 ) ) ;
#1934 = LINE ( 'NONE', #3968, #76 ) ;
#1935 = ADVANCED_FACE ( 'NONE', ( #5923 ), #6156, .T. ) ;
#1936 = DIRECTION ( 'NONE',  ( 0.0000000000000000000, 0.0000000000000000000, 1.000000000000000000 ) ) ;
#1937 = DIRECTION ( 'NONE',  ( 0.0000000000000000000, 0.0000000000000000000, 1.000000000000000000 ) ) ;
#1938 = VERTEX_POINT ( 'NONE', #4833 ) ;
#1939 = VECTOR ( 'NONE', #961, 1000.000000000000000 ) ;
#1940 = VERTEX_POINT ( 'NONE', #5819 ) ;
#1941 = DIRECTION ( 'NONE',  ( 0.0000000000000000000, -0.0000000000000000000, 1.000000000000000000 ) ) ;
#1942 = PLANE ( 'NONE',  #5047 ) ;
#1943 = ORIENTED_EDGE ( 'NONE', *, *, #2201, .T. ) ;
#1944 =( NAMED_UNIT ( * ) SI_UNIT ( $, .STERADIAN. ) SOLID_ANGLE_UNIT ( ) );
#1945 = ORIENTED_EDGE ( 'NONE', *, *, #4846, .T. ) ;
#1946 = LINE ( 'NONE', #4747, #5332 ) ;
#1947 = CARTESIAN_POINT ( 'NONE',  ( -3.544264593930434700, 0.09456800591353120600, 11.21742054539750200 ) ) ;
#1948 = DIRECTION ( 'NONE',  ( 1.000000000000000000, 0.0000000000000000000, -4.984837574645996500E-016 ) ) ;
#1949 = AXIS2_PLACEMENT_3D ( 'NONE', #3534, #3993, #5461 ) ;
#1950 = DIRECTION ( 'NONE',  ( 0.0000000000000000000, 1.000000000000000000, -1.215986738798339900E-016 ) ) ;
#1951 = EDGE_LOOP ( 'NONE', ( #727, #2112, #1487, #6130 ) ) ;
#1952 = ADVANCED_FACE ( 'NONE', ( #3256 ), #4749, .T. ) ;
#1953 = EDGE_LOOP ( 'NONE', ( #1729, #2790 ) ) ;
#1954 = DIRECTION ( 'NONE',  ( -1.000000000000000000, -0.0000000000000000000, 0.0000000000000000000 ) ) ;
#1955 = DIRECTION ( 'NONE',  ( 1.000000000000000000, 0.0000000000000000000, 0.0000000000000000000 ) ) ;
#1956 = VECTOR ( 'NONE', #385, 1000.000000000000000 ) ;
#1957 = DIRECTION ( 'NONE',  ( 0.0000000000000000000, -1.000000000000000000, 0.0000000000000000000 ) ) ;
#1958 = UNCERTAINTY_MEASURE_WITH_UNIT (LENGTH_MEASURE( 1.000000000000000100E-005 ), #281, 'distance_accuracy_value', 'NONE');
#1959 = ORIENTED_EDGE ( 'NONE', *, *, #5938, .T. ) ;
#1960 = CARTESIAN_POINT ( 'NONE',  ( -2.499999999999969800, 7.900000000000000400, -8.019999999999999600 ) ) ;
#1962 = EDGE_CURVE ( 'NONE', #336, #936, #3503, .T. ) ;
#1961 = DIRECTION ( 'NONE',  ( 0.0000000000000000000, 1.000000000000000000, 0.0000000000000000000 ) ) ;
#1963 = EDGE_CURVE ( 'NONE', #1055, #6051, #5773, .T. ) ;
#1964 = FACE_OUTER_BOUND ( 'NONE', #6332, .T. ) ;
#1965 = ADVANCED_FACE ( 'NONE', ( #3599 ), #3293, .F. ) ;
#1966 = CARTESIAN_POINT ( 'NONE',  ( 5.100000000000000500, 1.099999999999999000, -9.807856876076018100 ) ) ;
#1967 = EDGE_CURVE ( 'NONE', #1482, #167, #4451, .T. ) ;
#1968 = ORIENTED_EDGE ( 'NONE', *, *, #1043, .T. ) ;
#1969 = PLANE ( 'NONE',  #5510 ) ;
#1970 = EDGE_LOOP ( 'NONE', ( #5282, #4473 ) ) ;
#1971 = ORIENTED_EDGE ( 'NONE', *, *, #3310, .T. ) ;
#1972 = AXIS2_PLACEMENT_3D ( 'NONE', #5432, #1596, #2104 ) ;
#1973 = CARTESIAN_POINT ( 'NONE',  ( -2.499999999999916500, 6.900000000000000400, -2.939999999999999900 ) ) ;
#1974 = DIRECTION ( 'NONE',  ( 0.0000000000000000000, 0.0000000000000000000, 1.000000000000000000 ) ) ;
#1975 = VECTOR ( 'NONE', #1741, 1000.000000000000000 ) ;
#1976 = LINE ( 'NONE', #858, #4906 ) ;
#1977 = ORIENTED_EDGE ( 'NONE', *, *, #984, .F. ) ;
#1978 = EDGE_LOOP ( 'NONE', ( #678, #628 ) ) ;
#1979 = EDGE_CURVE ( 'NONE', #476, #1534, #140, .T. ) ;
#1980 = PRODUCT_CONTEXT ( 'NONE', #4562, 'mechanical' ) ;
#1981 = LINE ( 'NONE', #1213, #1824 ) ;
#1982 = DIRECTION ( 'NONE',  ( -1.000000000000000000, -0.0000000000000000000, -0.0000000000000000000 ) ) ;
#1983 = DIRECTION ( 'NONE',  ( 1.000000000000000000, 0.0000000000000000000, -0.0000000000000000000 ) ) ;
#1984 = VECTOR ( 'NONE', #2803, 1000.000000000000000 ) ;
#1985 = CIRCLE ( 'NONE', #3878, 0.2249999999999995100 ) ;
#1986 = VERTEX_POINT ( 'NONE', #3759 ) ;
#1987 =( NAMED_UNIT ( * ) PLANE_ANGLE_UNIT ( ) SI_UNIT ( $, .RADIAN. ) );
#1988 = ADVANCED_FACE ( 'NONE', ( #3103 ), #3979, .T. ) ;
#1989 = CARTESIAN_POINT ( 'NONE',  ( -2.499999999999757100, 6.900000000000000400, 10.56000000000000200 ) ) ;
#1990 = AXIS2_PLACEMENT_3D ( 'NONE', #6479, #3484, #7 ) ;
#1991 = CARTESIAN_POINT ( 'NONE',  ( 2.500000000000030200, -20.30459520007603700, -9.759999999999999800 ) ) ;
#1992 = VECTOR ( 'NONE', #4447, 1000.000000000000000 ) ;
#1993 = ORIENTED_EDGE ( 'NONE', *, *, #1675, .T. ) ;
#1994 = CARTESIAN_POINT ( 'NONE',  ( 3.630000000000239700, 0.1034274948450645700, 11.20500000000000500 ) ) ;
#1995 = DIRECTION ( 'NONE',  ( 0.0000000000000000000, -0.0000000000000000000, 1.000000000000000000 ) ) ;
#1996 = CARTESIAN_POINT ( 'NONE',  ( 3.630000000000186900, 1.100000000000001000, 6.575000000000002800 ) ) ;
#1997 = VECTOR ( 'NONE', #3959, 1000.000000000000000 ) ;
#1998 = AXIS2_PLACEMENT_3D ( 'NONE', #921, #5476, #5608 ) ;
#1999 = EDGE_LOOP ( 'NONE', ( #5348, #2092, #4559, #662 ) ) ;
#2000 = COLOUR_RGB ( '',0.7921568627450980000, 0.8196078431372548800, 0.9333333333333333500 ) ;
#2001 = ADVANCED_FACE ( 'NONE', ( #1931 ), #1740, .F. ) ;
#2002 = CARTESIAN_POINT ( 'NONE',  ( -2.499999999999836600, 6.899999999999999500, 4.679999999999999700 ) ) ;
#2003 = DIRECTION ( 'NONE',  ( 2.492418787322998300E-016, -0.0000000000000000000, 1.000000000000000000 ) ) ;
#2004 = ORIENTED_EDGE ( 'NONE', *, *, #1858, .T. ) ;
#2005 = ORIENTED_EDGE ( 'NONE', *, *, #830, .F. ) ;
#2006 = CIRCLE ( 'NONE', #5981, 0.2249999999999995100 ) ;
#2007 = EDGE_CURVE ( 'NONE', #2828, #6302, #4369, .T. ) ;
#2008 = EDGE_CURVE ( 'NONE', #6411, #2231, #5768, .T. ) ;
#2009 = EDGE_CURVE ( 'NONE', #4067, #2341, #2778, .T. ) ;
#2010 = AXIS2_PLACEMENT_3D ( 'NONE', #4917, #2910, #6421 ) ;
#2011 = LINE ( 'NONE', #5020, #1776 ) ;
#2012 = CARTESIAN_POINT ( 'NONE',  ( 2.500000000000243800, 6.900000000000000400, 12.30000000000000200 ) ) ;
#2013 = DIRECTION ( 'NONE',  ( 0.0000000000000000000, 1.000000000000000000, 0.0000000000000000000 ) ) ;
#2014 = SURFACE_STYLE_USAGE ( .BOTH. , #5929 ) ;
#2015 = CARTESIAN_POINT ( 'NONE',  ( -2.499999999999756600, -20.30459520007603700, 12.30000000000000200 ) ) ;
#2016 = EDGE_CURVE ( 'NONE', #624, #2853, #2393, .T. ) ;
#2017 = DIRECTION ( 'NONE',  ( 0.0000000000000000000, 1.000000000000000000, 0.0000000000000000000 ) ) ;
#2018 = DIRECTION ( 'NONE',  ( 0.0000000000000000000, 0.0000000000000000000, 1.000000000000000000 ) ) ;
#2019 = VERTEX_POINT ( 'NONE', #5776 ) ;
#2020 = FACE_BOUND ( 'NONE', #3301, .T. ) ;
#2021 = CLOSED_SHELL ( 'NONE', ( #615, #6068, #3000, #2587 ) ) ;
#2022 = CARTESIAN_POINT ( 'NONE',  ( -2.289071048146349900, 1.100000000000001900, 12.74999999999999800 ) ) ;
#2023 = ADVANCED_FACE ( 'NONE', ( #3750 ), #1278, .T. ) ;
#2024 =( NAMED_UNIT ( * ) PLANE_ANGLE_UNIT ( ) SI_UNIT ( $, .RADIAN. ) );
#2025 = ORIENTED_EDGE ( 'NONE', *, *, #2297, .F. ) ;
#2026 = CARTESIAN_POINT ( 'NONE',  ( 2.500000000000004400, 7.900000000000000400, -10.56000000000000000 ) ) ;
#2027 = FACE_OUTER_BOUND ( 'NONE', #1028, .T. ) ;
#2028 = ORIENTED_EDGE ( 'NONE', *, *, #4418, .F. ) ;
#2029 = DIRECTION ( 'NONE',  ( -1.000000000000000000, 0.0000000000000000000, -0.0000000000000000000 ) ) ;
#2030 = CARTESIAN_POINT ( 'NONE',  ( -2.499999999999863200, 6.899999999999999500, 2.140000000000001500 ) ) ;
#2031 = LINE ( 'NONE', #2176, #3694 ) ;
#2032 = ORIENTED_EDGE ( 'NONE', *, *, #432, .F. ) ;
#2033 = CARTESIAN_POINT ( 'NONE',  ( 3.630000000000160200, -6.200000000000000200, 3.585000000000002600 ) ) ;
#2034 = CARTESIAN_POINT ( 'NONE',  ( 2.500000000000243800, -20.30459520007603700, 12.30000000000000200 ) ) ;
#2035 = ADVANCED_FACE ( 'NONE', ( #4286 ), #775, .F. ) ;
#2036 = AXIS2_PLACEMENT_3D ( 'NONE', #1001, #4463, #449 ) ;
#2037 = VERTEX_POINT ( 'NONE', #4361 ) ;
#2038 = COLOUR_RGB ( '',0.7921568627450980000, 0.8196078431372548800, 0.9333333333333333500 ) ;
#2039 = CARTESIAN_POINT ( 'NONE',  ( -5.099999999999998800, 7.900000000000000400, -12.75000000000000200 ) ) ;
#2040 = FACE_OUTER_BOUND ( 'NONE', #2764, .T. ) ;
#2041 =( NAMED_UNIT ( * ) PLANE_ANGLE_UNIT ( ) SI_UNIT ( $, .RADIAN. ) );
#2042 = ADVANCED_FACE ( 'NONE', ( #3973 ), #3839, .T. ) ;
#2043 = ORIENTED_EDGE ( 'NONE', *, *, #2387, .F. ) ;
#2044 = CARTESIAN_POINT ( 'NONE',  ( -5.099999999999998800, 0.0000000000000000000, 12.74999999999999800 ) ) ;
#2045 = ORIENTED_EDGE ( 'NONE', *, *, #6083, .F. ) ;
#2046 = VECTOR ( 'NONE', #4130, 1000.000000000000000 ) ;
#2047 = CARTESIAN_POINT ( 'NONE',  ( 3.630000000000133100, 1.100000000000000300, 1.270000000000003800 ) ) ;
#2048 = DIRECTION ( 'NONE',  ( 0.0000000000000000000, 0.0000000000000000000, 1.000000000000000000 ) ) ;
#2049 = CARTESIAN_POINT ( 'NONE',  ( -3.507546743040525600, 0.07757749381583035900, -11.24124036485514600 ) ) ;
#2050 = UNCERTAINTY_MEASURE_WITH_UNIT (LENGTH_MEASURE( 1.000000000000000100E-005 ), #4774, 'distance_accuracy_value', 'NONE');
#2051 = SURFACE_STYLE_USAGE ( .BOTH. , #3091 ) ;
#2052 = VERTEX_POINT ( 'NONE', #818 ) ;
#2053 = PRESENTATION_STYLE_ASSIGNMENT (( #4304 ) ) ;
#2054 = AXIS2_PLACEMENT_3D ( 'NONE', #4075, #5565, #607 ) ;
#2055 = CARTESIAN_POINT ( 'NONE',  ( -3.629999999999786700, 1.100000000000001200, 9.115000000000003800 ) ) ;
#2056 = PLANE ( 'NONE',  #4884 ) ;
#2057 = CARTESIAN_POINT ( 'NONE',  ( 3.630000000000027400, -6.200000000000000200, -9.114999999999996700 ) ) ;
#2058 = CARTESIAN_POINT ( 'NONE',  ( 3.630000000000186900, -6.200000000000000200, 6.125000000000003600 ) ) ;
#2059 = ORIENTED_EDGE ( 'NONE', *, *, #1715, .T. ) ;
#2060 = CARTESIAN_POINT ( 'NONE',  ( 5.100000000000000500, 1.099999999999999000, -9.807856876076018100 ) ) ;
#2061 = AXIS2_PLACEMENT_3D ( 'NONE', #2047, #6482, #5556 ) ;
#2062 = FACE_OUTER_BOUND ( 'NONE', #2194, .T. ) ;
#2063 = ORIENTED_EDGE ( 'NONE', *, *, #4933, .T. ) ;
#2064 = ADVANCED_FACE ( 'NONE', ( #1060 ), #856, .F. ) ;
#2065 = ORIENTED_EDGE ( 'NONE', *, *, #3949, .T. ) ;
#2066 = AXIS2_PLACEMENT_3D ( 'NONE', #1861, #4382, #2787 ) ;
#2067 = EDGE_CURVE ( 'NONE', #1316, #404, #5244, .T. ) ;
#2068 = PLANE ( 'NONE',  #5707 ) ;
#2069 = EDGE_CURVE ( 'NONE', #1563, #2100, #4216, .T. ) ;
#2070 = LINE ( 'NONE', #2090, #2363 ) ;
#2071 = DIRECTION ( 'NONE',  ( 0.0000000000000000000, 0.0000000000000000000, 1.000000000000000000 ) ) ;
#2072 = DIRECTION ( 'NONE',  ( 0.0000000000000000000, 1.000000000000000000, 0.0000000000000000000 ) ) ;
#2073 = ADVANCED_FACE ( 'NONE', ( #894 ), #3387, .T. ) ;
#2074 = PLANE ( 'NONE',  #4387 ) ;
#2075 = CARTESIAN_POINT ( 'NONE',  ( -2.499999999999757100, 7.900000000000000400, 10.56000000000000200 ) ) ;
#2076 = LINE ( 'NONE', #268, #3805 ) ;
#2077 = ORIENTED_EDGE ( 'NONE', *, *, #2713, .F. ) ;
#2078 = ORIENTED_EDGE ( 'NONE', *, *, #6275, .T. ) ;
#2079 = ADVANCED_FACE ( 'NONE', ( #4446 ), #2827, .F. ) ;
#2080 = PLANE ( 'NONE',  #5537 ) ;
#2081 = LINE ( 'NONE', #310, #4273 ) ;
#2082 = DIRECTION ( 'NONE',  ( 0.0000000000000000000, 1.215986738798339900E-016, 1.000000000000000000 ) ) ;
#2083 = FILL_AREA_STYLE ('',( #2546 ) ) ;
#2084 = ORIENTED_EDGE ( 'NONE', *, *, #1547, .T. ) ;
#2085 = CYLINDRICAL_SURFACE ( 'NONE', #1827, 0.2249999999999995100 ) ;
#2086 = ORIENTED_EDGE ( 'NONE', *, *, #2754, .T. ) ;
#2087 = CARTESIAN_POINT ( 'NONE',  ( 3.630000000000239700, 0.0000000000000000000, 11.65500000000000500 ) ) ;
#2088 = STYLED_ITEM ( 'NONE', ( #2585 ), #4789 ) ;
#2089 = DIRECTION ( 'NONE',  ( 0.0000000000000000000, 1.000000000000000000, -1.215986738798339900E-016 ) ) ;
#2090 = CARTESIAN_POINT ( 'NONE',  ( 2.500000000000084400, 6.899999999999999500, -2.939999999999999900 ) ) ;
#2091 = LINE ( 'NONE', #1404, #3330 ) ;
#2092 = ORIENTED_EDGE ( 'NONE', *, *, #4340, .F. ) ;
#2093 = DIRECTION ( 'NONE',  ( 0.0000000000000000000, 0.0000000000000000000, 1.000000000000000000 ) ) ;
#2094 = CARTESIAN_POINT ( 'NONE',  ( -3.629999999999813400, -6.200000000000000200, 6.350000000000003200 ) ) ;
#2095 = ORIENTED_EDGE ( 'NONE', *, *, #1591, .T. ) ;
#2096 = LINE ( 'NONE', #1369, #3899 ) ;
#2097 = CARTESIAN_POINT ( 'NONE',  ( 2.500000000000030600, 7.900000000000000400, -8.019999999999999600 ) ) ;
#2098 = DIRECTION ( 'NONE',  ( 0.0000000000000000000, 0.0000000000000000000, 1.000000000000000000 ) ) ;
#2099 = UNCERTAINTY_MEASURE_WITH_UNIT (LENGTH_MEASURE( 1.000000000000000100E-005 ), #3679, 'distance_accuracy_value', 'NONE');
#2100 = VERTEX_POINT ( 'NONE', #5900 ) ;
#2101 = CIRCLE ( 'NONE', #3985, 0.2249999999999995100 ) ;
#2102 = CARTESIAN_POINT ( 'NONE',  ( 2.500000000000163900, 6.900000000000000400, 4.679999999999999700 ) ) ;
#2103 = CARTESIAN_POINT ( 'NONE',  ( -2.499999999999969800, 6.900000000000000400, -8.019999999999999600 ) ) ;
#2104 = DIRECTION ( 'NONE',  ( 0.0000000000000000000, 0.5807029557109360000, 0.8141155183563219000 ) ) ;
#2105 = EDGE_CURVE ( 'NONE', #4928, #1393, #2701, .T. ) ;
#2106 = ADVANCED_FACE ( 'NONE', ( #62 ), #333, .F. ) ;
#2107 = LINE ( 'NONE', #4565, #3685 ) ;
#2108 = EDGE_CURVE ( 'NONE', #6339, #2355, #2630, .T. ) ;
#2109 = AXIS2_PLACEMENT_3D ( 'NONE', #3569, #5637, #573 ) ;
#2110 = VERTEX_POINT ( 'NONE', #2322 ) ;
#2111 = CYLINDRICAL_SURFACE ( 'NONE', #4200, 0.2249999999999995100 ) ;
#2112 = ORIENTED_EDGE ( 'NONE', *, *, #1078, .T. ) ;
#2113 = DIRECTION ( 'NONE',  ( 0.0000000000000000000, 0.0000000000000000000, 1.000000000000000000 ) ) ;
#2114 = EDGE_CURVE ( 'NONE', #2795, #3368, #1693, .T. ) ;
#2115 = ORIENTED_EDGE ( 'NONE', *, *, #1767, .T. ) ;
#2116 = DIRECTION ( 'NONE',  ( 0.0000000000000000000, 1.000000000000000000, 0.0000000000000000000 ) ) ;
#2117 = EDGE_LOOP ( 'NONE', ( #5515, #5072 ) ) ;
#2118 = FACE_OUTER_BOUND ( 'NONE', #4401, .T. ) ;
#2119 = VERTEX_POINT ( 'NONE', #881 ) ;
#2120 = CARTESIAN_POINT ( 'NONE',  ( 5.000000000000000900, 6.899999999999999500, -12.64999999999999700 ) ) ;
#2121 = ORIENTED_EDGE ( 'NONE', *, *, #5701, .T. ) ;
#2122 = VECTOR ( 'NONE', #5308, 1000.000000000000000 ) ;
#2123 = LINE ( 'NONE', #4798, #6105 ) ;
#2124 = AXIS2_PLACEMENT_3D ( 'NONE', #2447, #2491, #2997 ) ;
#2125 = EDGE_LOOP ( 'NONE', ( #5338, #2867, #3177, #5408 ) ) ;
#2126 = CARTESIAN_POINT ( 'NONE',  ( 3.630000000000053200, -6.200000000000000200, -6.574999999999996600 ) ) ;
#2127 = VECTOR ( 'NONE', #3446, 1000.000000000000000 ) ;
#2128 = DIRECTION ( 'NONE',  ( 0.0000000000000000000, 0.0000000000000000000, 1.000000000000000000 ) ) ;
#2129 = FILL_AREA_STYLE ('',( #4646 ) ) ;
#2130 = EDGE_LOOP ( 'NONE', ( #3528, #5387, #4414, #4408 ) ) ;
#2131 = ORIENTED_EDGE ( 'NONE', *, *, #625, .T. ) ;
#2132 = CARTESIAN_POINT ( 'NONE',  ( 2.500000000000004400, 6.900000000000000400, -10.56000000000000000 ) ) ;
#2133 = DIRECTION ( 'NONE',  ( 0.0000000000000000000, 1.000000000000000000, -1.215986738798339900E-016 ) ) ;
#2134 = AXIS2_PLACEMENT_3D ( 'NONE', #5905, #5984, #1459 ) ;
#2135 = CARTESIAN_POINT ( 'NONE',  ( -2.499999999999889900, 7.900000000000000400, -0.3999999999999993000 ) ) ;
#2136 = ADVANCED_FACE ( 'NONE', ( #4054 ), #3903, .T. ) ;
#2137 = LINE ( 'NONE', #3874, #2982 ) ;
#2138 =( NAMED_UNIT ( * ) SI_UNIT ( $, .STERADIAN. ) SOLID_ANGLE_UNIT ( ) );
#2139 = ORIENTED_EDGE ( 'NONE', *, *, #5554, .T. ) ;
#2140 = VERTEX_POINT ( 'NONE', #3886 ) ;
#2141 = ORIENTED_EDGE ( 'NONE', *, *, #672, .F. ) ;
#2142 = EDGE_CURVE ( 'NONE', #3658, #2456, #6423, .T. ) ;
#2143 = LINE ( 'NONE', #2872, #4977 ) ;
#2144 = DIRECTION ( 'NONE',  ( 0.0000000000000000000, 1.000000000000000000, 0.0000000000000000000 ) ) ;
#2145 = CIRCLE ( 'NONE', #53, 0.2249999999999995100 ) ;
#2146 = DIRECTION ( 'NONE',  ( 0.0000000000000000000, 1.215986738798339900E-016, 1.000000000000000000 ) ) ;
#2147 = EDGE_CURVE ( 'NONE', #2483, #3266, #2096, .T. ) ;
#2148 = ORIENTED_EDGE ( 'NONE', *, *, #1932, .T. ) ;
#2149 = VERTEX_POINT ( 'NONE', #5495 ) ;
#2150 = AXIS2_PLACEMENT_3D ( 'NONE', #5853, #1778, #765 ) ;
#2151 = VECTOR ( 'NONE', #3230, 1000.000000000000000 ) ;
#2152 = LINE ( 'NONE', #5484, #6135 ) ;
#2153 =( NAMED_UNIT ( * ) PLANE_ANGLE_UNIT ( ) SI_UNIT ( $, .RADIAN. ) );
#2154 = DIRECTION ( 'NONE',  ( -0.0000000000000000000, 1.000000000000000000, -0.0000000000000000000 ) ) ;
#2155 = EDGE_CURVE ( 'NONE', #2273, #3282, #2464, .T. ) ;
#2156 = VECTOR ( 'NONE', #328, 1000.000000000000000 ) ;
#2157 = PLANE ( 'NONE',  #5307 ) ;
#2158 = FACE_OUTER_BOUND ( 'NONE', #685, .T. ) ;
#2159 = VERTEX_POINT ( 'NONE', #1878 ) ;
#2160 = DIRECTION ( 'NONE',  ( 0.0000000000000000000, 1.000000000000000000, -1.215986738798339900E-016 ) ) ;
#2161 = DIRECTION ( 'NONE',  ( 0.0000000000000000000, 0.0000000000000000000, 1.000000000000000000 ) ) ;
#2162 = VECTOR ( 'NONE', #4301, 1000.000000000000000 ) ;
#2163 = VERTEX_POINT ( 'NONE', #4030 ) ;
#2164 = DIRECTION ( 'NONE',  ( 0.0000000000000000000, 1.000000000000000000, -1.215986738798339900E-016 ) ) ;
#2165 = DIRECTION ( 'NONE',  ( 1.000000000000000000, 0.0000000000000000000, -4.984837574645996500E-016 ) ) ;
#2166 = FACE_OUTER_BOUND ( 'NONE', #464, .T. ) ;
#2167 = EDGE_LOOP ( 'NONE', ( #3098, #5732, #3932, #5563 ) ) ;
#2168 = ADVANCED_FACE ( 'NONE', ( #4929 ), #6002, .T. ) ;
#2169 = CARTESIAN_POINT ( 'NONE',  ( -5.099999999999998800, 1.100000000000001400, 9.807856876076018100 ) ) ;
#2170 = CARTESIAN_POINT ( 'NONE',  ( 2.500000000000058200, 6.899999999999999500, -5.479999999999999500 ) ) ;
#2171 = EDGE_LOOP ( 'NONE', ( #6340, #867 ) ) ;
#2172 = AXIS2_PLACEMENT_3D ( 'NONE', #3024, #3567, #6483 ) ;
#2173 = DIRECTION ( 'NONE',  ( -1.000000000000000000, 0.0000000000000000000, 2.492418787322998300E-016 ) ) ;
#2174 = ORIENTED_EDGE ( 'NONE', *, *, #861, .T. ) ;
#2175 = CIRCLE ( 'NONE', #1925, 0.2249999999999995100 ) ;
#2176 = CARTESIAN_POINT ( 'NONE',  ( 5.100000000000000500, 1.099999999999999000, -9.807856876076018100 ) ) ;
#2177 = DIRECTION ( 'NONE',  ( 1.000000000000000000, 0.0000000000000000000, -4.984837574645996500E-016 ) ) ;
#2178 = CARTESIAN_POINT ( 'NONE',  ( 3.630000000000186900, 1.100000000000001000, 6.125000000000003600 ) ) ;
#2179 = FACE_OUTER_BOUND ( 'NONE', #2517, .T. ) ;
#2180 = AXIS2_PLACEMENT_3D ( 'NONE', #4235, #6224, #3741 ) ;
#2181 = ORIENTED_EDGE ( 'NONE', *, *, #5182, .T. ) ;
#2182 = VECTOR ( 'NONE', #2455, 1000.000000000000000 ) ;
#2183 = ORIENTED_EDGE ( 'NONE', *, *, #381, .T. ) ;
#2184 = DIRECTION ( 'NONE',  ( 2.492418787322998300E-016, 0.0000000000000000000, 1.000000000000000000 ) ) ;
#2185 = DIRECTION ( 'NONE',  ( 0.0000000000000000000, 0.0000000000000000000, 1.000000000000000000 ) ) ;
#2186 = CARTESIAN_POINT ( 'NONE',  ( 2.500000000000109700, -20.30459520007603700, -2.139999999999999700 ) ) ;
#2187 = EDGE_CURVE ( 'NONE', #1503, #1222, #214, .T. ) ;
#2188 = EDGE_CURVE ( 'NONE', #2777, #178, #4772, .T. ) ;
#2189 = EDGE_CURVE ( 'NONE', #1222, #1503, #291, .T. ) ;
#2190 = COLOUR_RGB ( '',0.7921568627450980000, 0.8196078431372548800, 0.9333333333333333500 ) ;
#2191 = ORIENTED_EDGE ( 'NONE', *, *, #782, .T. ) ;
#2192 = CARTESIAN_POINT ( 'NONE',  ( 3.630000000000000300, -6.200000000000000200, -11.42999999999999800 ) ) ;
#2193 = CYLINDRICAL_SURFACE ( 'NONE', #3421, 0.2249999999999995100 ) ;
#2194 = EDGE_LOOP ( 'NONE', ( #3852, #3096, #1421, #1590 ) ) ;
#2195 = DIRECTION ( 'NONE',  ( -2.492418787322998300E-016, 0.0000000000000000000, -1.000000000000000000 ) ) ;
#2196 = AXIS2_PLACEMENT_3D ( 'NONE', #5080, #4100, #4568 ) ;
#2197 = CARTESIAN_POINT ( 'NONE',  ( -3.629999999999973200, -6.200000000000000200, -8.664999999999997400 ) ) ;
#2198 = ORIENTED_EDGE ( 'NONE', *, *, #5153, .T. ) ;
#2199 = ORIENTED_EDGE ( 'NONE', *, *, #5829, .F. ) ;
#2200 = LINE ( 'NONE', #3394, #3202 ) ;
#2201 = EDGE_CURVE ( 'NONE', #178, #1308, #2550, .T. ) ;
#2202 = ORIENTED_EDGE ( 'NONE', *, *, #5024, .F. ) ;
#2203 = DIRECTION ( 'NONE',  ( 0.0000000000000000000, 1.000000000000000000, 0.0000000000000000000 ) ) ;
#2204 = VECTOR ( 'NONE', #3767, 1000.000000000000000 ) ;
#2205 = CARTESIAN_POINT ( 'NONE',  ( -2.499999999999836600, 6.900000000000000400, 4.679999999999999700 ) ) ;
#2206 = VERTEX_POINT ( 'NONE', #2526 ) ;
#2207 = DIRECTION ( 'NONE',  ( 0.0000000000000000000, 0.0000000000000000000, 1.000000000000000000 ) ) ;
#2208 = CIRCLE ( 'NONE', #5849, 0.2249999999999995100 ) ;
#2209 = CARTESIAN_POINT ( 'NONE',  ( 2.500000000000110600, -20.30459520007603700, -0.3999999999999993000 ) ) ;
#2210 = ORIENTED_EDGE ( 'NONE', *, *, #3184, .T. ) ;
#2211 = DIRECTION ( 'NONE',  ( 1.000000000000000000, 0.0000000000000000000, 0.0000000000000000000 ) ) ;
#2212 = CARTESIAN_POINT ( 'NONE',  ( 3.630000000000160200, -6.200000000000000200, 3.810000000000002700 ) ) ;
#2213 = VECTOR ( 'NONE', #4029, 1000.000000000000000 ) ;
#2214 = CARTESIAN_POINT ( 'NONE',  ( 3.630000000000000300, 1.736396103067893400, -11.65499999999999800 ) ) ;
#2215 = EDGE_LOOP ( 'NONE', ( #641, #6341, #5575, #4609 ) ) ;
#2216 = ORIENTED_EDGE ( 'NONE', *, *, #3062, .F. ) ;
#2217 = DIRECTION ( 'NONE',  ( 0.0000000000000000000, 0.0000000000000000000, 1.000000000000000000 ) ) ;
#2218 = VECTOR ( 'NONE', #3432, 1000.000000000000000 ) ;
#2219 = CYLINDRICAL_SURFACE ( 'NONE', #1713, 0.2249999999999999500 ) ;
#2220 = CARTESIAN_POINT ( 'NONE',  ( 2.500000000000030600, -20.30459520007603700, -8.019999999999999600 ) ) ;
#2221 = EDGE_CURVE ( 'NONE', #5256, #4302, #5456, .T. ) ;
#2222 = EDGE_CURVE ( 'NONE', #1691, #5213, #2859, .T. ) ;
#2223 = PRODUCT_DEFINITION_CONTEXT ( 'detailed design', #5977, 'design' ) ;
#2224 = EDGE_CURVE ( 'NONE', #4873, #3114, #2940, .T. ) ;
#2225 = CARTESIAN_POINT ( 'NONE',  ( -2.499999999999863200, 7.900000000000000400, 2.140000000000001500 ) ) ;
#2226 = VECTOR ( 'NONE', #979, 1000.000000000000000 ) ;
#2227 = ORIENTED_EDGE ( 'NONE', *, *, #5056, .T. ) ;
#2228 = ORIENTED_EDGE ( 'NONE', *, *, #499, .F. ) ;
#2229 = CIRCLE ( 'NONE', #1998, 0.2249999999999995100 ) ;
#2230 = CARTESIAN_POINT ( 'NONE',  ( 2.289071048146349900, 1.100000000000001900, -12.75000000000000200 ) ) ;
#2231 = VERTEX_POINT ( 'NONE', #4961 ) ;
#2232 = DIRECTION ( 'NONE',  ( -0.0000000000000000000, 1.000000000000000000, 0.0000000000000000000 ) ) ;
#2233 = ORIENTED_EDGE ( 'NONE', *, *, #5498, .T. ) ;
#2234 = DIRECTION ( 'NONE',  ( -1.000000000000000000, 0.0000000000000000000, 2.492418787322998300E-016 ) ) ;
#2235 = EDGE_CURVE ( 'NONE', #3244, #859, #6389, .T. ) ;
#2236 = PLANE ( 'NONE',  #380 ) ;
#2237 = DIRECTION ( 'NONE',  ( 0.0000000000000000000, 1.000000000000000000, -1.215986738798339900E-016 ) ) ;
#2238 = ORIENTED_EDGE ( 'NONE', *, *, #6027, .F. ) ;
#2239 =( NAMED_UNIT ( * ) PLANE_ANGLE_UNIT ( ) SI_UNIT ( $, .RADIAN. ) );
#2240 = EDGE_LOOP ( 'NONE', ( #3268, #681 ) ) ;
#2241 = ORIENTED_EDGE ( 'NONE', *, *, #6286, .T. ) ;
#2242 = MANIFOLD_SOLID_BREP ( 'Boss-Extrude3[5]', #646 ) ;
#2243 = CARTESIAN_POINT ( 'NONE',  ( -3.629999999999973200, 1.099999999999999000, -8.889999999999997000 ) ) ;
#2244 = EDGE_LOOP ( 'NONE', ( #4923, #2776, #3205, #397 ) ) ;
#2245 = VECTOR ( 'NONE', #1961, 1000.000000000000000 ) ;
#2246 = ORIENTED_EDGE ( 'NONE', *, *, #1385, .T. ) ;
#2247 = UNCERTAINTY_MEASURE_WITH_UNIT (LENGTH_MEASURE( 1.000000000000000100E-005 ), #3857, 'distance_accuracy_value', 'NONE');
#2248 = CARTESIAN_POINT ( 'NONE',  ( -2.499999999999837000, 7.900000000000000400, 2.939999999999999900 ) ) ;
#2249 = AXIS2_PLACEMENT_3D ( 'NONE', #5741, #6274, #4795 ) ;
#2250 = CARTESIAN_POINT ( 'NONE',  ( -2.499999999999969800, 6.899999999999999500, -8.019999999999999600 ) ) ;
#2251 = LINE ( 'NONE', #1008, #5185 ) ;
#2252 = EDGE_CURVE ( 'NONE', #2696, #1986, #5617, .T. ) ;
#2253 = ORIENTED_EDGE ( 'NONE', *, *, #5055, .F. ) ;
#2254 = VECTOR ( 'NONE', #6310, 1000.000000000000000 ) ;
#2255 = ORIENTED_EDGE ( 'NONE', *, *, #3400, .F. ) ;
#2256 = MECHANICAL_DESIGN_GEOMETRIC_PRESENTATION_REPRESENTATION (  '', ( #3303 ), #2599 ) ;
#2257 = ORIENTED_EDGE ( 'NONE', *, *, #3671, .F. ) ;
#2258 = DIRECTION ( 'NONE',  ( 0.0000000000000000000, -0.0000000000000000000, 1.000000000000000000 ) ) ;
#2259 = ORIENTED_EDGE ( 'NONE', *, *, #637, .T. ) ;
#2260 =( GEOMETRIC_REPRESENTATION_CONTEXT ( 3 ) GLOBAL_UNCERTAINTY_ASSIGNED_CONTEXT ( ( #4298 ) ) GLOBAL_UNIT_ASSIGNED_CONTEXT ( ( #3504, #3433, #6404 ) ) REPRESENTATION_CONTEXT ( 'NONE', 'WORKASPACE' ) );
#2261 = ORIENTED_EDGE ( 'NONE', *, *, #1332, .T. ) ;
#2262 = EDGE_CURVE ( 'NONE', #1647, #5192, #5169, .T. ) ;
#2263 = VERTEX_POINT ( 'NONE', #4163 ) ;
#2264 = DIRECTION ( 'NONE',  ( -1.000000000000000000, 0.0000000000000000000, -0.0000000000000000000 ) ) ;
#2265 = FILL_AREA_STYLE ('',( #6006 ) ) ;
#2266 = CARTESIAN_POINT ( 'NONE',  ( 0.0000000000000000000, 7.900000000000000400, 0.0000000000000000000 ) ) ;
#2267 = STYLED_ITEM ( 'NONE', ( #3554 ), #3900 ) ;
#2268 = LINE ( 'NONE', #3865, #1652 ) ;
#2269 = CARTESIAN_POINT ( 'NONE',  ( 2.500000000000030600, 6.900000000000000400, -8.019999999999999600 ) ) ;
#2270 = DIRECTION ( 'NONE',  ( 0.0000000000000000000, 0.0000000000000000000, -1.000000000000000000 ) ) ;
#2271 = ORIENTED_EDGE ( 'NONE', *, *, #2801, .F. ) ;
#2272 = FILL_AREA_STYLE ('',( #3808 ) ) ;
#2273 = VERTEX_POINT ( 'NONE', #2058 ) ;
#2274 = DIRECTION ( 'NONE',  ( 0.0000000000000000000, 0.0000000000000000000, 1.000000000000000000 ) ) ;
#2275 =( NAMED_UNIT ( * ) SI_UNIT ( $, .STERADIAN. ) SOLID_ANGLE_UNIT ( ) );
#2276 = ORIENTED_EDGE ( 'NONE', *, *, #707, .T. ) ;
#2277 = ORIENTED_EDGE ( 'NONE', *, *, #2385, .F. ) ;
#2278 = ORIENTED_EDGE ( 'NONE', *, *, #5067, .F. ) ;
#2279 = VECTOR ( 'NONE', #5019, 1000.000000000000000 ) ;
#2280 = VECTOR ( 'NONE', #4624, 1000.000000000000000 ) ;
#2281 = CARTESIAN_POINT ( 'NONE',  ( -2.499999999999996000, 6.899999999999999500, -10.56000000000000000 ) ) ;
#2282 = PLANE ( 'NONE',  #4406 ) ;
#2283 = ORIENTED_EDGE ( 'NONE', *, *, #3710, .T. ) ;
#2284 = CARTESIAN_POINT ( 'NONE',  ( -2.499999999999810400, 7.900000000000000400, 5.480000000000000400 ) ) ;
#2285 = AXIS2_PLACEMENT_3D ( 'NONE', #6092, #579, #1524 ) ;
#2286 = DIRECTION ( 'NONE',  ( 0.0000000000000000000, -1.000000000000000000, 0.0000000000000000000 ) ) ;
#2287 = VECTOR ( 'NONE', #5697, 1000.000000000000000 ) ;
#2288 = VECTOR ( 'NONE', #2467, 1000.000000000000000 ) ;
#2289 = PLANE ( 'NONE',  #5337 ) ;
#2290 = DIRECTION ( 'NONE',  ( 0.0000000000000000000, 1.000000000000000000, 0.0000000000000000000 ) ) ;
#2291 = LINE ( 'NONE', #3269, #954 ) ;
#2292 = PLANE ( 'NONE',  #4351 ) ;
#2293 = FACE_OUTER_BOUND ( 'NONE', #2943, .T. ) ;
#2294 = EDGE_LOOP ( 'NONE', ( #6013, #4682 ) ) ;
#2295 = CARTESIAN_POINT ( 'NONE',  ( 2.500000000000110600, 7.900000000000000400, -0.3999999999999993000 ) ) ;
#2296 = EDGE_CURVE ( 'NONE', #4177, #2821, #3819, .T. ) ;
#2297 = EDGE_CURVE ( 'NONE', #3733, #3999, #5088, .T. ) ;
#2298 = EDGE_CURVE ( 'NONE', #2415, #1734, #2854, .T. ) ;
#2299 = FILL_AREA_STYLE ('',( #4761 ) ) ;
#2300 = SURFACE_SIDE_STYLE ('',( #4208 ) ) ;
#2301 = CLOSED_SHELL ( 'NONE', ( #3953, #2983, #560, #6000 ) ) ;
#2302 = CARTESIAN_POINT ( 'NONE',  ( -2.499999999999917000, -20.30459520007603700, -4.679999999999999700 ) ) ;
#2303 = DIRECTION ( 'NONE',  ( 0.0000000000000000000, 1.215986738798339900E-016, 1.000000000000000000 ) ) ;
#2304 = EDGE_LOOP ( 'NONE', ( #3941, #26, #1943, #2839 ) ) ;
#2305 = LINE ( 'NONE', #680, #52 ) ;
#2306 = DIRECTION ( 'NONE',  ( 1.000000000000000000, 0.0000000000000000000, -4.984837574645996500E-016 ) ) ;
#2307 = EDGE_CURVE ( 'NONE', #1718, #5317, #889, .T. ) ;
#2308 = DIRECTION ( 'NONE',  ( 0.0000000000000000000, 1.000000000000000000, 0.0000000000000000000 ) ) ;
#2309 = DIRECTION ( 'NONE',  ( 0.0000000000000000000, 0.0000000000000000000, 1.000000000000000000 ) ) ;
#2310 = ORIENTED_EDGE ( 'NONE', *, *, #5067, .T. ) ;
#2311 = DIRECTION ( 'NONE',  ( 1.000000000000000000, -0.0000000000000000000, 0.0000000000000000000 ) ) ;
#2312 = ORIENTED_EDGE ( 'NONE', *, *, #5512, .T. ) ;
#2313 = STYLED_ITEM ( 'NONE', ( #4888 ), #4799 ) ;
#2314 = LINE ( 'NONE', #2996, #609 ) ;
#2315 = CARTESIAN_POINT ( 'NONE',  ( 2.500000000000217200, -20.30459520007603700, 9.760000000000001600 ) ) ;
#2316 = CARTESIAN_POINT ( 'NONE',  ( -2.499999999999783300, 6.899999999999999500, 9.760000000000001600 ) ) ;
#2317 = ORIENTED_EDGE ( 'NONE', *, *, #1635, .T. ) ;
#2318 = LINE ( 'NONE', #2960, #5704 ) ;
#2319 =( LENGTH_UNIT ( ) NAMED_UNIT ( * ) SI_UNIT ( .MILLI., .METRE. ) );
#2320 = CARTESIAN_POINT ( 'NONE',  ( 3.630000000000160200, -6.200000000000000200, 3.810000000000002700 ) ) ;
#2321 = AXIS2_PLACEMENT_3D ( 'NONE', #2481, #5503, #6476 ) ;
#2322 = CARTESIAN_POINT ( 'NONE',  ( 3.630000000000080300, 1.099999999999999900, -3.584999999999997300 ) ) ;
#2323 = DIRECTION ( 'NONE',  ( -1.000000000000000000, -0.0000000000000000000, 0.0000000000000000000 ) ) ;
#2324 = CARTESIAN_POINT ( 'NONE',  ( -2.499999999999917000, 7.900000000000000400, -4.679999999999999700 ) ) ;
#2325 = ORIENTED_EDGE ( 'NONE', *, *, #6324, .F. ) ;
#2326 = CARTESIAN_POINT ( 'NONE',  ( -2.499999999999969800, 6.899999999999999500, -8.019999999999999600 ) ) ;
#2327 = VECTOR ( 'NONE', #100, 1000.000000000000000 ) ;
#2328 = VERTEX_POINT ( 'NONE', #5666 ) ;
#2329 = PLANE ( 'NONE',  #1473 ) ;
#2330 = ORIENTED_EDGE ( 'NONE', *, *, #3787, .F. ) ;
#2331 = EDGE_CURVE ( 'NONE', #5149, #2722, #6150, .T. ) ;
#2332 = EDGE_CURVE ( 'NONE', #6494, #6339, #2305, .T. ) ;
#2333 = EDGE_LOOP ( 'NONE', ( #1830, #5331, #5568, #4935 ) ) ;
#2334 = CARTESIAN_POINT ( 'NONE',  ( -3.629999999999999400, 1.099999999999998800, -11.20499999999999800 ) ) ;
#2335 = EDGE_CURVE ( 'NONE', #1393, #2601, #3332, .T. ) ;
#2336 = EDGE_LOOP ( 'NONE', ( #1407, #897, #4095, #4489 ) ) ;
#2337 = FACE_OUTER_BOUND ( 'NONE', #2240, .T. ) ;
#2338 = DIRECTION ( 'NONE',  ( 0.0000000000000000000, 1.000000000000000000, 0.0000000000000000000 ) ) ;
#2339 = DIRECTION ( 'NONE',  ( -1.000000000000000000, -0.0000000000000000000, -0.0000000000000000000 ) ) ;
#2340 = DIRECTION ( 'NONE',  ( 0.0000000000000000000, 1.000000000000000000, 0.0000000000000000000 ) ) ;
#2341 = VERTEX_POINT ( 'NONE', #306 ) ;
#2342 = LINE ( 'NONE', #2683, #550 ) ;
#2343 = ADVANCED_FACE ( 'NONE', ( #3496 ), #3771, .F. ) ;
#2344 = VECTOR ( 'NONE', #3809, 1000.000000000000000 ) ;
#2345 = EDGE_CURVE ( 'NONE', #4695, #918, #4610, .T. ) ;
#2346 = ORIENTED_EDGE ( 'NONE', *, *, #2472, .F. ) ;
#2347 = SURFACE_STYLE_USAGE ( .BOTH. , #2395 ) ;
#2348 = DIRECTION ( 'NONE',  ( -0.0000000000000000000, 1.000000000000000000, 0.0000000000000000000 ) ) ;
#2349 = LINE ( 'NONE', #1634, #4181 ) ;
#2350 = ORIENTED_EDGE ( 'NONE', *, *, #5309, .T. ) ;
#2351 = CARTESIAN_POINT ( 'NONE',  ( 5.000000000000000900, -20.30459520007603700, 12.65000000000000000 ) ) ;
#2352 = VECTOR ( 'NONE', #4773, 1000.000000000000000 ) ;
#2353 = AXIS2_PLACEMENT_3D ( 'NONE', #5915, #6395, #5832 ) ;
#2354 = DIRECTION ( 'NONE',  ( 0.0000000000000000000, 1.000000000000000000, -1.215986738798339900E-016 ) ) ;
#2355 = VERTEX_POINT ( 'NONE', #5770 ) ;
#2356 = CARTESIAN_POINT ( 'NONE',  ( -2.499999999999970200, -20.30459520007603700, -9.759999999999999800 ) ) ;
#2357 = ORIENTED_EDGE ( 'NONE', *, *, #1508, .F. ) ;
#2358 = EDGE_LOOP ( 'NONE', ( #1059, #3834, #5590, #1120 ) ) ;
#2359 = CARTESIAN_POINT ( 'NONE',  ( 2.500000000000056800, 7.900000000000000400, -7.219999999999999800 ) ) ;
#2360 = DIRECTION ( 'NONE',  ( 0.0000000000000000000, 0.0000000000000000000, 1.000000000000000000 ) ) ;
#2361 = LINE ( 'NONE', #5970, #939 ) ;
#2362 = CARTESIAN_POINT ( 'NONE',  ( -2.499999999999783700, 6.900000000000000400, 8.020000000000001400 ) ) ;
#2363 = VECTOR ( 'NONE', #1648, 1000.000000000000000 ) ;
#2364 = AXIS2_PLACEMENT_3D ( 'NONE', #5316, #4242, #1234 ) ;
#2365 = VECTOR ( 'NONE', #4726, 1000.000000000000000 ) ;
#2366 = DIRECTION ( 'NONE',  ( -0.0000000000000000000, 1.000000000000000000, -0.0000000000000000000 ) ) ;
#2367 = VECTOR ( 'NONE', #3069, 1000.000000000000000 ) ;
#2368 = ORIENTED_EDGE ( 'NONE', *, *, #743, .F. ) ;
#2369 = CARTESIAN_POINT ( 'NONE',  ( 2.500000000000057700, 7.900000000000000400, -5.479999999999999500 ) ) ;
#2370 = CARTESIAN_POINT ( 'NONE',  ( -4.999999999999999100, 7.900000000000000400, 12.65000000000000000 ) ) ;
#2371 = CARTESIAN_POINT ( 'NONE',  ( 2.500000000000163900, 7.900000000000000400, 4.679999999999999700 ) ) ;
#2372 = CARTESIAN_POINT ( 'NONE',  ( -2.499999999999943200, 6.900000000000000400, -7.219999999999999800 ) ) ;
#2373 = CIRCLE ( 'NONE', #1539, 0.2249999999999995100 ) ;
#2374 = FACE_OUTER_BOUND ( 'NONE', #3123, .T. ) ;
#2375 = ORIENTED_EDGE ( 'NONE', *, *, #5273, .F. ) ;
#2376 = CARTESIAN_POINT ( 'NONE',  ( 3.630000000000133100, -6.200000000000000200, 1.270000000000003800 ) ) ;
#2377 = ADVANCED_FACE ( 'NONE', ( #6067 ), #745, .T. ) ;
#2378 = ORIENTED_EDGE ( 'NONE', *, *, #4802, .F. ) ;
#2379 = AXIS2_PLACEMENT_3D ( 'NONE', #2628, #3641, #2667 ) ;
#2380 = DIRECTION ( 'NONE',  ( -0.0000000000000000000, 0.0000000000000000000, 1.000000000000000000 ) ) ;
#2381 = LINE ( 'NONE', #757, #4608 ) ;
#2382 = FILL_AREA_STYLE ('',( #3397 ) ) ;
#2383 = ORIENTED_EDGE ( 'NONE', *, *, #1343, .F. ) ;
#2384 = LINE ( 'NONE', #2362, #4924 ) ;
#2385 = EDGE_CURVE ( 'NONE', #436, #2922, #5239, .T. ) ;
#2386 = DIRECTION ( 'NONE',  ( 0.0000000000000000000, 0.0000000000000000000, 1.000000000000000000 ) ) ;
#2387 = EDGE_CURVE ( 'NONE', #6023, #3704, #5690, .T. ) ;
#2388 = SURFACE_SIDE_STYLE ('',( #235 ) ) ;
#2389 = CARTESIAN_POINT ( 'NONE',  ( -3.629999999999760100, -6.200000000000000200, 11.65500000000000500 ) ) ;
#2390 = EDGE_LOOP ( 'NONE', ( #704, #6155, #6005, #1864 ) ) ;
#2391 = AXIS2_PLACEMENT_3D ( 'NONE', #2457, #4986, #938 ) ;
#2392 = VERTEX_POINT ( 'NONE', #5369 ) ;
#2393 = LINE ( 'NONE', #6242, #740 ) ;
#2394 = DIRECTION ( 'NONE',  ( 0.0000000000000000000, -0.0000000000000000000, 1.000000000000000000 ) ) ;
#2395 = SURFACE_SIDE_STYLE ('',( #4384 ) ) ;
#2396 = DIRECTION ( 'NONE',  ( 0.0000000000000000000, 1.000000000000000000, 0.0000000000000000000 ) ) ;
#2397 = CLOSED_SHELL ( 'NONE', ( #3600, #1988, #1574, #4571 ) ) ;
#2398 = CARTESIAN_POINT ( 'NONE',  ( -2.499999999999889900, 6.899999999999999500, -0.3999999999999993000 ) ) ;
#2399 = ORIENTED_EDGE ( 'NONE', *, *, #4939, .F. ) ;
#2400 = CARTESIAN_POINT ( 'NONE',  ( -2.499999999999809900, 6.900000000000000400, 7.220000000000000600 ) ) ;
#2401 = DIRECTION ( 'NONE',  ( -0.0000000000000000000, 1.000000000000000000, -0.0000000000000000000 ) ) ;
#2402 =( GEOMETRIC_REPRESENTATION_CONTEXT ( 3 ) GLOBAL_UNCERTAINTY_ASSIGNED_CONTEXT ( ( #2099 ) ) GLOBAL_UNIT_ASSIGNED_CONTEXT ( ( #3679, #654, #2580 ) ) REPRESENTATION_CONTEXT ( 'NONE', 'WORKASPACE' ) );
#2403 = CARTESIAN_POINT ( 'NONE',  ( -3.507546743040442100, 0.07757749381590103900, 11.24124036485505400 ) ) ;
#2404 = DIRECTION ( 'NONE',  ( -0.0000000000000000000, 1.000000000000000000, -0.0000000000000000000 ) ) ;
#2405 = ORIENTED_EDGE ( 'NONE', *, *, #4455, .T. ) ;
#2406 = CARTESIAN_POINT ( 'NONE',  ( 2.500000000000190500, 7.900000000000000400, 7.220000000000000600 ) ) ;
#2407 = LINE ( 'NONE', #4471, #6090 ) ;
#2408 = ORIENTED_EDGE ( 'NONE', *, *, #2676, .F. ) ;
#2409 = ADVANCED_FACE ( 'NONE', ( #5610 ), #4696, .T. ) ;
#2410 = ORIENTED_EDGE ( 'NONE', *, *, #2142, .F. ) ;
#2411 = ORIENTED_EDGE ( 'NONE', *, *, #1754, .T. ) ;
#2412 = DIRECTION ( 'NONE',  ( -2.492418787322998300E-016, 0.0000000000000000000, -1.000000000000000000 ) ) ;
#2413 = CARTESIAN_POINT ( 'NONE',  ( 3.630000000000106900, -6.200000000000000200, -1.494999999999996800 ) ) ;
#2414 = DIRECTION ( 'NONE',  ( 0.0000000000000000000, 1.000000000000000000, 0.0000000000000000000 ) ) ;
#2415 = VERTEX_POINT ( 'NONE', #5810 ) ;
#2416 = FILL_AREA_STYLE ('',( #4494 ) ) ;
#2417 = VERTEX_POINT ( 'NONE', #1802 ) ;
#2418 = VERTEX_POINT ( 'NONE', #5323 ) ;
#2419 = CIRCLE ( 'NONE', #181, 0.2249999999999995100 ) ;
#2420 = EDGE_CURVE ( 'NONE', #6485, #2619, #5536, .T. ) ;
#2421 = ORIENTED_EDGE ( 'NONE', *, *, #216, .F. ) ;
#2422 = CARTESIAN_POINT ( 'NONE',  ( -2.499999999999863200, 6.900000000000000400, 0.4000000000000010200 ) ) ;
#2423 = AXIS2_PLACEMENT_3D ( 'NONE', #3025, #5142, #1114 ) ;
#2424 = VECTOR ( 'NONE', #4393, 1000.000000000000000 ) ;
#2425 = CARTESIAN_POINT ( 'NONE',  ( -4.999999999999999100, 6.900000000000000400, 12.65000000000000000 ) ) ;
#2426 = VERTEX_POINT ( 'NONE', #260 ) ;
#2427 = EDGE_CURVE ( 'NONE', #6289, #6498, #3894, .T. ) ;
#2428 = FACE_OUTER_BOUND ( 'NONE', #1341, .T. ) ;
#2429 = MANIFOLD_SOLID_BREP ( 'Boss-Extrude3[20]', #1156 ) ;
#2430 = DIRECTION ( 'NONE',  ( 0.0000000000000000000, 0.0000000000000000000, 1.000000000000000000 ) ) ;
#2431 = CARTESIAN_POINT ( 'NONE',  ( -3.629999999999813400, 1.100000000000001000, 6.575000000000002800 ) ) ;
#2432 = ORIENTED_EDGE ( 'NONE', *, *, #4731, .F. ) ;
#2433 = DIRECTION ( 'NONE',  ( -0.0000000000000000000, 1.000000000000000000, -0.0000000000000000000 ) ) ;
#2434 = EDGE_LOOP ( 'NONE', ( #6073, #458, #2043, #1772 ) ) ;
#2435 = ORIENTED_EDGE ( 'NONE', *, *, #3949, .F. ) ;
#2436 = CARTESIAN_POINT ( 'NONE',  ( 3.630000000000000300, 1.099999999999998800, -11.20499999999999800 ) ) ;
#2437 = VECTOR ( 'NONE', #2721, 1000.000000000000000 ) ;
#2438 = MANIFOLD_SOLID_BREP ( 'Boss-Extrude3[16]', #2021 ) ;
#2439 = ADVANCED_FACE ( 'NONE', ( #1759 ), #2780, .F. ) ;
#2440 = VERTEX_POINT ( 'NONE', #6349 ) ;
#2441 = DIRECTION ( 'NONE',  ( -1.000000000000000000, -0.0000000000000000000, 0.0000000000000000000 ) ) ;
#2442 = AXIS2_PLACEMENT_3D ( 'NONE', #601, #6216, #556 ) ;
#2443 = LINE ( 'NONE', #5777, #2151 ) ;
#2444 = VECTOR ( 'NONE', #4553, 1000.000000000000000 ) ;
#2445 = CARTESIAN_POINT ( 'NONE',  ( -3.629999999999760100, 1.100000000000001600, 11.43000000000000500 ) ) ;
#2446 = FILL_AREA_STYLE_COLOUR ( '', #6432 ) ;
#2447 = CARTESIAN_POINT ( 'NONE',  ( 2.500000000000163900, 6.900000000000000400, 4.679999999999999700 ) ) ;
#2448 = LINE ( 'NONE', #3837, #3319 ) ;
#2449 = FACE_OUTER_BOUND ( 'NONE', #4099, .T. ) ;
#2450 = EDGE_LOOP ( 'NONE', ( #3756, #5616, #83, #3937 ) ) ;
#2451 = CLOSED_SHELL ( 'NONE', ( #4143, #5967, #66, #4514, #1863, #4003 ) ) ;
#2452 = AXIS2_PLACEMENT_3D ( 'NONE', #1551, #3011, #1104 ) ;
#2453 = ADVANCED_FACE ( 'NONE', ( #1203 ), #3876, .F. ) ;
#2454 = VECTOR ( 'NONE', #3129, 1000.000000000000000 ) ;
#2455 = DIRECTION ( 'NONE',  ( -1.000000000000000000, -0.0000000000000000000, -0.0000000000000000000 ) ) ;
#2456 = VERTEX_POINT ( 'NONE', #850 ) ;
#2457 = CARTESIAN_POINT ( 'NONE',  ( -2.499999999999996000, 6.900000000000000400, -10.56000000000000000 ) ) ;
#2458 = CARTESIAN_POINT ( 'NONE',  ( -2.499999999999996000, -20.30459520007603700, -10.56000000000000000 ) ) ;
#2459 = EDGE_CURVE ( 'NONE', #4187, #5847, #1056, .T. ) ;
#2460 = CARTESIAN_POINT ( 'NONE',  ( 2.500000000000216300, -20.30459520007603700, 8.020000000000001400 ) ) ;
#2461 = EDGE_CURVE ( 'NONE', #3988, #2415, #2384, .T. ) ;
#2462 = LINE ( 'NONE', #1889, #1448 ) ;
#2463 = ORIENTED_EDGE ( 'NONE', *, *, #3577, .T. ) ;
#2464 = CIRCLE ( 'NONE', #2883, 0.2249999999999995100 ) ;
#2465 = DIRECTION ( 'NONE',  ( 0.0000000000000000000, 1.000000000000000000, -1.215986738798339900E-016 ) ) ;
#2466 = MECHANICAL_DESIGN_GEOMETRIC_PRESENTATION_REPRESENTATION (  '', ( #1336 ), #5063 ) ;
#2467 = DIRECTION ( 'NONE',  ( -0.0000000000000000000, -0.0000000000000000000, 1.000000000000000000 ) ) ;
#2468 = EDGE_LOOP ( 'NONE', ( #3276, #3198, #4965, #6239, #415, #5059 ) ) ;
#2469 = PLANE ( 'NONE',  #2379 ) ;
#2470 = EDGE_LOOP ( 'NONE', ( #5002, #6434, #942, #67, #1178 ) ) ;
#2471 = VECTOR ( 'NONE', #2810, 1000.000000000000000 ) ;
#2472 = EDGE_CURVE ( 'NONE', #3255, #366, #3584, .T. ) ;
#2473 = DIRECTION ( 'NONE',  ( -0.0000000000000000000, 1.000000000000000000, -0.0000000000000000000 ) ) ;
#2474 = AXIS2_PLACEMENT_3D ( 'NONE', #6466, #951, #3445 ) ;
#2475 = ADVANCED_FACE ( 'NONE', ( #3670 ), #5400, .F. ) ;
#2476 = VECTOR ( 'NONE', #275, 1000.000000000000000 ) ;
#2477 = CARTESIAN_POINT ( 'NONE',  ( -3.629999999999813400, 1.100000000000001000, 6.350000000000003200 ) ) ;
#2478 = ORIENTED_EDGE ( 'NONE', *, *, #4138, .F. ) ;
#2479 = FACE_OUTER_BOUND ( 'NONE', #4953, .T. ) ;
#2480 = VERTEX_POINT ( 'NONE', #387 ) ;
#2481 = CARTESIAN_POINT ( 'NONE',  ( 0.0000000000000000000, 0.0000000000000000000, 0.0000000000000000000 ) ) ;
#2482 = PLANE ( 'NONE',  #5101 ) ;
#2483 = VERTEX_POINT ( 'NONE', #874 ) ;
#2484 = ADVANCED_FACE ( 'NONE', ( #5451 ), #408, .T. ) ;
#2485 = SURFACE_STYLE_USAGE ( .BOTH. , #4969 ) ;
#2486 = LINE ( 'NONE', #2506, #4470 ) ;
#2487 = DIRECTION ( 'NONE',  ( 0.0000000000000000000, 1.000000000000000000, -1.215986738798339900E-016 ) ) ;
#2488 = DIRECTION ( 'NONE',  ( 0.0000000000000000000, 1.000000000000000000, 0.0000000000000000000 ) ) ;
#2489 = DIRECTION ( 'NONE',  ( -0.0000000000000000000, -0.5807029557109360000, -0.8141155183563219000 ) ) ;
#2490 = ORIENTED_EDGE ( 'NONE', *, *, #5111, .T. ) ;
#2491 = DIRECTION ( 'NONE',  ( 1.000000000000000000, 0.0000000000000000000, -4.984837574645996500E-016 ) ) ;
#2492 = VERTEX_POINT ( 'NONE', #5875 ) ;
#2493 = ORIENTED_EDGE ( 'NONE', *, *, #2842, .F. ) ;
#2494 = SURFACE_STYLE_FILL_AREA ( #1063 ) ;
#2495 = VECTOR ( 'NONE', #3459, 1000.000000000000100 ) ;
#2496 = AXIS2_PLACEMENT_3D ( 'NONE', #3002, #18, #5075 ) ;
#2497 =( NAMED_UNIT ( * ) SI_UNIT ( $, .STERADIAN. ) SOLID_ANGLE_UNIT ( ) );
#2498 = ORIENTED_EDGE ( 'NONE', *, *, #313, .T. ) ;
#2499 = AXIS2_PLACEMENT_3D ( 'NONE', #1430, #2430, #3497 ) ;
#2500 = DIRECTION ( 'NONE',  ( -4.984837574645996500E-016, 0.0000000000000000000, -1.000000000000000000 ) ) ;
#2501 = LINE ( 'NONE', #5914, #3706 ) ;
#2502 = DIRECTION ( 'NONE',  ( 0.0000000000000000000, 0.0000000000000000000, -1.000000000000000000 ) ) ;
#2503 = AXIS2_PLACEMENT_3D ( 'NONE', #3550, #538, #2082 ) ;
#2504 = EDGE_LOOP ( 'NONE', ( #3646, #6329, #2463, #2198 ) ) ;
#2505 = ADVANCED_FACE ( 'NONE', ( #6222 ), #284, .T. ) ;
#2507 = EDGE_CURVE ( 'NONE', #4876, #1136, #4281, .T. ) ;
#2506 = CARTESIAN_POINT ( 'NONE',  ( -2.499999999999756600, 7.900000000000000400, 12.30000000000000200 ) ) ;
#2508 = EDGE_CURVE ( 'NONE', #3435, #1940, #2773, .T. ) ;
#2509 = CIRCLE ( 'NONE', #6259, 0.2249999999999995100 ) ;
#2510 = PLANE ( 'NONE',  #3014 ) ;
#2511 = EDGE_CURVE ( 'NONE', #4620, #4244, #1167, .T. ) ;
#2512 = VERTEX_POINT ( 'NONE', #422 ) ;
#2513 = DIRECTION ( 'NONE',  ( 0.0000000000000000000, 0.0000000000000000000, -1.000000000000000000 ) ) ;
#2514 = ADVANCED_FACE ( 'NONE', ( #1615 ), #4437, .T. ) ;
#2515 = DIRECTION ( 'NONE',  ( -1.000000000000000000, 0.0000000000000000000, -0.0000000000000000000 ) ) ;
#2516 = VECTOR ( 'NONE', #2545, 1000.000000000000000 ) ;
#2517 = EDGE_LOOP ( 'NONE', ( #1555, #1064, #2241, #4169 ) ) ;
#2518 = VERTEX_POINT ( 'NONE', #4820 ) ;
#2519 = ADVANCED_FACE ( 'NONE', ( #5725 ), #2510, .F. ) ;
#2520 = APPLICATION_PROTOCOL_DEFINITION ( 'draft international standard', 'automotive_design', 1998, #5977 ) ;
#2521 = FACE_OUTER_BOUND ( 'NONE', #472, .T. ) ;
#2522 = CARTESIAN_POINT ( 'NONE',  ( 3.630000000000053200, -6.200000000000000200, -6.574999999999996600 ) ) ;
#2523 = LINE ( 'NONE', #2214, #723 ) ;
#2524 = DIRECTION ( 'NONE',  ( 0.0000000000000000000, 1.000000000000000000, 0.0000000000000000000 ) ) ;
#2525 = CARTESIAN_POINT ( 'NONE',  ( 2.500000000000217200, 6.899999999999999500, 9.760000000000001600 ) ) ;
#2526 = CARTESIAN_POINT ( 'NONE',  ( -3.629999999999973200, -6.200000000000000200, -9.114999999999996700 ) ) ;
#2527 = VECTOR ( 'NONE', #4295, 1000.000000000000000 ) ;
#2528 = LINE ( 'NONE', #6133, #1039 ) ;
#2529 = VECTOR ( 'NONE', #5283, 1000.000000000000000 ) ;
#2530 = CLOSED_SHELL ( 'NONE', ( #460, #2042, #6036, #6054, #3689, #2168 ) ) ;
#2531 = CARTESIAN_POINT ( 'NONE',  ( 3.630000000000053200, 1.099999999999999400, -6.124999999999997300 ) ) ;
#2532 = CARTESIAN_POINT ( 'NONE',  ( -2.499999999999942700, -20.30459520007603700, -5.479999999999999500 ) ) ;
#2533 = CARTESIAN_POINT ( 'NONE',  ( -3.629999999999973200, -6.200000000000000200, -8.664999999999997400 ) ) ;
#2534 = EDGE_LOOP ( 'NONE', ( #2045, #3322, #5521, #1326 ) ) ;
#2535 = CARTESIAN_POINT ( 'NONE',  ( 3.630000000000239700, -6.200000000000000200, 11.43000000000000500 ) ) ;
#2536 = CARTESIAN_POINT ( 'NONE',  ( 5.000000000000000900, 6.900000000000000400, 12.65000000000000000 ) ) ;
#2537 = DIRECTION ( 'NONE',  ( 0.0000000000000000000, 1.215986738798339900E-016, 1.000000000000000000 ) ) ;
#2538 = DIRECTION ( 'NONE',  ( -1.000000000000000000, 0.0000000000000000000, -0.0000000000000000000 ) ) ;
#2539 = CIRCLE ( 'NONE', #3613, 0.2249999999999995100 ) ;
#2540 = ADVANCED_FACE ( 'NONE', ( #1238 ), #2068, .F. ) ;
#2541 = STYLED_ITEM ( 'NONE', ( #5444 ), #3674 ) ;
#2542 = VERTEX_POINT ( 'NONE', #3587 ) ;
#2543 = VECTOR ( 'NONE', #1313, 1000.000000000000000 ) ;
#2544 = CARTESIAN_POINT ( 'NONE',  ( -3.629999999999999400, -6.200000000000000200, -11.42999999999999800 ) ) ;
#2545 = DIRECTION ( 'NONE',  ( 0.0000000000000000000, 1.000000000000000000, 0.0000000000000000000 ) ) ;
#2546 = FILL_AREA_STYLE_COLOUR ( '', #3099 ) ;
#2547 = ORIENTED_EDGE ( 'NONE', *, *, #3833, .F. ) ;
#2548 = CARTESIAN_POINT ( 'NONE',  ( 5.100000000000000500, 1.099999999999999000, -9.807856876076018100 ) ) ;
#2549 = ORIENTED_EDGE ( 'NONE', *, *, #4370, .F. ) ;
#2550 = LINE ( 'NONE', #5030, #1209 ) ;
#2551 = EDGE_CURVE ( 'NONE', #5233, #5006, #1562, .T. ) ;
#2552 = EDGE_CURVE ( 'NONE', #1733, #1383, #6342, .T. ) ;
#2553 = ADVANCED_FACE ( 'NONE', ( #3625 ), #4727, .T. ) ;
#2554 = EDGE_CURVE ( 'NONE', #1230, #3225, #4246, .T. ) ;
#2555 = CARTESIAN_POINT ( 'NONE',  ( -3.629999999999946200, 1.099999999999999400, -6.349999999999997000 ) ) ;
#2556 = DIRECTION ( 'NONE',  ( 0.0000000000000000000, 0.0000000000000000000, 1.000000000000000000 ) ) ;
#2557 = AXIS2_PLACEMENT_3D ( 'NONE', #3814, #2798, #3285 ) ;
#2558 = DIRECTION ( 'NONE',  ( 0.0000000000000000000, -0.0000000000000000000, 1.000000000000000000 ) ) ;
#2559 = ORIENTED_EDGE ( 'NONE', *, *, #3221, .F. ) ;
#2560 = FACE_OUTER_BOUND ( 'NONE', #4329, .T. ) ;
#2561 = CARTESIAN_POINT ( 'NONE',  ( -2.499999999999863200, 7.900000000000000400, 2.140000000000001500 ) ) ;
#2562 = DIRECTION ( 'NONE',  ( 0.0000000000000000000, 1.000000000000000000, 0.0000000000000000000 ) ) ;
#2563 = CARTESIAN_POINT ( 'NONE',  ( 2.500000000000138100, 6.899999999999999500, 2.140000000000001500 ) ) ;
#2564 = EDGE_CURVE ( 'NONE', #1383, #4695, #2342, .T. ) ;
#2565 = DIRECTION ( 'NONE',  ( 1.000000000000000000, 0.0000000000000000000, 0.0000000000000000000 ) ) ;
#2566 = LINE ( 'NONE', #4588, #3835 ) ;
#2567 = EDGE_LOOP ( 'NONE', ( #2929, #1146, #5061, #5172, #2278 ) ) ;
#2568 = UNCERTAINTY_MEASURE_WITH_UNIT (LENGTH_MEASURE( 1.000000000000000100E-005 ), #2775, 'distance_accuracy_value', 'NONE');
#2569 = ORIENTED_EDGE ( 'NONE', *, *, #217, .T. ) ;
#2570 = ORIENTED_EDGE ( 'NONE', *, *, #1507, .F. ) ;
#2571 = CARTESIAN_POINT ( 'NONE',  ( -4.999999999999992900, 6.900000000000000400, -12.00857864376269100 ) ) ;
#2572 =( NAMED_UNIT ( * ) SI_UNIT ( $, .STERADIAN. ) SOLID_ANGLE_UNIT ( ) );
#2573 = CARTESIAN_POINT ( 'NONE',  ( -2.499999999999943200, 6.900000000000000400, -7.219999999999999800 ) ) ;
#2574 = AXIS2_PLACEMENT_3D ( 'NONE', #6443, #1022, #2018 ) ;
#2575 = ORIENTED_EDGE ( 'NONE', *, *, #2878, .T. ) ;
#2576 = SURFACE_STYLE_FILL_AREA ( #3120 ) ;
#2577 = LINE ( 'NONE', #5866, #5407 ) ;
#2578 = CARTESIAN_POINT ( 'NONE',  ( -2.499999999999809900, 6.899999999999999500, 7.220000000000000600 ) ) ;
#2579 = ORIENTED_EDGE ( 'NONE', *, *, #2385, .T. ) ;
#2580 =( NAMED_UNIT ( * ) SI_UNIT ( $, .STERADIAN. ) SOLID_ANGLE_UNIT ( ) );
#2581 = DIRECTION ( 'NONE',  ( 1.000000000000000000, 0.0000000000000000000, -4.984837574645996500E-016 ) ) ;
#2582 = VERTEX_POINT ( 'NONE', #4193 ) ;
#2583 = DIRECTION ( 'NONE',  ( 0.0000000000000000000, 1.000000000000000000, 0.0000000000000000000 ) ) ;
#2584 = LINE ( 'NONE', #69, #5129 ) ;
#2585 = PRESENTATION_STYLE_ASSIGNMENT (( #6319 ) ) ;
#2586 = PRESENTATION_LAYER_ASSIGNMENT (  '', '', ( #4526 ) ) ;
#2587 = ADVANCED_FACE ( 'NONE', ( #4800 ), #5155, .T. ) ;
#2588 = CARTESIAN_POINT ( 'NONE',  ( -3.629999999999999400, -6.200000000000000200, -11.42999999999999800 ) ) ;
#2589 = ORIENTED_EDGE ( 'NONE', *, *, #3870, .F. ) ;
#2590 = FACE_OUTER_BOUND ( 'NONE', #3786, .T. ) ;
#2591 = ADVANCED_FACE ( 'NONE', ( #4008 ), #3933, .T. ) ;
#2592 = EDGE_CURVE ( 'NONE', #2985, #3428, #2812, .T. ) ;
#2593 = CARTESIAN_POINT ( 'NONE',  ( -3.840297408447889400, 0.0000000000000000000, 11.35000000000000100 ) ) ;
#2594 = CARTESIAN_POINT ( 'NONE',  ( 2.500000000000137700, 6.900000000000000400, 2.140000000000001500 ) ) ;
#2595 = ORIENTED_EDGE ( 'NONE', *, *, #2108, .F. ) ;
#2596 = CARTESIAN_POINT ( 'NONE',  ( 3.630000000000000300, -6.200000000000000200, -11.42999999999999800 ) ) ;
#2597 = ORIENTED_EDGE ( 'NONE', *, *, #5826, .T. ) ;
#2598 = DIRECTION ( 'NONE',  ( 0.0000000000000000000, 1.000000000000000000, -1.215986738798339900E-016 ) ) ;
#2599 =( GEOMETRIC_REPRESENTATION_CONTEXT ( 3 ) GLOBAL_UNCERTAINTY_ASSIGNED_CONTEXT ( ( #5546 ) ) GLOBAL_UNIT_ASSIGNED_CONTEXT ( ( #252, #4776, #5457 ) ) REPRESENTATION_CONTEXT ( 'NONE', 'WORKASPACE' ) );
#2600 = CIRCLE ( 'NONE', #1355, 0.2249999999999999500 ) ;
#2601 = VERTEX_POINT ( 'NONE', #653 ) ;
#2602 = ORIENTED_EDGE ( 'NONE', *, *, #1331, .F. ) ;
#2603 = ORIENTED_EDGE ( 'NONE', *, *, #6158, .F. ) ;
#2604 = AXIS2_PLACEMENT_3D ( 'NONE', #4942, #5939, #3415 ) ;
#2605 = DIRECTION ( 'NONE',  ( 0.0000000000000000000, 0.0000000000000000000, -1.000000000000000000 ) ) ;
#2606 = EDGE_CURVE ( 'NONE', #994, #2828, #2732, .T. ) ;
#2607 = CYLINDRICAL_SURFACE ( 'NONE', #4851, 0.2249999999999999500 ) ;
#2608 = DIRECTION ( 'NONE',  ( 0.0000000000000000000, 1.000000000000000000, -1.215986738798339900E-016 ) ) ;
#2609 = ORIENTED_EDGE ( 'NONE', *, *, #984, .T. ) ;
#2610 = DIRECTION ( 'NONE',  ( 0.0000000000000000000, 1.000000000000000000, 0.0000000000000000000 ) ) ;
#2611 = CARTESIAN_POINT ( 'NONE',  ( -3.629999999999973200, -6.200000000000000200, -8.889999999999997000 ) ) ;
#2612 = VECTOR ( 'NONE', #2873, 1000.000000000000000 ) ;
#2613 = FACE_OUTER_BOUND ( 'NONE', #2244, .T. ) ;
#2614 = CARTESIAN_POINT ( 'NONE',  ( -3.629999999999760100, 0.1034274948450645700, 11.20500000000000500 ) ) ;
#2615 = PLANE ( 'NONE',  #702 ) ;
#2616 = CARTESIAN_POINT ( 'NONE',  ( -2.499999999999783700, 6.900000000000000400, 8.020000000000001400 ) ) ;
#2617 = FACE_OUTER_BOUND ( 'NONE', #845, .T. ) ;
#2618 = EDGE_LOOP ( 'NONE', ( #3825, #616, #2999, #6265 ) ) ;
#2619 = VERTEX_POINT ( 'NONE', #5675 ) ;
#2620 = ADVANCED_FACE ( 'NONE', ( #4887 ), #5713, .T. ) ;
#2621 = DIRECTION ( 'NONE',  ( 1.000000000000000000, 0.0000000000000000000, -4.984837574645996500E-016 ) ) ;
#2622 = EDGE_LOOP ( 'NONE', ( #3745, #962 ) ) ;
#2623 = CARTESIAN_POINT ( 'NONE',  ( 3.630000000000239700, 1.100000000000001600, 11.43000000000000500 ) ) ;
#2624 =( GEOMETRIC_REPRESENTATION_CONTEXT ( 3 ) GLOBAL_UNCERTAINTY_ASSIGNED_CONTEXT ( ( #4920 ) ) GLOBAL_UNIT_ASSIGNED_CONTEXT ( ( #3036, #4503, #1944 ) ) REPRESENTATION_CONTEXT ( 'NONE', 'WORKASPACE' ) );
#2625 = DIRECTION ( 'NONE',  ( 2.492418787322998300E-016, -0.0000000000000000000, 1.000000000000000000 ) ) ;
#2626 = SURFACE_SIDE_STYLE ('',( #5435 ) ) ;
#2627 = FACE_OUTER_BOUND ( 'NONE', #3866, .T. ) ;
#2628 = CARTESIAN_POINT ( 'NONE',  ( 0.0000000000000000000, 0.0000000000000000000, 0.0000000000000000000 ) ) ;
#2629 = ORIENTED_EDGE ( 'NONE', *, *, #4930, .T. ) ;
#2630 = LINE ( 'NONE', #5430, #1288 ) ;
#2631 = DIRECTION ( 'NONE',  ( -4.984837574645996500E-016, 0.0000000000000000000, -1.000000000000000000 ) ) ;
#2632 = PRESENTATION_LAYER_ASSIGNMENT (  '', '', ( #6198 ) ) ;
#2633 = CARTESIAN_POINT ( 'NONE',  ( -2.499999999999969800, 6.900000000000000400, -8.019999999999999600 ) ) ;
#2634 = ORIENTED_EDGE ( 'NONE', *, *, #1794, .F. ) ;
#2635 = ORIENTED_EDGE ( 'NONE', *, *, #5188, .F. ) ;
#2636 = AXIS2_PLACEMENT_3D ( 'NONE', #756, #4279, #4261 ) ;
#2637 = CARTESIAN_POINT ( 'NONE',  ( 2.500000000000190500, 6.900000000000000400, 7.220000000000000600 ) ) ;
#2638 = DIRECTION ( 'NONE',  ( 1.000000000000000000, 0.0000000000000000000, -4.984837574645996500E-016 ) ) ;
#2639 = EDGE_CURVE ( 'NONE', #1709, #1212, #853, .T. ) ;
#2640 = CIRCLE ( 'NONE', #493, 0.2249999999999995100 ) ;
#2641 = EDGE_CURVE ( 'NONE', #682, #2019, #6410, .T. ) ;
#2642 =( NAMED_UNIT ( * ) SI_UNIT ( $, .STERADIAN. ) SOLID_ANGLE_UNIT ( ) );
#2643 = AXIS2_PLACEMENT_3D ( 'NONE', #3761, #689, #204 ) ;
#2644 = CARTESIAN_POINT ( 'NONE',  ( -2.499999999999969800, 6.900000000000000400, -8.019999999999999600 ) ) ;
#2645 = PLANE ( 'NONE',  #285 ) ;
#2646 = ORIENTED_EDGE ( 'NONE', *, *, #3535, .F. ) ;
#2647 = ORIENTED_EDGE ( 'NONE', *, *, #3475, .F. ) ;
#2648 = DIRECTION ( 'NONE',  ( -2.462239309748130900E-016, 0.0000000000000000000, 1.000000000000000000 ) ) ;
#2649 = EDGE_CURVE ( 'NONE', #127, #4063, #2584, .T. ) ;
#2650 = CARTESIAN_POINT ( 'NONE',  ( 3.630000000000160200, -6.200000000000000200, 3.810000000000002700 ) ) ;
#2651 = ADVANCED_FACE ( 'NONE', ( #5878 ), #3777, .T. ) ;
#2652 = EDGE_LOOP ( 'NONE', ( #1317, #570, #3462, #6326 ) ) ;
#2653 = DIRECTION ( 'NONE',  ( -0.0000000000000000000, 1.000000000000000000, -0.0000000000000000000 ) ) ;
#2654 = LINE ( 'NONE', #3778, #5860 ) ;
#2655 = LINE ( 'NONE', #3720, #1084 ) ;
#2656 = ORIENTED_EDGE ( 'NONE', *, *, #340, .F. ) ;
#2657 = ORIENTED_EDGE ( 'NONE', *, *, #4210, .T. ) ;
#2658 = DIRECTION ( 'NONE',  ( -0.0000000000000000000, 0.0000000000000000000, 1.000000000000000000 ) ) ;
#2659 = FACE_OUTER_BOUND ( 'NONE', #2468, .T. ) ;
#2660 = AXIS2_PLACEMENT_3D ( 'NONE', #1646, #5175, #5156 ) ;
#2661 = EDGE_LOOP ( 'NONE', ( #4385, #5885, #3948, #5812 ) ) ;
#2662 = CARTESIAN_POINT ( 'NONE',  ( -2.499999999999836600, 7.900000000000000400, 4.679999999999999700 ) ) ;
#2663 = LINE ( 'NONE', #5624, #6425 ) ;
#2664 = DIRECTION ( 'NONE',  ( 2.492418787322998300E-016, -0.0000000000000000000, 1.000000000000000000 ) ) ;
#2665 = CARTESIAN_POINT ( 'NONE',  ( 3.353172405011012100, 0.2071129439196309500, 11.61978418961815200 ) ) ;
#2666 = VERTEX_POINT ( 'NONE', #2522 ) ;
#2667 = DIRECTION ( 'NONE',  ( 0.0000000000000000000, -0.0000000000000000000, -1.000000000000000000 ) ) ;
#2668 = PLANE ( 'NONE',  #2249 ) ;
#2669 = SURFACE_STYLE_FILL_AREA ( #2299 ) ;
#2670 = ORIENTED_EDGE ( 'NONE', *, *, #830, .T. ) ;
#2671 = EDGE_LOOP ( 'NONE', ( #1880, #2378, #913, #5542 ) ) ;
#2672 = EDGE_CURVE ( 'NONE', #965, #825, #2663, .T. ) ;
#2673 = EDGE_CURVE ( 'NONE', #1986, #912, #1091, .T. ) ;
#2674 = VECTOR ( 'NONE', #517, 1000.000000000000000 ) ;
#2675 = CARTESIAN_POINT ( 'NONE',  ( 5.100000000000000500, 1.099999999999999000, -9.807856876076018100 ) ) ;
#2676 = EDGE_CURVE ( 'NONE', #2736, #4187, #1409, .T. ) ;
#2677 = PLANE ( 'NONE',  #3936 ) ;
#2678 = EDGE_LOOP ( 'NONE', ( #4528, #2174, #3717, #3307 ) ) ;
#2679 = EDGE_LOOP ( 'NONE', ( #2330, #2368, #174, #5881 ) ) ;
#2680 = AXIS2_PLACEMENT_3D ( 'NONE', #2887, #4421, #1406 ) ;
#2681 = FACE_OUTER_BOUND ( 'NONE', #2717, .T. ) ;
#2682 = VECTOR ( 'NONE', #1129, 1000.000000000000000 ) ;
#2683 = CARTESIAN_POINT ( 'NONE',  ( -2.499999999999970200, 7.900000000000000400, -9.759999999999999800 ) ) ;
#2684 = EDGE_CURVE ( 'NONE', #636, #1938, #2419, .T. ) ;
#2685 = DIRECTION ( 'NONE',  ( 0.0000000000000000000, 0.0000000000000000000, 1.000000000000000000 ) ) ;
#2686 = VECTOR ( 'NONE', #4191, 1000.000000000000000 ) ;
#2687 = FACE_OUTER_BOUND ( 'NONE', #516, .T. ) ;
#2688 = VERTEX_POINT ( 'NONE', #2026 ) ;
#2689 = ORIENTED_EDGE ( 'NONE', *, *, #4282, .T. ) ;
#2690 = CARTESIAN_POINT ( 'NONE',  ( -2.499999999999943200, 6.900000000000000400, -7.219999999999999800 ) ) ;
#2691 = VECTOR ( 'NONE', #5454, 1000.000000000000000 ) ;
#2692 = ORIENTED_EDGE ( 'NONE', *, *, #6207, .T. ) ;
#2693 = ORIENTED_EDGE ( 'NONE', *, *, #5950, .T. ) ;
#2694 = FACE_OUTER_BOUND ( 'NONE', #6400, .T. ) ;
#2695 = CARTESIAN_POINT ( 'NONE',  ( -2.499999999999783300, 7.900000000000000400, 9.760000000000001600 ) ) ;
#2696 = VERTEX_POINT ( 'NONE', #4117 ) ;
#2697 = PLANE ( 'NONE',  #3001 ) ;
#2698 = PLANE ( 'NONE',  #6314 ) ;
#2699 = EDGE_LOOP ( 'NONE', ( #1812, #2257 ) ) ;
#2700 = EDGE_LOOP ( 'NONE', ( #2399, #4613, #4226, #6374 ) ) ;
#2701 = LINE ( 'NONE', #5377, #1377 ) ;
#2702 = DIRECTION ( 'NONE',  ( 0.0000000000000000000, 0.0000000000000000000, -1.000000000000000000 ) ) ;
#2703 = DIRECTION ( 'NONE',  ( 0.0000000000000000000, 1.215986738798339900E-016, 1.000000000000000000 ) ) ;
#2704 = FILL_AREA_STYLE_COLOUR ( '', #4859 ) ;
#2705 = VERTEX_POINT ( 'NONE', #534 ) ;
#2706 = VECTOR ( 'NONE', #5665, 1000.000000000000000 ) ;
#2707 = DIRECTION ( 'NONE',  ( 2.492418787322998300E-016, 0.0000000000000000000, 1.000000000000000000 ) ) ;
#2708 = UNCERTAINTY_MEASURE_WITH_UNIT (LENGTH_MEASURE( 1.000000000000000100E-005 ), #4289, 'distance_accuracy_value', 'NONE');
#2709 = LINE ( 'NONE', #2002, #3350 ) ;
#2710 = ORIENTED_EDGE ( 'NONE', *, *, #5227, .F. ) ;
#2711 = DIRECTION ( 'NONE',  ( 1.853618526925526000E-016, 0.0000000000000000000, -1.000000000000000000 ) ) ;
#2712 = AXIS2_PLACEMENT_3D ( 'NONE', #2723, #1172, #3780 ) ;
#2713 = EDGE_CURVE ( 'NONE', #1588, #4948, #2890, .T. ) ;
#2714 = EDGE_CURVE ( 'NONE', #4771, #212, #1881, .T. ) ;
#2715 = ORIENTED_EDGE ( 'NONE', *, *, #3218, .F. ) ;
#2716 = FACE_OUTER_BOUND ( 'NONE', #3145, .T. ) ;
#2717 = EDGE_LOOP ( 'NONE', ( #3142, #2569, #2095, #1088 ) ) ;
#2718 = MANIFOLD_SOLID_BREP ( 'Split1[3]', #4207 ) ;
#2719 = AXIS2_PLACEMENT_3D ( 'NONE', #4134, #1257, #371 ) ;
#2720 = DIRECTION ( 'NONE',  ( -0.0000000000000000000, 0.8141155183563220100, 0.5807029557109357800 ) ) ;
#2721 = DIRECTION ( 'NONE',  ( -0.0000000000000000000, 1.000000000000000000, -0.0000000000000000000 ) ) ;
#2722 = VERTEX_POINT ( 'NONE', #3113 ) ;
#2723 = CARTESIAN_POINT ( 'NONE',  ( -3.629999999999786700, -6.200000000000000200, 8.890000000000004100 ) ) ;
#2724 = ORIENTED_EDGE ( 'NONE', *, *, #4294, .F. ) ;
#2725 = VECTOR ( 'NONE', #3143, 1000.000000000000000 ) ;
#2726 = FILL_AREA_STYLE ('',( #3212 ) ) ;
#2727 = SURFACE_STYLE_FILL_AREA ( #31 ) ;
#2728 = CARTESIAN_POINT ( 'NONE',  ( 3.630000000000239700, 1.100000000000001600, 11.65500000000000500 ) ) ;
#2729 = VERTEX_POINT ( 'NONE', #4224 ) ;
#2730 = CARTESIAN_POINT ( 'NONE',  ( -3.629999999999946200, -6.200000000000000200, -6.349999999999997000 ) ) ;
#2731 = VERTEX_POINT ( 'NONE', #3520 ) ;
#2732 = LINE ( 'NONE', #4173, #5269 ) ;
#2733 = LINE ( 'NONE', #4347, #5879 ) ;
#2734 = DIRECTION ( 'NONE',  ( 0.0000000000000000000, 1.000000000000000000, 0.0000000000000000000 ) ) ;
#2735 = ORIENTED_EDGE ( 'NONE', *, *, #4034, .T. ) ;
#2736 = VERTEX_POINT ( 'NONE', #2637 ) ;
#2737 = LINE ( 'NONE', #3514, #2127 ) ;
#2738 = PRESENTATION_LAYER_ASSIGNMENT (  '', '', ( #3203 ) ) ;
#2739 = CARTESIAN_POINT ( 'NONE',  ( -4.999999999999999100, 6.899999999999999500, 12.64999999999999900 ) ) ;
#2740 = ORIENTED_EDGE ( 'NONE', *, *, #4294, .T. ) ;
#2741 = DIRECTION ( 'NONE',  ( 0.0000000000000000000, 0.0000000000000000000, 1.000000000000000000 ) ) ;
#2742 = DIRECTION ( 'NONE',  ( -1.000000000000000000, -0.0000000000000000000, 0.0000000000000000000 ) ) ;
#2743 = CARTESIAN_POINT ( 'NONE',  ( -2.499999999999889900, -20.30459520007603700, -0.3999999999999993000 ) ) ;
#2744 = DIRECTION ( 'NONE',  ( 0.0000000000000000000, 0.0000000000000000000, 1.000000000000000000 ) ) ;
#2745 = VECTOR ( 'NONE', #1244, 1000.000000000000000 ) ;
#2746 = DIRECTION ( 'NONE',  ( 0.0000000000000000000, 0.0000000000000000000, 1.000000000000000000 ) ) ;
#2747 = VERTEX_POINT ( 'NONE', #2055 ) ;
#2748 = EDGE_LOOP ( 'NONE', ( #4742, #3924, #4621, #4006 ) ) ;
#2749 = VERTEX_POINT ( 'NONE', #1138 ) ;
#2750 = FACE_OUTER_BOUND ( 'NONE', #2748, .T. ) ;
#2751 =( LENGTH_UNIT ( ) NAMED_UNIT ( * ) SI_UNIT ( .MILLI., .METRE. ) );
#2752 = AXIS2_PLACEMENT_3D ( 'NONE', #3375, #6464, #3461 ) ;
#2753 = EDGE_CURVE ( 'NONE', #5576, #5755, #244, .T. ) ;
#2754 = EDGE_CURVE ( 'NONE', #2582, #1410, #1572, .T. ) ;
#2755 =( BOUNDED_CURVE ( )  B_SPLINE_CURVE ( 3, ( #6391, #4410, #4932, #925 ),
 .UNSPECIFIED., .F., .T. ) 
 B_SPLINE_CURVE_WITH_KNOTS ( ( 4, 4 ),
 ( 3.141592653589793100, 4.348880583972049700 ),
 .UNSPECIFIED. ) 
 CURVE ( )  GEOMETRIC_REPRESENTATION_ITEM ( )  RATIONAL_B_SPLINE_CURVE ( ( 1.000000000000000000, 0.8821817348990450600, 0.8821817348990450600, 1.000000000000000000 ) ) 
 REPRESENTATION_ITEM ( '' )  );
#2756 =( NAMED_UNIT ( * ) SI_UNIT ( $, .STERADIAN. ) SOLID_ANGLE_UNIT ( ) );
#2757 = VECTOR ( 'NONE', #1742, 1000.000000000000000 ) ;
#2758 = DIRECTION ( 'NONE',  ( 0.0000000000000000000, 0.0000000000000000000, 1.000000000000000000 ) ) ;
#2759 = FACE_OUTER_BOUND ( 'NONE', #6264, .T. ) ;
#2760 = VECTOR ( 'NONE', #5335, 1000.000000000000000 ) ;
#2762 = LINE ( 'NONE', #4856, #3404 ) ;
#2761 = CARTESIAN_POINT ( 'NONE',  ( 2.500000000000110600, 6.899999999999999500, -0.3999999999999993000 ) ) ;
#2763 = FACE_OUTER_BOUND ( 'NONE', #973, .T. ) ;
#2764 = EDGE_LOOP ( 'NONE', ( #5464, #71, #5093, #414 ) ) ;
#2765 = CARTESIAN_POINT ( 'NONE',  ( 3.630000000000053200, 1.099999999999999400, -6.349999999999997000 ) ) ;
#2766 = CARTESIAN_POINT ( 'NONE',  ( 5.100000000000000500, 2.779948234064492300E-015, 11.35000000000000100 ) ) ;
#2767 = DIRECTION ( 'NONE',  ( 0.0000000000000000000, 1.000000000000000000, 0.0000000000000000000 ) ) ;
#2768 = EDGE_CURVE ( 'NONE', #2729, #2955, #5412, .T. ) ;
#2769 = DIRECTION ( 'NONE',  ( 0.0000000000000000000, 1.000000000000000000, -1.215986738798339900E-016 ) ) ;
#2770 = LINE ( 'NONE', #1771, #433 ) ;
#2771 = CARTESIAN_POINT ( 'NONE',  ( -2.499999999999943200, 7.900000000000000400, -7.219999999999999800 ) ) ;
#2772 = ORIENTED_EDGE ( 'NONE', *, *, #265, .T. ) ;
#2773 = LINE ( 'NONE', #3403, #95 ) ;
#2774 = CARTESIAN_POINT ( 'NONE',  ( 3.630000000000000300, -6.200000000000000200, -11.20499999999999800 ) ) ;
#2775 =( LENGTH_UNIT ( ) NAMED_UNIT ( * ) SI_UNIT ( .MILLI., .METRE. ) );
#2776 = ORIENTED_EDGE ( 'NONE', *, *, #6320, .F. ) ;
#2777 = VERTEX_POINT ( 'NONE', #2359 ) ;
#2778 = LINE ( 'NONE', #271, #5390 ) ;
#2779 = CARTESIAN_POINT ( 'NONE',  ( 3.630000000000106900, -6.200000000000000200, -1.269999999999996900 ) ) ;
#2780 = PLANE ( 'NONE',  #546 ) ;
#2781 = ORIENTED_EDGE ( 'NONE', *, *, #3134, .T. ) ;
#2782 = ORIENTED_EDGE ( 'NONE', *, *, #2147, .F. ) ;
#2783 = ORIENTED_EDGE ( 'NONE', *, *, #1117, .F. ) ;
#2784 = DIRECTION ( 'NONE',  ( 0.0000000000000000000, 1.000000000000000000, 0.0000000000000000000 ) ) ;
#2785 = CARTESIAN_POINT ( 'NONE',  ( 2.500000000000084400, 6.900000000000000400, -2.939999999999999900 ) ) ;
#2786 = FACE_OUTER_BOUND ( 'NONE', #3463, .T. ) ;
#2787 = DIRECTION ( 'NONE',  ( 0.0000000000000000000, 0.0000000000000000000, -1.000000000000000000 ) ) ;
#2788 = CARTESIAN_POINT ( 'NONE',  ( 5.100000000000000500, 7.900000000000000400, -12.75000000000000200 ) ) ;
#2789 = EDGE_CURVE ( 'NONE', #4466, #5509, #1009, .T. ) ;
#2790 = ORIENTED_EDGE ( 'NONE', *, *, #1676, .T. ) ;
#2791 = ORIENTED_EDGE ( 'NONE', *, *, #5013, .T. ) ;
#2792 = DIRECTION ( 'NONE',  ( -4.984837574645996500E-016, 0.0000000000000000000, -1.000000000000000000 ) ) ;
#2793 = EDGE_CURVE ( 'NONE', #636, #3336, #6187, .T. ) ;
#2794 = AXIS2_PLACEMENT_3D ( 'NONE', #1362, #6372, #5424 ) ;
#2795 = VERTEX_POINT ( 'NONE', #1198 ) ;
#2796 = DIRECTION ( 'NONE',  ( -0.0000000000000000000, 1.000000000000000000, 0.0000000000000000000 ) ) ;
#2797 = ORIENTED_EDGE ( 'NONE', *, *, #4893, .T. ) ;
#2798 = DIRECTION ( 'NONE',  ( -0.0000000000000000000, 0.0000000000000000000, 1.000000000000000000 ) ) ;
#2799 = COLOUR_RGB ( '',0.7921568627450980000, 0.8196078431372548800, 0.9333333333333333500 ) ;
#2800 = EDGE_LOOP ( 'NONE', ( #1121, #326, #148, #236 ) ) ;
#2801 = EDGE_CURVE ( 'NONE', #1136, #3665, #6026, .T. ) ;
#2802 = ORIENTED_EDGE ( 'NONE', *, *, #6416, .T. ) ;
#2803 = DIRECTION ( 'NONE',  ( -0.0000000000000000000, 1.000000000000000000, -0.0000000000000000000 ) ) ;
#2804 = LINE ( 'NONE', #5982, #3362 ) ;
#2805 = DIRECTION ( 'NONE',  ( 0.0000000000000000000, 0.0000000000000000000, 1.000000000000000000 ) ) ;
#2806 = AXIS2_PLACEMENT_3D ( 'NONE', #2573, #5581, #112 ) ;
#2807 = CARTESIAN_POINT ( 'NONE',  ( 2.500000000000083500, 7.900000000000000400, -4.679999999999999700 ) ) ;
#2808 = EDGE_LOOP ( 'NONE', ( #3012, #4475, #4015, #5039 ) ) ;
#2809 = ORIENTED_EDGE ( 'NONE', *, *, #2551, .F. ) ;
#2810 = DIRECTION ( 'NONE',  ( -2.492418787322998300E-016, 0.0000000000000000000, -1.000000000000000000 ) ) ;
#2811 = ORIENTED_EDGE ( 'NONE', *, *, #3100, .F. ) ;
#2812 = LINE ( 'NONE', #2644, #4397 ) ;
#2813 = CARTESIAN_POINT ( 'NONE',  ( -3.629999999999999400, 0.1034274948450667300, -11.20499999999999800 ) ) ;
#2814 = CIRCLE ( 'NONE', #324, 0.2249999999999995100 ) ;
#2815 = FILL_AREA_STYLE ('',( #5258 ) ) ;
#2816 = ORIENTED_EDGE ( 'NONE', *, *, #3219, .F. ) ;
#2817 = FACE_OUTER_BOUND ( 'NONE', #645, .T. ) ;
#2818 = DIRECTION ( 'NONE',  ( 0.0000000000000000000, 1.000000000000000000, 0.0000000000000000000 ) ) ;
#2819 = ORIENTED_EDGE ( 'NONE', *, *, #6234, .F. ) ;
#2820 = ORIENTED_EDGE ( 'NONE', *, *, #627, .T. ) ;
#2821 = VERTEX_POINT ( 'NONE', #3850 ) ;
#2822 = AXIS2_PLACEMENT_3D ( 'NONE', #2650, #4698, #6151 ) ;
#2823 = PLANE ( 'NONE',  #4153 ) ;
#2824 = FILL_AREA_STYLE_COLOUR ( '', #309 ) ;
#2825 = ORIENTED_EDGE ( 'NONE', *, *, #4175, .F. ) ;
#2826 = ORIENTED_EDGE ( 'NONE', *, *, #592, .F. ) ;
#2827 = PLANE ( 'NONE',  #6368 ) ;
#2828 = VERTEX_POINT ( 'NONE', #3422 ) ;
#2829 = AXIS2_PLACEMENT_3D ( 'NONE', #4427, #6492, #491 ) ;
#2830 = DIRECTION ( 'NONE',  ( 0.0000000000000000000, -0.0000000000000000000, 1.000000000000000000 ) ) ;
#2831 = LINE ( 'NONE', #272, #651 ) ;
#2832 = VECTOR ( 'NONE', #2013, 1000.000000000000000 ) ;
#2833 = DIRECTION ( 'NONE',  ( 0.0000000000000000000, 1.000000000000000000, 0.0000000000000000000 ) ) ;
#2834 = ADVANCED_FACE ( 'NONE', ( #2716 ), #4293, .T. ) ;
#2835 = AXIS2_PLACEMENT_3D ( 'NONE', #2094, #4179, #123 ) ;
#2836 = SURFACE_STYLE_FILL_AREA ( #1717 ) ;
#2837 = CARTESIAN_POINT ( 'NONE',  ( 4.085759997917225700, -0.4076010350930173200, 11.92143557597545600 ) ) ;
#2838 = LINE ( 'NONE', #6369, #3321 ) ;
#2839 = ORIENTED_EDGE ( 'NONE', *, *, #542, .T. ) ;
#2840 = ORIENTED_EDGE ( 'NONE', *, *, #1197, .T. ) ;
#2841 = EDGE_CURVE ( 'NONE', #1374, #1202, #836, .T. ) ;
#2842 = EDGE_CURVE ( 'NONE', #4302, #1220, #299, .T. ) ;
#2843 = DIRECTION ( 'NONE',  ( -0.0000000000000000000, -0.0000000000000000000, 1.000000000000000000 ) ) ;
#2844 = EDGE_CURVE ( 'NONE', #366, #846, #437, .T. ) ;
#2845 = DIRECTION ( 'NONE',  ( 0.0000000000000000000, 1.000000000000000000, 0.0000000000000000000 ) ) ;
#2846 = DIRECTION ( 'NONE',  ( 0.0000000000000000000, 1.000000000000000000, 0.0000000000000000000 ) ) ;
#2847 = FACE_OUTER_BOUND ( 'NONE', #5257, .T. ) ;
#2848 = CARTESIAN_POINT ( 'NONE',  ( 3.630000000000186900, -6.200000000000000200, 6.125000000000003600 ) ) ;
#2849 = EDGE_LOOP ( 'NONE', ( #5144, #1564, #6223, #3468 ) ) ;
#2850 = AXIS2_PLACEMENT_3D ( 'NONE', #3719, #1645, #4706 ) ;
#2851 = VECTOR ( 'NONE', #5177, 1000.000000000000000 ) ;
#2852 = CARTESIAN_POINT ( 'NONE',  ( 3.630000000000239700, -6.200000000000000200, 11.65500000000000500 ) ) ;
#2853 = VERTEX_POINT ( 'NONE', #4914 ) ;
#2854 = LINE ( 'NONE', #4206, #820 ) ;
#2855 = DIRECTION ( 'NONE',  ( 0.0000000000000000000, 1.000000000000000000, 0.0000000000000000000 ) ) ;
#2856 = EDGE_LOOP ( 'NONE', ( #2346, #5168, #4215, #5349 ) ) ;
#2857 = CARTESIAN_POINT ( 'NONE',  ( 5.100000000000000500, 1.099999999999999000, -9.807856876076018100 ) ) ;
#2858 = ORIENTED_EDGE ( 'NONE', *, *, #2891, .T. ) ;
#2859 = LINE ( 'NONE', #4517, #4616 ) ;
#2860 = DIRECTION ( 'NONE',  ( 0.0000000000000000000, -1.000000000000000000, 0.0000000000000000000 ) ) ;
#2861 = AXIS2_PLACEMENT_3D ( 'NONE', #1087, #1552, #5574 ) ;
#2862 = DIRECTION ( 'NONE',  ( 0.0000000000000000000, 0.0000000000000000000, 1.000000000000000000 ) ) ;
#2863 = VECTOR ( 'NONE', #1583, 1000.000000000000000 ) ;
#2864 = CARTESIAN_POINT ( 'NONE',  ( -3.599999999999998800, 0.0000000000000000000, -12.75000000000000200 ) ) ;
#2865 = DIRECTION ( 'NONE',  ( 0.0000000000000000000, -0.0000000000000000000, 1.000000000000000000 ) ) ;
#2866 = ADVANCED_FACE ( 'NONE', ( #5401 ), #848, .F. ) ;
#2867 = ORIENTED_EDGE ( 'NONE', *, *, #1045, .F. ) ;
#2868 = ORIENTED_EDGE ( 'NONE', *, *, #5671, .T. ) ;
#2869 = CARTESIAN_POINT ( 'NONE',  ( -3.629999999999920000, -6.200000000000000200, -3.809999999999997400 ) ) ;
#2870 = AXIS2_PLACEMENT_3D ( 'NONE', #5352, #3383, #6401 ) ;
#2871 = DIRECTION ( 'NONE',  ( -4.984837574645996500E-016, 0.0000000000000000000, -1.000000000000000000 ) ) ;
#2872 = CARTESIAN_POINT ( 'NONE',  ( -2.499999999999810400, -20.30459520007603700, 5.480000000000000400 ) ) ;
#2873 = DIRECTION ( 'NONE',  ( 1.000000000000000000, 0.0000000000000000000, 0.0000000000000000000 ) ) ;
#2874 = DIRECTION ( 'NONE',  ( 0.0000000000000000000, 0.0000000000000000000, 1.000000000000000000 ) ) ;
#2875 = LINE ( 'NONE', #3324, #5782 ) ;
#2876 = ORIENTED_EDGE ( 'NONE', *, *, #3990, .T. ) ;
#2877 = LINE ( 'NONE', #3896, #5566 ) ;
#2878 = EDGE_CURVE ( 'NONE', #1734, #2731, #1774, .T. ) ;
#2879 = EDGE_CURVE ( 'NONE', #2731, #3988, #2501, .T. ) ;
#2880 = VERTEX_POINT ( 'NONE', #427 ) ;
#2881 = EDGE_CURVE ( 'NONE', #5755, #1166, #2838, .T. ) ;
#2882 = SURFACE_STYLE_USAGE ( .BOTH. , #5889 ) ;
#2883 = AXIS2_PLACEMENT_3D ( 'NONE', #3431, #3499, #21 ) ;
#2884 = DIRECTION ( 'NONE',  ( 0.0000000000000000000, 1.000000000000000000, 0.0000000000000000000 ) ) ;
#2885 = DIRECTION ( 'NONE',  ( 0.0000000000000000000, 1.000000000000000000, 0.0000000000000000000 ) ) ;
#2886 = CARTESIAN_POINT ( 'NONE',  ( -2.499999999999810400, 6.900000000000000400, 5.480000000000000400 ) ) ;
#2887 = CARTESIAN_POINT ( 'NONE',  ( -3.629999999999893300, -6.200000000000000200, -1.269999999999996900 ) ) ;
#2888 = ORIENTED_EDGE ( 'NONE', *, *, #5786, .F. ) ;
#2889 = CARTESIAN_POINT ( 'NONE',  ( -2.499999999999890300, 6.899999999999999500, -2.139999999999999700 ) ) ;
#2890 = LINE ( 'NONE', #4563, #700 ) ;
#2891 = EDGE_CURVE ( 'NONE', #1220, #4040, #1985, .T. ) ;
#2892 = CARTESIAN_POINT ( 'NONE',  ( -2.499999999999889900, -20.30459520007603700, -0.3999999999999993000 ) ) ;
#2893 = EDGE_LOOP ( 'NONE', ( #5315, #3794, #4902, #2210 ) ) ;
#2894 = DIRECTION ( 'NONE',  ( 0.0000000000000000000, 1.215986738798339900E-016, 1.000000000000000000 ) ) ;
#2895 = DIRECTION ( 'NONE',  ( 0.0000000000000000000, -1.000000000000000000, 0.0000000000000000000 ) ) ;
#2896 = LINE ( 'NONE', #2886, #4405 ) ;
#2897 = CARTESIAN_POINT ( 'NONE',  ( -3.840297408447889400, 0.0000000000000000000, 11.35000000000000100 ) ) ;
#2898 = ORIENTED_EDGE ( 'NONE', *, *, #3009, .T. ) ;
#2899 = SURFACE_STYLE_USAGE ( .BOTH. , #1439 ) ;
#2900 = ADVANCED_FACE ( 'NONE', ( #3963 ), #1003, .T. ) ;
#2901 = VECTOR ( 'NONE', #4874, 1000.000000000000000 ) ;
#2902 = AXIS2_PLACEMENT_3D ( 'NONE', #3981, #953, #4998 ) ;
#2903 = DIRECTION ( 'NONE',  ( 0.0000000000000000000, 0.0000000000000000000, 1.000000000000000000 ) ) ;
#2904 = ORIENTED_EDGE ( 'NONE', *, *, #3187, .T. ) ;
#2905 = DIRECTION ( 'NONE',  ( 0.0000000000000000000, 0.0000000000000000000, 1.000000000000000000 ) ) ;
#2906 = ORIENTED_EDGE ( 'NONE', *, *, #4468, .T. ) ;
#2907 = DIRECTION ( 'NONE',  ( 0.0000000000000000000, 0.0000000000000000000, 1.000000000000000000 ) ) ;
#2908 = CARTESIAN_POINT ( 'NONE',  ( 3.630000000000239700, -6.200000000000000200, 11.43000000000000500 ) ) ;
#2909 = FACE_OUTER_BOUND ( 'NONE', #2390, .T. ) ;
#2910 = DIRECTION ( 'NONE',  ( 0.0000000000000000000, 1.000000000000000000, -1.215986738798339900E-016 ) ) ;
#2911 = VECTOR ( 'NONE', #2648, 1000.000000000000000 ) ;
#2912 = AXIS2_PLACEMENT_3D ( 'NONE', #695, #5804, #1726 ) ;
#2913 = MANIFOLD_SOLID_BREP ( 'Split1[1]', #5358 ) ;
#2914 = DIRECTION ( 'NONE',  ( 0.0000000000000000000, 1.215986738798339900E-016, 1.000000000000000000 ) ) ;
#2915 = VECTOR ( 'NONE', #1859, 1000.000000000000100 ) ;
#2916 = DIRECTION ( 'NONE',  ( -1.000000000000000000, 0.0000000000000000000, 2.492418787322998300E-016 ) ) ;
#2917 = DIRECTION ( 'NONE',  ( 0.0000000000000000000, 0.0000000000000000000, 1.000000000000000000 ) ) ;
#2918 = EDGE_CURVE ( 'NONE', #5446, #6253, #121, .T. ) ;
#2919 = FACE_OUTER_BOUND ( 'NONE', #5641, .T. ) ;
#2920 = FACE_OUTER_BOUND ( 'NONE', #2117, .T. ) ;
#2921 = UNCERTAINTY_MEASURE_WITH_UNIT (LENGTH_MEASURE( 1.000000000000000100E-005 ), #6392, 'distance_accuracy_value', 'NONE');
#2922 = VERTEX_POINT ( 'NONE', #407 ) ;
#2923 = ORIENTED_EDGE ( 'NONE', *, *, #1196, .T. ) ;
#2924 = SURFACE_SIDE_STYLE ('',( #5833 ) ) ;
#2925 = CARTESIAN_POINT ( 'NONE',  ( -2.499999999999969800, 7.900000000000000400, -8.019999999999999600 ) ) ;
#2926 = AXIS2_PLACEMENT_3D ( 'NONE', #479, #971, #551 ) ;
#2927 = CARTESIAN_POINT ( 'NONE',  ( -3.629999999999840000, 1.100000000000000800, 3.810000000000002700 ) ) ;
#2928 = VECTOR ( 'NONE', #5762, 1000.000000000000000 ) ;
#2929 = ORIENTED_EDGE ( 'NONE', *, *, #3478, .T. ) ;
#2930 = AXIS2_PLACEMENT_3D ( 'NONE', #184, #4599, #5633 ) ;
#2931 = PLANE ( 'NONE',  #4178 ) ;
#2932 = EDGE_CURVE ( 'NONE', #6405, #2418, #1681, .T. ) ;
#2933 = DIRECTION ( 'NONE',  ( -1.000000000000000000, -0.0000000000000000000, -0.0000000000000000000 ) ) ;
#2934 = CARTESIAN_POINT ( 'NONE',  ( -2.499999999999810400, 6.900000000000000400, 5.480000000000000400 ) ) ;
#2935 = VECTOR ( 'NONE', #675, 1000.000000000000000 ) ;
#2936 = ORIENTED_EDGE ( 'NONE', *, *, #5181, .T. ) ;
#2937 = AXIS2_PLACEMENT_3D ( 'NONE', #5136, #2846, #3458 ) ;
#2938 = ADVANCED_FACE ( 'NONE', ( #4910 ), #6108, .F. ) ;
#2939 = EDGE_LOOP ( 'NONE', ( #2115, #4464, #720, #3204, #1294, #1795, #208, #4637 ) ) ;
#2940 = LINE ( 'NONE', #435, #6076 ) ;
#2941 = CARTESIAN_POINT ( 'NONE',  ( -2.499999999999810400, 6.899999999999999500, 5.480000000000000400 ) ) ;
#2942 = DIRECTION ( 'NONE',  ( 0.0000000000000000000, 0.0000000000000000000, 1.000000000000000000 ) ) ;
#2943 = EDGE_LOOP ( 'NONE', ( #5247, #486, #3291, #3995 ) ) ;
#2944 = ORIENTED_EDGE ( 'NONE', *, *, #5309, .F. ) ;
#2945 = VECTOR ( 'NONE', #5797, 1000.000000000000000 ) ;
#2946 = CARTESIAN_POINT ( 'NONE',  ( -3.629999999999999400, 1.736396103067893400, -11.42999999999999800 ) ) ;
#2947 =( LENGTH_UNIT ( ) NAMED_UNIT ( * ) SI_UNIT ( .MILLI., .METRE. ) );
#2948 = CARTESIAN_POINT ( 'NONE',  ( -2.499999999999836600, 6.900000000000000400, 4.679999999999999700 ) ) ;
#2949 = ADVANCED_FACE ( 'NONE', ( #5300 ), #5098, .F. ) ;
#2950 = DIRECTION ( 'NONE',  ( 0.0000000000000000000, 1.000000000000000000, -1.215986738798339900E-016 ) ) ;
#2951 = CARTESIAN_POINT ( 'NONE',  ( 2.500000000000190500, 7.900000000000000400, 7.220000000000000600 ) ) ;
#2952 = ORIENTED_EDGE ( 'NONE', *, *, #752, .T. ) ;
#2953 = DIRECTION ( 'NONE',  ( 4.984837574645996500E-016, 0.0000000000000000000, 1.000000000000000000 ) ) ;
#2954 = AXIS2_PLACEMENT_3D ( 'NONE', #1966, #1464, #4481 ) ;
#2955 = VERTEX_POINT ( 'NONE', #5619 ) ;
#2956 = FACE_OUTER_BOUND ( 'NONE', #5360, .T. ) ;
#2957 = ORIENTED_EDGE ( 'NONE', *, *, #4846, .F. ) ;
#2958 = ORIENTED_EDGE ( 'NONE', *, *, #2684, .T. ) ;
#2959 = FACE_BOUND ( 'NONE', #1625, .T. ) ;
#2960 = CARTESIAN_POINT ( 'NONE',  ( 2.500000000000190500, 7.900000000000000400, 7.220000000000000600 ) ) ;
#2961 = VECTOR ( 'NONE', #5676, 1000.000000000000000 ) ;
#2962 = FILL_AREA_STYLE_COLOUR ( '', #5146 ) ;
#2963 = AXIS2_PLACEMENT_3D ( 'NONE', #3172, #2160, #5204 ) ;
#2964 = EDGE_LOOP ( 'NONE', ( #5765, #5940, #2312, #6318 ) ) ;
#2965 = PRESENTATION_STYLE_ASSIGNMENT (( #3585 ) ) ;
#2966 =( NAMED_UNIT ( * ) SI_UNIT ( $, .STERADIAN. ) SOLID_ANGLE_UNIT ( ) );
#2967 = ADVANCED_FACE ( 'NONE', ( #2617 ), #65, .F. ) ;
#2968 = VECTOR ( 'NONE', #5064, 1000.000000000000000 ) ;
#2970 = EDGE_CURVE ( 'NONE', #5301, #1072, #1357, .T. ) ;
#2969 = CARTESIAN_POINT ( 'NONE',  ( 2.500000000000030600, 6.900000000000000400, -8.019999999999999600 ) ) ;
#2971 = EDGE_CURVE ( 'NONE', #1074, #1940, #4348, .T. ) ;
#2972 = CARTESIAN_POINT ( 'NONE',  ( 3.630000000000186900, -6.200000000000000200, 6.350000000000003200 ) ) ;
#2973 = EDGE_CURVE ( 'NONE', #1631, #640, #3479, .T. ) ;
#2974 = ORIENTED_EDGE ( 'NONE', *, *, #637, .F. ) ;
#2975 = DIRECTION ( 'NONE',  ( 1.000000000000000000, 0.0000000000000000000, 0.0000000000000000000 ) ) ;
#2976 = STYLED_ITEM ( 'NONE', ( #6257 ), #2718 ) ;
#2977 = CARTESIAN_POINT ( 'NONE',  ( 3.586232610622058600, 0.1034274948450651700, 11.20500000000000500 ) ) ;
#2978 = CIRCLE ( 'NONE', #5083, 0.2249999999999995100 ) ;
#2979 = CARTESIAN_POINT ( 'NONE',  ( 2.500000000000111000, 6.899999999999999500, -0.3999999999999993000 ) ) ;
#2980 = VERTEX_POINT ( 'NONE', #3644 ) ;
#2981 = EDGE_CURVE ( 'NONE', #3162, #2206, #3731, .T. ) ;
#2982 = VECTOR ( 'NONE', #1339, 1000.000000000000000 ) ;
#2983 = ADVANCED_FACE ( 'NONE', ( #2449 ), #5974, .T. ) ;
#2984 = VERTEX_POINT ( 'NONE', #6087 ) ;
#2985 = VERTEX_POINT ( 'NONE', #2633 ) ;
#2986 = VERTEX_POINT ( 'NONE', #4139 ) ;
#2987 = FILL_AREA_STYLE ('',( #4431 ) ) ;
#2988 = VECTOR ( 'NONE', #1408, 1000.000000000000000 ) ;
#2989 = VERTEX_POINT ( 'NONE', #2075 ) ;
#2990 = EDGE_LOOP ( 'NONE', ( #4786, #5340, #4450, #4756 ) ) ;
#2991 = ORIENTED_EDGE ( 'NONE', *, *, #1078, .F. ) ;
#2992 = STYLED_ITEM ( 'NONE', ( #5711 ), #5084 ) ;
#2993 = PLANE ( 'NONE',  #1990 ) ;
#2994 = LINE ( 'NONE', #3589, #5748 ) ;
#2995 = CARTESIAN_POINT ( 'NONE',  ( 0.0000000000000000000, 7.900000000000000400, 0.0000000000000000000 ) ) ;
#2996 = CARTESIAN_POINT ( 'NONE',  ( -2.499999999999756600, 7.900000000000000400, 12.30000000000000200 ) ) ;
#2997 = DIRECTION ( 'NONE',  ( -4.984837574645996500E-016, 0.0000000000000000000, -1.000000000000000000 ) ) ;
#2998 = CYLINDRICAL_SURFACE ( 'NONE', #5899, 0.2249999999999999500 ) ;
#2999 = ORIENTED_EDGE ( 'NONE', *, *, #4085, .F. ) ;
#3000 = ADVANCED_FACE ( 'NONE', ( #5157 ), #3617, .F. ) ;
#3001 = AXIS2_PLACEMENT_3D ( 'NONE', #630, #5674, #137 ) ;
#3002 = CARTESIAN_POINT ( 'NONE',  ( -3.629999999999999400, 1.099999999999998800, -11.42999999999999800 ) ) ;
#3003 = CARTESIAN_POINT ( 'NONE',  ( 2.500000000000217200, 7.900000000000000400, 9.760000000000001600 ) ) ;
#3004 = ORIENTED_EDGE ( 'NONE', *, *, #2427, .T. ) ;
#3005 = DIRECTION ( 'NONE',  ( 0.0000000000000000000, 1.000000000000000000, -1.215986738798339900E-016 ) ) ;
#3006 = EDGE_CURVE ( 'NONE', #548, #1709, #4196, .T. ) ;
#3007 = EDGE_CURVE ( 'NONE', #1814, #5453, #955, .T. ) ;
#3008 = ADVANCED_FACE ( 'NONE', ( #4990 ), #4680, .T. ) ;
#3009 = EDGE_CURVE ( 'NONE', #4317, #3255, #2528, .T. ) ;
#3010 = FACE_OUTER_BOUND ( 'NONE', #4708, .T. ) ;
#3011 = DIRECTION ( 'NONE',  ( 1.000000000000000000, 0.0000000000000000000, -4.984837574645996500E-016 ) ) ;
#3012 = ORIENTED_EDGE ( 'NONE', *, *, #4721, .T. ) ;
#3013 = CARTESIAN_POINT ( 'NONE',  ( -2.499999999999889900, 7.900000000000000400, -0.3999999999999993000 ) ) ;
#3014 = AXIS2_PLACEMENT_3D ( 'NONE', #3035, #80, #6008 ) ;
#3015 = CARTESIAN_POINT ( 'NONE',  ( -3.629999999999760100, -6.200000000000000200, 11.43000000000000500 ) ) ;
#3016 = ADVANCED_FACE ( 'NONE', ( #2293 ), #660, .T. ) ;
#3017 = CARTESIAN_POINT ( 'NONE',  ( -2.499999999999756600, 7.900000000000000400, 12.30000000000000200 ) ) ;
#3018 = CARTESIAN_POINT ( 'NONE',  ( 2.500000000000163000, 6.899999999999999500, 2.939999999999999900 ) ) ;
#3019 = ORIENTED_EDGE ( 'NONE', *, *, #2252, .F. ) ;
#3020 = CARTESIAN_POINT ( 'NONE',  ( -2.499999999999810400, 6.900000000000000400, 5.480000000000000400 ) ) ;
#3021 = VERTEX_POINT ( 'NONE', #4156 ) ;
#3022 = VECTOR ( 'NONE', #3201, 1000.000000000000000 ) ;
#3023 = EDGE_CURVE ( 'NONE', #2417, #5755, #3570, .T. ) ;
#3024 = CARTESIAN_POINT ( 'NONE',  ( -3.629999999999999400, 1.736396103067893400, -11.42999999999999800 ) ) ;
#3025 = CARTESIAN_POINT ( 'NONE',  ( -3.629999999999866200, -6.200000000000000200, 1.270000000000003800 ) ) ;
#3026 = VECTOR ( 'NONE', #2489, 1000.000000000000000 ) ;
#3027 = FILL_AREA_STYLE ('',( #4880 ) ) ;
#3028 = DIRECTION ( 'NONE',  ( 0.0000000000000000000, 1.000000000000000000, 0.0000000000000000000 ) ) ;
#3029 = CARTESIAN_POINT ( 'NONE',  ( -2.289071048146349900, 1.100000000000001900, -12.75000000000000200 ) ) ;
#3030 = ORIENTED_EDGE ( 'NONE', *, *, #4123, .F. ) ;
#3031 = AXIS2_PLACEMENT_3D ( 'NONE', #5559, #234, #5599 ) ;
#3032 = ORIENTED_EDGE ( 'NONE', *, *, #1791, .F. ) ;
#3033 = DIRECTION ( 'NONE',  ( 0.0000000000000000000, -1.000000000000000000, 0.0000000000000000000 ) ) ;
#3034 = ADVANCED_FACE ( 'NONE', ( #6454 ), #1412, .F. ) ;
#3035 = CARTESIAN_POINT ( 'NONE',  ( -2.499999999999969800, -20.30459520007603700, -8.019999999999999600 ) ) ;
#3036 =( LENGTH_UNIT ( ) NAMED_UNIT ( * ) SI_UNIT ( .MILLI., .METRE. ) );
#3037 = VERTEX_POINT ( 'NONE', #6451 ) ;
#3038 = VERTEX_POINT ( 'NONE', #6074 ) ;
#3039 = VECTOR ( 'NONE', #203, 1000.000000000000000 ) ;
#3040 = DIRECTION ( 'NONE',  ( 1.000000000000000000, 0.0000000000000000000, 0.0000000000000000000 ) ) ;
#3041 =( GEOMETRIC_REPRESENTATION_CONTEXT ( 3 ) GLOBAL_UNCERTAINTY_ASSIGNED_CONTEXT ( ( #1885 ) ) GLOBAL_UNIT_ASSIGNED_CONTEXT ( ( #4392, #4442, #5443 ) ) REPRESENTATION_CONTEXT ( 'NONE', 'WORKASPACE' ) );
#3042 = DIRECTION ( 'NONE',  ( 0.0000000000000000000, 1.000000000000000000, 0.0000000000000000000 ) ) ;
#3043 = ADVANCED_FACE ( 'NONE', ( #2158 ), #3076, .T. ) ;
#3044 = CARTESIAN_POINT ( 'NONE',  ( -2.499999999999916500, 6.900000000000000400, -2.939999999999999900 ) ) ;
#3045 = ORIENTED_EDGE ( 'NONE', *, *, #1507, .T. ) ;
#3046 = UNCERTAINTY_MEASURE_WITH_UNIT (LENGTH_MEASURE( 1.000000000000000100E-005 ), #3147, 'distance_accuracy_value', 'NONE');
#3047 = CARTESIAN_POINT ( 'NONE',  ( 3.630000000000213100, -6.200000000000000200, 9.115000000000003800 ) ) ;
#3048 = LINE ( 'NONE', #547, #2495 ) ;
#3049 = AXIS2_PLACEMENT_3D ( 'NONE', #2765, #269, #1719 ) ;
#3050 = VERTEX_POINT ( 'NONE', #518 ) ;
#3051 = DIRECTION ( 'NONE',  ( -4.984837574645996500E-016, 0.0000000000000000000, -1.000000000000000000 ) ) ;
#3052 = EDGE_LOOP ( 'NONE', ( #2570, #330, #1568, #1191 ) ) ;
#3053 =( LENGTH_UNIT ( ) NAMED_UNIT ( * ) SI_UNIT ( .MILLI., .METRE. ) );
#3054 = SURFACE_STYLE_FILL_AREA ( #5222 ) ;
#3055 = CARTESIAN_POINT ( 'NONE',  ( 5.100000000000000500, 0.0000000000000000000, 12.74999999999999800 ) ) ;
#3056 = FACE_OUTER_BOUND ( 'NONE', #2470, .T. ) ;
#3057 = AXIS2_PLACEMENT_3D ( 'NONE', #4694, #144, #3659 ) ;
#3058 = ORIENTED_EDGE ( 'NONE', *, *, #4731, .T. ) ;
#3059 = DIRECTION ( 'NONE',  ( 0.0000000000000000000, 0.0000000000000000000, 1.000000000000000000 ) ) ;
#3060 = EDGE_CURVE ( 'NONE', #3522, #624, #3657, .T. ) ;
#3061 = LINE ( 'NONE', #2220, #4320 ) ;
#3062 = EDGE_CURVE ( 'NONE', #2163, #6405, #6212, .T. ) ;
#3063 = DIRECTION ( 'NONE',  ( -1.000000000000000000, -0.0000000000000000000, 0.0000000000000000000 ) ) ;
#3064 = ORIENTED_EDGE ( 'NONE', *, *, #1290, .F. ) ;
#3065 = AXIS2_PLACEMENT_3D ( 'NONE', #2445, #4525, #1929 ) ;
#3066 = DIRECTION ( 'NONE',  ( 1.000000000000000000, 0.0000000000000000000, 0.0000000000000000000 ) ) ;
#3067 = CARTESIAN_POINT ( 'NONE',  ( 3.630000000000239700, 1.100000000000001600, 11.20500000000000500 ) ) ;
#3068 = LINE ( 'NONE', #4078, #2745 ) ;
#3069 = DIRECTION ( 'NONE',  ( 0.0000000000000000000, 1.000000000000000000, 0.0000000000000000000 ) ) ;
#3070 = ORIENTED_EDGE ( 'NONE', *, *, #5826, .F. ) ;
#3071 = ORIENTED_EDGE ( 'NONE', *, *, #1685, .F. ) ;
#3072 = ADVANCED_FACE ( 'NONE', ( #1604 ), #1035, .F. ) ;
#3073 = EDGE_LOOP ( 'NONE', ( #6407, #2797, #3749, #5722 ) ) ;
#3074 = LINE ( 'NONE', #5066, #6046 ) ;
#3075 = FACE_OUTER_BOUND ( 'NONE', #394, .T. ) ;
#3076 = PLANE ( 'NONE',  #3795 ) ;
#3077 = ADVANCED_FACE ( 'NONE', ( #2763 ), #6093, .F. ) ;
#3078 = LINE ( 'NONE', #3323, #574 ) ;
#3079 = VECTOR ( 'NONE', #2401, 1000.000000000000000 ) ;
#3080 = DIRECTION ( 'NONE',  ( -1.000000000000000000, 0.0000000000000000000, -1.853618526925526000E-016 ) ) ;
#3081 = CARTESIAN_POINT ( 'NONE',  ( 5.100000000000000500, 1.099999999999999000, -9.807856876076018100 ) ) ;
#3082 = AXIS2_PLACEMENT_3D ( 'NONE', #5553, #2950, #5990 ) ;
#3083 = CARTESIAN_POINT ( 'NONE',  ( 2.500000000000030600, 7.900000000000000400, -8.019999999999999600 ) ) ;
#3084 = ADVANCED_FACE ( 'NONE', ( #3810 ), #5032, .F. ) ;
#3085 = SURFACE_STYLE_USAGE ( .BOTH. , #6145 ) ;
#3086 = VECTOR ( 'NONE', #4082, 1000.000000000000000 ) ;
#3087 = DIRECTION ( 'NONE',  ( 0.0000000000000000000, 0.0000000000000000000, 1.000000000000000000 ) ) ;
#3088 = CIRCLE ( 'NONE', #5579, 0.2249999999999999500 ) ;
#3089 = ORIENTED_EDGE ( 'NONE', *, *, #625, .F. ) ;
#3090 = CARTESIAN_POINT ( 'NONE',  ( 5.100000000000000500, 7.900000000000000400, 12.74999999999999800 ) ) ;
#3091 = SURFACE_SIDE_STYLE ('',( #5372 ) ) ;
#3092 = VECTOR ( 'NONE', #231, 1000.000000000000000 ) ;
#3093 = VERTEX_POINT ( 'NONE', #4122 ) ;
#3094 = DIRECTION ( 'NONE',  ( -4.984837574645996500E-016, 0.0000000000000000000, -1.000000000000000000 ) ) ;
#3095 = VECTOR ( 'NONE', #4577, 1000.000000000000000 ) ;
#3096 = ORIENTED_EDGE ( 'NONE', *, *, #6362, .T. ) ;
#3097 = DIRECTION ( 'NONE',  ( 1.000000000000000000, 0.0000000000000000000, -4.984837574645996500E-016 ) ) ;
#3098 = ORIENTED_EDGE ( 'NONE', *, *, #2016, .F. ) ;
#3099 = COLOUR_RGB ( '',0.7921568627450980000, 0.8196078431372548800, 0.9333333333333333500 ) ;
#3100 = EDGE_CURVE ( 'NONE', #4645, #4518, #3161, .T. ) ;
#3101 = EDGE_CURVE ( 'NONE', #296, #2747, #3882, .T. ) ;
#3102 = ORIENTED_EDGE ( 'NONE', *, *, #3923, .F. ) ;
#3103 = FACE_OUTER_BOUND ( 'NONE', #2358, .T. ) ;
#3104 =( NAMED_UNIT ( * ) PLANE_ANGLE_UNIT ( ) SI_UNIT ( $, .RADIAN. ) );
#3105 = CARTESIAN_POINT ( 'NONE',  ( 3.507546743040612200, 0.07757749381575798600, 11.24124036485525300 ) ) ;
#3106 = ORIENTED_EDGE ( 'NONE', *, *, #1805, .F. ) ;
#3107 = CARTESIAN_POINT ( 'NONE',  ( 5.100000000000000500, 0.0000000000000000000, -11.35000000000000100 ) ) ;
#3108 = EDGE_CURVE ( 'NONE', #496, #2512, #1829, .T. ) ;
#3109 = ADVANCED_FACE ( 'NONE', ( #5677 ), #5198, .F. ) ;
#3110 = FACE_OUTER_BOUND ( 'NONE', #6149, .T. ) ;
#3111 = FILL_AREA_STYLE_COLOUR ( '', #6366 ) ;
#3112 = EDGE_LOOP ( 'NONE', ( #5740, #5922, #2259, #2670 ) ) ;
#3113 = CARTESIAN_POINT ( 'NONE',  ( 3.630000000000133100, -6.200000000000000200, 1.495000000000003700 ) ) ;
#3114 = VERTEX_POINT ( 'NONE', #102 ) ;
#3115 = DIRECTION ( 'NONE',  ( 0.0000000000000000000, 1.000000000000000000, 0.0000000000000000000 ) ) ;
#3116 = CARTESIAN_POINT ( 'NONE',  ( -3.629999999999999400, -6.200000000000000200, -11.20499999999999800 ) ) ;
#3117 = UNCERTAINTY_MEASURE_WITH_UNIT (LENGTH_MEASURE( 1.000000000000000100E-005 ), #1321, 'distance_accuracy_value', 'NONE');
#3118 = VERTEX_POINT ( 'NONE', #4813 ) ;
#3119 = VECTOR ( 'NONE', #1484, 1000.000000000000000 ) ;
#3120 = FILL_AREA_STYLE ('',( #30 ) ) ;
#3121 = DIRECTION ( 'NONE',  ( 0.0000000000000000000, 0.0000000000000000000, 1.000000000000000000 ) ) ;
#3122 = DIRECTION ( 'NONE',  ( 0.0000000000000000000, -0.0000000000000000000, 1.000000000000000000 ) ) ;
#3123 = EDGE_LOOP ( 'NONE', ( #5131, #4160, #5958, #2490, #3248, #2199, #4542, #6323, #1105, #5466, #180, #6279 ) ) ;
#3124 = CARTESIAN_POINT ( 'NONE',  ( -2.499999999999836600, 6.899999999999999500, 4.679999999999999700 ) ) ;
#3125 =( BOUNDED_CURVE ( )  B_SPLINE_CURVE ( 3, ( #4484, #5971, #2977, #1994 ),
 .UNSPECIFIED., .F., .F. ) 
 B_SPLINE_CURVE_WITH_KNOTS ( ( 4, 4 ),
 ( 2.566113658111960100, 3.141592653589793100 ),
 .UNSPECIFIED. ) 
 CURVE ( )  GEOMETRIC_REPRESENTATION_ITEM ( )  RATIONAL_B_SPLINE_CURVE ( ( 1.000000000000000000, 0.9725918815757392800, 0.9725918815757392800, 1.000000000000000000 ) ) 
 REPRESENTATION_ITEM ( '' )  );
#3126 = VECTOR ( 'NONE', #648, 1000.000000000000000 ) ;
#3127 = CARTESIAN_POINT ( 'NONE',  ( -3.629999999999973200, 1.099999999999999000, -8.664999999999997400 ) ) ;
#3128 = FACE_OUTER_BOUND ( 'NONE', #6010, .T. ) ;
#3129 = DIRECTION ( 'NONE',  ( -0.0000000000000000000, 1.000000000000000000, -0.0000000000000000000 ) ) ;
#3130 = DIRECTION ( 'NONE',  ( -1.000000000000000000, -0.0000000000000000000, -0.0000000000000000000 ) ) ;
#3131 = VERTEX_POINT ( 'NONE', #753 ) ;
#3132 = ORIENTED_EDGE ( 'NONE', *, *, #6158, .T. ) ;
#3133 = LINE ( 'NONE', #4895, #6262 ) ;
#3134 = EDGE_CURVE ( 'NONE', #2341, #6229, #2443, .T. ) ;
#3135 = CARTESIAN_POINT ( 'NONE',  ( 3.840297408448369400, 0.0000000000000000000, 11.35000000000000100 ) ) ;
#3136 = EDGE_CURVE ( 'NONE', #283, #4527, #5896, .T. ) ;
#3137 = CLOSED_SHELL ( 'NONE', ( #4617, #2651, #3483, #1460 ) ) ;
#3138 = CARTESIAN_POINT ( 'NONE',  ( -3.629999999999973200, -6.200000000000000200, -9.114999999999996700 ) ) ;
#3139 = STYLED_ITEM ( 'NONE', ( #1915 ), #2429 ) ;
#3140 = ADVANCED_FACE ( 'NONE', ( #878 ), #3192, .T. ) ;
#3141 = ORIENTED_EDGE ( 'NONE', *, *, #3827, .F. ) ;
#3142 = ORIENTED_EDGE ( 'NONE', *, *, #1079, .F. ) ;
#3144 = MECHANICAL_DESIGN_GEOMETRIC_PRESENTATION_REPRESENTATION (  '', ( #1289 ), #5870 ) ;
#3143 = DIRECTION ( 'NONE',  ( 0.0000000000000000000, 1.000000000000000000, 0.0000000000000000000 ) ) ;
#3145 = EDGE_LOOP ( 'NONE', ( #2635, #4243, #251, #5816 ) ) ;
#3146 = CARTESIAN_POINT ( 'NONE',  ( -2.499999999999809900, 6.900000000000000400, 7.220000000000000600 ) ) ;
#3147 =( LENGTH_UNIT ( ) NAMED_UNIT ( * ) SI_UNIT ( .MILLI., .METRE. ) );
#3148 = EDGE_CURVE ( 'NONE', #5217, #6091, #3156, .T. ) ;
#3149 = CIRCLE ( 'NONE', #5954, 0.2249999999999995100 ) ;
#3150 = FACE_OUTER_BOUND ( 'NONE', #2678, .T. ) ;
#3151 = EDGE_LOOP ( 'NONE', ( #2957, #5389, #4754, #4330 ) ) ;
#3152 = CARTESIAN_POINT ( 'NONE',  ( -2.499999999999836600, -20.30459520007603700, 4.679999999999999700 ) ) ;
#3153 = ORIENTED_EDGE ( 'NONE', *, *, #2420, .T. ) ;
#3154 = CARTESIAN_POINT ( 'NONE',  ( -5.099999999999998800, 7.900000000000000400, 12.74999999999999800 ) ) ;
#3155 = DIRECTION ( 'NONE',  ( 0.0000000000000000000, 0.5807029557109358900, -0.8141155183563220100 ) ) ;
#3156 = CIRCLE ( 'NONE', #2643, 0.2249999999999995100 ) ;
#3157 = SURFACE_STYLE_FILL_AREA ( #2382 ) ;
#3158 = VECTOR ( 'NONE', #1577, 1000.000000000000000 ) ;
#3159 = CARTESIAN_POINT ( 'NONE',  ( -2.499999999999837000, 6.899999999999999500, 2.939999999999999900 ) ) ;
#3160 = DIRECTION ( 'NONE',  ( 0.0000000000000000000, 0.0000000000000000000, 1.000000000000000000 ) ) ;
#3161 = LINE ( 'NONE', #608, #6139 ) ;
#3162 = VERTEX_POINT ( 'NONE', #2197 ) ;
#3163 = UNCERTAINTY_MEASURE_WITH_UNIT (LENGTH_MEASURE( 1.000000000000000100E-005 ), #4288, 'distance_accuracy_value', 'NONE');
#3164 = LINE ( 'NONE', #1397, #43 ) ;
#3166 = DIRECTION ( 'NONE',  ( -0.0000000000000000000, -1.000000000000000000, 0.0000000000000000000 ) ) ;
#3165 = FACE_OUTER_BOUND ( 'NONE', #2893, .T. ) ;
#3167 = ORIENTED_EDGE ( 'NONE', *, *, #1892, .T. ) ;
#3168 = AXIS2_PLACEMENT_3D ( 'NONE', #5598, #5096, #5532 ) ;
#3169 = CARTESIAN_POINT ( 'NONE',  ( 2.500000000000084400, 7.900000000000000400, -2.939999999999999900 ) ) ;
#3170 = CARTESIAN_POINT ( 'NONE',  ( 3.630000000000186900, -6.200000000000000200, 6.350000000000003200 ) ) ;
#3171 = CIRCLE ( 'NONE', #892, 0.2249999999999999500 ) ;
#3172 = CARTESIAN_POINT ( 'NONE',  ( -3.629999999999786700, 1.100000000000001200, 8.890000000000004100 ) ) ;
#3173 = ORIENTED_EDGE ( 'NONE', *, *, #2564, .T. ) ;
#3174 = PRESENTATION_STYLE_ASSIGNMENT (( #812 ) ) ;
#3175 = CARTESIAN_POINT ( 'NONE',  ( 2.500000000000189600, 6.900000000000000400, 5.480000000000000400 ) ) ;
#3176 = AXIS2_PLACEMENT_3D ( 'NONE', #5756, #2741, #6241 ) ;
#3177 = ORIENTED_EDGE ( 'NONE', *, *, #3594, .F. ) ;
#3178 = ORIENTED_EDGE ( 'NONE', *, *, #5909, .F. ) ;
#3179 = FACE_OUTER_BOUND ( 'NONE', #1471, .T. ) ;
#3180 = AXIS2_PLACEMENT_3D ( 'NONE', #711, #1207, #1225 ) ;
#3181 = SURFACE_SIDE_STYLE ('',( #3054 ) ) ;
#3182 = DIRECTION ( 'NONE',  ( -0.0000000000000000000, 0.0000000000000000000, 1.000000000000000000 ) ) ;
#3183 = DIRECTION ( 'NONE',  ( 0.0000000000000000000, 1.000000000000000000, -1.215986738798339900E-016 ) ) ;
#3184 = EDGE_CURVE ( 'NONE', #1212, #485, #489, .T. ) ;
#3185 = EDGE_CURVE ( 'NONE', #2666, #1055, #4983, .T. ) ;
#3186 = CIRCLE ( 'NONE', #4321, 0.2249999999999995100 ) ;
#3187 = EDGE_CURVE ( 'NONE', #1346, #2159, #346, .T. ) ;
#3188 = DIRECTION ( 'NONE',  ( 0.0000000000000000000, -1.000000000000000000, 0.0000000000000000000 ) ) ;
#3189 = CARTESIAN_POINT ( 'NONE',  ( -3.586232610621881400, 0.1034274948450669300, -11.20499999999999800 ) ) ;
#3190 = CARTESIAN_POINT ( 'NONE',  ( 3.630000000000160200, -6.200000000000000200, 3.810000000000002700 ) ) ;
#3191 = PLANE ( 'NONE',  #1403 ) ;
#3192 = PLANE ( 'NONE',  #1644 ) ;
#3193 = ORIENTED_EDGE ( 'NONE', *, *, #2606, .F. ) ;
#3194 = ORIENTED_EDGE ( 'NONE', *, *, #2235, .T. ) ;
#3195 = CARTESIAN_POINT ( 'NONE',  ( 2.500000000000003600, 7.900000000000000400, -12.30000000000000100 ) ) ;
#3196 = ORIENTED_EDGE ( 'NONE', *, *, #1932, .F. ) ;
#3197 = CARTESIAN_POINT ( 'NONE',  ( 0.0000000000000000000, 7.900000000000000400, 0.0000000000000000000 ) ) ;
#3198 = ORIENTED_EDGE ( 'NONE', *, *, #1846, .T. ) ;
#3199 = CARTESIAN_POINT ( 'NONE',  ( -4.358578643762681900, 6.900000000000000400, -12.65000000000000200 ) ) ;
#3200 = ORIENTED_EDGE ( 'NONE', *, *, #343, .T. ) ;
#3201 = DIRECTION ( 'NONE',  ( 0.0000000000000000000, 1.000000000000000000, 0.0000000000000000000 ) ) ;
#3202 = VECTOR ( 'NONE', #6437, 1000.000000000000000 ) ;
#3203 = STYLED_ITEM ( 'NONE', ( #1119 ), #5274 ) ;
#3204 = ORIENTED_EDGE ( 'NONE', *, *, #5829, .T. ) ;
#3205 = ORIENTED_EDGE ( 'NONE', *, *, #5873, .T. ) ;
#3206 = CARTESIAN_POINT ( 'NONE',  ( -2.499999999999889900, 7.900000000000000400, -0.3999999999999993000 ) ) ;
#3207 = CIRCLE ( 'NONE', #3690, 0.2249999999999995100 ) ;
#3208 = CARTESIAN_POINT ( 'NONE',  ( -2.499999999999809900, 7.900000000000000400, 7.220000000000000600 ) ) ;
#3209 = DIRECTION ( 'NONE',  ( 0.0000000000000000000, 1.000000000000000000, 0.0000000000000000000 ) ) ;
#3210 = CARTESIAN_POINT ( 'NONE',  ( 5.100000000000000500, 0.0000000000000000000, -11.35000000000000100 ) ) ;
#3211 = ORIENTED_EDGE ( 'NONE', *, *, #5988, .F. ) ;
#3212 = FILL_AREA_STYLE_COLOUR ( '', #4222 ) ;
#3213 =( GEOMETRIC_REPRESENTATION_CONTEXT ( 3 ) GLOBAL_UNCERTAINTY_ASSIGNED_CONTEXT ( ( #4227 ) ) GLOBAL_UNIT_ASSIGNED_CONTEXT ( ( #5170, #2153, #2642 ) ) REPRESENTATION_CONTEXT ( 'NONE', 'WORKASPACE' ) );
#3214 = DIRECTION ( 'NONE',  ( 4.984837574645996500E-016, 0.0000000000000000000, 1.000000000000000000 ) ) ;
#3215 = VECTOR ( 'NONE', #833, 1000.000000000000000 ) ;
#3216 = CARTESIAN_POINT ( 'NONE',  ( 0.0000000000000000000, 7.900000000000000400, 0.0000000000000000000 ) ) ;
#3217 = ORIENTED_EDGE ( 'NONE', *, *, #3134, .F. ) ;
#3218 = EDGE_CURVE ( 'NONE', #478, #1410, #1981, .T. ) ;
#3219 = EDGE_CURVE ( 'NONE', #3244, #4052, #1268, .T. ) ;
#3220 = LINE ( 'NONE', #6071, #4739 ) ;
#3221 = EDGE_CURVE ( 'NONE', #161, #2984, #1598, .T. ) ;
#3222 = DIRECTION ( 'NONE',  ( 0.0000000000000000000, -0.0000000000000000000, 1.000000000000000000 ) ) ;
#3223 = ORIENTED_EDGE ( 'NONE', *, *, #4592, .T. ) ;
#3224 = EDGE_LOOP ( 'NONE', ( #2826, #5375, #3058, #6075 ) ) ;
#3225 = VERTEX_POINT ( 'NONE', #3743 ) ;
#3226 = AXIS2_PLACEMENT_3D ( 'NONE', #4827, #2340, #3243 ) ;
#3227 = DIRECTION ( 'NONE',  ( 0.0000000000000000000, 0.0000000000000000000, -1.000000000000000000 ) ) ;
#3228 = CARTESIAN_POINT ( 'NONE',  ( -2.499999999999783700, 7.900000000000000400, 8.020000000000001400 ) ) ;
#3229 = EDGE_CURVE ( 'NONE', #4317, #3888, #2831, .T. ) ;
#3230 = DIRECTION ( 'NONE',  ( -4.984837574645996500E-016, 0.0000000000000000000, -1.000000000000000000 ) ) ;
#3231 = DIRECTION ( 'NONE',  ( 1.000000000000000000, 0.0000000000000000000, 0.0000000000000000000 ) ) ;
#3232 = LINE ( 'NONE', #4461, #1108 ) ;
#3233 = FACE_OUTER_BOUND ( 'NONE', #3651, .T. ) ;
#3234 = SURFACE_STYLE_USAGE ( .BOTH. , #6227 ) ;
#3235 = DIRECTION ( 'NONE',  ( 2.492418787322998300E-016, -0.0000000000000000000, 1.000000000000000000 ) ) ;
#3236 = LINE ( 'NONE', #1041, #3086 ) ;
#3237 = CARTESIAN_POINT ( 'NONE',  ( -2.499999999999756600, 6.899999999999999500, 12.30000000000000200 ) ) ;
#3238 = VECTOR ( 'NONE', #2784, 1000.000000000000000 ) ;
#3239 = ORIENTED_EDGE ( 'NONE', *, *, #4005, .T. ) ;
#3240 =( BOUNDED_CURVE ( )  B_SPLINE_CURVE ( 3, ( #978, #5079, #3713, #4684 ),
 .UNSPECIFIED., .F., .F. ) 
 B_SPLINE_CURVE_WITH_KNOTS ( ( 4, 4 ),
 ( 1.934304723207511000, 3.141592653589793100 ),
 .UNSPECIFIED. ) 
 CURVE ( )  GEOMETRIC_REPRESENTATION_ITEM ( )  RATIONAL_B_SPLINE_CURVE ( ( 1.000000000000000000, 0.8821817348990401700, 0.8821817348990401700, 1.000000000000000000 ) ) 
 REPRESENTATION_ITEM ( '' )  );
#3241 = CARTESIAN_POINT ( 'NONE',  ( -4.358578643762681900, -20.30459520007603700, -12.65000000000000200 ) ) ;
#3242 = LINE ( 'NONE', #4221, #1201 ) ;
#3243 = DIRECTION ( 'NONE',  ( 0.0000000000000000000, 0.0000000000000000000, 1.000000000000000000 ) ) ;
#3244 = VERTEX_POINT ( 'NONE', #777 ) ;
#3245 = VECTOR ( 'NONE', #666, 1000.000000000000000 ) ;
#3246 = FACE_OUTER_BOUND ( 'NONE', #3920, .T. ) ;
#3247 = CARTESIAN_POINT ( 'NONE',  ( -2.499999999999836600, 7.900000000000000400, 4.679999999999999700 ) ) ;
#3248 = ORIENTED_EDGE ( 'NONE', *, *, #958, .F. ) ;
#3249 = AXIS2_PLACEMENT_3D ( 'NONE', #1608, #599, #3614 ) ;
#3250 = ORIENTED_EDGE ( 'NONE', *, *, #862, .F. ) ;
#3251 = DIRECTION ( 'NONE',  ( 0.0000000000000000000, 1.000000000000000000, 0.0000000000000000000 ) ) ;
#3252 = DIRECTION ( 'NONE',  ( -1.000000000000000000, -0.0000000000000000000, -0.0000000000000000000 ) ) ;
#3253 = DIRECTION ( 'NONE',  ( 1.000000000000000000, 0.0000000000000000000, -0.0000000000000000000 ) ) ;
#3254 = CARTESIAN_POINT ( 'NONE',  ( -2.499999999999996000, 7.900000000000000400, -10.56000000000000000 ) ) ;
#3255 = VERTEX_POINT ( 'NONE', #4788 ) ;
#3256 = FACE_OUTER_BOUND ( 'NONE', #3224, .T. ) ;
#3257 = EDGE_CURVE ( 'NONE', #2480, #5095, #1744, .T. ) ;
#3258 = CARTESIAN_POINT ( 'NONE',  ( -2.499999999999836600, 7.900000000000000400, 4.679999999999999700 ) ) ;
#3259 = EDGE_LOOP ( 'NONE', ( #3019, #5888, #5485, #1968 ) ) ;
#3260 = AXIS2_PLACEMENT_3D ( 'NONE', #365, #4937, #2865 ) ;
#3261 =( NAMED_UNIT ( * ) PLANE_ANGLE_UNIT ( ) SI_UNIT ( $, .RADIAN. ) );
#3262 = FILL_AREA_STYLE_COLOUR ( '', #2000 ) ;
#3263 = AXIS2_PLACEMENT_3D ( 'NONE', #634, #2583, #3636 ) ;
#3264 = ADVANCED_FACE ( 'NONE', ( #5294 ), #4218, .T. ) ;
#3265 = EDGE_CURVE ( 'NONE', #4498, #2989, #5672, .T. ) ;
#3266 = VERTEX_POINT ( 'NONE', #1227 ) ;
#3267 = CIRCLE ( 'NONE', #5329, 0.2249999999999995100 ) ;
#3268 = ORIENTED_EDGE ( 'NONE', *, *, #5344, .F. ) ;
#3269 = CARTESIAN_POINT ( 'NONE',  ( 5.000000000000000900, 7.900000000000000400, 12.65000000000000000 ) ) ;
#3270 = CARTESIAN_POINT ( 'NONE',  ( -2.499999999999969800, 7.900000000000000400, -8.019999999999999600 ) ) ;
#3271 = AXIS2_PLACEMENT_3D ( 'NONE', #5441, #2488, #4017 ) ;
#3272 = DIRECTION ( 'NONE',  ( 0.0000000000000000000, 1.000000000000000000, 0.0000000000000000000 ) ) ;
#3273 = DIRECTION ( 'NONE',  ( 2.492418787322998300E-016, 0.0000000000000000000, 1.000000000000000000 ) ) ;
#3274 = ORIENTED_EDGE ( 'NONE', *, *, #2511, .T. ) ;
#3275 = DIRECTION ( 'NONE',  ( -1.000000000000000000, -0.0000000000000000000, -0.0000000000000000000 ) ) ;
#3276 = ORIENTED_EDGE ( 'NONE', *, *, #6169, .F. ) ;
#3277 = DIRECTION ( 'NONE',  ( 0.0000000000000000000, 0.0000000000000000000, 1.000000000000000000 ) ) ;
#3278 = DIRECTION ( 'NONE',  ( -4.984837574645996500E-016, 0.0000000000000000000, -1.000000000000000000 ) ) ;
#3279 = ORIENTED_EDGE ( 'NONE', *, *, #3441, .T. ) ;
#3280 = EDGE_LOOP ( 'NONE', ( #3526, #2216 ) ) ;
#3281 =( NAMED_UNIT ( * ) PLANE_ANGLE_UNIT ( ) SI_UNIT ( $, .RADIAN. ) );
#3282 = VERTEX_POINT ( 'NONE', #4257 ) ;
#3283 = VECTOR ( 'NONE', #5339, 1000.000000000000000 ) ;
#3284 = DIRECTION ( 'NONE',  ( 0.0000000000000000000, 0.0000000000000000000, 1.000000000000000000 ) ) ;
#3285 = DIRECTION ( 'NONE',  ( 1.000000000000000000, 0.0000000000000000000, 0.0000000000000000000 ) ) ;
#3286 = VERTEX_POINT ( 'NONE', #822 ) ;
#3287 = VECTOR ( 'NONE', #4870, 1000.000000000000000 ) ;
#3288 = AXIS2_PLACEMENT_3D ( 'NONE', #554, #6173, #2631 ) ;
#3289 = DIRECTION ( 'NONE',  ( 0.0000000000000000000, 1.000000000000000000, 0.0000000000000000000 ) ) ;
#3290 = ORIENTED_EDGE ( 'NONE', *, *, #3673, .T. ) ;
#3291 = ORIENTED_EDGE ( 'NONE', *, *, #741, .T. ) ;
#3292 = FILL_AREA_STYLE ('',( #2824 ) ) ;
#3293 = PLANE ( 'NONE',  #3180 ) ;
#3294 = CARTESIAN_POINT ( 'NONE',  ( -3.629999999999946200, -6.200000000000000200, -6.349999999999997000 ) ) ;
#3295 = CARTESIAN_POINT ( 'NONE',  ( -2.499999999999863200, 7.900000000000000400, 2.140000000000001500 ) ) ;
#3296 = FACE_OUTER_BOUND ( 'NONE', #442, .T. ) ;
#3297 = AXIS2_PLACEMENT_3D ( 'NONE', #838, #817, #2303 ) ;
#3298 = DIRECTION ( 'NONE',  ( -1.000000000000000000, -0.0000000000000000000, -0.0000000000000000000 ) ) ;
#3299 = ORIENTED_EDGE ( 'NONE', *, *, #1163, .F. ) ;
#3300 = VERTEX_POINT ( 'NONE', #249 ) ;
#3301 = EDGE_LOOP ( 'NONE', ( #2202, #1040, #1549, #1144 ) ) ;
#3302 = DIRECTION ( 'NONE',  ( 4.984837574645996500E-016, 0.0000000000000000000, 1.000000000000000000 ) ) ;
#3303 = STYLED_ITEM ( 'NONE', ( #5100 ), #1762 ) ;
#3304 = LINE ( 'NONE', #1324, #1023 ) ;
#3305 = LINE ( 'NONE', #6384, #1352 ) ;
#3306 =( NAMED_UNIT ( * ) SI_UNIT ( $, .STERADIAN. ) SOLID_ANGLE_UNIT ( ) );
#3307 = ORIENTED_EDGE ( 'NONE', *, *, #1199, .F. ) ;
#3308 = DIRECTION ( 'NONE',  ( 0.0000000000000000000, 0.0000000000000000000, -1.000000000000000000 ) ) ;
#3309 = ORIENTED_EDGE ( 'NONE', *, *, #6116, .T. ) ;
#3310 = EDGE_CURVE ( 'NONE', #6253, #3435, #4826, .T. ) ;
#3311 = EDGE_CURVE ( 'NONE', #1025, #3131, #6134, .T. ) ;
#3312 = EDGE_CURVE ( 'NONE', #1474, #1260, #725, .T. ) ;
#3313 = CARTESIAN_POINT ( 'NONE',  ( 3.630000000000239700, 1.100000000000001600, 11.43000000000000500 ) ) ;
#3314 = SURFACE_SIDE_STYLE ('',( #4763 ) ) ;
#3315 = LINE ( 'NONE', #2422, #3473 ) ;
#3316 = VERTEX_POINT ( 'NONE', #2371 ) ;
#3317 = CARTESIAN_POINT ( 'NONE',  ( 5.100000000000000500, 7.900000000000000400, 12.74999999999999800 ) ) ;
#3318 = PRESENTATION_LAYER_ASSIGNMENT (  '', '', ( #2976 ) ) ;
#3319 = VECTOR ( 'NONE', #3755, 1000.000000000000000 ) ;
#3320 = DIRECTION ( 'NONE',  ( 4.984837574645996500E-016, 0.0000000000000000000, 1.000000000000000000 ) ) ;
#3321 = VECTOR ( 'NONE', #3917, 1000.000000000000100 ) ;
#3322 = ORIENTED_EDGE ( 'NONE', *, *, #3802, .F. ) ;
#3323 = CARTESIAN_POINT ( 'NONE',  ( 2.289071048146349900, 1.100000000000001900, -12.75000000000000200 ) ) ;
#3324 = CARTESIAN_POINT ( 'NONE',  ( -2.499999999999890300, 7.900000000000000400, -2.139999999999999700 ) ) ;
#3325 = DIRECTION ( 'NONE',  ( 0.0000000000000000000, 0.0000000000000000000, 1.000000000000000000 ) ) ;
#3326 = EDGE_CURVE ( 'NONE', #2052, #2456, #1673, .T. ) ;
#3327 = DIRECTION ( 'NONE',  ( 0.0000000000000000000, 1.000000000000000000, 0.0000000000000000000 ) ) ;
#3328 = CARTESIAN_POINT ( 'NONE',  ( -2.499999999999783700, -20.30459520007603700, 8.020000000000001400 ) ) ;
#3329 = ORIENTED_EDGE ( 'NONE', *, *, #4509, .T. ) ;
#3330 = VECTOR ( 'NONE', #3426, 1000.000000000000000 ) ;
#3331 = ORIENTED_EDGE ( 'NONE', *, *, #2427, .F. ) ;
#3332 = LINE ( 'NONE', #5246, #5913 ) ;
#3333 = MECHANICAL_DESIGN_GEOMETRIC_PRESENTATION_REPRESENTATION (  '', ( #3895 ), #2624 ) ;
#3334 = CARTESIAN_POINT ( 'NONE',  ( 2.500000000000163900, -20.30459520007603700, 4.679999999999999700 ) ) ;
#3335 = DIRECTION ( 'NONE',  ( 0.0000000000000000000, 0.0000000000000000000, -1.000000000000000000 ) ) ;
#3336 = VERTEX_POINT ( 'NONE', #1325 ) ;
#3337 = ADVANCED_FACE ( 'NONE', ( #3472 ), #6282, .T. ) ;
#3338 = ORIENTED_EDGE ( 'NONE', *, *, #2105, .T. ) ;
#3339 = VECTOR ( 'NONE', #4861, 1000.000000000000000 ) ;
#3340 = CARTESIAN_POINT ( 'NONE',  ( 5.000000000000000900, 7.900000000000000400, 12.65000000000000000 ) ) ;
#3341 = DIRECTION ( 'NONE',  ( 0.0000000000000000000, -0.0000000000000000000, 1.000000000000000000 ) ) ;
#3342 = AXIS2_PLACEMENT_3D ( 'NONE', #2192, #3693, #3737 ) ;
#3343 = CARTESIAN_POINT ( 'NONE',  ( -2.499999999999970200, 6.900000000000000400, -9.759999999999999800 ) ) ;
#3344 = SURFACE_STYLE_FILL_AREA ( #2726 ) ;
#3345 = CARTESIAN_POINT ( 'NONE',  ( -3.629999999999866200, -6.200000000000000200, 1.045000000000003900 ) ) ;
#3346 = CARTESIAN_POINT ( 'NONE',  ( -3.629999999999999400, -6.200000000000000200, -11.20499999999999800 ) ) ;
#3347 = EDGE_CURVE ( 'NONE', #5847, #1631, #4753, .T. ) ;
#3348 = EDGE_CURVE ( 'NONE', #5095, #5029, #3955, .T. ) ;
#3349 = EDGE_LOOP ( 'NONE', ( #187, #2692 ) ) ;
#3350 = VECTOR ( 'NONE', #2412, 1000.000000000000000 ) ;
#3351 = EDGE_LOOP ( 'NONE', ( #4796, #5545, #1415, #1896, #1908, #4292 ) ) ;
#3352 = CARTESIAN_POINT ( 'NONE',  ( -2.499999999999836600, 6.900000000000000400, 4.679999999999999700 ) ) ;
#3353 = EDGE_CURVE ( 'NONE', #3969, #77, #803, .T. ) ;
#3354 = DIRECTION ( 'NONE',  ( -1.000000000000000000, -0.0000000000000000000, -0.0000000000000000000 ) ) ;
#3355 = VERTEX_POINT ( 'NONE', #1350 ) ;
#3356 = FACE_OUTER_BOUND ( 'NONE', #3883, .T. ) ;
#3357 = ORIENTED_EDGE ( 'NONE', *, *, #1511, .T. ) ;
#3358 = EDGE_LOOP ( 'NONE', ( #3773, #1605, #6272, #3193 ) ) ;
#3359 = EDGE_CURVE ( 'NONE', #4500, #5301, #6050, .T. ) ;
#3360 = CLOSED_SHELL ( 'NONE', ( #2409, #2553, #3546, #3971 ) ) ;
#3361 =( NAMED_UNIT ( * ) PLANE_ANGLE_UNIT ( ) SI_UNIT ( $, .RADIAN. ) );
#3362 = VECTOR ( 'NONE', #1957, 1000.000000000000000 ) ;
#3363 = PLANE ( 'NONE',  #3297 ) ;
#3364 = FACE_OUTER_BOUND ( 'NONE', #2304, .T. ) ;
#3365 = DIRECTION ( 'NONE',  ( 2.492418787322998300E-016, 0.0000000000000000000, 1.000000000000000000 ) ) ;
#3366 = CARTESIAN_POINT ( 'NONE',  ( -2.499999999999996000, 7.900000000000000400, -10.56000000000000000 ) ) ;
#3367 = DIRECTION ( 'NONE',  ( 0.0000000000000000000, 0.0000000000000000000, -1.000000000000000000 ) ) ;
#3368 = VERTEX_POINT ( 'NONE', #4404 ) ;
#3369 = ORIENTED_EDGE ( 'NONE', *, *, #832, .F. ) ;
#3370 = DIRECTION ( 'NONE',  ( 2.492418787322998300E-016, 0.0000000000000000000, 1.000000000000000000 ) ) ;
#3371 = ADVANCED_FACE ( 'NONE', ( #4504 ), #5436, .F. ) ;
#3372 = LINE ( 'NONE', #1285, #2344 ) ;
#3373 = CARTESIAN_POINT ( 'NONE',  ( 2.500000000000243800, 7.900000000000000400, 12.30000000000000200 ) ) ;
#3374 = VERTEX_POINT ( 'NONE', #1396 ) ;
#3375 = CARTESIAN_POINT ( 'NONE',  ( 3.630000000000186900, -6.200000000000000200, 6.350000000000003200 ) ) ;
#3376 = DIRECTION ( 'NONE',  ( 0.0000000000000000000, 0.0000000000000000000, -1.000000000000000000 ) ) ;
#3377 = CARTESIAN_POINT ( 'NONE',  ( -2.499999999999863200, -20.30459520007603700, 2.140000000000001500 ) ) ;
#3378 = SURFACE_STYLE_USAGE ( .BOTH. , #2388 ) ;
#3379 = CARTESIAN_POINT ( 'NONE',  ( -2.499999999999783700, 6.900000000000000400, 8.020000000000001400 ) ) ;
#3380 = DIRECTION ( 'NONE',  ( -1.000000000000000000, -0.0000000000000000000, -0.0000000000000000000 ) ) ;
#3381 = ORIENTED_EDGE ( 'NONE', *, *, #3578, .F. ) ;
#3382 = AXIS2_PLACEMENT_3D ( 'NONE', #5068, #4093, #1995 ) ;
#3383 = DIRECTION ( 'NONE',  ( 0.0000000000000000000, 1.000000000000000000, 0.0000000000000000000 ) ) ;
#3384 = PLANE ( 'NONE',  #1373 ) ;
#3385 = VERTEX_POINT ( 'NONE', #4857 ) ;
#3386 = EDGE_LOOP ( 'NONE', ( #5877, #5040, #4822, #2139 ) ) ;
#3387 = PLANE ( 'NONE',  #4724 ) ;
#3388 = ORIENTED_EDGE ( 'NONE', *, *, #3187, .F. ) ;
#3389 = CARTESIAN_POINT ( 'NONE',  ( -2.289071048146349900, 1.100000000000001900, -12.75000000000000200 ) ) ;
#3390 = FACE_OUTER_BOUND ( 'NONE', #3781, .T. ) ;
#3391 = FACE_OUTER_BOUND ( 'NONE', #937, .T. ) ;
#3392 = CARTESIAN_POINT ( 'NONE',  ( -2.499999999999756600, 6.900000000000000400, 12.30000000000000200 ) ) ;
#3393 = AXIS2_PLACEMENT_3D ( 'NONE', #3107, #4135, #4111 ) ;
#3394 = CARTESIAN_POINT ( 'NONE',  ( 2.500000000000217200, 7.900000000000000400, 9.760000000000001600 ) ) ;
#3395 = ORIENTED_EDGE ( 'NONE', *, *, #6232, .F. ) ;
#3396 = CLOSED_SHELL ( 'NONE', ( #3518, #3337, #4086, #3140 ) ) ;
#3397 = FILL_AREA_STYLE_COLOUR ( '', #1432 ) ;
#3398 = PRESENTATION_LAYER_ASSIGNMENT (  '', '', ( #1928 ) ) ;
#3399 = EDGE_CURVE ( 'NONE', #5025, #5256, #3078, .T. ) ;
#3400 = EDGE_CURVE ( 'NONE', #2480, #5946, #2076, .T. ) ;
#3401 = SURFACE_SIDE_STYLE ('',( #4233 ) ) ;
#3402 = CARTESIAN_POINT ( 'NONE',  ( -2.499999999999889900, 6.900000000000000400, -0.3999999999999993000 ) ) ;
#3403 = CARTESIAN_POINT ( 'NONE',  ( 2.500000000000004400, 7.900000000000000400, -10.56000000000000000 ) ) ;
#3404 = VECTOR ( 'NONE', #5774, 1000.000000000000000 ) ;
#3405 = VERTEX_POINT ( 'NONE', #1831 ) ;
#3406 = AXIS2_PLACEMENT_3D ( 'NONE', #1916, #2306, #821 ) ;
#3407 = ADVANCED_FACE ( 'NONE', ( #4342 ), #4867, .T. ) ;
#3408 = UNCERTAINTY_MEASURE_WITH_UNIT (LENGTH_MEASURE( 1.000000000000000100E-005 ), #5798, 'distance_accuracy_value', 'NONE');
#3409 = CARTESIAN_POINT ( 'NONE',  ( 2.289071048146349900, 1.100000000000001900, -12.75000000000000200 ) ) ;
#3410 = LINE ( 'NONE', #5278, #2928 ) ;
#3411 = DIRECTION ( 'NONE',  ( 4.984837574645996500E-016, 0.0000000000000000000, 1.000000000000000000 ) ) ;
#3412 = EDGE_LOOP ( 'NONE', ( #4683, #2840, #4482, #4440, #5932, #1236, #4362, #805 ) ) ;
#3413 = VECTOR ( 'NONE', #3380, 1000.000000000000000 ) ;
#3414 = PLANE ( 'NONE',  #3406 ) ;
#3415 = DIRECTION ( 'NONE',  ( 0.0000000000000000000, 0.0000000000000000000, 1.000000000000000000 ) ) ;
#3416 = MANIFOLD_SOLID_BREP ( 'Boss-Extrude3[10]', #1682 ) ;
#3417 = FACE_OUTER_BOUND ( 'NONE', #4103, .T. ) ;
#3418 = ORIENTED_EDGE ( 'NONE', *, *, #6244, .T. ) ;
#3419 = ORIENTED_EDGE ( 'NONE', *, *, #2114, .T. ) ;
#3420 = VECTOR ( 'NONE', #5449, 1000.000000000000000 ) ;
#3421 = AXIS2_PLACEMENT_3D ( 'NONE', #6168, #1171, #2702 ) ;
#3422 = CARTESIAN_POINT ( 'NONE',  ( -3.629999999999840000, 1.100000000000000800, 4.035000000000001900 ) ) ;
#3423 = EDGE_LOOP ( 'NONE', ( #82, #5935, #3793, #5403 ) ) ;
#3424 = ORIENTED_EDGE ( 'NONE', *, *, #3060, .F. ) ;
#3425 = FACE_OUTER_BOUND ( 'NONE', #620, .T. ) ;
#3426 = DIRECTION ( 'NONE',  ( 1.000000000000000000, 0.0000000000000000000, 0.0000000000000000000 ) ) ;
#3427 = DIRECTION ( 'NONE',  ( -1.000000000000000000, -0.0000000000000000000, -0.0000000000000000000 ) ) ;
#3428 = VERTEX_POINT ( 'NONE', #6481 ) ;
#3429 = VECTOR ( 'NONE', #6183, 1000.000000000000000 ) ;
#3430 = PLANE ( 'NONE',  #6022 ) ;
#3431 = CARTESIAN_POINT ( 'NONE',  ( 3.630000000000186900, -6.200000000000000200, 6.350000000000003200 ) ) ;
#3432 = DIRECTION ( 'NONE',  ( 0.0000000000000000000, 1.000000000000000000, 0.0000000000000000000 ) ) ;
#3433 =( NAMED_UNIT ( * ) PLANE_ANGLE_UNIT ( ) SI_UNIT ( $, .RADIAN. ) );
#3434 = ORIENTED_EDGE ( 'NONE', *, *, #420, .T. ) ;
#3435 = VERTEX_POINT ( 'NONE', #10 ) ;
#3436 =( NAMED_UNIT ( * ) PLANE_ANGLE_UNIT ( ) SI_UNIT ( $, .RADIAN. ) );
#3437 = ADVANCED_FACE ( 'NONE', ( #4675 ), #5746, .F. ) ;
#3438 = EDGE_CURVE ( 'NONE', #2328, #3618, #4593, .T. ) ;
#3439 = EDGE_CURVE ( 'NONE', #5919, #5233, #3232, .T. ) ;
#3440 = VERTEX_POINT ( 'NONE', #6440 ) ;
#3441 = EDGE_CURVE ( 'NONE', #5128, #1541, #2361, .T. ) ;
#3442 = VECTOR ( 'NONE', #6019, 1000.000000000000000 ) ;
#3443 = CARTESIAN_POINT ( 'NONE',  ( -2.499999999999890300, 6.900000000000000400, -2.139999999999999700 ) ) ;
#3444 = PRESENTATION_LAYER_ASSIGNMENT (  '', '', ( #746 ) ) ;
#3445 = DIRECTION ( 'NONE',  ( 0.0000000000000000000, 0.0000000000000000000, 1.000000000000000000 ) ) ;
#3446 = DIRECTION ( 'NONE',  ( 0.0000000000000000000, 1.000000000000000000, 0.0000000000000000000 ) ) ;
#3447 = ORIENTED_EDGE ( 'NONE', *, *, #1858, .F. ) ;
#3448 = VECTOR ( 'NONE', #5472, 1000.000000000000000 ) ;
#3449 = EDGE_CURVE ( 'NONE', #1259, #2037, #266, .T. ) ;
#3450 = ADVANCED_FACE ( 'NONE', ( #3648 ), #2931, .F. ) ;
#3451 = ORIENTED_EDGE ( 'NONE', *, *, #302, .T. ) ;
#3452 = CARTESIAN_POINT ( 'NONE',  ( -4.999999999999992900, -20.30459520007603700, -12.00857864376269100 ) ) ;
#3453 = FACE_OUTER_BOUND ( 'NONE', #2618, .T. ) ;
#3454 = DIRECTION ( 'NONE',  ( 0.0000000000000000000, 1.000000000000000000, 0.0000000000000000000 ) ) ;
#3455 = CLOSED_SHELL ( 'NONE', ( #1037, #2591, #5592, #6163 ) ) ;
#3456 = FILL_AREA_STYLE ('',( #4946 ) ) ;
#3457 = CARTESIAN_POINT ( 'NONE',  ( 5.000000000000000900, 6.900000000000000400, -12.65000000000000000 ) ) ;
#3458 = DIRECTION ( 'NONE',  ( 0.0000000000000000000, 0.0000000000000000000, 1.000000000000000000 ) ) ;
#3459 = DIRECTION ( 'NONE',  ( 0.7071067811865474600, -0.0000000000000000000, -0.7071067811865474600 ) ) ;
#3460 = ORIENTED_EDGE ( 'NONE', *, *, #128, .T. ) ;
#3461 = DIRECTION ( 'NONE',  ( 0.0000000000000000000, 0.0000000000000000000, 1.000000000000000000 ) ) ;
#3462 = ORIENTED_EDGE ( 'NONE', *, *, #3136, .T. ) ;
#3463 = EDGE_LOOP ( 'NONE', ( #1807, #233 ) ) ;
#3464 = PLANE ( 'NONE',  #270 ) ;
#3465 = CARTESIAN_POINT ( 'NONE',  ( 2.500000000000163000, 6.900000000000000400, 2.939999999999999900 ) ) ;
#3466 = PLANE ( 'NONE',  #2902 ) ;
#3467 = VECTOR ( 'NONE', #1019, 1000.000000000000000 ) ;
#3468 = ORIENTED_EDGE ( 'NONE', *, *, #4812, .T. ) ;
#3469 = ADVANCED_FACE ( 'NONE', ( #191 ), #3464, .T. ) ;
#3470 = AXIS2_PLACEMENT_3D ( 'NONE', #1142, #154, #3166 ) ;
#3471 = VERTEX_POINT ( 'NONE', #5529 ) ;
#3472 = FACE_OUTER_BOUND ( 'NONE', #4395, .T. ) ;
#3473 = VECTOR ( 'NONE', #425, 1000.000000000000000 ) ;
#3474 = CARTESIAN_POINT ( 'NONE',  ( -2.499999999999863200, 7.900000000000000400, 0.4000000000000010200 ) ) ;
#3475 = EDGE_CURVE ( 'NONE', #879, #2140, #5893, .T. ) ;
#3476 = DIRECTION ( 'NONE',  ( 1.000000000000000000, 0.0000000000000000000, 0.0000000000000000000 ) ) ;
#3477 = FACE_OUTER_BOUND ( 'NONE', #3412, .T. ) ;
#3478 = EDGE_CURVE ( 'NONE', #1938, #636, #4586, .T. ) ;
#3479 = LINE ( 'NONE', #4068, #5224 ) ;
#3480 = ORIENTED_EDGE ( 'NONE', *, *, #6495, .F. ) ;
#3481 = CARTESIAN_POINT ( 'NONE',  ( 5.000000000000000900, 6.900000000000000400, -12.65000000000000000 ) ) ;
#3482 = AXIS2_PLACEMENT_3D ( 'NONE', #1833, #2396, #5883 ) ;
#3483 = ADVANCED_FACE ( 'NONE', ( #6208 ), #5042, .F. ) ;
#3484 = DIRECTION ( 'NONE',  ( 0.0000000000000000000, 1.000000000000000000, 0.0000000000000000000 ) ) ;
#3485 = LINE ( 'NONE', #5255, #1192 ) ;
#3486 = EDGE_LOOP ( 'NONE', ( #4841, #2478 ) ) ;
#3487 =( GEOMETRIC_REPRESENTATION_CONTEXT ( 3 ) GLOBAL_UNCERTAINTY_ASSIGNED_CONTEXT ( ( #2050 ) ) GLOBAL_UNIT_ASSIGNED_CONTEXT ( ( #4774, #4278, #716 ) ) REPRESENTATION_CONTEXT ( 'NONE', 'WORKASPACE' ) );
#3488 = CARTESIAN_POINT ( 'NONE',  ( 2.500000000000137700, 6.900000000000000400, 2.140000000000001500 ) ) ;
#3489 = PLANE ( 'NONE',  #1036 ) ;
#3490 = EDGE_CURVE ( 'NONE', #2426, #1631, #5368, .T. ) ;
#3491 = CARTESIAN_POINT ( 'NONE',  ( 3.630000000000213100, 1.100000000000001200, 8.890000000000004100 ) ) ;
#3492 = CARTESIAN_POINT ( 'NONE',  ( -4.999999999999992900, 6.900000000000000400, -12.00857864376269100 ) ) ;
#3493 = LINE ( 'NONE', #3175, #5983 ) ;
#3494 = AXIS2_PLACEMENT_3D ( 'NONE', #3871, #3376, #869 ) ;
#3495 = ORIENTED_EDGE ( 'NONE', *, *, #6496, .F. ) ;
#3496 = FACE_OUTER_BOUND ( 'NONE', #469, .T. ) ;
#3497 = DIRECTION ( 'NONE',  ( 1.000000000000000000, 0.0000000000000000000, 0.0000000000000000000 ) ) ;
#3498 = CARTESIAN_POINT ( 'NONE',  ( -3.629999999999760100, 0.0000000000000000000, 11.43000000000000500 ) ) ;
#3499 = DIRECTION ( 'NONE',  ( 0.0000000000000000000, 1.000000000000000000, 0.0000000000000000000 ) ) ;
#3500 = VERTEX_POINT ( 'NONE', #3540 ) ;
#3501 = ORIENTED_EDGE ( 'NONE', *, *, #5344, .T. ) ;
#3502 = ORIENTED_EDGE ( 'NONE', *, *, #105, .F. ) ;
#3503 = LINE ( 'NONE', #751, #6308 ) ;
#3504 =( LENGTH_UNIT ( ) NAMED_UNIT ( * ) SI_UNIT ( .MILLI., .METRE. ) );
#3505 = DIRECTION ( 'NONE',  ( 1.000000000000000000, 0.0000000000000000000, -0.0000000000000000000 ) ) ;
#3506 = ADVANCED_FACE ( 'NONE', ( #2681 ), #6014, .F. ) ;
#3507 = CARTESIAN_POINT ( 'NONE',  ( 2.500000000000242900, -20.30459520007603700, 10.56000000000000200 ) ) ;
#3508 = FACE_OUTER_BOUND ( 'NONE', #3052, .T. ) ;
#3509 = FILL_AREA_STYLE_COLOUR ( '', #90 ) ;
#3510 = CARTESIAN_POINT ( 'NONE',  ( 3.630000000000080300, 1.099999999999999900, -4.034999999999996600 ) ) ;
#3511 = DIRECTION ( 'NONE',  ( 0.0000000000000000000, 0.0000000000000000000, -1.000000000000000000 ) ) ;
#3512 = AXIS2_PLACEMENT_3D ( 'NONE', #1492, #2072, #5557 ) ;
#3513 = FILL_AREA_STYLE_COLOUR ( '', #6300 ) ;
#3514 = CARTESIAN_POINT ( 'NONE',  ( -3.629999999999920000, -6.200000000000000200, -4.034999999999996600 ) ) ;
#3515 = EDGE_LOOP ( 'NONE', ( #2121, #3434, #2609, #314, #2078 ) ) ;
#3516 = LINE ( 'NONE', #1616, #3429 ) ;
#3517 = ORIENTED_EDGE ( 'NONE', *, *, #5297, .T. ) ;
#3518 = ADVANCED_FACE ( 'NONE', ( #1182 ), #6125, .T. ) ;
#3519 = MECHANICAL_DESIGN_GEOMETRIC_PRESENTATION_REPRESENTATION (  '', ( #1235 ), #3746 ) ;
#3520 = CARTESIAN_POINT ( 'NONE',  ( 2.500000000000217200, 6.900000000000000400, 9.760000000000001600 ) ) ;
#3521 = CIRCLE ( 'NONE', #4070, 0.2249999999999995100 ) ;
#3522 = VERTEX_POINT ( 'NONE', #5159 ) ;
#3523 = DIRECTION ( 'NONE',  ( -1.000000000000000000, -0.0000000000000000000, -1.853618526925526000E-016 ) ) ;
#3524 = DIRECTION ( 'NONE',  ( 0.0000000000000000000, 0.0000000000000000000, 1.000000000000000000 ) ) ;
#3525 = CYLINDRICAL_SURFACE ( 'NONE', #2861, 0.2249999999999995100 ) ;
#3526 = ORIENTED_EDGE ( 'NONE', *, *, #1164, .F. ) ;
#3527 = DIRECTION ( 'NONE',  ( -0.0000000000000000000, 0.0000000000000000000, 1.000000000000000000 ) ) ;
#3528 = ORIENTED_EDGE ( 'NONE', *, *, #2971, .F. ) ;
#3529 = LINE ( 'NONE', #5433, #4647 ) ;
#3530 = DIRECTION ( 'NONE',  ( -4.984837574645996500E-016, 0.0000000000000000000, -1.000000000000000000 ) ) ;
#3531 = FACE_OUTER_BOUND ( 'NONE', #1951, .T. ) ;
#3532 = EDGE_CURVE ( 'NONE', #5041, #3691, #3875, .T. ) ;
#3533 = EDGE_CURVE ( 'NONE', #103, #4871, #1030, .T. ) ;
#3534 = CARTESIAN_POINT ( 'NONE',  ( -5.099999999999998800, 7.900000000000000400, 12.74999999999999800 ) ) ;
#3535 = EDGE_CURVE ( 'NONE', #6213, #5446, #3074, .T. ) ;
#3536 = EDGE_LOOP ( 'NONE', ( #338, #4074, #3947, #3211 ) ) ;
#3537 = ORIENTED_EDGE ( 'NONE', *, *, #1128, .F. ) ;
#3538 = VECTOR ( 'NONE', #6417, 1000.000000000000000 ) ;
#3539 = AXIS2_PLACEMENT_3D ( 'NONE', #382, #2884, #1847 ) ;
#3540 = CARTESIAN_POINT ( 'NONE',  ( 3.599999999999998800, 0.0000000000000000000, -11.65299103120977400 ) ) ;
#3541 = CARTESIAN_POINT ( 'NONE',  ( 2.500000000000189600, 6.899999999999999500, 5.480000000000000400 ) ) ;
#3542 = DIRECTION ( 'NONE',  ( 0.0000000000000000000, 0.0000000000000000000, 1.000000000000000000 ) ) ;
#3543 = DIRECTION ( 'NONE',  ( -0.0000000000000000000, 1.000000000000000000, -0.0000000000000000000 ) ) ;
#3544 =( BOUNDED_CURVE ( )  B_SPLINE_CURVE ( 3, ( #4612, #5604, #1617, #1545 ),
 .UNSPECIFIED., .F., .T. ) 
 B_SPLINE_CURVE_WITH_KNOTS ( ( 4, 4 ),
 ( 1.704527916204844100, 4.136909984907674700 ),
 .UNSPECIFIED. ) 
 CURVE ( )  GEOMETRIC_REPRESENTATION_ITEM ( )  RATIONAL_B_SPLINE_CURVE ( ( 1.000000000000000000, 0.5648134946764386000, 0.5648134946764386000, 1.000000000000000000 ) ) 
 REPRESENTATION_ITEM ( '' )  );
#3545 = ORIENTED_EDGE ( 'NONE', *, *, #3708, .T. ) ;
#3546 = ADVANCED_FACE ( 'NONE', ( #4420 ), #4649, .F. ) ;
#3547 = CIRCLE ( 'NONE', #4947, 0.2249999999999999500 ) ;
#3548 = DIRECTION ( 'NONE',  ( 0.0000000000000000000, -1.000000000000000000, 0.0000000000000000000 ) ) ;
#3549 = PLANE ( 'NONE',  #2285 ) ;
#3550 = CARTESIAN_POINT ( 'NONE',  ( 5.100000000000000500, 1.099999999999999000, -9.807856876076018100 ) ) ;
#3551 = ORIENTED_EDGE ( 'NONE', *, *, #2147, .T. ) ;
#3552 = DIRECTION ( 'NONE',  ( 0.0000000000000000000, 1.000000000000000000, 0.0000000000000000000 ) ) ;
#3553 = ADVANCED_FACE ( 'NONE', ( #3951 ), #2329, .F. ) ;
#3554 = PRESENTATION_STYLE_ASSIGNMENT (( #5270 ) ) ;
#3555 = ORIENTED_EDGE ( 'NONE', *, *, #5024, .T. ) ;
#3556 = CARTESIAN_POINT ( 'NONE',  ( -3.629999999999866200, -6.200000000000000200, 1.270000000000003800 ) ) ;
#3557 = ORIENTED_EDGE ( 'NONE', *, *, #4371, .F. ) ;
#3558 = VERTEX_POINT ( 'NONE', #5656 ) ;
#3559 = AXIS2_PLACEMENT_3D ( 'NONE', #5850, #2380, #5887 ) ;
#3560 = ADVANCED_FACE ( 'NONE', ( #32 ), #1477, .F. ) ;
#3561 = CARTESIAN_POINT ( 'NONE',  ( -2.499999999999996000, 6.900000000000000400, -10.56000000000000000 ) ) ;
#3562 = LINE ( 'NONE', #4339, #1351 ) ;
#3563 = LINE ( 'NONE', #3764, #418 ) ;
#3564 = CARTESIAN_POINT ( 'NONE',  ( 5.000000000000000900, 6.900000000000000400, 12.65000000000000000 ) ) ;
#3565 = CARTESIAN_POINT ( 'NONE',  ( -2.499999999999890300, -20.30459520007603700, -2.139999999999999700 ) ) ;
#3566 = PRODUCT ( 'OSX10201-GYR1', 'OSX10201-GYR1', '', ( #1980 ) ) ;
#3567 = DIRECTION ( 'NONE',  ( 0.0000000000000000000, -1.000000000000000000, 0.0000000000000000000 ) ) ;
#3568 = LINE ( 'NONE', #2662, #2686 ) ;
#3569 = CARTESIAN_POINT ( 'NONE',  ( -4.358578643762681900, 6.900000000000000400, -12.65000000000000200 ) ) ;
#3570 = LINE ( 'NONE', #3930, #2226 ) ;
#3571 = VERTEX_POINT ( 'NONE', #2370 ) ;
#3572 = EDGE_LOOP ( 'NONE', ( #699, #6356, #1732, #4743 ) ) ;
#3573 = FACE_OUTER_BOUND ( 'NONE', #4972, .T. ) ;
#3574 = LINE ( 'NONE', #2761, #4433 ) ;
#3575 = ORIENTED_EDGE ( 'NONE', *, *, #175, .F. ) ;
#3576 = DIRECTION ( 'NONE',  ( -1.000000000000000000, -0.0000000000000000000, -0.0000000000000000000 ) ) ;
#3577 = EDGE_CURVE ( 'NONE', #1223, #3847, #2143, .T. ) ;
#3578 = EDGE_CURVE ( 'NONE', #2955, #3114, #4905, .T. ) ;
#3579 = EDGE_CURVE ( 'NONE', #3037, #3038, #5220, .T. ) ;
#3580 = LINE ( 'NONE', #3254, #2162 ) ;
#3581 = PLANE ( 'NONE',  #1877 ) ;
#3582 = ADVANCED_FACE ( 'NONE', ( #2909 ), #3414, .F. ) ;
#3583 = EDGE_LOOP ( 'NONE', ( #4615, #4879, #2271, #6305, #5455, #1840, #185, #3623 ) ) ;
#3584 = LINE ( 'NONE', #3921, #3413 ) ;
#3585 = SURFACE_STYLE_USAGE ( .BOTH. , #1531 ) ;
#3586 = AXIS2_PLACEMENT_3D ( 'NONE', #3343, #1348, #354 ) ;
#3587 = CARTESIAN_POINT ( 'NONE',  ( 5.000000000000000900, 7.900000000000000400, 12.65000000000000000 ) ) ;
#3588 = CARTESIAN_POINT ( 'NONE',  ( 3.599999999999998800, 0.0000000000000000000, 12.74999999999999800 ) ) ;
#3589 = CARTESIAN_POINT ( 'NONE',  ( -2.499999999999809900, 6.900000000000000400, 7.220000000000000600 ) ) ;
#3590 = ORIENTED_EDGE ( 'NONE', *, *, #1967, .F. ) ;
#3591 = CARTESIAN_POINT ( 'NONE',  ( -3.629999999999813400, 1.100000000000001000, 6.125000000000003600 ) ) ;
#3592 = ORIENTED_EDGE ( 'NONE', *, *, #4323, .T. ) ;
#3593 = VECTOR ( 'NONE', #47, 1000.000000000000000 ) ;
#3594 = EDGE_CURVE ( 'NONE', #879, #261, #3562, .T. ) ;
#3595 = DIRECTION ( 'NONE',  ( 0.0000000000000000000, -0.0000000000000000000, 1.000000000000000000 ) ) ;
#3596 = ADVANCED_FACE ( 'NONE', ( #3390 ), #1452, .F. ) ;
#3597 = PLANE ( 'NONE',  #929 ) ;
#3598 = ORIENTED_EDGE ( 'NONE', *, *, #3671, .T. ) ;
#3599 = FACE_OUTER_BOUND ( 'NONE', #5767, .T. ) ;
#3600 = ADVANCED_FACE ( 'NONE', ( #2521 ), #1736, .T. ) ;
#3601 = SURFACE_SIDE_STYLE ('',( #4628 ) ) ;
#3602 = CARTESIAN_POINT ( 'NONE',  ( -4.999999999999992900, 6.900000000000000400, -12.00857864376269100 ) ) ;
#3603 = AXIS2_PLACEMENT_3D ( 'NONE', #173, #5687, #150 ) ;
#3604 = PRESENTATION_STYLE_ASSIGNMENT (( #1099 ) ) ;
#3605 = DIRECTION ( 'NONE',  ( 0.0000000000000000000, 0.0000000000000000000, 1.000000000000000000 ) ) ;
#3606 = CARTESIAN_POINT ( 'NONE',  ( -3.629999999999999400, 0.1034274948450667300, -11.20499999999999800 ) ) ;
#3607 = CARTESIAN_POINT ( 'NONE',  ( 3.630000000000239700, -6.200000000000000200, 11.43000000000000500 ) ) ;
#3608 = CARTESIAN_POINT ( 'NONE',  ( -2.499999999999970200, 7.900000000000000400, -9.759999999999999800 ) ) ;
#3609 = SURFACE_STYLE_FILL_AREA ( #3292 ) ;
#3610 = ORIENTED_EDGE ( 'NONE', *, *, #5343, .T. ) ;
#3611 = DIRECTION ( 'NONE',  ( 0.0000000000000000000, 1.000000000000000000, -1.215986738798339900E-016 ) ) ;
#3612 = DIRECTION ( 'NONE',  ( 0.0000000000000000000, -0.0000000000000000000, 1.000000000000000000 ) ) ;
#3613 = AXIS2_PLACEMENT_3D ( 'NONE', #1217, #2290, #2217 ) ;
#3614 = DIRECTION ( 'NONE',  ( 1.000000000000000000, 0.0000000000000000000, -0.0000000000000000000 ) ) ;
#3615 = CARTESIAN_POINT ( 'NONE',  ( -2.499999999999783700, 6.899999999999999500, 8.020000000000001400 ) ) ;
#3616 = ORIENTED_EDGE ( 'NONE', *, *, #465, .F. ) ;
#3617 = PLANE ( 'NONE',  #2423 ) ;
#3618 = VERTEX_POINT ( 'NONE', #2436 ) ;
#3619 = FACE_BOUND ( 'NONE', #4554, .T. ) ;
#3620 = VECTOR ( 'NONE', #4194, 1000.000000000000000 ) ;
#3621 = EDGE_CURVE ( 'NONE', #3300, #3763, #4025, .T. ) ;
#3622 = CARTESIAN_POINT ( 'NONE',  ( -3.629999999999760100, 1.100000000000001600, 11.43000000000000500 ) ) ;
#3623 = ORIENTED_EDGE ( 'NONE', *, *, #5345, .F. ) ;
#3624 = CARTESIAN_POINT ( 'NONE',  ( 2.500000000000163900, 6.899999999999999500, 4.679999999999999700 ) ) ;
#3625 = FACE_OUTER_BOUND ( 'NONE', #3572, .T. ) ;
#3626 = ADVANCED_FACE ( 'NONE', ( #2750 ), #6450, .T. ) ;
#3627 = MANIFOLD_SOLID_BREP ( 'Boss-Extrude3[15]', #4768 ) ;
#3628 = ORIENTED_EDGE ( 'NONE', *, *, #5669, .T. ) ;
#3629 = CARTESIAN_POINT ( 'NONE',  ( -3.629999999999999400, 1.099999999999998800, -11.42999999999999800 ) ) ;
#3631 = AXIS2_PLACEMENT_3D ( 'NONE', #206, #1188, #5215 ) ;
#3630 = CARTESIAN_POINT ( 'NONE',  ( -3.507546743040525600, 0.07757749381583035900, -11.24124036485514600 ) ) ;
#3632 = LINE ( 'NONE', #872, #4656 ) ;
#3633 = DIRECTION ( 'NONE',  ( -1.000000000000000000, 0.0000000000000000000, -0.0000000000000000000 ) ) ;
#3634 = EDGE_CURVE ( 'NONE', #1312, #4182, #1592, .T. ) ;
#3635 = CARTESIAN_POINT ( 'NONE',  ( 2.500000000000057700, -20.30459520007603700, -5.479999999999999500 ) ) ;
#3636 = DIRECTION ( 'NONE',  ( 0.0000000000000000000, 0.0000000000000000000, 1.000000000000000000 ) ) ;
#3637 =( BOUNDED_CURVE ( )  B_SPLINE_CURVE ( 3, ( #3630, #1643, #3189, #3606 ),
 .UNSPECIFIED., .F., .T. ) 
 B_SPLINE_CURVE_WITH_KNOTS ( ( 4, 4 ),
 ( 2.566113658112773300, 3.141592653589793100 ),
 .UNSPECIFIED. ) 
 CURVE ( )  GEOMETRIC_REPRESENTATION_ITEM ( )  RATIONAL_B_SPLINE_CURVE ( ( 1.000000000000000000, 0.9725918815758163300, 0.9725918815758163300, 1.000000000000000000 ) ) 
 REPRESENTATION_ITEM ( '' )  );
#3638 = ORIENTED_EDGE ( 'NONE', *, *, #5950, .F. ) ;
#3639 =( GEOMETRIC_REPRESENTATION_CONTEXT ( 3 ) GLOBAL_UNCERTAINTY_ASSIGNED_CONTEXT ( ( #717 ) ) GLOBAL_UNIT_ASSIGNED_CONTEXT ( ( #3738, #1216, #2572 ) ) REPRESENTATION_CONTEXT ( 'NONE', 'WORKASPACE' ) );
#3640 = DIRECTION ( 'NONE',  ( 1.000000000000000000, 0.0000000000000000000, 0.0000000000000000000 ) ) ;
#3641 = DIRECTION ( 'NONE',  ( 0.0000000000000000000, -1.000000000000000000, 0.0000000000000000000 ) ) ;
#3642 = DIRECTION ( 'NONE',  ( 0.0000000000000000000, 0.0000000000000000000, 1.000000000000000000 ) ) ;
#3643 = VECTOR ( 'NONE', #5303, 1000.000000000000000 ) ;
#3644 = CARTESIAN_POINT ( 'NONE',  ( 2.500000000000056800, 6.900000000000000400, -7.219999999999999800 ) ) ;
#3645 = ORIENTED_EDGE ( 'NONE', *, *, #1331, .T. ) ;
#3646 = ORIENTED_EDGE ( 'NONE', *, *, #1385, .F. ) ;
#3647 = ORIENTED_EDGE ( 'NONE', *, *, #907, .F. ) ;
#3648 = FACE_OUTER_BOUND ( 'NONE', #4303, .T. ) ;
#3649 = CIRCLE ( 'NONE', #1243, 0.2249999999999995100 ) ;
#3650 = DIRECTION ( 'NONE',  ( 1.000000000000000000, 0.0000000000000000000, 0.0000000000000000000 ) ) ;
#3651 = EDGE_LOOP ( 'NONE', ( #243, #1007, #8, #1249 ) ) ;
#3652 = PRESENTATION_STYLE_ASSIGNMENT (( #2882 ) ) ;
#3653 = PLANE ( 'NONE',  #5615 ) ;
#3654 = DIRECTION ( 'NONE',  ( 0.0000000000000000000, 1.000000000000000000, -1.215986738798339900E-016 ) ) ;
#3655 = LINE ( 'NONE', #587, #2365 ) ;
#3656 = CARTESIAN_POINT ( 'NONE',  ( -4.999999999999992900, 7.900000000000000400, -12.00857864376269100 ) ) ;
#3657 = LINE ( 'NONE', #1010, #5830 ) ;
#3658 = VERTEX_POINT ( 'NONE', #292 ) ;
#3659 = DIRECTION ( 'NONE',  ( 0.0000000000000000000, 1.215986738798339900E-016, 1.000000000000000000 ) ) ;
#3660 = CARTESIAN_POINT ( 'NONE',  ( 3.630000000000027400, -6.200000000000000200, -8.889999999999997000 ) ) ;
#3661 = ADVANCED_FACE ( 'NONE', ( #4819 ), #1279, .F. ) ;
#3662 = PRESENTATION_LAYER_ASSIGNMENT (  '', '', ( #1235 ) ) ;
#3663 = CARTESIAN_POINT ( 'NONE',  ( -2.499999999999837000, 6.900000000000000400, 2.939999999999999900 ) ) ;
#3664 = FACE_OUTER_BOUND ( 'NONE', #196, .T. ) ;
#3665 = VERTEX_POINT ( 'NONE', #5272 ) ;
#3666 = PRESENTATION_LAYER_ASSIGNMENT (  '', '', ( #3303 ) ) ;
#3667 = CARTESIAN_POINT ( 'NONE',  ( 2.500000000000110600, -20.30459520007603700, -0.3999999999999993000 ) ) ;
#3668 = DIRECTION ( 'NONE',  ( 1.000000000000000000, 0.0000000000000000000, 0.0000000000000000000 ) ) ;
#3669 = CLOSED_SHELL ( 'NONE', ( #5584, #4398, #6472, #1672 ) ) ;
#3670 = FACE_OUTER_BOUND ( 'NONE', #5475, .T. ) ;
#3671 = EDGE_CURVE ( 'NONE', #2795, #1259, #4264, .T. ) ;
#3672 = EDGE_CURVE ( 'NONE', #3428, #1733, #1427, .T. ) ;
#3673 = EDGE_CURVE ( 'NONE', #3739, #588, #873, .T. ) ;
#3674 = ADVANCED_BREP_SHAPE_REPRESENTATION ( 'OSX10201-GYR1', ( #2913, #1076, #2718, #1762, #4789, #4102, #5468, #4999, #6217, #606, #125, #409, #786, #5933, #864, #5927, #2242, #602, #1753, #1070, #4799, #3416, #5092, #5084, #5744, #5281, #3627, #2438, #5274, #3900, #1267, #2429, #2499 ), #5934 ) ;
#3675 = VERTEX_POINT ( 'NONE', #4277 ) ;
#3676 = AXIS2_PLACEMENT_3D ( 'NONE', #3722, #1253, #1186 ) ;
#3677 = ORIENTED_EDGE ( 'NONE', *, *, #3535, .T. ) ;
#3678 = LINE ( 'NONE', #3843, #2245 ) ;
#3679 =( LENGTH_UNIT ( ) NAMED_UNIT ( * ) SI_UNIT ( .MILLI., .METRE. ) );
#3680 = DIRECTION ( 'NONE',  ( 0.0000000000000000000, 0.0000000000000000000, 1.000000000000000000 ) ) ;
#3681 = EDGE_CURVE ( 'NONE', #2705, #2492, #1730, .T. ) ;
#3682 = LINE ( 'NONE', #4793, #5626 ) ;
#3683 = DIRECTION ( 'NONE',  ( 0.0000000000000000000, 0.0000000000000000000, 1.000000000000000000 ) ) ;
#3684 = ORIENTED_EDGE ( 'NONE', *, *, #105, .T. ) ;
#3685 = VECTOR ( 'NONE', #1033, 1000.000000000000000 ) ;
#3686 = CARTESIAN_POINT ( 'NONE',  ( 2.500000000000110600, 6.900000000000000400, -0.3999999999999993000 ) ) ;
#3687 = CARTESIAN_POINT ( 'NONE',  ( -2.499999999999942700, 6.900000000000000400, -5.479999999999999500 ) ) ;
#3688 = DIRECTION ( 'NONE',  ( 0.0000000000000000000, 1.000000000000000000, -1.215986738798339900E-016 ) ) ;
#3689 = ADVANCED_FACE ( 'NONE', ( #1817 ), #1299, .T. ) ;
#3690 = AXIS2_PLACEMENT_3D ( 'NONE', #2927, #2354, #5381 ) ;
#3691 = VERTEX_POINT ( 'NONE', #6243 ) ;
#3692 = ORIENTED_EDGE ( 'NONE', *, *, #5680, .F. ) ;
#3693 = DIRECTION ( 'NONE',  ( 0.0000000000000000000, 1.000000000000000000, 0.0000000000000000000 ) ) ;
#3694 = VECTOR ( 'NONE', #3354, 1000.000000000000000 ) ;
#3695 = ORIENTED_EDGE ( 'NONE', *, *, #945, .F. ) ;
#3696 = SURFACE_SIDE_STYLE ('',( #2576 ) ) ;
#3697 = ORIENTED_EDGE ( 'NONE', *, *, #1468, .F. ) ;
#3698 = VERTEX_POINT ( 'NONE', #5714 ) ;
#3699 = CARTESIAN_POINT ( 'NONE',  ( -2.499999999999783700, 6.899999999999999500, 8.020000000000001400 ) ) ;
#3700 = CARTESIAN_POINT ( 'NONE',  ( -2.499999999999809900, 6.899999999999999500, 7.220000000000000600 ) ) ;
#3701 = LINE ( 'NONE', #1601, #1876 ) ;
#3702 = AXIS2_PLACEMENT_3D ( 'NONE', #497, #4992, #3505 ) ;
#3703 = DIRECTION ( 'NONE',  ( 0.0000000000000000000, 1.000000000000000000, -1.215986738798339900E-016 ) ) ;
#3704 = VERTEX_POINT ( 'NONE', #3760 ) ;
#3705 = ORIENTED_EDGE ( 'NONE', *, *, #4590, .F. ) ;
#3706 = VECTOR ( 'NONE', #5367, 1000.000000000000000 ) ;
#3707 = LINE ( 'NONE', #300, #3853 ) ;
#3708 = EDGE_CURVE ( 'NONE', #1202, #1503, #5585, .T. ) ;
#3709 = EDGE_CURVE ( 'NONE', #1072, #2777, #4101, .T. ) ;
#3710 = EDGE_CURVE ( 'NONE', #40, #4063, #3304, .T. ) ;
#3711 = CARTESIAN_POINT ( 'NONE',  ( -3.629999999999973200, -6.200000000000000200, -8.889999999999997000 ) ) ;
#3712 = ORIENTED_EDGE ( 'NONE', *, *, #5273, .T. ) ;
#3713 = CARTESIAN_POINT ( 'NONE',  ( 3.726518583939372400, 0.1034274948450669300, -11.20499999999999800 ) ) ;
#3714 = AXIS2_PLACEMENT_3D ( 'NONE', #2477, #5053, #1936 ) ;
#3715 = VECTOR ( 'NONE', #5223, 1000.000000000000000 ) ;
#3716 = CARTESIAN_POINT ( 'NONE',  ( -2.499999999999837000, 7.900000000000000400, 2.939999999999999900 ) ) ;
#3717 = ORIENTED_EDGE ( 'NONE', *, *, #421, .F. ) ;
#3718 = PLANE ( 'NONE',  #4673 ) ;
#3719 = CARTESIAN_POINT ( 'NONE',  ( 3.630000000000080300, -6.200000000000000200, -3.809999999999997400 ) ) ;
#3720 = CARTESIAN_POINT ( 'NONE',  ( 2.500000000000190500, -20.30459520007603700, 7.220000000000000600 ) ) ;
#3721 = EDGE_CURVE ( 'NONE', #3770, #40, #4020, .T. ) ;
#3722 = CARTESIAN_POINT ( 'NONE',  ( 3.630000000000053200, -6.200000000000000200, -6.349999999999997000 ) ) ;
#3723 = LINE ( 'NONE', #2889, #2988 ) ;
#3724 = ORIENTED_EDGE ( 'NONE', *, *, #5586, .F. ) ;
#3725 = ORIENTED_EDGE ( 'NONE', *, *, #6496, .T. ) ;
#3726 = ORIENTED_EDGE ( 'NONE', *, *, #1675, .F. ) ;
#3727 = LINE ( 'NONE', #1701, #5962 ) ;
#3728 = CARTESIAN_POINT ( 'NONE',  ( -2.499999999999863200, 7.900000000000000400, 0.4000000000000010200 ) ) ;
#3729 = PRESENTATION_STYLE_ASSIGNMENT (( #4662 ) ) ;
#3730 = DIRECTION ( 'NONE',  ( 0.0000000000000000000, 1.000000000000000000, -1.215986738798339900E-016 ) ) ;
#3731 = CIRCLE ( 'NONE', #505, 0.2249999999999995100 ) ;
#3732 = ORIENTED_EDGE ( 'NONE', *, *, #96, .T. ) ;
#3733 = VERTEX_POINT ( 'NONE', #813 ) ;
#3734 = CARTESIAN_POINT ( 'NONE',  ( -5.099999999999998800, 2.779948234064492300E-015, 11.35000000000000100 ) ) ;
#3735 = FACE_OUTER_BOUND ( 'NONE', #5473, .T. ) ;
#3737 = DIRECTION ( 'NONE',  ( 0.0000000000000000000, 0.0000000000000000000, 1.000000000000000000 ) ) ;
#3736 = VECTOR ( 'NONE', #5753, 1000.000000000000000 ) ;
#3738 =( LENGTH_UNIT ( ) NAMED_UNIT ( * ) SI_UNIT ( .MILLI., .METRE. ) );
#3739 = VERTEX_POINT ( 'NONE', #1388 ) ;
#3740 = AXIS2_PLACEMENT_3D ( 'NONE', #5161, #3642, #1149 ) ;
#3741 = DIRECTION ( 'NONE',  ( 2.492418787322998300E-016, 0.0000000000000000000, 1.000000000000000000 ) ) ;
#3742 = FILL_AREA_STYLE ('',( #2962 ) ) ;
#3743 = CARTESIAN_POINT ( 'NONE',  ( 3.630000000000080300, -6.200000000000000200, -4.034999999999996600 ) ) ;
#3744 = CARTESIAN_POINT ( 'NONE',  ( -2.499999999999890300, 6.900000000000000400, -2.139999999999999700 ) ) ;
#3745 = ORIENTED_EDGE ( 'NONE', *, *, #1196, .F. ) ;
#3746 =( GEOMETRIC_REPRESENTATION_CONTEXT ( 3 ) GLOBAL_UNCERTAINTY_ASSIGNED_CONTEXT ( ( #3117 ) ) GLOBAL_UNIT_ASSIGNED_CONTEXT ( ( #1321, #1368, #5857 ) ) REPRESENTATION_CONTEXT ( 'NONE', 'WORKASPACE' ) );
#3747 = DIRECTION ( 'NONE',  ( 0.0000000000000000000, 1.000000000000000000, 0.0000000000000000000 ) ) ;
#3748 = ORIENTED_EDGE ( 'NONE', *, *, #5705, .T. ) ;
#3749 = ORIENTED_EDGE ( 'NONE', *, *, #1291, .F. ) ;
#3750 = FACE_OUTER_BOUND ( 'NONE', #4133, .T. ) ;
#3751 = AXIS2_PLACEMENT_3D ( 'NONE', #356, #3907, #1811 ) ;
#3752 = EDGE_CURVE ( 'NONE', #167, #3266, #4258, .T. ) ;
#3753 = ORIENTED_EDGE ( 'NONE', *, *, #3449, .T. ) ;
#3754 = EDGE_CURVE ( 'NONE', #2273, #5509, #24, .T. ) ;
#3755 = DIRECTION ( 'NONE',  ( 0.0000000000000000000, 1.000000000000000000, 0.0000000000000000000 ) ) ;
#3756 = ORIENTED_EDGE ( 'NONE', *, *, #2881, .T. ) ;
#3757 = DIRECTION ( 'NONE',  ( 1.000000000000000000, 0.0000000000000000000, 0.0000000000000000000 ) ) ;
#3758 = MECHANICAL_DESIGN_GEOMETRIC_PRESENTATION_REPRESENTATION (  '', ( #799 ), #1251 ) ;
#3759 = CARTESIAN_POINT ( 'NONE',  ( -2.499999999999890300, 7.900000000000000400, -2.139999999999999700 ) ) ;
#3760 = CARTESIAN_POINT ( 'NONE',  ( -2.499999999999916500, 6.900000000000000400, -2.939999999999999900 ) ) ;
#3761 = CARTESIAN_POINT ( 'NONE',  ( -3.629999999999999400, -6.200000000000000200, -11.42999999999999800 ) ) ;
#3762 = LINE ( 'NONE', #3927, #2182 ) ;
#3763 = VERTEX_POINT ( 'NONE', #6397 ) ;
#3764 = CARTESIAN_POINT ( 'NONE',  ( -2.289071048146349900, 1.100000000000001900, -12.75000000000000200 ) ) ;
#3765 = ORIENTED_EDGE ( 'NONE', *, *, #1882, .T. ) ;
#3766 = DIRECTION ( 'NONE',  ( -2.492418787322998300E-016, 0.0000000000000000000, -1.000000000000000000 ) ) ;
#3767 = DIRECTION ( 'NONE',  ( -0.0000000000000000000, 1.000000000000000000, -0.0000000000000000000 ) ) ;
#3768 = ORIENTED_EDGE ( 'NONE', *, *, #2459, .F. ) ;
#3769 = CARTESIAN_POINT ( 'NONE',  ( 2.500000000000190500, 7.900000000000000400, 7.220000000000000600 ) ) ;
#3770 = VERTEX_POINT ( 'NONE', #4396 ) ;
#3771 = PLANE ( 'NONE',  #2150 ) ;
#3772 = LINE ( 'NONE', #1989, #1314 ) ;
#3773 = ORIENTED_EDGE ( 'NONE', *, *, #4630, .T. ) ;
#3774 = PRESENTATION_LAYER_ASSIGNMENT (  '', '', ( #2088 ) ) ;
#3775 = ORIENTED_EDGE ( 'NONE', *, *, #2331, .T. ) ;
#3776 = EDGE_LOOP ( 'NONE', ( #2603, #3775, #58, #2357 ) ) ;
#3777 = CYLINDRICAL_SURFACE ( 'NONE', #1169, 0.2249999999999995100 ) ;
#3778 = CARTESIAN_POINT ( 'NONE',  ( 2.500000000000084400, 6.900000000000000400, -2.939999999999999900 ) ) ;
#3779 = CARTESIAN_POINT ( 'NONE',  ( 2.500000000000243800, 6.899999999999999500, 12.30000000000000200 ) ) ;
#3780 = DIRECTION ( 'NONE',  ( 0.0000000000000000000, 0.0000000000000000000, 1.000000000000000000 ) ) ;
#3781 = EDGE_LOOP ( 'NONE', ( #4738, #5487, #3922, #2181 ) ) ;
#3782 = CARTESIAN_POINT ( 'NONE',  ( 2.500000000000030600, 7.900000000000000400, -8.019999999999999600 ) ) ;
#3783 = CARTESIAN_POINT ( 'NONE',  ( -2.499999999999783300, 7.900000000000000400, 9.760000000000001600 ) ) ;
#3784 = VECTOR ( 'NONE', #4737, 1000.000000000000000 ) ;
#3785 = DIRECTION ( 'NONE',  ( -0.7660444431189817900, 0.6427876096865349200, 0.0000000000000000000 ) ) ;
#3786 = EDGE_LOOP ( 'NONE', ( #4010, #139 ) ) ;
#3787 = EDGE_CURVE ( 'NONE', #2696, #1718, #3723, .T. ) ;
#3788 = EDGE_CURVE ( 'NONE', #1690, #6253, #715, .T. ) ;
#3789 = LINE ( 'NONE', #5643, #334 ) ;
#3790 = EDGE_CURVE ( 'NONE', #1940, #5446, #1587, .T. ) ;
#3791 = SURFACE_STYLE_USAGE ( .BOTH. , #2300 ) ;
#3792 = ORIENTED_EDGE ( 'NONE', *, *, #5907, .F. ) ;
#3793 = ORIENTED_EDGE ( 'NONE', *, *, #4248, .F. ) ;
#3794 = ORIENTED_EDGE ( 'NONE', *, *, #5228, .T. ) ;
#3795 = AXIS2_PLACEMENT_3D ( 'NONE', #2060, #3005, #583 ) ;
#3796 = VECTOR ( 'NONE', #35, 1000.000000000000000 ) ;
#3797 = FACE_OUTER_BOUND ( 'NONE', #5667, .T. ) ;
#3798 = CARTESIAN_POINT ( 'NONE',  ( 3.630000000000213100, -6.200000000000000200, 9.115000000000003800 ) ) ;
#3799 = DIRECTION ( 'NONE',  ( 0.0000000000000000000, 0.0000000000000000000, -1.000000000000000000 ) ) ;
#3800 = CARTESIAN_POINT ( 'NONE',  ( -3.629999999999946200, -6.200000000000000200, -6.349999999999997000 ) ) ;
#3801 = EDGE_LOOP ( 'NONE', ( #279, #2493, #410, #3357, #2811 ) ) ;
#3802 = EDGE_CURVE ( 'NONE', #2985, #918, #4495, .T. ) ;
#3803 = CARTESIAN_POINT ( 'NONE',  ( 3.630000000000000300, -6.200000000000000200, -11.42999999999999800 ) ) ;
#3804 = CARTESIAN_POINT ( 'NONE',  ( -2.499999999999917000, 7.900000000000000400, -4.679999999999999700 ) ) ;
#3805 = VECTOR ( 'NONE', #960, 1000.000000000000000 ) ;
#3806 = CYLINDRICAL_SURFACE ( 'NONE', #4454, 0.2249999999999999500 ) ;
#3807 = CARTESIAN_POINT ( 'NONE',  ( -5.099999999999998800, 0.0000000000000000000, 12.74999999999999800 ) ) ;
#3808 = FILL_AREA_STYLE_COLOUR ( '', #280 ) ;
#3809 = DIRECTION ( 'NONE',  ( -1.000000000000000000, -0.0000000000000000000, -0.0000000000000000000 ) ) ;
#3810 = FACE_OUTER_BOUND ( 'NONE', #2171, .T. ) ;
#3811 = ORIENTED_EDGE ( 'NONE', *, *, #6365, .T. ) ;
#3812 = CARTESIAN_POINT ( 'NONE',  ( 2.500000000000163900, 7.900000000000000400, 4.679999999999999700 ) ) ;
#3813 = VECTOR ( 'NONE', #3302, 1000.000000000000000 ) ;
#3814 = CARTESIAN_POINT ( 'NONE',  ( -2.499999999999783300, 6.900000000000000400, 9.760000000000001600 ) ) ;
#3815 = EDGE_LOOP ( 'NONE', ( #1576, #595 ) ) ;
#3816 = LINE ( 'NONE', #2425, #5166 ) ;
#3817 = DIRECTION ( 'NONE',  ( -4.984837574645996500E-016, 0.0000000000000000000, -1.000000000000000000 ) ) ;
#3818 = EDGE_LOOP ( 'NONE', ( #4655, #5431, #5031, #1292 ) ) ;
#3819 = CIRCLE ( 'NONE', #5625, 0.2249999999999995100 ) ;
#3820 = PLANE ( 'NONE',  #3751 ) ;
#3821 = CARTESIAN_POINT ( 'NONE',  ( -3.629999999999999400, 0.0000000000000000000, -11.42999999999999800 ) ) ;
#3822 = EDGE_LOOP ( 'NONE', ( #5668, #582, #2421, #809 ) ) ;
#3823 = DIRECTION ( 'NONE',  ( 2.492418787322998300E-016, -0.0000000000000000000, 1.000000000000000000 ) ) ;
#3824 = ORIENTED_EDGE ( 'NONE', *, *, #4248, .T. ) ;
#3825 = ORIENTED_EDGE ( 'NONE', *, *, #6462, .T. ) ;
#3826 = EDGE_CURVE ( 'NONE', #1055, #2666, #5426, .T. ) ;
#3827 = EDGE_CURVE ( 'NONE', #4476, #3658, #3240, .T. ) ;
#3828 = AXIS2_PLACEMENT_3D ( 'NONE', #1783, #312, #3817 ) ;
#3829 = FACE_OUTER_BOUND ( 'NONE', #5761, .T. ) ;
#3830 = DIRECTION ( 'NONE',  ( 0.0000000000000000000, 1.000000000000000000, 0.0000000000000000000 ) ) ;
#3831 = CARTESIAN_POINT ( 'NONE',  ( -2.289071048146349900, 1.100000000000001900, -12.75000000000000200 ) ) ;
#3832 = AXIS2_PLACEMENT_3D ( 'NONE', #5357, #3970, #438 ) ;
#3833 = EDGE_CURVE ( 'NONE', #2206, #5192, #6202, .T. ) ;
#3834 = ORIENTED_EDGE ( 'NONE', *, *, #4719, .T. ) ;
#3835 = VECTOR ( 'NONE', #4611, 1000.000000000000000 ) ;
#3836 = ORIENTED_EDGE ( 'NONE', *, *, #664, .F. ) ;
#3837 = CARTESIAN_POINT ( 'NONE',  ( 2.500000000000136800, -20.30459520007603700, 0.4000000000000010200 ) ) ;
#3838 = DIRECTION ( 'NONE',  ( 2.492418787322998300E-016, 0.0000000000000000000, 1.000000000000000000 ) ) ;
#3839 = PLANE ( 'NONE',  #3586 ) ;
#3840 = EDGE_LOOP ( 'NONE', ( #3501, #3132, #5078, #6334 ) ) ;
#3841 = DIRECTION ( 'NONE',  ( 1.000000000000000000, 0.0000000000000000000, 0.0000000000000000000 ) ) ;
#3842 = ORIENTED_EDGE ( 'NONE', *, *, #947, .T. ) ;
#3843 = CARTESIAN_POINT ( 'NONE',  ( -2.499999999999837000, -20.30459520007603700, 2.939999999999999900 ) ) ;
#3844 = COLOUR_RGB ( '',0.7921568627450980000, 0.8196078431372548800, 0.9333333333333333500 ) ;
#3845 = DIRECTION ( 'NONE',  ( -0.0000000000000000000, -1.215986738798339900E-016, -1.000000000000000000 ) ) ;
#3846 = ORIENTED_EDGE ( 'NONE', *, *, #1381, .T. ) ;
#3847 = VERTEX_POINT ( 'NONE', #5103 ) ;
#3848 = FACE_OUTER_BOUND ( 'NONE', #1784, .T. ) ;
#3849 = LINE ( 'NONE', #4643, #1483 ) ;
#3850 = CARTESIAN_POINT ( 'NONE',  ( 3.630000000000027400, 1.099999999999999000, -9.114999999999996700 ) ) ;
#3851 = ORIENTED_EDGE ( 'NONE', *, *, #4894, .F. ) ;
#3852 = ORIENTED_EDGE ( 'NONE', *, *, #6206, .T. ) ;
#3853 = VECTOR ( 'NONE', #1237, 1000.000000000000000 ) ;
#3854 = MECHANICAL_DESIGN_GEOMETRIC_PRESENTATION_REPRESENTATION (  '', ( #4878 ), #1491 ) ;
#3855 =( NAMED_UNIT ( * ) SI_UNIT ( $, .STERADIAN. ) SOLID_ANGLE_UNIT ( ) );
#3856 = VERTEX_POINT ( 'NONE', #1271 ) ;
#3857 =( LENGTH_UNIT ( ) NAMED_UNIT ( * ) SI_UNIT ( .MILLI., .METRE. ) );
#3858 = DIRECTION ( 'NONE',  ( -2.462239309748130900E-016, 0.0000000000000000000, 1.000000000000000000 ) ) ;
#3859 = VECTOR ( 'NONE', #4782, 1000.000000000000000 ) ;
#3860 = AXIS2_PLACEMENT_3D ( 'NONE', #2320, #1895, #2805 ) ;
#3861 = ORIENTED_EDGE ( 'NONE', *, *, #2008, .T. ) ;
#3862 = ORIENTED_EDGE ( 'NONE', *, *, #5229, .F. ) ;
#3863 = CARTESIAN_POINT ( 'NONE',  ( -4.999999999999992900, 6.899999999999999500, -12.00857864376269100 ) ) ;
#3864 = LINE ( 'NONE', #2057, #2516 ) ;
#3865 = CARTESIAN_POINT ( 'NONE',  ( 5.000000000000000900, 6.899999999999999500, 12.65000000000000000 ) ) ;
#3866 = EDGE_LOOP ( 'NONE', ( #541, #657, #2032, #2498, #1914, #6185 ) ) ;
#3867 = ORIENTED_EDGE ( 'NONE', *, *, #1679, .T. ) ;
#3868 = ORIENTED_EDGE ( 'NONE', *, *, #3915, .F. ) ;
#3869 = EDGE_CURVE ( 'NONE', #496, #4476, #3068, .T. ) ;
#3870 = EDGE_CURVE ( 'NONE', #5054, #912, #642, .T. ) ;
#3871 = CARTESIAN_POINT ( 'NONE',  ( -2.499999999999996400, 6.900000000000000400, -12.30000000000000100 ) ) ;
#3872 = DIRECTION ( 'NONE',  ( 2.492418787322998300E-016, -0.0000000000000000000, 1.000000000000000000 ) ) ;
#3873 = EDGE_CURVE ( 'NONE', #667, #6128, #1419, .T. ) ;
#3874 = CARTESIAN_POINT ( 'NONE',  ( -2.499999999999942700, 7.900000000000000400, -5.479999999999999500 ) ) ;
#3875 = LINE ( 'NONE', #2132, #3467 ) ;
#3876 = PLANE ( 'NONE',  #3260 ) ;
#3877 = VECTOR ( 'NONE', #755, 1000.000000000000000 ) ;
#3878 = AXIS2_PLACEMENT_3D ( 'NONE', #1382, #2338, #2386 ) ;
#3879 = ADVANCED_FACE ( 'NONE', ( #5814 ), #5886, .T. ) ;
#3880 = VECTOR ( 'NONE', #3188, 1000.000000000000000 ) ;
#3881 = DIRECTION ( 'NONE',  ( -0.7660444431189817900, 0.6427876096865349200, -0.0000000000000000000 ) ) ;
#3882 = LINE ( 'NONE', #23, #278 ) ;
#3883 = EDGE_LOOP ( 'NONE', ( #6380, #4252, #6018, #3765 ) ) ;
#3884 = ORIENTED_EDGE ( 'NONE', *, *, #6206, .F. ) ;
#3885 = SURFACE_STYLE_USAGE ( .BOTH. , #1297 ) ;
#3886 = CARTESIAN_POINT ( 'NONE',  ( 2.500000000000057700, 7.900000000000000400, -5.479999999999999500 ) ) ;
#3887 = PRESENTATION_STYLE_ASSIGNMENT (( #2899 ) ) ;
#3888 = VERTEX_POINT ( 'NONE', #3744 ) ;
#3889 = CARTESIAN_POINT ( 'NONE',  ( 2.500000000000057700, 6.899999999999999500, -5.479999999999999500 ) ) ;
#3890 = ORIENTED_EDGE ( 'NONE', *, *, #5058, .T. ) ;
#3891 = LINE ( 'NONE', #2774, #3092 ) ;
#3892 = CARTESIAN_POINT ( 'NONE',  ( 5.100000000000000500, 7.900000000000000400, -12.75000000000000200 ) ) ;
#3893 = VERTEX_POINT ( 'NONE', #3663 ) ;
#3894 = LINE ( 'NONE', #1757, #2543 ) ;
#3895 = STYLED_ITEM ( 'NONE', ( #1402 ), #4999 ) ;
#3896 = CARTESIAN_POINT ( 'NONE',  ( 2.500000000000004400, -20.30459520007603700, -10.56000000000000000 ) ) ;
#3897 = EDGE_LOOP ( 'NONE', ( #3628, #4071, #4797, #3517 ) ) ;
#3898 = ORIENTED_EDGE ( 'NONE', *, *, #1848, .T. ) ;
#3899 = VECTOR ( 'NONE', #2500, 1000.000000000000000 ) ;
#3900 = MANIFOLD_SOLID_BREP ( 'Boss-Extrude3[18]', #4717 ) ;
#3901 = CARTESIAN_POINT ( 'NONE',  ( 3.630000000000080300, -6.200000000000000200, -3.809999999999997400 ) ) ;
#3902 = DIRECTION ( 'NONE',  ( -2.492418787322998300E-016, 0.0000000000000000000, -1.000000000000000000 ) ) ;
#3903 = PLANE ( 'NONE',  #1122 ) ;
#3904 = CARTESIAN_POINT ( 'NONE',  ( -2.499999999999942700, 6.900000000000000400, -5.479999999999999500 ) ) ;
#3905 = ORIENTED_EDGE ( 'NONE', *, *, #782, .F. ) ;
#3906 = LINE ( 'NONE', #1159, #676 ) ;
#3907 = DIRECTION ( 'NONE',  ( 0.0000000000000000000, 0.0000000000000000000, -1.000000000000000000 ) ) ;
#3908 = UNCERTAINTY_MEASURE_WITH_UNIT (LENGTH_MEASURE( 1.000000000000000100E-005 ), #5720, 'distance_accuracy_value', 'NONE');
#3909 = DIRECTION ( 'NONE',  ( 1.000000000000000000, 0.0000000000000000000, 0.0000000000000000000 ) ) ;
#3910 = ADVANCED_FACE ( 'NONE', ( #183 ), #581, .F. ) ;
#3911 = EDGE_CURVE ( 'NONE', #3374, #6289, #1893, .T. ) ;
#3912 = EDGE_CURVE ( 'NONE', #6485, #2821, #3864, .T. ) ;
#3913 = VECTOR ( 'NONE', #2524, 1000.000000000000000 ) ;
#3914 = EDGE_LOOP ( 'NONE', ( #5811, #22, #6154, #4284 ) ) ;
#3915 = EDGE_CURVE ( 'NONE', #3698, #4249, #3149, .T. ) ;
#3916 = DIRECTION ( 'NONE',  ( -1.000000000000000000, 0.0000000000000000000, -0.0000000000000000000 ) ) ;
#3917 = DIRECTION ( 'NONE',  ( -0.7071067811865479100, -0.0000000000000000000, 0.7071067811865470200 ) ) ;
#3918 = CARTESIAN_POINT ( 'NONE',  ( -2.499999999999863200, 6.900000000000000400, 0.4000000000000010200 ) ) ;
#3919 = DIRECTION ( 'NONE',  ( 0.0000000000000000000, 0.0000000000000000000, 1.000000000000000000 ) ) ;
#3920 = EDGE_LOOP ( 'NONE', ( #5411, #48, #4232, #2898 ) ) ;
#3921 = CARTESIAN_POINT ( 'NONE',  ( -2.499999999999890300, 7.900000000000000400, -2.139999999999999700 ) ) ;
#3922 = ORIENTED_EDGE ( 'NONE', *, *, #4546, .T. ) ;
#3923 = EDGE_CURVE ( 'NONE', #2263, #5041, #6352, .T. ) ;
#3924 = ORIENTED_EDGE ( 'NONE', *, *, #2754, .F. ) ;
#3925 = CARTESIAN_POINT ( 'NONE',  ( -5.099999999999998800, 7.900000000000000400, -12.04999999999999500 ) ) ;
#3926 = LINE ( 'NONE', #1684, #6412 ) ;
#3927 = CARTESIAN_POINT ( 'NONE',  ( -5.099999999999998800, 0.0000000000000000000, -12.75000000000000200 ) ) ;
#3928 = LINE ( 'NONE', #360, #4313 ) ;
#3929 = DIRECTION ( 'NONE',  ( 0.0000000000000000000, -0.0000000000000000000, -1.000000000000000000 ) ) ;
#3930 = CARTESIAN_POINT ( 'NONE',  ( -4.358578643762681900, 7.900000000000000400, -12.65000000000000200 ) ) ;
#3931 = ORIENTED_EDGE ( 'NONE', *, *, #5907, .T. ) ;
#3932 = ORIENTED_EDGE ( 'NONE', *, *, #2298, .T. ) ;
#3933 = CYLINDRICAL_SURFACE ( 'NONE', #1293, 0.2249999999999995100 ) ;
#3934 = FILL_AREA_STYLE_COLOUR ( '', #4598 ) ;
#3935 = VECTOR ( 'NONE', #783, 1000.000000000000000 ) ;
#3936 = AXIS2_PLACEMENT_3D ( 'NONE', #3687, #3182, #3668 ) ;
#3937 = ORIENTED_EDGE ( 'NONE', *, *, #2753, .T. ) ;
#3938 = DIRECTION ( 'NONE',  ( 1.000000000000000000, 0.0000000000000000000, -0.0000000000000000000 ) ) ;
#3939 = FACE_OUTER_BOUND ( 'NONE', #5528, .T. ) ;
#3940 = DIRECTION ( 'NONE',  ( 1.000000000000000000, 0.0000000000000000000, 0.0000000000000000000 ) ) ;
#3941 = ORIENTED_EDGE ( 'NONE', *, *, #3709, .T. ) ;
#3942 = ADVANCED_FACE ( 'NONE', ( #5362 ), #45, .T. ) ;
#3943 = AXIS2_PLACEMENT_3D ( 'NONE', #6386, #4927, #4319 ) ;
#3944 = PLANE ( 'NONE',  #5489 ) ;
#3945 = UNCERTAINTY_MEASURE_WITH_UNIT (LENGTH_MEASURE( 1.000000000000000100E-005 ), #2751, 'distance_accuracy_value', 'NONE');
#3946 = CARTESIAN_POINT ( 'NONE',  ( -3.599999999999998800, 0.0000000000000000000, -11.65299103120977400 ) ) ;
#3947 = ORIENTED_EDGE ( 'NONE', *, *, #4087, .T. ) ;
#3948 = ORIENTED_EDGE ( 'NONE', *, *, #1892, .F. ) ;
#3949 = EDGE_CURVE ( 'NONE', #1588, #562, #3220, .T. ) ;
#3950 = CARTESIAN_POINT ( 'NONE',  ( -4.999999999999999100, 6.900000000000000400, 12.65000000000000000 ) ) ;
#3951 = FACE_OUTER_BOUND ( 'NONE', #1526, .T. ) ;
#3952 = CYLINDRICAL_SURFACE ( 'NONE', #6285, 0.2249999999999995100 ) ;
#3953 = ADVANCED_FACE ( 'NONE', ( #2062 ), #5808, .T. ) ;
#3954 = CARTESIAN_POINT ( 'NONE',  ( 2.289071048146349900, 1.100000000000001900, 12.74999999999999800 ) ) ;
#3955 = LINE ( 'NONE', #3295, #2612 ) ;
#3956 = CARTESIAN_POINT ( 'NONE',  ( 0.0000000000000000000, 7.900000000000000400, 0.0000000000000000000 ) ) ;
#3957 = AXIS2_PLACEMENT_3D ( 'NONE', #5858, #3327, #2874 ) ;
#3958 = EDGE_CURVE ( 'NONE', #530, #436, #1179, .T. ) ;
#3959 = DIRECTION ( 'NONE',  ( -0.0000000000000000000, 1.000000000000000000, -0.0000000000000000000 ) ) ;
#3960 = DIRECTION ( 'NONE',  ( 0.0000000000000000000, 0.0000000000000000000, -1.000000000000000000 ) ) ;
#3961 = LINE ( 'NONE', #99, #6136 ) ;
#3962 = LINE ( 'NONE', #3409, #5076 ) ;
#3963 = FACE_OUTER_BOUND ( 'NONE', #6099, .T. ) ;
#3964 = ORIENTED_EDGE ( 'NONE', *, *, #4545, .F. ) ;
#3965 = VERTEX_POINT ( 'NONE', #1570 ) ;
#3966 =( LENGTH_UNIT ( ) NAMED_UNIT ( * ) SI_UNIT ( .MILLI., .METRE. ) );
#3967 = VECTOR ( 'NONE', #4777, 1000.000000000000000 ) ;
#3968 = CARTESIAN_POINT ( 'NONE',  ( -2.499999999999836600, 6.899999999999999500, 4.679999999999999700 ) ) ;
#3969 = VERTEX_POINT ( 'NONE', #5127 ) ;
#3970 = DIRECTION ( 'NONE',  ( 0.0000000000000000000, 1.000000000000000000, 0.0000000000000000000 ) ) ;
#3971 = ADVANCED_FACE ( 'NONE', ( #4660 ), #5539, .T. ) ;
#3972 = ORIENTED_EDGE ( 'NONE', *, *, #3101, .T. ) ;
#3973 = FACE_OUTER_BOUND ( 'NONE', #6218, .T. ) ;
#3974 = DIRECTION ( 'NONE',  ( 1.000000000000000000, 0.0000000000000000000, 0.0000000000000000000 ) ) ;
#3975 = ORIENTED_EDGE ( 'NONE', *, *, #2841, .F. ) ;
#3976 = DIRECTION ( 'NONE',  ( 0.0000000000000000000, 1.000000000000000000, 0.0000000000000000000 ) ) ;
#3977 = AXIS2_PLACEMENT_3D ( 'NONE', #3660, #638, #2161 ) ;
#3978 = EDGE_LOOP ( 'NONE', ( #3167, #1764 ) ) ;
#3979 = CYLINDRICAL_SURFACE ( 'NONE', #6280, 0.2249999999999995100 ) ;
#3980 = DIRECTION ( 'NONE',  ( 0.0000000000000000000, 0.0000000000000000000, -1.000000000000000000 ) ) ;
#3981 = CARTESIAN_POINT ( 'NONE',  ( 0.0000000000000000000, 7.900000000000000400, 0.0000000000000000000 ) ) ;
#3982 = FACE_OUTER_BOUND ( 'NONE', #6225, .T. ) ;
#3983 = ADVANCED_FACE ( 'NONE', ( #5505 ), #5077, .T. ) ;
#3984 = DIRECTION ( 'NONE',  ( -0.0000000000000000000, 1.000000000000000000, -0.0000000000000000000 ) ) ;
#3985 = AXIS2_PLACEMENT_3D ( 'NONE', #337, #5333, #6458 ) ;
#3986 = SURFACE_SIDE_STYLE ('',( #1737 ) ) ;
#3987 = ORIENTED_EDGE ( 'NONE', *, *, #3873, .T. ) ;
#3988 = VERTEX_POINT ( 'NONE', #4119 ) ;
#3989 = DIRECTION ( 'NONE',  ( 0.0000000000000000000, 0.0000000000000000000, 1.000000000000000000 ) ) ;
#3990 = EDGE_CURVE ( 'NONE', #2159, #3021, #1177, .T. ) ;
#3991 = EDGE_CURVE ( 'NONE', #167, #1295, #6197, .T. ) ;
#3992 = ORIENTED_EDGE ( 'NONE', *, *, #2641, .F. ) ;
#3993 = DIRECTION ( 'NONE',  ( 1.000000000000000000, -0.0000000000000000000, 0.0000000000000000000 ) ) ;
#3994 = EDGE_CURVE ( 'NONE', #1220, #4645, #3544, .T. ) ;
#3995 = ORIENTED_EDGE ( 'NONE', *, *, #4802, .T. ) ;
#3996 = DIRECTION ( 'NONE',  ( 1.000000000000000000, 0.0000000000000000000, 0.0000000000000000000 ) ) ;
#3997 = AXIS2_PLACEMENT_3D ( 'NONE', #2212, #1698, #2685 ) ;
#3998 = CARTESIAN_POINT ( 'NONE',  ( -2.499999999999836600, 7.900000000000000400, 4.679999999999999700 ) ) ;
#3999 = VERTEX_POINT ( 'NONE', #3003 ) ;
#4000 = DIRECTION ( 'NONE',  ( 0.0000000000000000000, 0.0000000000000000000, 1.000000000000000000 ) ) ;
#4001 = CARTESIAN_POINT ( 'NONE',  ( -5.099999999999998800, 7.900000000000000400, -12.04999999999999500 ) ) ;
#4002 = ORIENTED_EDGE ( 'NONE', *, *, #2155, .F. ) ;
#4003 = ADVANCED_FACE ( 'NONE', ( #6035 ), #5148, .T. ) ;
#4004 = VECTOR ( 'NONE', #1107, 1000.000000000000000 ) ;
#4005 = EDGE_CURVE ( 'NONE', #1890, #5425, #3789, .T. ) ;
#4006 = ORIENTED_EDGE ( 'NONE', *, *, #6471, .T. ) ;
#4007 = CARTESIAN_POINT ( 'NONE',  ( 2.500000000000217200, 6.900000000000000400, 9.760000000000001600 ) ) ;
#4008 = FACE_OUTER_BOUND ( 'NONE', #3536, .T. ) ;
#4009 = LINE ( 'NONE', #3334, #1956 ) ;
#4010 = ORIENTED_EDGE ( 'NONE', *, *, #3579, .T. ) ;
#4011 = VECTOR ( 'NONE', #3830, 1000.000000000000000 ) ;
#4012 = AXIS2_PLACEMENT_3D ( 'NONE', #2972, #4014, #991 ) ;
#4013 = ADVANCED_FACE ( 'NONE', ( #5884 ), #4186, .T. ) ;
#4014 = DIRECTION ( 'NONE',  ( 0.0000000000000000000, 1.000000000000000000, 0.0000000000000000000 ) ) ;
#4015 = ORIENTED_EDGE ( 'NONE', *, *, #4032, .T. ) ;
#4016 = ORIENTED_EDGE ( 'NONE', *, *, #3265, .F. ) ;
#4017 = DIRECTION ( 'NONE',  ( 0.0000000000000000000, -0.0000000000000000000, 1.000000000000000000 ) ) ;
#4018 =( LENGTH_UNIT ( ) NAMED_UNIT ( * ) SI_UNIT ( .MILLI., .METRE. ) );
#4019 = DIRECTION ( 'NONE',  ( 1.000000000000000000, 0.0000000000000000000, 0.0000000000000000000 ) ) ;
#4020 = LINE ( 'NONE', #3317, #1666 ) ;
#4021 = ORIENTED_EDGE ( 'NONE', *, *, #4209, .T. ) ;
#4022 = ORIENTED_EDGE ( 'NONE', *, *, #5501, .F. ) ;
#4023 = STYLED_ITEM ( 'NONE', ( #3729 ), #6217 ) ;
#4024 = ORIENTED_EDGE ( 'NONE', *, *, #1546, .F. ) ;
#4025 = LINE ( 'NONE', #3452, #2218 ) ;
#4026 = DIRECTION ( 'NONE',  ( 2.492418787322998300E-016, -0.0000000000000000000, 1.000000000000000000 ) ) ;
#4027 = LINE ( 'NONE', #119, #2682 ) ;
#4028 = DIRECTION ( 'NONE',  ( 2.492418787322998300E-016, -0.0000000000000000000, 1.000000000000000000 ) ) ;
#4029 = DIRECTION ( 'NONE',  ( -2.492418787322998300E-016, 0.0000000000000000000, -1.000000000000000000 ) ) ;
#4030 = CARTESIAN_POINT ( 'NONE',  ( 3.630000000000213100, -6.200000000000000200, 8.665000000000004500 ) ) ;
#4031 = EDGE_CURVE ( 'NONE', #549, #178, #4968, .T. ) ;
#4032 = EDGE_CURVE ( 'NONE', #5963, #103, #4487, .T. ) ;
#4033 = VECTOR ( 'NONE', #1695, 1000.000000000000000 ) ;
#4034 = EDGE_CURVE ( 'NONE', #1535, #2542, #2349, .T. ) ;
#4035 = EDGE_LOOP ( 'NONE', ( #3851, #1506, #6490, #956 ) ) ;
#4036 = ADVANCED_FACE ( 'NONE', ( #3296 ), #218, .T. ) ;
#4037 = CIRCLE ( 'NONE', #2134, 0.2249999999999995100 ) ;
#4038 = CARTESIAN_POINT ( 'NONE',  ( -2.499999999999863200, 6.900000000000000400, 0.4000000000000010200 ) ) ;
#4039 = COLOUR_RGB ( '',0.7921568627450980000, 0.8196078431372548800, 0.9333333333333333500 ) ;
#4040 = VERTEX_POINT ( 'NONE', #4703 ) ;
#4041 = PLANE ( 'NONE',  #6201 ) ;
#4042 = EDGE_CURVE ( 'NONE', #842, #4883, #17, .T. ) ;
#4043 = DIRECTION ( 'NONE',  ( 0.0000000000000000000, 1.000000000000000000, 0.0000000000000000000 ) ) ;
#4044 = ADVANCED_FACE ( 'NONE', ( #2428 ), #6203, .T. ) ;
#4045 = DIRECTION ( 'NONE',  ( -0.7071067811865474600, -0.0000000000000000000, 0.7071067811865474600 ) ) ;
#4046 =( NAMED_UNIT ( * ) PLANE_ANGLE_UNIT ( ) SI_UNIT ( $, .RADIAN. ) );
#4047 = ORIENTED_EDGE ( 'NONE', *, *, #5938, .F. ) ;
#4048 = VECTOR ( 'NONE', #2734, 1000.000000000000000 ) ;
#4049 = ADVANCED_FACE ( 'NONE', ( #2817 ), #2677, .T. ) ;
#4050 = DIRECTION ( 'NONE',  ( 0.0000000000000000000, 1.000000000000000000, 0.0000000000000000000 ) ) ;
#4051 = DIRECTION ( 'NONE',  ( 0.0000000000000000000, 1.000000000000000000, 0.0000000000000000000 ) ) ;
#4052 = VERTEX_POINT ( 'NONE', #195 ) ;
#4053 = ORIENTED_EDGE ( 'NONE', *, *, #1420, .F. ) ;
#4054 = FACE_OUTER_BOUND ( 'NONE', #4758, .T. ) ;
#4055 = CLOSED_SHELL ( 'NONE', ( #3661, #922, #2079, #4036, #1440, #1529 ) ) ;
#4056 = DIRECTION ( 'NONE',  ( -0.0000000000000000000, 1.000000000000000000, -0.0000000000000000000 ) ) ;
#4057 = CARTESIAN_POINT ( 'NONE',  ( -2.499999999999836600, 7.900000000000000400, 4.679999999999999700 ) ) ;
#4058 = ORIENTED_EDGE ( 'NONE', *, *, #3100, .T. ) ;
#4059 = ORIENTED_EDGE ( 'NONE', *, *, #1636, .T. ) ;
#4060 = FACE_OUTER_BOUND ( 'NONE', #321, .T. ) ;
#4061 = PLANE ( 'NONE',  #1949 ) ;
#4062 =( NAMED_UNIT ( * ) PLANE_ANGLE_UNIT ( ) SI_UNIT ( $, .RADIAN. ) );
#4063 = VERTEX_POINT ( 'NONE', #679 ) ;
#4064 = DIRECTION ( 'NONE',  ( 1.000000000000000000, 0.0000000000000000000, 0.0000000000000000000 ) ) ;
#4065 = PRESENTATION_LAYER_ASSIGNMENT (  '', '', ( #4748 ) ) ;
#4066 = DIRECTION ( 'NONE',  ( 0.0000000000000000000, -0.0000000000000000000, -1.000000000000000000 ) ) ;
#4067 = VERTEX_POINT ( 'NONE', #2225 ) ;
#4068 = CARTESIAN_POINT ( 'NONE',  ( -2.499999999999809900, 7.900000000000000400, 7.220000000000000600 ) ) ;
#4069 = ADVANCED_FACE ( 'NONE', ( #5048 ), #4228, .T. ) ;
#4070 = AXIS2_PLACEMENT_3D ( 'NONE', #2623, #3654, #4147 ) ;
#4071 = ORIENTED_EDGE ( 'NONE', *, *, #4034, .F. ) ;
#4072 = DIRECTION ( 'NONE',  ( 0.0000000000000000000, 1.000000000000000000, 0.0000000000000000000 ) ) ;
#4073 = FACE_OUTER_BOUND ( 'NONE', #5844, .T. ) ;
#4074 = ORIENTED_EDGE ( 'NONE', *, *, #3219, .T. ) ;
#4075 = CARTESIAN_POINT ( 'NONE',  ( -2.499999999999757100, 6.900000000000000400, 10.56000000000000200 ) ) ;
#4076 =( NAMED_UNIT ( * ) SI_UNIT ( $, .STERADIAN. ) SOLID_ANGLE_UNIT ( ) );
#4077 = DIRECTION ( 'NONE',  ( -1.000000000000000000, -0.0000000000000000000, -0.0000000000000000000 ) ) ;
#4078 = CARTESIAN_POINT ( 'NONE',  ( 5.100000000000000500, 0.0000000000000000000, -11.35000000000000100 ) ) ;
#4079 = ADVANCED_FACE ( 'NONE', ( #1661 ), #1016, .F. ) ;
#4080 = ORIENTED_EDGE ( 'NONE', *, *, #707, .F. ) ;
#4081 = VECTOR ( 'NONE', #3454, 1000.000000000000000 ) ;
#4082 = DIRECTION ( 'NONE',  ( -4.984837574645996500E-016, 0.0000000000000000000, -1.000000000000000000 ) ) ;
#4083 = LINE ( 'NONE', #2532, #2968 ) ;
#4084 = AXIS2_PLACEMENT_3D ( 'NONE', #4407, #5009, #1937 ) ;
#4085 = EDGE_CURVE ( 'NONE', #3286, #504, #5956, .T. ) ;
#4086 = ADVANCED_FACE ( 'NONE', ( #1964 ), #6161, .F. ) ;
#4087 = EDGE_CURVE ( 'NONE', #4052, #6059, #1496, .T. ) ;
#4088 = ORIENTED_EDGE ( 'NONE', *, *, #2673, .F. ) ;
#4089 = DIRECTION ( 'NONE',  ( 0.0000000000000000000, 1.000000000000000000, 0.0000000000000000000 ) ) ;
#4090 = VECTOR ( 'NONE', #742, 1000.000000000000000 ) ;
#4091 = AXIS2_PLACEMENT_3D ( 'NONE', #2535, #6194, #6146 ) ;
#4092 = LINE ( 'NONE', #3237, #4651 ) ;
#4093 = DIRECTION ( 'NONE',  ( -0.0000000000000000000, 1.000000000000000000, 0.0000000000000000000 ) ) ;
#4094 = CARTESIAN_POINT ( 'NONE',  ( 2.500000000000057700, 6.900000000000000400, -5.479999999999999500 ) ) ;
#4095 = ORIENTED_EDGE ( 'NONE', *, *, #2298, .F. ) ;
#4096 = CYLINDRICAL_SURFACE ( 'NONE', #2574, 0.2249999999999999500 ) ;
#4097 = CARTESIAN_POINT ( 'NONE',  ( 2.500000000000030600, 7.900000000000000400, -8.019999999999999600 ) ) ;
#4098 = DIRECTION ( 'NONE',  ( -0.7071067811865479100, 0.0000000000000000000, 0.7071067811865471300 ) ) ;
#4099 = EDGE_LOOP ( 'NONE', ( #5087, #6045, #3748, #1150 ) ) ;
#4100 = DIRECTION ( 'NONE',  ( 0.0000000000000000000, 1.000000000000000000, 0.0000000000000000000 ) ) ;
#4101 = LINE ( 'NONE', #1226, #1975 ) ;
#4102 = MANIFOLD_SOLID_BREP ( 'Split1[6]', #1050 ) ;
#4103 = EDGE_LOOP ( 'NONE', ( #1342, #910, #2936, #6112 ) ) ;
#4104 = CARTESIAN_POINT ( 'NONE',  ( -4.358578643762681900, 6.900000000000000400, -12.65000000000000200 ) ) ;
#4105 = ORIENTED_EDGE ( 'NONE', *, *, #4371, .T. ) ;
#4106 = ORIENTED_EDGE ( 'NONE', *, *, #1884, .T. ) ;
#4107 = AXIS2_PLACEMENT_3D ( 'NONE', #2730, #6277, #6231 ) ;
#4108 = PLANE ( 'NONE',  #1867 ) ;
#4109 = LINE ( 'NONE', #5595, #2280 ) ;
#4110 =( BOUNDED_CURVE ( )  B_SPLINE_CURVE ( 3, ( #4912, #4971, #1947, #6413 ),
 .UNSPECIFIED., .F., .T. ) 
 B_SPLINE_CURVE_WITH_KNOTS ( ( 4, 4 ),
 ( 3.141592653589793100, 3.717071649065990500 ),
 .UNSPECIFIED. ) 
 CURVE ( )  GEOMETRIC_REPRESENTATION_ITEM ( )  RATIONAL_B_SPLINE_CURVE ( ( 1.000000000000000000, 0.9725918815758941600, 0.9725918815758941600, 1.000000000000000000 ) ) 
 REPRESENTATION_ITEM ( '' )  );
#4111 = DIRECTION ( 'NONE',  ( 0.0000000000000000000, 0.5807029557109360000, 0.8141155183563219000 ) ) ;
#4112 = CARTESIAN_POINT ( 'NONE',  ( -3.629999999999786700, 1.100000000000001200, 8.890000000000004100 ) ) ;
#4113 = ADVANCED_FACE ( 'NONE', ( #475 ), #5790, .F. ) ;
#4114 = CARTESIAN_POINT ( 'NONE',  ( -2.499999999999810400, -20.30459520007603700, 5.480000000000000400 ) ) ;
#4115 = VECTOR ( 'NONE', #5717, 1000.000000000000000 ) ;
#4116 = VECTOR ( 'NONE', #6084, 1000.000000000000000 ) ;
#4117 = CARTESIAN_POINT ( 'NONE',  ( -2.499999999999890300, 6.899999999999999500, -2.139999999999999700 ) ) ;
#4118 = FACE_OUTER_BOUND ( 'NONE', #5729, .T. ) ;
#4119 = CARTESIAN_POINT ( 'NONE',  ( 2.500000000000216300, 6.900000000000000400, 8.020000000000001400 ) ) ;
#4120 = VECTOR ( 'NONE', #4654, 1000.000000000000000 ) ;
#4121 = ORIENTED_EDGE ( 'NONE', *, *, #4162, .F. ) ;
#4122 = CARTESIAN_POINT ( 'NONE',  ( -3.840297408448131400, 0.0000000000000000000, -11.35000000000000100 ) ) ;
#4123 = EDGE_CURVE ( 'NONE', #548, #4584, #5659, .T. ) ;
#4124 = EDGE_CURVE ( 'NONE', #1259, #2795, #3547, .T. ) ;
#4125 = CIRCLE ( 'NONE', #1909, 0.2249999999999995100 ) ;
#4126 = DIRECTION ( 'NONE',  ( 0.0000000000000000000, 1.215986738798339900E-016, 1.000000000000000000 ) ) ;
#4127 = ORIENTED_EDGE ( 'NONE', *, *, #4211, .F. ) ;
#4128 = VECTOR ( 'NONE', #402, 1000.000000000000000 ) ;
#4129 =( GEOMETRIC_REPRESENTATION_CONTEXT ( 3 ) GLOBAL_UNCERTAINTY_ASSIGNED_CONTEXT ( ( #796 ) ) GLOBAL_UNIT_ASSIGNED_CONTEXT ( ( #194, #5640, #5727 ) ) REPRESENTATION_CONTEXT ( 'NONE', 'WORKASPACE' ) );
#4130 = DIRECTION ( 'NONE',  ( -4.984837574645996500E-016, 0.0000000000000000000, -1.000000000000000000 ) ) ;
#4131 = CARTESIAN_POINT ( 'NONE',  ( 3.630000000000213100, 1.100000000000001200, 8.665000000000004500 ) ) ;
#4132 = CIRCLE ( 'NONE', #815, 0.2249999999999999500 ) ;
#4133 = EDGE_LOOP ( 'NONE', ( #1624, #3537, #4762, #357 ) ) ;
#4134 = CARTESIAN_POINT ( 'NONE',  ( 5.000000000000000900, 6.900000000000000400, 12.65000000000000000 ) ) ;
#4135 = DIRECTION ( 'NONE',  ( 0.0000000000000000000, 0.8141155183563219000, -0.5807029557109360000 ) ) ;
#4136 = VERTEX_POINT ( 'NONE', #724 ) ;
#4137 = VECTOR ( 'NONE', #453, 1000.000000000000000 ) ;
#4138 = EDGE_CURVE ( 'NONE', #965, #4620, #2208, .T. ) ;
#4139 = CARTESIAN_POINT ( 'NONE',  ( -3.629999999999946200, 1.099999999999999400, -6.124999999999997300 ) ) ;
#4140 = VERTEX_POINT ( 'NONE', #305 ) ;
#4141 = EDGE_LOOP ( 'NONE', ( #6273, #3200 ) ) ;
#4142 = CARTESIAN_POINT ( 'NONE',  ( 3.630000000000239700, 1.736396103067893400, 11.43000000000000500 ) ) ;
#4143 = ADVANCED_FACE ( 'NONE', ( #1254 ), #5322, .F. ) ;
#4144 = PRESENTATION_LAYER_ASSIGNMENT (  '', '', ( #4618 ) ) ;
#4145 = LINE ( 'NONE', #5165, #4456 ) ;
#4146 = DIRECTION ( 'NONE',  ( 0.0000000000000000000, 0.0000000000000000000, 1.000000000000000000 ) ) ;
#4147 = DIRECTION ( 'NONE',  ( 0.0000000000000000000, 0.0000000000000000000, 1.000000000000000000 ) ) ;
#4148 = DIRECTION ( 'NONE',  ( -1.000000000000000000, -0.0000000000000000000, -0.0000000000000000000 ) ) ;
#4149 = FILL_AREA_STYLE ('',( #5091 ) ) ;
#4150 = ORIENTED_EDGE ( 'NONE', *, *, #5629, .T. ) ;
#4151 = PRESENTATION_STYLE_ASSIGNMENT (( #3885 ) ) ;
#4152 = EDGE_LOOP ( 'NONE', ( #6101, #2350, #5620, #3725 ) ) ;
#4153 = AXIS2_PLACEMENT_3D ( 'NONE', #5880, #5392, #837 ) ;
#4154 = DIRECTION ( 'NONE',  ( 0.0000000000000000000, 0.0000000000000000000, 1.000000000000000000 ) ) ;
#4155 = ORIENTED_EDGE ( 'NONE', *, *, #4550, .T. ) ;
#4156 = CARTESIAN_POINT ( 'NONE',  ( 2.500000000000243800, 7.900000000000000400, 12.30000000000000200 ) ) ;
#4157 = LINE ( 'NONE', #1168, #2725 ) ;
#4158 = EDGE_CURVE ( 'NONE', #3316, #4823, #5284, .T. ) ;
#4159 = EDGE_CURVE ( 'NONE', #77, #3969, #2600, .T. ) ;
#4160 = ORIENTED_EDGE ( 'NONE', *, *, #1511, .F. ) ;
#4161 = DIRECTION ( 'NONE',  ( -0.0000000000000000000, 1.000000000000000000, -0.0000000000000000000 ) ) ;
#4162 = EDGE_CURVE ( 'NONE', #6475, #4876, #6269, .T. ) ;
#4163 = CARTESIAN_POINT ( 'NONE',  ( -2.499999999999996000, 6.900000000000000400, -10.56000000000000000 ) ) ;
#4164 = VECTOR ( 'NONE', #1441, 1000.000000000000000 ) ;
#4165 = MECHANICAL_DESIGN_GEOMETRIC_PRESENTATION_REPRESENTATION (  '', ( #3139 ), #6162 ) ;
#4166 = CARTESIAN_POINT ( 'NONE',  ( 2.500000000000110600, 7.900000000000000400, -0.3999999999999993000 ) ) ;
#4167 = EDGE_LOOP ( 'NONE', ( #5238, #5724, #1485, #868 ) ) ;
#4168 = DIRECTION ( 'NONE',  ( -4.984837574645996500E-016, 0.0000000000000000000, -1.000000000000000000 ) ) ;
#4169 = ORIENTED_EDGE ( 'NONE', *, *, #832, .T. ) ;
#4171 = PRESENTATION_LAYER_ASSIGNMENT (  '', '', ( #1600 ) ) ;
#4170 = DIRECTION ( 'NONE',  ( -4.984837574645996500E-016, 0.0000000000000000000, -1.000000000000000000 ) ) ;
#4172 = FACE_OUTER_BOUND ( 'NONE', #5953, .T. ) ;
#4173 = CARTESIAN_POINT ( 'NONE',  ( -3.629999999999840000, -6.200000000000000200, 4.035000000000001900 ) ) ;
#4174 = CARTESIAN_POINT ( 'NONE',  ( -2.499999999999996000, 7.900000000000000400, -10.56000000000000000 ) ) ;
#4175 = EDGE_CURVE ( 'NONE', #1025, #77, #1337, .T. ) ;
#4176 = CARTESIAN_POINT ( 'NONE',  ( -2.499999999999890300, 7.900000000000000400, -2.139999999999999700 ) ) ;
#4177 = VERTEX_POINT ( 'NONE', #1311 ) ;
#4178 = AXIS2_PLACEMENT_3D ( 'NONE', #2995, #1445, #970 ) ;
#4179 = DIRECTION ( 'NONE',  ( 0.0000000000000000000, 1.000000000000000000, 0.0000000000000000000 ) ) ;
#4180 = ADVANCED_FACE ( 'NONE', ( #857 ), #5262, .T. ) ;
#4181 = VECTOR ( 'NONE', #1118, 1000.000000000000000 ) ;
#4182 = VERTEX_POINT ( 'NONE', #5745 ) ;
#4183 = EDGE_LOOP ( 'NONE', ( #5684, #5328, #2629, #4659 ) ) ;
#4184 = EDGE_LOOP ( 'NONE', ( #6424, #92, #5737, #3388 ) ) ;
#4185 = DIRECTION ( 'NONE',  ( -4.984837574645996500E-016, 0.0000000000000000000, -1.000000000000000000 ) ) ;
#4186 = PLANE ( 'NONE',  #3603 ) ;
#4187 = VERTEX_POINT ( 'NONE', #3769 ) ;
#4188 = DIRECTION ( 'NONE',  ( 0.0000000000000000000, 1.000000000000000000, 0.0000000000000000000 ) ) ;
#4189 = ORIENTED_EDGE ( 'NONE', *, *, #3634, .F. ) ;
#4190 = LINE ( 'NONE', #2533, #490 ) ;
#4191 = DIRECTION ( 'NONE',  ( 2.492418787322998300E-016, -0.0000000000000000000, 1.000000000000000000 ) ) ;
#4192 = AXIS2_PLACEMENT_3D ( 'NONE', #2857, #4907, #1353 ) ;
#4193 = CARTESIAN_POINT ( 'NONE',  ( -2.499999999999996400, 6.900000000000000400, -12.30000000000000100 ) ) ;
#4194 = DIRECTION ( 'NONE',  ( 0.0000000000000000000, 0.5807029557109358900, -0.8141155183563220100 ) ) ;
#4195 = LINE ( 'NONE', #2126, #3158 ) ;
#4196 = LINE ( 'NONE', #5162, #2367 ) ;
#4197 = ORIENTED_EDGE ( 'NONE', *, *, #3311, .F. ) ;
#4198 = DIRECTION ( 'NONE',  ( 0.0000000000000000000, 1.000000000000000000, 0.0000000000000000000 ) ) ;
#4199 = PLANE ( 'NONE',  #3249 ) ;
#4200 = AXIS2_PLACEMENT_3D ( 'NONE', #1411, #977, #4516 ) ;
#4201 = FACE_OUTER_BOUND ( 'NONE', #6122, .T. ) ;
#4202 = LINE ( 'NONE', #4333, #430 ) ;
#4203 = ORIENTED_EDGE ( 'NONE', *, *, #1962, .F. ) ;
#4204 = CARTESIAN_POINT ( 'NONE',  ( 2.500000000000084400, 6.900000000000000400, -2.939999999999999900 ) ) ;
#4205 = LINE ( 'NONE', #1051, #3095 ) ;
#4206 = CARTESIAN_POINT ( 'NONE',  ( -2.499999999999783300, 6.900000000000000400, 9.760000000000001600 ) ) ;
#4207 = CLOSED_SHELL ( 'NONE', ( #3553, #4501, #41, #2514, #2620, #986 ) ) ;
#4208 = SURFACE_STYLE_FILL_AREA ( #5834 ) ;
#4209 = EDGE_CURVE ( 'NONE', #5576, #1316, #6117, .T. ) ;
#4210 = EDGE_CURVE ( 'NONE', #5213, #2140, #2137, .T. ) ;
#4211 = EDGE_CURVE ( 'NONE', #1814, #1822, #2509, .T. ) ;
#4212 = CARTESIAN_POINT ( 'NONE',  ( 5.100000000000000500, 1.099999999999999000, -9.807856876076018100 ) ) ;
#4213 = ORIENTED_EDGE ( 'NONE', *, *, #2332, .F. ) ;
#4214 = AXIS2_PLACEMENT_3D ( 'NONE', #6210, #4730, #5173 ) ;
#4215 = ORIENTED_EDGE ( 'NONE', *, *, #3229, .T. ) ;
#4216 = LINE ( 'NONE', #839, #5920 ) ;
#4217 = DIRECTION ( 'NONE',  ( 0.0000000000000000000, 1.000000000000000000, 0.0000000000000000000 ) ) ;
#4218 = PLANE ( 'NONE',  #16 ) ;
#4219 = CARTESIAN_POINT ( 'NONE',  ( -3.629999999999893300, -6.200000000000000200, -1.044999999999996800 ) ) ;
#4220 = DIRECTION ( 'NONE',  ( 0.0000000000000000000, 0.0000000000000000000, 1.000000000000000000 ) ) ;
#4221 = CARTESIAN_POINT ( 'NONE',  ( 2.500000000000137700, 6.900000000000000400, 2.140000000000001500 ) ) ;
#4222 = COLOUR_RGB ( '',0.7529411764705882200, 0.7529411764705882200, 0.0000000000000000000 ) ;
#4223 = ORIENTED_EDGE ( 'NONE', *, *, #175, .T. ) ;
#4224 = CARTESIAN_POINT ( 'NONE',  ( 2.500000000000242900, 7.900000000000000400, 10.56000000000000200 ) ) ;
#4225 = VECTOR ( 'NONE', #4028, 1000.000000000000000 ) ;
#4226 = ORIENTED_EDGE ( 'NONE', *, *, #6324, .T. ) ;
#4227 = UNCERTAINTY_MEASURE_WITH_UNIT (LENGTH_MEASURE( 1.000000000000000100E-005 ), #5170, 'distance_accuracy_value', 'NONE');
#4228 = PLANE ( 'NONE',  #5726 ) ;
#4229 = MECHANICAL_DESIGN_GEOMETRIC_PRESENTATION_REPRESENTATION (  '', ( #2088 ), #1735 ) ;
#4230 = ORIENTED_EDGE ( 'NONE', *, *, #5345, .T. ) ;
#4231 = LINE ( 'NONE', #4253, #6406 ) ;
#4232 = ORIENTED_EDGE ( 'NONE', *, *, #4765, .T. ) ;
#4233 = SURFACE_STYLE_FILL_AREA ( #6442 ) ;
#4234 = DIRECTION ( 'NONE',  ( 0.0000000000000000000, 1.000000000000000000, 0.0000000000000000000 ) ) ;
#4235 = CARTESIAN_POINT ( 'NONE',  ( -2.499999999999863200, 6.900000000000000400, 2.140000000000001500 ) ) ;
#4236 = CARTESIAN_POINT ( 'NONE',  ( 3.630000000000133100, -6.200000000000000200, 1.045000000000003900 ) ) ;
#4237 = ORIENTED_EDGE ( 'NONE', *, *, #6418, .F. ) ;
#4238 = DIRECTION ( 'NONE',  ( 0.0000000000000000000, -1.000000000000000000, 0.0000000000000000000 ) ) ;
#4239 = LINE ( 'NONE', #455, #4477 ) ;
#4240 = SURFACE_STYLE_USAGE ( .BOTH. , #1746 ) ;
#4241 = AXIS2_PLACEMENT_3D ( 'NONE', #1620, #6007, #3530 ) ;
#4242 = DIRECTION ( 'NONE',  ( -0.0000000000000000000, 0.0000000000000000000, 1.000000000000000000 ) ) ;
#4243 = ORIENTED_EDGE ( 'NONE', *, *, #6232, .T. ) ;
#4244 = VERTEX_POINT ( 'NONE', #4849 ) ;
#4245 = DIRECTION ( 'NONE',  ( 0.0000000000000000000, 1.000000000000000000, 0.0000000000000000000 ) ) ;
#4246 = CIRCLE ( 'NONE', #2850, 0.2249999999999999500 ) ;
#4247 = FACE_OUTER_BOUND ( 'NONE', #3073, .T. ) ;
#4248 = EDGE_CURVE ( 'NONE', #3888, #283, #5949, .T. ) ;
#4249 = VERTEX_POINT ( 'NONE', #2389 ) ;
#4250 = PRESENTATION_LAYER_ASSIGNMENT (  '', '', ( #3139 ) ) ;
#4251 = VECTOR ( 'NONE', #1405, 1000.000000000000000 ) ;
#4252 = ORIENTED_EDGE ( 'NONE', *, *, #4688, .T. ) ;
#4253 = CARTESIAN_POINT ( 'NONE',  ( -4.999999999999992900, 7.900000000000000400, -12.00857864376269100 ) ) ;
#4254 = CARTESIAN_POINT ( 'NONE',  ( 3.630000000000053200, -6.200000000000000200, -6.124999999999997300 ) ) ;
#4255 = SURFACE_SIDE_STYLE ('',( #5065 ) ) ;
#4256 = EDGE_CURVE ( 'NONE', #2922, #3733, #928, .T. ) ;
#4257 = CARTESIAN_POINT ( 'NONE',  ( 3.630000000000186900, -6.200000000000000200, 6.575000000000002800 ) ) ;
#4258 = LINE ( 'NONE', #4423, #2901 ) ;
#4259 = CARTESIAN_POINT ( 'NONE',  ( -2.499999999999863200, 6.900000000000000400, 2.140000000000001500 ) ) ;
#4260 = EDGE_LOOP ( 'NONE', ( #4413, #4943, #3460, #4852, #240, #677 ) ) ;
#4261 = DIRECTION ( 'NONE',  ( 0.0000000000000000000, 0.0000000000000000000, 1.000000000000000000 ) ) ;
#4262 = ORIENTED_EDGE ( 'NONE', *, *, #1653, .F. ) ;
#4263 = CARTESIAN_POINT ( 'NONE',  ( -2.499999999999757100, 6.899999999999999500, 10.56000000000000200 ) ) ;
#4264 = CIRCLE ( 'NONE', #1004, 0.2249999999999999500 ) ;
#4265 = PRESENTATION_STYLE_ASSIGNMENT (( #5654 ) ) ;
#4266 = DIRECTION ( 'NONE',  ( -4.984837574645996500E-016, 0.0000000000000000000, -1.000000000000000000 ) ) ;
#4267 = AXIS2_PLACEMENT_3D ( 'NONE', #2205, #1710, #3650 ) ;
#4268 = DIRECTION ( 'NONE',  ( -1.000000000000000000, 0.0000000000000000000, 2.492418787322998300E-016 ) ) ;
#4269 = VECTOR ( 'NONE', #226, 1000.000000000000000 ) ;
#4270 = CARTESIAN_POINT ( 'NONE',  ( -2.499999999999916500, 6.900000000000000400, -2.939999999999999900 ) ) ;
#4271 = LINE ( 'NONE', #4390, #5897 ) ;
#4272 = FACE_OUTER_BOUND ( 'NONE', #3840, .T. ) ;
#4274 = CARTESIAN_POINT ( 'NONE',  ( -5.099999999999998800, 7.900000000000000400, 12.74999999999999800 ) ) ;
#4273 = VECTOR ( 'NONE', #4310, 1000.000000000000000 ) ;
#4275 = ORIENTED_EDGE ( 'NONE', *, *, #3353, .T. ) ;
#4276 =( GEOMETRIC_REPRESENTATION_CONTEXT ( 3 ) GLOBAL_UNCERTAINTY_ASSIGNED_CONTEXT ( ( #329 ) ) GLOBAL_UNIT_ASSIGNED_CONTEXT ( ( #871, #4936, #952 ) ) REPRESENTATION_CONTEXT ( 'NONE', 'WORKASPACE' ) );
#4277 = CARTESIAN_POINT ( 'NONE',  ( -3.629999999999999400, 1.099999999999998800, -11.65499999999999800 ) ) ;
#4278 =( NAMED_UNIT ( * ) PLANE_ANGLE_UNIT ( ) SI_UNIT ( $, .RADIAN. ) );
#4279 = DIRECTION ( 'NONE',  ( 0.0000000000000000000, 1.000000000000000000, 0.0000000000000000000 ) ) ;
#4280 = ORIENTED_EDGE ( 'NONE', *, *, #3788, .T. ) ;
#4281 = LINE ( 'NONE', #1306, #4128 ) ;
#4282 = EDGE_CURVE ( 'NONE', #283, #846, #5351, .T. ) ;
#4283 = LINE ( 'NONE', #106, #2935 ) ;
#4284 = ORIENTED_EDGE ( 'NONE', *, *, #3790, .F. ) ;
#4285 = EDGE_LOOP ( 'NONE', ( #2435, #1571, #2772, #2227 ) ) ;
#4286 = FACE_OUTER_BOUND ( 'NONE', #969, .T. ) ;
#4287 = PRESENTATION_LAYER_ASSIGNMENT (  '', '', ( #1336 ) ) ;
#4288 =( LENGTH_UNIT ( ) NAMED_UNIT ( * ) SI_UNIT ( .MILLI., .METRE. ) );
#4289 =( LENGTH_UNIT ( ) NAMED_UNIT ( * ) SI_UNIT ( .MILLI., .METRE. ) );
#4290 = AXIS2_PLACEMENT_3D ( 'NONE', #4315, #2308, #2830 ) ;
#4291 = ORIENTED_EDGE ( 'NONE', *, *, #3312, .T. ) ;
#4292 = ORIENTED_EDGE ( 'NONE', *, *, #3108, .F. ) ;
#4293 = CYLINDRICAL_SURFACE ( 'NONE', #4898, 0.2249999999999995100 ) ;
#4294 = EDGE_CURVE ( 'NONE', #3691, #2582, #3632, .T. ) ;
#4295 = DIRECTION ( 'NONE',  ( 2.492418787322998300E-016, -0.0000000000000000000, 1.000000000000000000 ) ) ;
#4296 = CARTESIAN_POINT ( 'NONE',  ( -2.499999999999942700, -20.30459520007603700, -5.479999999999999500 ) ) ;
#4297 = AXIS2_PLACEMENT_3D ( 'NONE', #4449, #4492, #1983 ) ;
#4298 = UNCERTAINTY_MEASURE_WITH_UNIT (LENGTH_MEASURE( 1.000000000000000100E-005 ), #3504, 'distance_accuracy_value', 'NONE');
#4299 = CARTESIAN_POINT ( 'NONE',  ( 5.100000000000000500, 2.779948234064492300E-015, 11.35000000000000100 ) ) ;
#4300 = CARTESIAN_POINT ( 'NONE',  ( 5.100000000000000500, 1.099999999999999000, -9.807856876076018100 ) ) ;
#4301 = DIRECTION ( 'NONE',  ( 1.000000000000000000, 0.0000000000000000000, 0.0000000000000000000 ) ) ;
#4302 = VERTEX_POINT ( 'NONE', #2864 ) ;
#4303 = EDGE_LOOP ( 'NONE', ( #5965, #1153, #6103, #3045 ) ) ;
#4304 = SURFACE_STYLE_USAGE ( .BOTH. , #6281 ) ;
#4305 = ORIENTED_EDGE ( 'NONE', *, *, #1676, .F. ) ;
#4306 = DIRECTION ( 'NONE',  ( -4.984837574645996500E-016, 0.0000000000000000000, -1.000000000000000000 ) ) ;
#4307 = CYLINDRICAL_SURFACE ( 'NONE', #5409, 0.2249999999999999500 ) ;
#4308 = LINE ( 'NONE', #3918, #6178 ) ;
#4309 = ORIENTED_EDGE ( 'NONE', *, *, #3873, .F. ) ;
#4310 = DIRECTION ( 'NONE',  ( -0.0000000000000000000, -0.0000000000000000000, 1.000000000000000000 ) ) ;
#4311 = CYLINDRICAL_SURFACE ( 'NONE', #6415, 0.2249999999999995100 ) ;
#4312 = DIRECTION ( 'NONE',  ( 0.0000000000000000000, 1.000000000000000000, -1.215986738798339900E-016 ) ) ;
#4313 = VECTOR ( 'NONE', #6364, 1000.000000000000000 ) ;
#4314 = CARTESIAN_POINT ( 'NONE',  ( 2.500000000000083500, 6.900000000000000400, -4.679999999999999700 ) ) ;
#4315 = CARTESIAN_POINT ( 'NONE',  ( 3.630000000000000300, -6.200000000000000200, -11.42999999999999800 ) ) ;
#4316 = ORIENTED_EDGE ( 'NONE', *, *, #2307, .F. ) ;
#4317 = VERTEX_POINT ( 'NONE', #5892 ) ;
#4318 = PRODUCT_DEFINITION ( 'UNKNOWN', '', #169, #2223 ) ;
#4319 = DIRECTION ( 'NONE',  ( 0.0000000000000000000, 0.0000000000000000000, 1.000000000000000000 ) ) ;
#4320 = VECTOR ( 'NONE', #2203, 1000.000000000000000 ) ;
#4321 = AXIS2_PLACEMENT_3D ( 'NONE', #5634, #2608, #5596 ) ;
#4322 = CLOSED_SHELL ( 'NONE', ( #521, #5413, #5361, #5178, #2439, #4687, #6351, #555, #2001, #1579, #4467, #3034, #5524, #6132, #4967, #3560, #4578, #6020, #5682, #6427, #3910, #6064, #4653, #6436, #5936, #1566, #5647, #4367, #5460, #3437, #3084, #4079, #1062, #649, #1495, #768, #1044 ) ) ;
#4323 = EDGE_CURVE ( 'NONE', #2456, #3500, #5130, .T. ) ;
#4324 = EDGE_CURVE ( 'NONE', #5119, #2426, #2896, .T. ) ;
#4325 = VECTOR ( 'NONE', #94, 1000.000000000000000 ) ;
#4326 = EDGE_CURVE ( 'NONE', #2415, #624, #5208, .T. ) ;
#4327 =( NAMED_UNIT ( * ) PLANE_ANGLE_UNIT ( ) SI_UNIT ( $, .RADIAN. ) );
#4328 = EDGE_LOOP ( 'NONE', ( #4428, #3173, #4490, #1160 ) ) ;
#4329 = EDGE_LOOP ( 'NONE', ( #3250, #4058, #4897, #4059, #1924, #3071 ) ) ;
#4330 = ORIENTED_EDGE ( 'NONE', *, *, #5825, .F. ) ;
#4331 = AXIS2_PLACEMENT_3D ( 'NONE', #3803, #3209, #2744 ) ;
#4332 = SURFACE_STYLE_FILL_AREA ( #5236 ) ;
#4333 = CARTESIAN_POINT ( 'NONE',  ( 5.100000000000000500, 0.0000000000000000000, 12.74999999999999800 ) ) ;
#4334 = FILL_AREA_STYLE ('',( #5374 ) ) ;
#4335 = EDGE_LOOP ( 'NONE', ( #2656, #4127 ) ) ;
#4336 = ORIENTED_EDGE ( 'NONE', *, *, #4210, .F. ) ;
#4337 = DIRECTION ( 'NONE',  ( 0.0000000000000000000, -0.0000000000000000000, 1.000000000000000000 ) ) ;
#4338 = ORIENTED_EDGE ( 'NONE', *, *, #3060, .T. ) ;
#4339 = CARTESIAN_POINT ( 'NONE',  ( -2.499999999999942700, 6.899999999999999500, -5.479999999999999500 ) ) ;
#4340 = EDGE_CURVE ( 'NONE', #1707, #1474, #327, .T. ) ;
#4341 = PLANE ( 'NONE',  #4764 ) ;
#4342 = FACE_OUTER_BOUND ( 'NONE', #27, .T. ) ;
#4343 = VECTOR ( 'NONE', #2855, 1000.000000000000000 ) ;
#4344 = CARTESIAN_POINT ( 'NONE',  ( -2.499999999999916500, 7.900000000000000400, -2.939999999999999900 ) ) ;
#4345 = CIRCLE ( 'NONE', #3342, 0.2249999999999995100 ) ;
#4346 = DIRECTION ( 'NONE',  ( -4.984837574645996500E-016, 0.0000000000000000000, -1.000000000000000000 ) ) ;
#4347 = CARTESIAN_POINT ( 'NONE',  ( 2.500000000000110600, 6.900000000000000400, -0.3999999999999993000 ) ) ;
#4348 = LINE ( 'NONE', #5120, #1189 ) ;
#4349 = ORIENTED_EDGE ( 'NONE', *, *, #2189, .F. ) ;
#4350 = EDGE_LOOP ( 'NONE', ( #5587, #1671, #5718, #2974 ) ) ;
#4351 = AXIS2_PLACEMENT_3D ( 'NONE', #4866, #342, #3785 ) ;
#4352 = DIRECTION ( 'NONE',  ( 1.000000000000000000, 0.0000000000000000000, -4.984837574645996500E-016 ) ) ;
#4353 = CARTESIAN_POINT ( 'NONE',  ( 2.500000000000136800, 6.900000000000000400, 0.4000000000000010200 ) ) ;
#4354 = COLOUR_RGB ( '',0.7921568627450980000, 0.8196078431372548800, 0.9333333333333333500 ) ;
#4355 = FILL_AREA_STYLE ('',( #1241 ) ) ;
#4356 = SHAPE_DEFINITION_REPRESENTATION ( #1800, #3674 ) ;
#4357 = ORIENTED_EDGE ( 'NONE', *, *, #4372, .F. ) ;
#4358 = CARTESIAN_POINT ( 'NONE',  ( 2.289071048146349900, 1.100000000000001900, 9.807856876076018100 ) ) ;
#4359 = DIRECTION ( 'NONE',  ( 0.0000000000000000000, 1.000000000000000000, 0.0000000000000000000 ) ) ;
#4360 = PRESENTATION_LAYER_ASSIGNMENT (  '', '', ( #4023 ) ) ;
#4361 = CARTESIAN_POINT ( 'NONE',  ( 3.630000000000106900, 1.100000000000000100, -1.044999999999996800 ) ) ;
#4362 = ORIENTED_EDGE ( 'NONE', *, *, #2649, .T. ) ;
#4363 = DIRECTION ( 'NONE',  ( 0.0000000000000000000, 1.000000000000000000, 0.0000000000000000000 ) ) ;
#4364 = DIRECTION ( 'NONE',  ( 0.0000000000000000000, 1.215986738798339900E-016, 1.000000000000000000 ) ) ;
#4365 = ORIENTED_EDGE ( 'NONE', *, *, #3023, .T. ) ;
#4366 = CARTESIAN_POINT ( 'NONE',  ( 5.000000000000000900, 6.899999999999999500, 12.65000000000000000 ) ) ;
#4367 = ADVANCED_FACE ( 'NONE', ( #171 ), #5874, .T. ) ;
#4368 = EDGE_LOOP ( 'NONE', ( #635, #3395 ) ) ;
#4369 = CIRCLE ( 'NONE', #1462, 0.2249999999999995100 ) ;
#4370 = EDGE_CURVE ( 'NONE', #1295, #2483, #4009, .T. ) ;
#4371 = EDGE_CURVE ( 'NONE', #3266, #4690, #254, .T. ) ;
#4372 = EDGE_CURVE ( 'NONE', #436, #3999, #12, .T. ) ;
#4373 = AXIS2_PLACEMENT_3D ( 'NONE', #1913, #2348, #4337 ) ;
#4374 = LINE ( 'NONE', #507, #976 ) ;
#4375 = DIRECTION ( 'NONE',  ( -4.984837574645996500E-016, 0.0000000000000000000, -1.000000000000000000 ) ) ;
#4376 = EDGE_CURVE ( 'NONE', #3093, #932, #3133, .T. ) ;
#4377 = ORIENTED_EDGE ( 'NONE', *, *, #1848, .F. ) ;
#4378 = DIRECTION ( 'NONE',  ( -4.984837574645996500E-016, 0.0000000000000000000, -1.000000000000000000 ) ) ;
#4379 = CARTESIAN_POINT ( 'NONE',  ( -3.629999999999893300, -6.200000000000000200, -1.494999999999996800 ) ) ;
#4380 = CARTESIAN_POINT ( 'NONE',  ( 3.544264593930553300, 0.09456800591350747500, -11.21742054539753000 ) ) ;
#4381 = CARTESIAN_POINT ( 'NONE',  ( -3.629999999999893300, 1.100000000000000100, -1.269999999999996900 ) ) ;
#4382 = DIRECTION ( 'NONE',  ( -0.0000000000000000000, 1.000000000000000000, -0.0000000000000000000 ) ) ;
#4383 = ORIENTED_EDGE ( 'NONE', *, *, #6459, .F. ) ;
#4384 = SURFACE_STYLE_FILL_AREA ( #4334 ) ;
#4385 = ORIENTED_EDGE ( 'NONE', *, *, #3826, .T. ) ;
#4386 = DIRECTION ( 'NONE',  ( 2.492418787322998300E-016, -0.0000000000000000000, 1.000000000000000000 ) ) ;
#4387 = AXIS2_PLACEMENT_3D ( 'NONE', #5140, #1610, #2707 ) ;
#4388 = ORIENTED_EDGE ( 'NONE', *, *, #1175, .F. ) ;
#4389 = CARTESIAN_POINT ( 'NONE',  ( -4.999999999999999100, 7.900000000000000400, 12.65000000000000000 ) ) ;
#4390 = CARTESIAN_POINT ( 'NONE',  ( -3.629999999999813400, -6.200000000000000200, 6.575000000000002800 ) ) ;
#4391 = DIRECTION ( 'NONE',  ( 1.000000000000000000, 0.0000000000000000000, 0.0000000000000000000 ) ) ;
#4392 =( LENGTH_UNIT ( ) NAMED_UNIT ( * ) SI_UNIT ( .MILLI., .METRE. ) );
#4393 = DIRECTION ( 'NONE',  ( -0.0000000000000000000, 1.000000000000000000, -0.0000000000000000000 ) ) ;
#4394 = DIRECTION ( 'NONE',  ( -1.000000000000000000, -0.0000000000000000000, -0.0000000000000000000 ) ) ;
#4395 = EDGE_LOOP ( 'NONE', ( #2547, #2952, #6066, #1228 ) ) ;
#4396 = CARTESIAN_POINT ( 'NONE',  ( 5.100000000000000500, 7.900000000000000400, 12.74999999999999800 ) ) ;
#4397 = VECTOR ( 'NONE', #4642, 1000.000000000000000 ) ;
#4398 = ADVANCED_FACE ( 'NONE', ( #4172 ), #4806, .T. ) ;
#4399 = FACE_OUTER_BOUND ( 'NONE', #2939, .T. ) ;
#4400 = PLANE ( 'NONE',  #2870 ) ;
#4401 = EDGE_LOOP ( 'NONE', ( #5450, #5007 ) ) ;
#4402 = CARTESIAN_POINT ( 'NONE',  ( 3.630000000000080300, -6.200000000000000200, -3.809999999999997400 ) ) ;
#4403 = CARTESIAN_POINT ( 'NONE',  ( 3.507546743040525600, 0.07757749381583084500, -11.24124036485514800 ) ) ;
#4404 = CARTESIAN_POINT ( 'NONE',  ( 3.630000000000106900, 1.100000000000000100, -1.494999999999996800 ) ) ;
#4405 = VECTOR ( 'NONE', #3427, 1000.000000000000000 ) ;
#4406 = AXIS2_PLACEMENT_3D ( 'NONE', #1277, #1696, #3757 ) ;
#4407 = CARTESIAN_POINT ( 'NONE',  ( 3.630000000000160200, 1.100000000000000800, 3.810000000000002700 ) ) ;
#4408 = ORIENTED_EDGE ( 'NONE', *, *, #2508, .T. ) ;
#4409 = CARTESIAN_POINT ( 'NONE',  ( 2.500000000000110600, 7.900000000000000400, -0.3999999999999993000 ) ) ;
#4410 = CARTESIAN_POINT ( 'NONE',  ( 3.726518583939608200, 0.1034274948450651700, 11.20500000000000400 ) ) ;
#4411 = ORIENTED_EDGE ( 'NONE', *, *, #3062, .T. ) ;
#4412 = DIRECTION ( 'NONE',  ( 0.0000000000000000000, -0.0000000000000000000, -1.000000000000000000 ) ) ;
#4413 = ORIENTED_EDGE ( 'NONE', *, *, #1715, .F. ) ;
#4414 = ORIENTED_EDGE ( 'NONE', *, *, #5261, .T. ) ;
#4415 = AXIS2_PLACEMENT_3D ( 'NONE', #5440, #4089, #2071 ) ;
#4416 = EDGE_CURVE ( 'NONE', #5453, #5663, #1578, .T. ) ;
#4417 = CARTESIAN_POINT ( 'NONE',  ( 2.500000000000004400, 6.900000000000000400, -10.56000000000000000 ) ) ;
#4418 = EDGE_CURVE ( 'NONE', #5041, #2688, #471, .T. ) ;
#4419 = CARTESIAN_POINT ( 'NONE',  ( -2.499999999999783300, -20.30459520007603700, 9.760000000000001600 ) ) ;
#4420 = FACE_OUTER_BOUND ( 'NONE', #4335, .T. ) ;
#4421 = DIRECTION ( 'NONE',  ( 0.0000000000000000000, 1.000000000000000000, 0.0000000000000000000 ) ) ;
#4422 = CIRCLE ( 'NONE', #4973, 0.2249999999999995100 ) ;
#4423 = CARTESIAN_POINT ( 'NONE',  ( 2.500000000000163000, -20.30459520007603700, 2.939999999999999900 ) ) ;
#4424 = AXIS2_PLACEMENT_3D ( 'NONE', #1628, #2562, #85 ) ;
#4425 = UNCERTAINTY_MEASURE_WITH_UNIT (LENGTH_MEASURE( 1.000000000000000100E-005 ), #3966, 'distance_accuracy_value', 'NONE');
#4426 = LINE ( 'NONE', #3443, #3079 ) ;
#4427 = CARTESIAN_POINT ( 'NONE',  ( -2.499999999999809900, -20.30459520007603700, 7.220000000000000600 ) ) ;
#4428 = ORIENTED_EDGE ( 'NONE', *, *, #2552, .T. ) ;
#4429 = DIRECTION ( 'NONE',  ( -0.0000000000000000000, 0.0000000000000000000, 1.000000000000000000 ) ) ;
#4430 = DIRECTION ( 'NONE',  ( 0.0000000000000000000, 1.000000000000000000, 0.0000000000000000000 ) ) ;
#4431 = FILL_AREA_STYLE_COLOUR ( '', #1358 ) ;
#4432 = FACE_OUTER_BOUND ( 'NONE', #262, .T. ) ;
#4433 = VECTOR ( 'NONE', #3320, 1000.000000000000000 ) ;
#4434 = ORIENTED_EDGE ( 'NONE', *, *, #265, .F. ) ;
#4435 = DIRECTION ( 'NONE',  ( 0.0000000000000000000, 1.000000000000000000, -1.215986738798339900E-016 ) ) ;
#4436 = ADVANCED_FACE ( 'NONE', ( #3453 ), #4096, .T. ) ;
#4437 = PLANE ( 'NONE',  #4596 ) ;
#4438 = LINE ( 'NONE', #1747, #1367 ) ;
#4439 = PLANE ( 'NONE',  #5906 ) ;
#4440 = ORIENTED_EDGE ( 'NONE', *, *, #3399, .T. ) ;
#4441 =( GEOMETRIC_REPRESENTATION_CONTEXT ( 3 ) GLOBAL_UNCERTAINTY_ASSIGNED_CONTEXT ( ( #2568 ) ) GLOBAL_UNIT_ASSIGNED_CONTEXT ( ( #2775, #3281, #3306 ) ) REPRESENTATION_CONTEXT ( 'NONE', 'WORKASPACE' ) );
#4442 =( NAMED_UNIT ( * ) PLANE_ANGLE_UNIT ( ) SI_UNIT ( $, .RADIAN. ) );
#4443 = CARTESIAN_POINT ( 'NONE',  ( 3.353172405010633300, 0.2071129439199489700, -11.61978418961839500 ) ) ;
#4444 = ORIENTED_EDGE ( 'NONE', *, *, #4644, .T. ) ;
#4445 = ORIENTED_EDGE ( 'NONE', *, *, #4158, .F. ) ;
#4446 = FACE_OUTER_BOUND ( 'NONE', #2808, .T. ) ;
#4447 = DIRECTION ( 'NONE',  ( -1.000000000000000000, -0.0000000000000000000, -0.0000000000000000000 ) ) ;
#4448 = CARTESIAN_POINT ( 'NONE',  ( -3.629999999999813400, -6.200000000000000200, 6.125000000000003600 ) ) ;
#4449 = CARTESIAN_POINT ( 'NONE',  ( -2.499999999999916500, -20.30459520007603700, -2.939999999999999900 ) ) ;
#4450 = ORIENTED_EDGE ( 'NONE', *, *, #1343, .T. ) ;
#4451 = LINE ( 'NONE', #4770, #2945 ) ;
#4452 = CARTESIAN_POINT ( 'NONE',  ( -3.629999999999920000, -6.200000000000000200, -3.809999999999997400 ) ) ;
#4453 = PLANE ( 'NONE',  #774 ) ;
#4454 = AXIS2_PLACEMENT_3D ( 'NONE', #1903, #379, #2905 ) ;
#4455 = EDGE_CURVE ( 'NONE', #846, #5891, #5420, .T. ) ;
#4456 = VECTOR ( 'NONE', #149, 1000.000000000000000 ) ;
#4457 = PLANE ( 'NONE',  #5691 ) ;
#4458 = EDGE_CURVE ( 'NONE', #4771, #504, #2737, .T. ) ;
#4459 = DIRECTION ( 'NONE',  ( 0.0000000000000000000, -0.0000000000000000000, -1.000000000000000000 ) ) ;
#4460 = AXIS2_PLACEMENT_3D ( 'NONE', #1053, #4560, #1538 ) ;
#4461 = CARTESIAN_POINT ( 'NONE',  ( -0.7825920120800664600, 2.364086003539509500, 8.035673659342379000 ) ) ;
#4462 = FILL_AREA_STYLE ('',( #930 ) ) ;
#4463 = DIRECTION ( 'NONE',  ( -0.0000000000000000000, 0.8141155183563220100, 0.5807029557109357800 ) ) ;
#4464 = ORIENTED_EDGE ( 'NONE', *, *, #6321, .T. ) ;
#4465 = FACE_OUTER_BOUND ( 'NONE', #5516, .T. ) ;
#4466 = VERTEX_POINT ( 'NONE', #1996 ) ;
#4467 = ADVANCED_FACE ( 'NONE', ( #781 ), #5533, .F. ) ;
#4468 = EDGE_CURVE ( 'NONE', #2986, #3355, #2814, .T. ) ;
#4469 = ORIENTED_EDGE ( 'NONE', *, *, #2554, .F. ) ;
#4470 = VECTOR ( 'NONE', #1042, 1000.000000000000000 ) ;
#4471 = CARTESIAN_POINT ( 'NONE',  ( -2.499999999999837000, 6.900000000000000400, 2.939999999999999900 ) ) ;
#4472 = FACE_OUTER_BOUND ( 'NONE', #4903, .T. ) ;
#4473 = ORIENTED_EDGE ( 'NONE', *, *, #5988, .T. ) ;
#4474 = CARTESIAN_POINT ( 'NONE',  ( -5.099999999999998800, 2.779948234064492300E-015, 11.35000000000000100 ) ) ;
#4475 = ORIENTED_EDGE ( 'NONE', *, *, #5227, .T. ) ;
#4476 = VERTEX_POINT ( 'NONE', #6484 ) ;
#4477 = VECTOR ( 'NONE', #1480, 1000.000000000000000 ) ;
#4478 = CARTESIAN_POINT ( 'NONE',  ( -2.499999999999917000, 7.900000000000000400, -4.679999999999999700 ) ) ;
#4479 = VECTOR ( 'NONE', #2565, 1000.000000000000000 ) ;
#4480 = ADVANCED_FACE ( 'NONE', ( #632 ), #5021, .F. ) ;
#4481 = DIRECTION ( 'NONE',  ( 0.0000000000000000000, 1.215986738798339900E-016, 1.000000000000000000 ) ) ;
#4482 = ORIENTED_EDGE ( 'NONE', *, *, #6460, .T. ) ;
#4483 = PLANE ( 'NONE',  #5583 ) ;
#4484 = CARTESIAN_POINT ( 'NONE',  ( 3.507546743040612200, 0.07757749381575798600, 11.24124036485525300 ) ) ;
#4485 = LINE ( 'NONE', #4001, #1490 ) ;
#4486 = ORIENTED_EDGE ( 'NONE', *, *, #752, .F. ) ;
#4487 = LINE ( 'NONE', #623, #6347 ) ;
#4488 = DIRECTION ( 'NONE',  ( 0.0000000000000000000, 0.0000000000000000000, -1.000000000000000000 ) ) ;
#4489 = ORIENTED_EDGE ( 'NONE', *, *, #2461, .F. ) ;
#4490 = ORIENTED_EDGE ( 'NONE', *, *, #2345, .T. ) ;
#4491 = ORIENTED_EDGE ( 'NONE', *, *, #2932, .T. ) ;
#4492 = DIRECTION ( 'NONE',  ( 0.0000000000000000000, 0.0000000000000000000, 1.000000000000000000 ) ) ;
#4493 = EDGE_CURVE ( 'NONE', #4063, #6494, #4485, .T. ) ;
#4494 = FILL_AREA_STYLE_COLOUR ( '', #238 ) ;
#4495 = LINE ( 'NONE', #2103, #2674 ) ;
#4496 = CIRCLE ( 'NONE', #2066, 0.2249999999999995100 ) ;
#4497 = EDGE_CURVE ( 'NONE', #1316, #1166, #4573, .T. ) ;
#4498 = VERTEX_POINT ( 'NONE', #975 ) ;
#4499 = PLANE ( 'NONE',  #3702 ) ;
#4500 = VERTEX_POINT ( 'NONE', #1493 ) ;
#4501 = ADVANCED_FACE ( 'NONE', ( #3939 ), #5931, .T. ) ;
#4502 = VERTEX_POINT ( 'NONE', #5467 ) ;
#4503 =( NAMED_UNIT ( * ) PLANE_ANGLE_UNIT ( ) SI_UNIT ( $, .RADIAN. ) );
#4504 = FACE_OUTER_BOUND ( 'NONE', #1416, .T. ) ;
#4505 = FACE_OUTER_BOUND ( 'NONE', #6455, .T. ) ;
#4506 = CARTESIAN_POINT ( 'NONE',  ( 5.100000000000000500, 1.099999999999999000, -9.807856876076018100 ) ) ;
#4507 = MECHANICAL_DESIGN_GEOMETRIC_PRESENTATION_REPRESENTATION (  '', ( #1928 ), #2260 ) ;
#4508 = DIRECTION ( 'NONE',  ( 0.0000000000000000000, 0.0000000000000000000, 1.000000000000000000 ) ) ;
#4509 = EDGE_CURVE ( 'NONE', #3385, #1383, #1804, .T. ) ;
#4510 = DIRECTION ( 'NONE',  ( -0.0000000000000000000, 1.000000000000000000, -0.0000000000000000000 ) ) ;
#4511 = CIRCLE ( 'NONE', #451, 0.2249999999999995100 ) ;
#4512 = COLOUR_RGB ( '',0.7921568627450980000, 0.8196078431372548800, 0.9333333333333333500 ) ;
#4513 = ORIENTED_EDGE ( 'NONE', *, *, #2793, .F. ) ;
#4514 = ADVANCED_FACE ( 'NONE', ( #5652 ), #931, .T. ) ;
#4515 = FACE_OUTER_BOUND ( 'NONE', #3151, .T. ) ;
#4516 = DIRECTION ( 'NONE',  ( 0.0000000000000000000, 0.0000000000000000000, 1.000000000000000000 ) ) ;
#4517 = CARTESIAN_POINT ( 'NONE',  ( -2.499999999999942700, 7.900000000000000400, -5.479999999999999500 ) ) ;
#4518 = VERTEX_POINT ( 'NONE', #6468 ) ;
#4519 = SURFACE_STYLE_FILL_AREA ( #508 ) ;
#4520 = ORIENTED_EDGE ( 'NONE', *, *, #4326, .T. ) ;
#4521 = CARTESIAN_POINT ( 'NONE',  ( -3.507546743040442100, 0.07757749381590103900, 11.24124036485505400 ) ) ;
#4522 = CARTESIAN_POINT ( 'NONE',  ( 2.500000000000004400, 6.900000000000000400, -10.56000000000000000 ) ) ;
#4523 = CARTESIAN_POINT ( 'NONE',  ( -2.499999999999863200, 6.899999999999999500, 0.4000000000000010200 ) ) ;
#4524 = ORIENTED_EDGE ( 'NONE', *, *, #5261, .F. ) ;
#4525 = DIRECTION ( 'NONE',  ( 0.0000000000000000000, 1.000000000000000000, -1.215986738798339900E-016 ) ) ;
#4526 = STYLED_ITEM ( 'NONE', ( #1094 ), #5281 ) ;
#4527 = VERTEX_POINT ( 'NONE', #1470 ) ;
#4528 = ORIENTED_EDGE ( 'NONE', *, *, #1714, .T. ) ;
#4529 =( NAMED_UNIT ( * ) PLANE_ANGLE_UNIT ( ) SI_UNIT ( $, .RADIAN. ) );
#4530 = DIRECTION ( 'NONE',  ( -1.000000000000000000, 0.0000000000000000000, -0.0000000000000000000 ) ) ;
#4531 = CARTESIAN_POINT ( 'NONE',  ( -3.599999999999998800, 0.0000000000000000000, -12.75000000000000200 ) ) ;
#4532 = ADVANCED_FACE ( 'NONE', ( #4962 ), #3466, .F. ) ;
#4533 = LINE ( 'NONE', #1689, #525 ) ;
#4534 = SURFACE_SIDE_STYLE ('',( #1603 ) ) ;
#4535 = CARTESIAN_POINT ( 'NONE',  ( -2.499999999999889900, 7.900000000000000400, -0.3999999999999993000 ) ) ;
#4536 = DIRECTION ( 'NONE',  ( 4.984837574645996500E-016, 0.0000000000000000000, 1.000000000000000000 ) ) ;
#4537 = DIRECTION ( 'NONE',  ( 0.0000000000000000000, 1.000000000000000000, 0.0000000000000000000 ) ) ;
#4538 = AXIS2_PLACEMENT_3D ( 'NONE', #2675, #2164, #2146 ) ;
#4539 = ADVANCED_FACE ( 'NONE', ( #5730 ), #2074, .F. ) ;
#4540 = EDGE_LOOP ( 'NONE', ( #5541, #5621, #1803, #835 ) ) ;
#4541 = FACE_BOUND ( 'NONE', #2333, .T. ) ;
#4542 = ORIENTED_EDGE ( 'NONE', *, *, #498, .T. ) ;
#4543 = CARTESIAN_POINT ( 'NONE',  ( 3.630000000000160200, 1.100000000000000800, 4.035000000000001900 ) ) ;
#4545 = EDGE_CURVE ( 'NONE', #6411, #5425, #3061, .T. ) ;
#4544 = FILL_AREA_STYLE_COLOUR ( '', #2038 ) ;
#4546 = EDGE_CURVE ( 'NONE', #4584, #4136, #1245, .T. ) ;
#4547 = CARTESIAN_POINT ( 'NONE',  ( -3.353172405010250900, 0.2071129439202697700, 11.61978418961865400 ) ) ;
#4548 = ADVANCED_FACE ( 'NONE', ( #1413 ), #572, .F. ) ;
#4549 = DIRECTION ( 'NONE',  ( 0.0000000000000000000, -0.0000000000000000000, -1.000000000000000000 ) ) ;
#4550 = EDGE_CURVE ( 'NONE', #320, #3440, #5279, .T. ) ;
#4551 = FACE_OUTER_BOUND ( 'NONE', #2504, .T. ) ;
#4552 = ORIENTED_EDGE ( 'NONE', *, *, #706, .F. ) ;
#4553 = DIRECTION ( 'NONE',  ( -2.492418787322998300E-016, 0.0000000000000000000, -1.000000000000000000 ) ) ;
#4554 = EDGE_LOOP ( 'NONE', ( #4237, #4022, #4088, #4950 ) ) ;
#4555 = AXIS2_PLACEMENT_3D ( 'NONE', #4417, #4352, #4868 ) ;
#4556 = CARTESIAN_POINT ( 'NONE',  ( -2.499999999999916500, 7.900000000000000400, -2.939999999999999900 ) ) ;
#4557 = DIRECTION ( 'NONE',  ( 1.000000000000000000, 0.0000000000000000000, -0.0000000000000000000 ) ) ;
#4558 = CARTESIAN_POINT ( 'NONE',  ( 5.000000000000000900, 7.900000000000000400, 12.65000000000000000 ) ) ;
#4559 = ORIENTED_EDGE ( 'NONE', *, *, #5229, .T. ) ;
#4560 = DIRECTION ( 'NONE',  ( 0.0000000000000000000, 1.000000000000000000, 0.0000000000000000000 ) ) ;
#4561 = LINE ( 'NONE', #3352, #6021 ) ;
#4562 = APPLICATION_CONTEXT ( 'automotive_design' ) ;
#4563 = CARTESIAN_POINT ( 'NONE',  ( -2.499999999999970200, 6.899999999999999500, -9.759999999999999800 ) ) ;
#4564 = ORIENTED_EDGE ( 'NONE', *, *, #3490, .T. ) ;
#4565 = CARTESIAN_POINT ( 'NONE',  ( -3.629999999999920000, -6.200000000000000200, -3.584999999999997300 ) ) ;
#4566 = ORIENTED_EDGE ( 'NONE', *, *, #1300, .T. ) ;
#4567 = VECTOR ( 'NONE', #1523, 1000.000000000000000 ) ;
#4568 = DIRECTION ( 'NONE',  ( 0.0000000000000000000, 0.0000000000000000000, 1.000000000000000000 ) ) ;
#4569 = LINE ( 'NONE', #3258, #4801 ) ;
#4570 = ORIENTED_EDGE ( 'NONE', *, *, #1967, .T. ) ;
#4571 = ADVANCED_FACE ( 'NONE', ( #559 ), #698, .T. ) ;
#4572 = DIRECTION ( 'NONE',  ( 0.0000000000000000000, 0.0000000000000000000, -1.000000000000000000 ) ) ;
#4573 = LINE ( 'NONE', #3492, #1098 ) ;
#4574 = AXIS2_PLACEMENT_3D ( 'NONE', #3170, #6190, #1722 ) ;
#4575 = CARTESIAN_POINT ( 'NONE',  ( -2.499999999999756600, 6.899999999999999500, 12.30000000000000200 ) ) ;
#4576 = ORIENTED_EDGE ( 'NONE', *, *, #2461, .T. ) ;
#4577 = DIRECTION ( 'NONE',  ( -0.0000000000000000000, 1.000000000000000000, -0.0000000000000000000 ) ) ;
#4578 = ADVANCED_FACE ( 'NONE', ( #5805, #101 ), #4627, .F. ) ;
#4579 = DIRECTION ( 'NONE',  ( 0.0000000000000000000, 1.000000000000000000, 0.0000000000000000000 ) ) ;
#4580 = VECTOR ( 'NONE', #72, 1000.000000000000000 ) ;
#4581 = DIRECTION ( 'NONE',  ( 2.492418787322998300E-016, -0.0000000000000000000, 1.000000000000000000 ) ) ;
#4582 = ORIENTED_EDGE ( 'NONE', *, *, #4085, .T. ) ;
#4583 = AXIS2_PLACEMENT_3D ( 'NONE', #4104, #6053, #3080 ) ;
#4584 = VERTEX_POINT ( 'NONE', #1193 ) ;
#4585 = ADVANCED_FACE ( 'NONE', ( #2590 ), #5723, .T. ) ;
#4586 = CIRCLE ( 'NONE', #3065, 0.2249999999999995100 ) ;
#4587 = CARTESIAN_POINT ( 'NONE',  ( 2.500000000000190500, 6.900000000000000400, 7.220000000000000600 ) ) ;
#4588 = CARTESIAN_POINT ( 'NONE',  ( 2.500000000000083500, -20.30459520007603700, -4.679999999999999700 ) ) ;
#4589 = ORIENTED_EDGE ( 'NONE', *, *, #5382, .F. ) ;
#4590 = EDGE_CURVE ( 'NONE', #6367, #3500, #2978, .T. ) ;
#4591 =( BOUNDED_CURVE ( )  B_SPLINE_CURVE ( 3, ( #719, #693, #5760, #1174 ),
 .UNSPECIFIED., .F., .F. ) 
 B_SPLINE_CURVE_WITH_KNOTS ( ( 4, 4 ),
 ( 3.141592653589793100, 4.348880583972075400 ),
 .UNSPECIFIED. ) 
 CURVE ( )  GEOMETRIC_REPRESENTATION_ITEM ( )  RATIONAL_B_SPLINE_CURVE ( ( 1.000000000000000000, 0.8821817348990400600, 0.8821817348990400600, 1.000000000000000000 ) ) 
 REPRESENTATION_ITEM ( '' )  );
#4592 = EDGE_CURVE ( 'NONE', #6229, #6498, #1727, .T. ) ;
#4593 = CIRCLE ( 'NONE', #2474, 0.2249999999999995100 ) ;
#4594 = LINE ( 'NONE', #3564, #1826 ) ;
#4595 = CARTESIAN_POINT ( 'NONE',  ( 2.500000000000216300, 6.900000000000000400, 8.020000000000001400 ) ) ;
#4596 = AXIS2_PLACEMENT_3D ( 'NONE', #5479, #5090, #989 ) ;
#4597 = DIRECTION ( 'NONE',  ( 0.0000000000000000000, -1.000000000000000000, 0.0000000000000000000 ) ) ;
#4598 = COLOUR_RGB ( '',0.7921568627450980000, 0.8196078431372548800, 0.9333333333333333500 ) ;
#4599 = DIRECTION ( 'NONE',  ( 0.0000000000000000000, 1.000000000000000000, -1.215986738798339900E-016 ) ) ;
#4600 = VECTOR ( 'NONE', #1806, 1000.000000000000000 ) ;
#4601 = UNCERTAINTY_MEASURE_WITH_UNIT (LENGTH_MEASURE( 1.000000000000000100E-005 ), #6070, 'distance_accuracy_value', 'NONE');
#4602 = ORIENTED_EDGE ( 'NONE', *, *, #3449, .F. ) ;
#4603 = CARTESIAN_POINT ( 'NONE',  ( -2.499999999999863200, -20.30459520007603700, 2.140000000000001500 ) ) ;
#4604 = EDGE_CURVE ( 'NONE', #3704, #5384, #1657, .T. ) ;
#4605 = DIRECTION ( 'NONE',  ( 0.0000000000000000000, 1.000000000000000000, -1.215986738798339900E-016 ) ) ;
#4606 = CARTESIAN_POINT ( 'NONE',  ( 3.630000000000000300, 0.0000000000000000000, -11.42999999999999800 ) ) ;
#4607 =( LENGTH_UNIT ( ) NAMED_UNIT ( * ) SI_UNIT ( .MILLI., .METRE. ) );
#4608 = VECTOR ( 'NONE', #780, 1000.000000000000000 ) ;
#4609 = ORIENTED_EDGE ( 'NONE', *, *, #6028, .F. ) ;
#4610 = LINE ( 'NONE', #6236, #736 ) ;
#4611 = DIRECTION ( 'NONE',  ( 0.0000000000000000000, 1.000000000000000000, 0.0000000000000000000 ) ) ;
#4612 = CARTESIAN_POINT ( 'NONE',  ( -3.599999999999998800, 0.0000000000000000000, -11.65299103120977400 ) ) ;
#4613 = ORIENTED_EDGE ( 'NONE', *, *, #1045, .T. ) ;
#4614 = CARTESIAN_POINT ( 'NONE',  ( 2.500000000000137700, -20.30459520007603700, 2.140000000000001500 ) ) ;
#4615 = ORIENTED_EDGE ( 'NONE', *, *, #2108, .T. ) ;
#4616 = VECTOR ( 'NONE', #2003, 1000.000000000000000 ) ;
#4617 = ADVANCED_FACE ( 'NONE', ( #4247 ), #5943, .T. ) ;
#4618 = STYLED_ITEM ( 'NONE', ( #2053 ), #4102 ) ;
#4619 = PLANE ( 'NONE',  #1782 ) ;
#4620 = VERTEX_POINT ( 'NONE', #3067 ) ;
#4621 = ORIENTED_EDGE ( 'NONE', *, *, #4975, .T. ) ;
#4622 = VECTOR ( 'NONE', #924, 1000.000000000000000 ) ;
#4623 = FILL_AREA_STYLE_COLOUR ( '', #3844 ) ;
#4624 = DIRECTION ( 'NONE',  ( 0.0000000000000000000, 1.000000000000000000, 0.0000000000000000000 ) ) ;
#4625 = PLANE ( 'NONE',  #1284 ) ;
#4626 = DIRECTION ( 'NONE',  ( 0.0000000000000000000, 0.0000000000000000000, -1.000000000000000000 ) ) ;
#4627 = PLANE ( 'NONE',  #4740 ) ;
#4628 = SURFACE_STYLE_FILL_AREA ( #4985 ) ;
#4629 = DIRECTION ( 'NONE',  ( -0.0000000000000000000, 1.000000000000000000, -0.0000000000000000000 ) ) ;
#4630 = EDGE_CURVE ( 'NONE', #994, #3050, #552, .T. ) ;
#4631 = EDGE_LOOP ( 'NONE', ( #2589, #6121, #533, #5692 ) ) ;
#4632 = CARTESIAN_POINT ( 'NONE',  ( -3.726518583939128600, 0.1034274948450651700, 11.20500000000000400 ) ) ;
#4633 = FACE_OUTER_BOUND ( 'NONE', #1668, .T. ) ;
#4634 = ORIENTED_EDGE ( 'NONE', *, *, #5419, .T. ) ;
#4635 = DIRECTION ( 'NONE',  ( 4.984837574645996500E-016, 0.0000000000000000000, 1.000000000000000000 ) ) ;
#4636 = DIRECTION ( 'NONE',  ( 0.0000000000000000000, 1.000000000000000000, 0.0000000000000000000 ) ) ;
#4637 = ORIENTED_EDGE ( 'NONE', *, *, #3721, .F. ) ;
#4638 = CARTESIAN_POINT ( 'NONE',  ( -2.499999999999917000, 6.900000000000000400, -4.679999999999999700 ) ) ;
#4639 = PRESENTATION_STYLE_ASSIGNMENT (( #1127 ) ) ;
#4641 = PRESENTATION_LAYER_ASSIGNMENT (  '', '', ( #5110 ) ) ;
#4640 = SURFACE_STYLE_USAGE ( .BOTH. , #3696 ) ;
#4642 = DIRECTION ( 'NONE',  ( 1.000000000000000000, 0.0000000000000000000, 0.0000000000000000000 ) ) ;
#4643 = CARTESIAN_POINT ( 'NONE',  ( -2.499999999999942700, 6.900000000000000400, -5.479999999999999500 ) ) ;
#4644 = EDGE_CURVE ( 'NONE', #389, #530, #773, .T. ) ;
#4645 = VERTEX_POINT ( 'NONE', #2049 ) ;
#4646 = FILL_AREA_STYLE_COLOUR ( '', #6359 ) ;
#4647 = VECTOR ( 'NONE', #5924, 1000.000000000000000 ) ;
#4648 = AXIS2_PLACEMENT_3D ( 'NONE', #906, #2093, #1092 ) ;
#4649 = PLANE ( 'NONE',  #4091 ) ;
#4650 = CARTESIAN_POINT ( 'NONE',  ( -5.099999999999998800, 0.0000000000000000000, -11.35000000000000100 ) ) ;
#4651 = VECTOR ( 'NONE', #3766, 1000.000000000000000 ) ;
#4652 = CARTESIAN_POINT ( 'NONE',  ( -2.499999999999757100, 6.899999999999999500, 10.56000000000000200 ) ) ;
#4653 = ADVANCED_FACE ( 'NONE', ( #4399 ), #3597, .F. ) ;
#4654 = DIRECTION ( 'NONE',  ( 0.0000000000000000000, 1.000000000000000000, 0.0000000000000000000 ) ) ;
#4655 = ORIENTED_EDGE ( 'NONE', *, *, #2105, .F. ) ;
#4656 = VECTOR ( 'NONE', #429, 1000.000000000000000 ) ;
#4657 = SURFACE_STYLE_USAGE ( .BOTH. , #3181 ) ;
#4658 = DIRECTION ( 'NONE',  ( 0.0000000000000000000, 1.000000000000000000, -1.215986738798339900E-016 ) ) ;
#4659 = ORIENTED_EDGE ( 'NONE', *, *, #1290, .T. ) ;
#4660 = FACE_OUTER_BOUND ( 'NONE', #1978, .T. ) ;
#4661 = ORIENTED_EDGE ( 'NONE', *, *, #2114, .F. ) ;
#4662 = SURFACE_STYLE_USAGE ( .BOTH. , #1124 ) ;
#4663 = ORIENTED_EDGE ( 'NONE', *, *, #540, .F. ) ;
#4664 = ORIENTED_EDGE ( 'NONE', *, *, #5421, .F. ) ;
#4665 = PRESENTATION_LAYER_ASSIGNMENT (  '', '', ( #571 ) ) ;
#4666 = DIRECTION ( 'NONE',  ( 0.0000000000000000000, 1.000000000000000000, 0.0000000000000000000 ) ) ;
#4667 = FACE_OUTER_BOUND ( 'NONE', #670, .T. ) ;
#4668 = ORIENTED_EDGE ( 'NONE', *, *, #421, .T. ) ;
#4669 = PLANE ( 'NONE',  #3393 ) ;
#4670 = ORIENTED_EDGE ( 'NONE', *, *, #1751, .F. ) ;
#4671 = ORIENTED_EDGE ( 'NONE', *, *, #5702, .T. ) ;
#4672 = PLANE ( 'NONE',  #3740 ) ;
#4673 = AXIS2_PLACEMENT_3D ( 'NONE', #4296, #5733, #731 ) ;
#4674 = DIRECTION ( 'NONE',  ( 0.0000000000000000000, 1.000000000000000000, 0.0000000000000000000 ) ) ;
#4675 = FACE_OUTER_BOUND ( 'NONE', #298, .T. ) ;
#4676 = LINE ( 'NONE', #528, #2444 ) ;
#4677 = AXIS2_PLACEMENT_3D ( 'NONE', #3821, #1282, #2309 ) ;
#4678 = LINE ( 'NONE', #1781, #1984 ) ;
#4679 = DIRECTION ( 'NONE',  ( 1.000000000000000000, 0.0000000000000000000, 0.0000000000000000000 ) ) ;
#4680 = CYLINDRICAL_SURFACE ( 'NONE', #390, 0.2249999999999995100 ) ;
#4681 = LINE ( 'NONE', #3345, #4343 ) ;
#4682 = ORIENTED_EDGE ( 'NONE', *, *, #5716, .F. ) ;
#4683 = ORIENTED_EDGE ( 'NONE', *, *, #5871, .T. ) ;
#4684 = CARTESIAN_POINT ( 'NONE',  ( 3.630000000000000300, 0.1034274948450667300, -11.20499999999999800 ) ) ;
#4685 = EDGE_CURVE ( 'NONE', #3471, #2149, #3707, .T. ) ;
#4686 = EDGE_CURVE ( 'NONE', #549, #4500, #5271, .T. ) ;
#4687 = ADVANCED_FACE ( 'NONE', ( #3056 ), #2292, .F. ) ;
#4688 = EDGE_CURVE ( 'NONE', #6422, #5582, #4092, .T. ) ;
#4689 = CARTESIAN_POINT ( 'NONE',  ( -3.629999999999999400, 1.736396103067893400, -11.20499999999999800 ) ) ;
#4690 = VERTEX_POINT ( 'NONE', #256 ) ;
#4691 = AXIS2_PLACEMENT_3D ( 'NONE', #3377, #1360, #1904 ) ;
#4692 = CARTESIAN_POINT ( 'NONE',  ( -2.499999999999916500, 7.900000000000000400, -2.939999999999999900 ) ) ;
#4693 = CYLINDRICAL_SURFACE ( 'NONE', #1021, 0.2249999999999995100 ) ;
#4694 = CARTESIAN_POINT ( 'NONE',  ( 5.100000000000000500, 1.099999999999999000, -9.807856876076018100 ) ) ;
#4695 = VERTEX_POINT ( 'NONE', #5320 ) ;
#4696 = CYLINDRICAL_SURFACE ( 'NONE', #3226, 0.2249999999999995100 ) ;
#4697 = EDGE_CURVE ( 'NONE', #6128, #168, #6344, .T. ) ;
#4698 = DIRECTION ( 'NONE',  ( 0.0000000000000000000, 1.000000000000000000, 0.0000000000000000000 ) ) ;
#4699 = ORIENTED_EDGE ( 'NONE', *, *, #3101, .F. ) ;
#4700 = ORIENTED_EDGE ( 'NONE', *, *, #5498, .F. ) ;
#4701 = VECTOR ( 'NONE', #5478, 1000.000000000000000 ) ;
#4702 = DIRECTION ( 'NONE',  ( -1.000000000000000000, 0.0000000000000000000, 2.492418787322998300E-016 ) ) ;
#4703 = CARTESIAN_POINT ( 'NONE',  ( -3.629999999999999400, 0.0000000000000000000, -11.65499999999999800 ) ) ;
#4704 = LINE ( 'NONE', #4603, #5851 ) ;
#4705 = CARTESIAN_POINT ( 'NONE',  ( 3.630000000000133100, -6.200000000000000200, 1.270000000000003800 ) ) ;
#4706 = DIRECTION ( 'NONE',  ( 0.0000000000000000000, 0.0000000000000000000, 1.000000000000000000 ) ) ;
#4707 = CARTESIAN_POINT ( 'NONE',  ( -2.499999999999783300, -20.30459520007603700, 9.760000000000001600 ) ) ;
#4708 = EDGE_LOOP ( 'NONE', ( #49, #484, #6205, #3447, #2238 ) ) ;
#4709 = FACE_BOUND ( 'NONE', #5703, .T. ) ;
#4710 = ORIENTED_EDGE ( 'NONE', *, *, #5989, .F. ) ;
#4711 = CARTESIAN_POINT ( 'NONE',  ( 2.500000000000217600, 6.899999999999999500, 9.760000000000001600 ) ) ;
#4712 = AXIS2_PLACEMENT_3D ( 'NONE', #242, #4787, #5731 ) ;
#4713 = DIRECTION ( 'NONE',  ( -1.000000000000000000, 0.0000000000000000000, -0.0000000000000000000 ) ) ;
#4714 = FACE_OUTER_BOUND ( 'NONE', #3349, .T. ) ;
#4715 = ORIENTED_EDGE ( 'NONE', *, *, #3439, .T. ) ;
#4716 = LINE ( 'NONE', #428, #995 ) ;
#4717 = CLOSED_SHELL ( 'NONE', ( #5049, #3008, #1637, #136 ) ) ;
#4718 = EDGE_CURVE ( 'NONE', #3704, #103, #1573, .T. ) ;
#4719 = EDGE_CURVE ( 'NONE', #2492, #2705, #6258, .T. ) ;
#4720 = EDGE_LOOP ( 'NONE', ( #2819, #3279, #377, #2781 ) ) ;
#4721 = EDGE_CURVE ( 'NONE', #4871, #588, #2123, .T. ) ;
#4722 = CIRCLE ( 'NONE', #4084, 0.2249999999999995100 ) ;
#4723 = LINE ( 'NONE', #3561, #5205 ) ;
#4724 = AXIS2_PLACEMENT_3D ( 'NONE', #6379, #4429, #4922 ) ;
#4725 = ORIENTED_EDGE ( 'NONE', *, *, #5113, .T. ) ;
#4726 = DIRECTION ( 'NONE',  ( 1.000000000000000000, 0.0000000000000000000, 0.0000000000000000000 ) ) ;
#4727 = CYLINDRICAL_SURFACE ( 'NONE', #426, 0.2249999999999995100 ) ;
#4728 = PLANE ( 'NONE',  #42 ) ;
#4729 = LINE ( 'NONE', #4845, #701 ) ;
#4730 = DIRECTION ( 'NONE',  ( 0.0000000000000000000, 1.000000000000000000, -1.215986738798339900E-016 ) ) ;
#4731 = EDGE_CURVE ( 'NONE', #220, #2480, #1170, .T. ) ;
#4732 = DIRECTION ( 'NONE',  ( -0.0000000000000000000, 0.0000000000000000000, 1.000000000000000000 ) ) ;
#4733 = ORIENTED_EDGE ( 'NONE', *, *, #5991, .F. ) ;
#4734 = DIRECTION ( 'NONE',  ( 1.000000000000000000, 0.0000000000000000000, 0.0000000000000000000 ) ) ;
#4735 = PLANE ( 'NONE',  #2912 ) ;
#4736 = COLOUR_RGB ( '',0.0000000000000000000, 0.7529411764705882200, 0.0000000000000000000 ) ;
#4737 = DIRECTION ( 'NONE',  ( -1.000000000000000000, -0.0000000000000000000, -0.0000000000000000000 ) ) ;
#4738 = ORIENTED_EDGE ( 'NONE', *, *, #3006, .F. ) ;
#4739 = VECTOR ( 'NONE', #4537, 1000.000000000000000 ) ;
#4740 = AXIS2_PLACEMENT_3D ( 'NONE', #3216, #64, #4066 ) ;
#4741 = CLOSED_SHELL ( 'NONE', ( #2967, #3407, #4548, #2900, #3626, #4908 ) ) ;
#4742 = ORIENTED_EDGE ( 'NONE', *, *, #5058, .F. ) ;
#4743 = ORIENTED_EDGE ( 'NONE', *, *, #4416, .F. ) ;
#4744 = VECTOR ( 'NONE', #3640, 1000.000000000000000 ) ;
#4745 = VECTOR ( 'NONE', #1919, 1000.000000000000000 ) ;
#4746 = DIRECTION ( 'NONE',  ( 0.0000000000000000000, 1.000000000000000000, -1.215986738798339900E-016 ) ) ;
#4747 = CARTESIAN_POINT ( 'NONE',  ( 5.100000000000000500, 2.779948234064492300E-015, 11.35000000000000100 ) ) ;
#4748 = STYLED_ITEM ( 'NONE', ( #5688 ), #5468 ) ;
#4749 = PLANE ( 'NONE',  #2180 ) ;
#4750 =( NAMED_UNIT ( * ) PLANE_ANGLE_UNIT ( ) SI_UNIT ( $, .RADIAN. ) );
#4751 = DIRECTION ( 'NONE',  ( -1.000000000000000000, -0.0000000000000000000, -0.0000000000000000000 ) ) ;
#4752 = DIRECTION ( 'NONE',  ( -0.0000000000000000000, 1.000000000000000000, -0.0000000000000000000 ) ) ;
#4753 = LINE ( 'NONE', #2284, #273 ) ;
#4754 = ORIENTED_EDGE ( 'NONE', *, *, #6275, .F. ) ;
#4755 = CARTESIAN_POINT ( 'NONE',  ( 3.630000000000027400, 1.099999999999999000, -8.889999999999997000 ) ) ;
#4756 = ORIENTED_EDGE ( 'NONE', *, *, #4340, .T. ) ;
#4757 = LINE ( 'NONE', #6288, #5603 ) ;
#4758 = EDGE_LOOP ( 'NONE', ( #1026, #5287, #3824, #2689 ) ) ;
#4759 = VERTEX_POINT ( 'NONE', #829 ) ;
#4760 = AXIS2_PLACEMENT_3D ( 'NONE', #2015, #5530, #4557 ) ;
#4761 = FILL_AREA_STYLE_COLOUR ( '', #4736 ) ;
#4762 = ORIENTED_EDGE ( 'NONE', *, *, #2879, .T. ) ;
#4763 = SURFACE_STYLE_FILL_AREA ( #4355 ) ;
#4764 = AXIS2_PLACEMENT_3D ( 'NONE', #3389, #4860, #395 ) ;
#4765 = EDGE_CURVE ( 'NONE', #4527, #4317, #2733, .T. ) ;
#4766 = EDGE_CURVE ( 'NONE', #3385, #5482, #3372, .T. ) ;
#4767 = DIRECTION ( 'NONE',  ( 0.0000000000000000000, 0.0000000000000000000, -1.000000000000000000 ) ) ;
#4768 = CLOSED_SHELL ( 'NONE', ( #2505, #81, #1398, #4585 ) ) ;
#4769 = AXIS2_PLACEMENT_3D ( 'NONE', #5496, #2414, #2917 ) ;
#4770 = CARTESIAN_POINT ( 'NONE',  ( -2.499999999999837000, 6.899999999999999500, 2.939999999999999900 ) ) ;
#4771 = VERTEX_POINT ( 'NONE', #1775 ) ;
#4772 = LINE ( 'NONE', #515, #3420 ) ;
#4773 = DIRECTION ( 'NONE',  ( 0.0000000000000000000, 1.000000000000000000, 0.0000000000000000000 ) ) ;
#4774 =( LENGTH_UNIT ( ) NAMED_UNIT ( * ) SI_UNIT ( .MILLI., .METRE. ) );
#4775 = CARTESIAN_POINT ( 'NONE',  ( -4.358578643762681900, 6.900000000000000400, -12.65000000000000200 ) ) ;
#4776 =( NAMED_UNIT ( * ) PLANE_ANGLE_UNIT ( ) SI_UNIT ( $, .RADIAN. ) );
#4777 = DIRECTION ( 'NONE',  ( 1.000000000000000000, 0.0000000000000000000, 0.0000000000000000000 ) ) ;
#4778 = ORIENTED_EDGE ( 'NONE', *, *, #4509, .F. ) ;
#4779 = VECTOR ( 'NONE', #2441, 1000.000000000000000 ) ;
#4780 = FILL_AREA_STYLE ('',( #6299 ) ) ;
#4781 = LINE ( 'NONE', #4097, #5397 ) ;
#4782 = DIRECTION ( 'NONE',  ( -1.000000000000000000, -0.0000000000000000000, 0.0000000000000000000 ) ) ;
#4783 = DIRECTION ( 'NONE',  ( -0.0000000000000000000, -0.0000000000000000000, 1.000000000000000000 ) ) ;
#4784 = ORIENTED_EDGE ( 'NONE', *, *, #1128, .T. ) ;
#4785 = ORIENTED_EDGE ( 'NONE', *, *, #590, .F. ) ;
#4786 = ORIENTED_EDGE ( 'NONE', *, *, #5629, .F. ) ;
#4787 = DIRECTION ( 'NONE',  ( 0.0000000000000000000, 1.000000000000000000, 0.0000000000000000000 ) ) ;
#4788 = CARTESIAN_POINT ( 'NONE',  ( 2.500000000000109700, 7.900000000000000400, -2.139999999999999700 ) ) ;
#4789 = MANIFOLD_SOLID_BREP ( 'Split1[5]', #5143 ) ;
#4790 = VERTEX_POINT ( 'NONE', #1263 ) ;
#4791 = DIRECTION ( 'NONE',  ( 0.0000000000000000000, 1.000000000000000000, -1.215986738798339900E-016 ) ) ;
#4792 = FACE_OUTER_BOUND ( 'NONE', #3515, .T. ) ;
#4793 = CARTESIAN_POINT ( 'NONE',  ( -2.499999999999943200, 7.900000000000000400, -7.219999999999999800 ) ) ;
#4794 = PRODUCT_RELATED_PRODUCT_CATEGORY ( 'part', '', ( #3566 ) ) ;
#4795 = DIRECTION ( 'NONE',  ( -1.000000000000000000, 0.0000000000000000000, -0.0000000000000000000 ) ) ;
#4796 = ORIENTED_EDGE ( 'NONE', *, *, #3869, .T. ) ;
#4797 = ORIENTED_EDGE ( 'NONE', *, *, #627, .F. ) ;
#4798 = CARTESIAN_POINT ( 'NONE',  ( 2.500000000000084400, 7.900000000000000400, -2.939999999999999900 ) ) ;
#4799 = MANIFOLD_SOLID_BREP ( 'Boss-Extrude3[9]', #1595 ) ;
#4800 = FACE_OUTER_BOUND ( 'NONE', #392, .T. ) ;
#4801 = VECTOR ( 'NONE', #5299, 1000.000000000000000 ) ;
#4802 = EDGE_CURVE ( 'NONE', #2980, #2777, #4729, .T. ) ;
#4803 = ORIENTED_EDGE ( 'NONE', *, *, #1602, .T. ) ;
#4804 = SURFACE_SIDE_STYLE ('',( #4332 ) ) ;
#4805 = AXIS2_PLACEMENT_3D ( 'NONE', #4614, #5606, #6003 ) ;
#4806 = CYLINDRICAL_SURFACE ( 'NONE', #1012, 0.2249999999999995100 ) ;
#4807 = ORIENTED_EDGE ( 'NONE', *, *, #302, .F. ) ;
#4808 = ORIENTED_EDGE ( 'NONE', *, *, #4930, .F. ) ;
#4809 = CARTESIAN_POINT ( 'NONE',  ( -3.629999999999840000, -6.200000000000000200, 4.035000000000001900 ) ) ;
#4810 = DIRECTION ( 'NONE',  ( 0.0000000000000000000, -0.5807029557109357800, 0.8141155183563220100 ) ) ;
#4811 = DIRECTION ( 'NONE',  ( 0.0000000000000000000, -0.0000000000000000000, 1.000000000000000000 ) ) ;
#4812 = EDGE_CURVE ( 'NONE', #1534, #3316, #4569, .T. ) ;
#4813 = CARTESIAN_POINT ( 'NONE',  ( 2.500000000000242900, 6.900000000000000400, 10.56000000000000200 ) ) ;
#4814 = VECTOR ( 'NONE', #6260, 1000.000000000000100 ) ;
#4815 = EDGE_LOOP ( 'NONE', ( #6144, #5480, #3418, #6246 ) ) ;
#4816 = DIRECTION ( 'NONE',  ( 0.0000000000000000000, 1.000000000000000000, -1.215986738798339900E-016 ) ) ;
#4817 = ORIENTED_EDGE ( 'NONE', *, *, #13, .T. ) ;
#4818 = ORIENTED_EDGE ( 'NONE', *, *, #3353, .F. ) ;
#4819 = FACE_OUTER_BOUND ( 'NONE', #2434, .T. ) ;
#4820 = CARTESIAN_POINT ( 'NONE',  ( 2.500000000000083500, 6.899999999999999500, -4.679999999999999700 ) ) ;
#4821 = DIRECTION ( 'NONE',  ( 0.0000000000000000000, 0.0000000000000000000, 1.000000000000000000 ) ) ;
#4822 = ORIENTED_EDGE ( 'NONE', *, *, #5921, .T. ) ;
#4823 = VERTEX_POINT ( 'NONE', #5363 ) ;
#4824 = AXIS2_PLACEMENT_3D ( 'NONE', #3241, #2711, #1240 ) ;
#4825 = DIRECTION ( 'NONE',  ( 2.492418787322998300E-016, 0.0000000000000000000, 1.000000000000000000 ) ) ;
#4826 = LINE ( 'NONE', #3366, #1431 ) ;
#4827 = CARTESIAN_POINT ( 'NONE',  ( 3.630000000000239700, -6.200000000000000200, 11.43000000000000500 ) ) ;
#4828 = FACE_OUTER_BOUND ( 'NONE', #5218, .T. ) ;
#4829 = VECTOR ( 'NONE', #1024, 1000.000000000000000 ) ;
#4830 = ORIENTED_EDGE ( 'NONE', *, *, #2296, .F. ) ;
#4831 = CARTESIAN_POINT ( 'NONE',  ( -2.499999999999809900, -20.30459520007603700, 7.220000000000000600 ) ) ;
#4832 = AXIS2_PLACEMENT_3D ( 'NONE', #2869, #877, #6377 ) ;
#4833 = CARTESIAN_POINT ( 'NONE',  ( -3.629999999999760100, 1.100000000000001600, 11.20500000000000500 ) ) ;
#4834 = SURFACE_STYLE_USAGE ( .BOTH. , #4255 ) ;
#4835 = CARTESIAN_POINT ( 'NONE',  ( -3.629999999999866200, 1.100000000000000300, 1.270000000000003800 ) ) ;
#4836 = DIRECTION ( 'NONE',  ( 0.0000000000000000000, 0.0000000000000000000, 1.000000000000000000 ) ) ;
#4837 = UNCERTAINTY_MEASURE_WITH_UNIT (LENGTH_MEASURE( 1.000000000000000100E-005 ), #2319, 'distance_accuracy_value', 'NONE');
#4838 = VECTOR ( 'NONE', #1375, 1000.000000000000000 ) ;
#4839 = CARTESIAN_POINT ( 'NONE',  ( 3.630000000000239700, -6.200000000000000200, 11.65500000000000500 ) ) ;
#4840 = CIRCLE ( 'NONE', #4712, 0.2249999999999995100 ) ;
#4841 = ORIENTED_EDGE ( 'NONE', *, *, #866, .F. ) ;
#4842 = CARTESIAN_POINT ( 'NONE',  ( 2.500000000000243800, 7.900000000000000400, 12.30000000000000200 ) ) ;
#4843 = EDGE_CURVE ( 'NONE', #3965, #785, #1011, .T. ) ;
#4844 = EDGE_CURVE ( 'NONE', #6302, #2828, #3207, .T. ) ;
#4845 = CARTESIAN_POINT ( 'NONE',  ( 2.500000000000056800, 6.900000000000000400, -7.219999999999999800 ) ) ;
#4846 = EDGE_CURVE ( 'NONE', #1393, #5796, #2268, .T. ) ;
#4847 = ORIENTED_EDGE ( 'NONE', *, *, #3634, .T. ) ;
#4848 = VECTOR ( 'NONE', #4872, 1000.000000000000000 ) ;
#4849 = CARTESIAN_POINT ( 'NONE',  ( 3.630000000000239700, 0.1034274948450645700, 11.20500000000000500 ) ) ;
#4850 = DIRECTION ( 'NONE',  ( 0.0000000000000000000, 1.000000000000000000, 0.0000000000000000000 ) ) ;
#4851 = AXIS2_PLACEMENT_3D ( 'NONE', #250, #1743, #229 ) ;
#4852 = ORIENTED_EDGE ( 'NONE', *, *, #947, .F. ) ;
#4853 = ORIENTED_EDGE ( 'NONE', *, *, #1639, .T. ) ;
#4854 = LINE ( 'NONE', #2969, #671 ) ;
#4855 = EDGE_CURVE ( 'NONE', #4759, #3522, #2200, .T. ) ;
#4856 = CARTESIAN_POINT ( 'NONE',  ( 2.289071048146349900, 1.100000000000001900, 12.74999999999999800 ) ) ;
#4857 = CARTESIAN_POINT ( 'NONE',  ( 2.500000000000030200, 6.900000000000000400, -9.759999999999999800 ) ) ;
#4858 = DIRECTION ( 'NONE',  ( 0.0000000000000000000, 0.0000000000000000000, 1.000000000000000000 ) ) ;
#4859 = COLOUR_RGB ( '',0.7921568627450980000, 0.8196078431372548800, 0.9333333333333333500 ) ;
#4860 = DIRECTION ( 'NONE',  ( -0.6427876096865349200, 0.7660444431189817900, 0.0000000000000000000 ) ) ;
#4861 = DIRECTION ( 'NONE',  ( -0.0000000000000000000, 1.000000000000000000, -0.0000000000000000000 ) ) ;
#4862 = DIRECTION ( 'NONE',  ( 0.0000000000000000000, 1.000000000000000000, 0.0000000000000000000 ) ) ;
#4863 = ORIENTED_EDGE ( 'NONE', *, *, #1199, .T. ) ;
#4864 = FACE_BOUND ( 'NONE', #6153, .T. ) ;
#4865 = ORIENTED_EDGE ( 'NONE', *, *, #5181, .F. ) ;
#4866 = CARTESIAN_POINT ( 'NONE',  ( 2.289071048146349900, 1.100000000000001900, -12.75000000000000200 ) ) ;
#4867 = PLANE ( 'NONE',  #3494 ) ;
#4868 = DIRECTION ( 'NONE',  ( -4.984837574645996500E-016, 0.0000000000000000000, -1.000000000000000000 ) ) ;
#4869 = ORIENTED_EDGE ( 'NONE', *, *, #189, .F. ) ;
#4870 = DIRECTION ( 'NONE',  ( -0.0000000000000000000, 1.000000000000000000, -0.0000000000000000000 ) ) ;
#4871 = VERTEX_POINT ( 'NONE', #1378 ) ;
#4872 = DIRECTION ( 'NONE',  ( -1.000000000000000000, -0.0000000000000000000, 0.0000000000000000000 ) ) ;
#4873 = VERTEX_POINT ( 'NONE', #1899 ) ;
#4874 = DIRECTION ( 'NONE',  ( 0.0000000000000000000, 1.000000000000000000, 0.0000000000000000000 ) ) ;
#4875 = SURFACE_STYLE_FILL_AREA ( #4149 ) ;
#4876 = VERTEX_POINT ( 'NONE', #3954 ) ;
#4877 = ADVANCED_FACE ( 'NONE', ( #239 ), #4949, .T. ) ;
#4878 = STYLED_ITEM ( 'NONE', ( #5163 ), #5744 ) ;
#4879 = ORIENTED_EDGE ( 'NONE', *, *, #1805, .T. ) ;
#4880 = FILL_AREA_STYLE_COLOUR ( '', #4039 ) ;
#4881 = ORIENTED_EDGE ( 'NONE', *, *, #2881, .F. ) ;
#4882 = CARTESIAN_POINT ( 'NONE',  ( -2.499999999999783700, -20.30459520007603700, 8.020000000000001400 ) ) ;
#4883 = VERTEX_POINT ( 'NONE', #2334 ) ;
#4884 = AXIS2_PLACEMENT_3D ( 'NONE', #5538, #513, #2029 ) ;
#4885 = ORIENTED_EDGE ( 'NONE', *, *, #5469, .T. ) ;
#4886 = ORIENTED_EDGE ( 'NONE', *, *, #4721, .F. ) ;
#4887 = FACE_OUTER_BOUND ( 'NONE', #3386, .T. ) ;
#4888 = PRESENTATION_STYLE_ASSIGNMENT (( #5280 ) ) ;
#4889 = DIRECTION ( 'NONE',  ( 0.0000000000000000000, 0.0000000000000000000, 1.000000000000000000 ) ) ;
#4890 = ORIENTED_EDGE ( 'NONE', *, *, #4939, .T. ) ;
#4891 = CARTESIAN_POINT ( 'NONE',  ( 3.630000000000080300, -6.200000000000000200, -3.809999999999997400 ) ) ;
#4892 = EDGE_CURVE ( 'NONE', #6023, #5963, #2577, .T. ) ;
#4893 = EDGE_CURVE ( 'NONE', #6091, #3675, #545, .T. ) ;
#4894 = EDGE_CURVE ( 'NONE', #1058, #3038, #3928, .T. ) ;
#4895 = CARTESIAN_POINT ( 'NONE',  ( 5.100000000000000500, 0.0000000000000000000, -11.35000000000000100 ) ) ;
#4896 = DIRECTION ( 'NONE',  ( -0.6427876096865349200, 0.7660444431189817900, 0.0000000000000000000 ) ) ;
#4897 = ORIENTED_EDGE ( 'NONE', *, *, #5197, .T. ) ;
#4898 = AXIS2_PLACEMENT_3D ( 'NONE', #6322, #6393, #2907 ) ;
#4899 = VECTOR ( 'NONE', #3251, 1000.000000000000000 ) ;
#4900 = DIRECTION ( 'NONE',  ( 0.0000000000000000000, 0.0000000000000000000, 1.000000000000000000 ) ) ;
#4901 = CARTESIAN_POINT ( 'NONE',  ( 3.630000000000186900, -6.200000000000000200, 6.350000000000003200 ) ) ;
#4902 = ORIENTED_EDGE ( 'NONE', *, *, #1334, .T. ) ;
#4903 = EDGE_LOOP ( 'NONE', ( #2141, #5125, #3972, #4262 ) ) ;
#4904 = CARTESIAN_POINT ( 'NONE',  ( -3.629999999999920000, 1.099999999999999900, -4.034999999999996600 ) ) ;
#4905 = LINE ( 'NONE', #6382, #793 ) ;
#4906 = VECTOR ( 'NONE', #3298, 1000.000000000000000 ) ;
#4907 = DIRECTION ( 'NONE',  ( 0.0000000000000000000, 1.000000000000000000, -1.215986738798339900E-016 ) ) ;
#4908 = ADVANCED_FACE ( 'NONE', ( #1322 ), #1883, .T. ) ;
#4909 = CARTESIAN_POINT ( 'NONE',  ( -2.499999999999890300, 6.900000000000000400, -2.139999999999999700 ) ) ;
#4910 = FACE_OUTER_BOUND ( 'NONE', #3815, .T. ) ;
#4911 = VECTOR ( 'NONE', #5807, 1000.000000000000000 ) ;
#4912 = CARTESIAN_POINT ( 'NONE',  ( -3.629999999999760100, 0.1034274948450645700, 11.20500000000000500 ) ) ;
#4913 = AXIS2_PLACEMENT_3D ( 'NONE', #2588, #4579, #1728 ) ;
#4914 = CARTESIAN_POINT ( 'NONE',  ( -2.499999999999783300, 7.900000000000000400, 9.760000000000001600 ) ) ;
#4915 = DIRECTION ( 'NONE',  ( 0.0000000000000000000, 0.0000000000000000000, 1.000000000000000000 ) ) ;
#4916 = CARTESIAN_POINT ( 'NONE',  ( -2.499999999999837000, 7.900000000000000400, 2.939999999999999900 ) ) ;
#4917 = CARTESIAN_POINT ( 'NONE',  ( 5.100000000000000500, 1.099999999999999000, -9.807856876076018100 ) ) ;
#4918 = ORIENTED_EDGE ( 'NONE', *, *, #2222, .F. ) ;
#4919 = CARTESIAN_POINT ( 'NONE',  ( -4.358578643762681900, 7.900000000000000400, -12.65000000000000200 ) ) ;
#4920 = UNCERTAINTY_MEASURE_WITH_UNIT (LENGTH_MEASURE( 1.000000000000000100E-005 ), #3036, 'distance_accuracy_value', 'NONE');
#4921 = AXIS2_PLACEMENT_3D ( 'NONE', #5232, #6165, #6186 ) ;
#4922 = DIRECTION ( 'NONE',  ( 1.000000000000000000, 0.0000000000000000000, 0.0000000000000000000 ) ) ;
#4923 = ORIENTED_EDGE ( 'NONE', *, *, #4931, .F. ) ;
#4924 = VECTOR ( 'NONE', #4394, 1000.000000000000000 ) ;
#4925 = SURFACE_STYLE_USAGE ( .BOTH. , #3986 ) ;
#4926 = ORIENTED_EDGE ( 'NONE', *, *, #3326, .T. ) ;
#4927 = DIRECTION ( 'NONE',  ( 0.0000000000000000000, 1.000000000000000000, -1.215986738798339900E-016 ) ) ;
#4928 = VERTEX_POINT ( 'NONE', #5416 ) ;
#4929 = FACE_OUTER_BOUND ( 'NONE', #2534, .T. ) ;
#4930 = EDGE_CURVE ( 'NONE', #476, #3471, #4561, .T. ) ;
#4931 = EDGE_CURVE ( 'NONE', #5918, #2729, #1712, .T. ) ;
#4932 = CARTESIAN_POINT ( 'NONE',  ( 3.805979689714369800, 0.06434730280394750100, 11.25978840857985800 ) ) ;
#4933 = EDGE_CURVE ( 'NONE', #4244, #1505, #2755, .T. ) ;
#4934 = DIRECTION ( 'NONE',  ( 0.0000000000000000000, 0.0000000000000000000, 1.000000000000000000 ) ) ;
#4935 = ORIENTED_EDGE ( 'NONE', *, *, #3441, .F. ) ;
#4936 =( NAMED_UNIT ( * ) PLANE_ANGLE_UNIT ( ) SI_UNIT ( $, .RADIAN. ) );
#4937 = DIRECTION ( 'NONE',  ( 0.0000000000000000000, 1.000000000000000000, 0.0000000000000000000 ) ) ;
#4938 = ADVANCED_FACE ( 'NONE', ( #1005 ), #4457, .T. ) ;
#4939 = EDGE_CURVE ( 'NONE', #261, #5213, #4083, .T. ) ;
#4940 = VECTOR ( 'NONE', #3094, 1000.000000000000000 ) ;
#4941 = CARTESIAN_POINT ( 'NONE',  ( -4.999999999999992900, 7.900000000000000400, -12.00857864376269100 ) ) ;
#4942 = CARTESIAN_POINT ( 'NONE',  ( -3.629999999999866200, -6.200000000000000200, 1.270000000000003800 ) ) ;
#4943 = ORIENTED_EDGE ( 'NONE', *, *, #432, .T. ) ;
#4944 = LINE ( 'NONE', #370, #2254 ) ;
#4945 = ORIENTED_EDGE ( 'NONE', *, *, #3923, .T. ) ;
#4946 = FILL_AREA_STYLE_COLOUR ( '', #4354 ) ;
#4947 = AXIS2_PLACEMENT_3D ( 'NONE', #2779, #787, #1777 ) ;
#4948 = VERTEX_POINT ( 'NONE', #1533 ) ;
#4949 = PLANE ( 'NONE',  #5442 ) ;
#4950 = ORIENTED_EDGE ( 'NONE', *, *, #1043, .F. ) ;
#4951 = DIRECTION ( 'NONE',  ( 0.0000000000000000000, 0.0000000000000000000, -1.000000000000000000 ) ) ;
#4952 = CARTESIAN_POINT ( 'NONE',  ( 3.630000000000106900, -6.200000000000000200, -1.044999999999996800 ) ) ;
#4953 = EDGE_LOOP ( 'NONE', ( #3338, #1945, #3898, #2597, #3309 ) ) ;
#4954 = CARTESIAN_POINT ( 'NONE',  ( 3.630000000000186900, -6.200000000000000200, 6.575000000000002800 ) ) ;
#4955 = ORIENTED_EDGE ( 'NONE', *, *, #3708, .F. ) ;
#4956 = VERTEX_POINT ( 'NONE', #4389 ) ;
#4957 = COLOUR_RGB ( '',0.7921568627450980000, 0.8196078431372548800, 0.9333333333333333500 ) ;
#4958 = MECHANICAL_DESIGN_GEOMETRIC_PRESENTATION_REPRESENTATION (  '', ( #4748 ), #1697 ) ;
#4959 = ORIENTED_EDGE ( 'NONE', *, *, #2801, .T. ) ;
#4960 = DIRECTION ( 'NONE',  ( 0.0000000000000000000, 0.0000000000000000000, 1.000000000000000000 ) ) ;
#4961 = CARTESIAN_POINT ( 'NONE',  ( -2.499999999999969800, 6.899999999999999500, -8.019999999999999600 ) ) ;
#4962 = FACE_OUTER_BOUND ( 'NONE', #290, .T. ) ;
#4963 = EDGE_CURVE ( 'NONE', #396, #6475, #1233, .T. ) ;
#4964 = DIRECTION ( 'NONE',  ( 0.0000000000000000000, 1.000000000000000000, 0.0000000000000000000 ) ) ;
#4965 = ORIENTED_EDGE ( 'NONE', *, *, #6027, .T. ) ;
#4966 = DIRECTION ( 'NONE',  ( 0.0000000000000000000, 1.000000000000000000, 0.0000000000000000000 ) ) ;
#4967 = ADVANCED_FACE ( 'NONE', ( #1567 ), #4061, .F. ) ;
#4968 = LINE ( 'NONE', #1694, #3715 ) ;
#4969 = SURFACE_SIDE_STYLE ('',( #2727 ) ) ;
#4970 = VERTEX_POINT ( 'NONE', #2012 ) ;
#4971 = CARTESIAN_POINT ( 'NONE',  ( -3.586232610621707300, 0.1034274948450651700, 11.20500000000000900 ) ) ;
#4972 = EDGE_LOOP ( 'NONE', ( #5890, #5957, #1669, #6039 ) ) ;
#4973 = AXIS2_PLACEMENT_3D ( 'NONE', #6172, #673, #142 ) ;
#4974 = VERTEX_POINT ( 'NONE', #3017 ) ;
#4975 = EDGE_CURVE ( 'NONE', #2582, #2263, #4723, .T. ) ;
#4976 = DIRECTION ( 'NONE',  ( 1.000000000000000000, 0.0000000000000000000, 0.0000000000000000000 ) ) ;
#4977 = VECTOR ( 'NONE', #1857, 1000.000000000000000 ) ;
#4978 = VECTOR ( 'NONE', #1214, 1000.000000000000100 ) ;
#4979 = AXIS2_PLACEMENT_3D ( 'NONE', #1252, #2234, #3273 ) ;
#4980 = ORIENTED_EDGE ( 'NONE', *, *, #1751, .T. ) ;
#4981 = ADVANCED_FACE ( 'NONE', ( #3128 ), #5481, .T. ) ;
#4982 = APPLICATION_PROTOCOL_DEFINITION ( 'draft international standard', 'automotive_design', 1998, #4562 ) ;
#4983 = CIRCLE ( 'NONE', #3676, 0.2249999999999995100 ) ;
#4984 = CYLINDRICAL_SURFACE ( 'NONE', #944, 0.2249999999999999500 ) ;
#4985 = FILL_AREA_STYLE ('',( #1433 ) ) ;
#4986 = DIRECTION ( 'NONE',  ( -1.000000000000000000, 0.0000000000000000000, 2.492418787322998300E-016 ) ) ;
#4987 = DIRECTION ( 'NONE',  ( 1.000000000000000000, 0.0000000000000000000, 0.0000000000000000000 ) ) ;
#4988 = DIRECTION ( 'NONE',  ( 0.0000000000000000000, -1.000000000000000000, 0.0000000000000000000 ) ) ;
#4989 = VECTOR ( 'NONE', #6120, 1000.000000000000000 ) ;
#4990 = FACE_OUTER_BOUND ( 'NONE', #1656, .T. ) ;
#4991 = ORIENTED_EDGE ( 'NONE', *, *, #5623, .F. ) ;
#4992 = DIRECTION ( 'NONE',  ( 0.0000000000000000000, 0.0000000000000000000, 1.000000000000000000 ) ) ;
#4993 = CARTESIAN_POINT ( 'NONE',  ( 2.289071048146349900, 1.100000000000001900, -12.75000000000000200 ) ) ;
#4994 = LINE ( 'NONE', #3889, #3813 ) ;
#4995 = ORIENTED_EDGE ( 'NONE', *, *, #5419, .F. ) ;
#4996 = DIRECTION ( 'NONE',  ( -0.0000000000000000000, -0.0000000000000000000, 1.000000000000000000 ) ) ;
#4997 = PRESENTATION_LAYER_ASSIGNMENT (  '', '', ( #4878 ) ) ;
#4998 = DIRECTION ( 'NONE',  ( 0.0000000000000000000, -0.0000000000000000000, -1.000000000000000000 ) ) ;
#4999 = MANIFOLD_SOLID_BREP ( 'Split1[8]', #5191 ) ;
#5000 = VECTOR ( 'NONE', #5117, 1000.000000000000000 ) ;
#5001 = ADVANCED_FACE ( 'NONE', ( #3531 ), #5264, .T. ) ;
#5002 = ORIENTED_EDGE ( 'NONE', *, *, #4323, .F. ) ;
#5003 = VECTOR ( 'NONE', #3872, 1000.000000000000000 ) ;
#5004 = MECHANICAL_DESIGN_GEOMETRIC_PRESENTATION_REPRESENTATION (  '', ( #898 ), #696 ) ;
#5005 = DIRECTION ( 'NONE',  ( 0.0000000000000000000, 1.000000000000000000, 0.0000000000000000000 ) ) ;
#5006 = VERTEX_POINT ( 'NONE', #55 ) ;
#5007 = ORIENTED_EDGE ( 'NONE', *, *, #4844, .T. ) ;
#5008 = LINE ( 'NONE', #5926, #4701 ) ;
#5009 = DIRECTION ( 'NONE',  ( 0.0000000000000000000, 1.000000000000000000, -1.215986738798339900E-016 ) ) ;
#5010 =( LENGTH_UNIT ( ) NAMED_UNIT ( * ) SI_UNIT ( .MILLI., .METRE. ) );
#5012 = EDGE_CURVE ( 'NONE', #3038, #3037, #4, .T. ) ;
#5011 = DIRECTION ( 'NONE',  ( 0.0000000000000000000, 1.000000000000000000, 0.0000000000000000000 ) ) ;
#5013 = EDGE_CURVE ( 'NONE', #3405, #127, #3048, .T. ) ;
#5014 = LINE ( 'NONE', #622, #2706 ) ;
#5015 = ADVANCED_FACE ( 'NONE', ( #3364 ), #527, .F. ) ;
#5016 = CARTESIAN_POINT ( 'NONE',  ( 3.630000000000080300, -6.200000000000000200, -3.809999999999997400 ) ) ;
#5017 = EDGE_CURVE ( 'NONE', #667, #2355, #6414, .T. ) ;
#5018 = CARTESIAN_POINT ( 'NONE',  ( -5.099999999999998800, 1.099999999999999000, -9.807856876076018100 ) ) ;
#5019 = DIRECTION ( 'NONE',  ( 0.0000000000000000000, 1.000000000000000000, 0.0000000000000000000 ) ) ;
#5020 = CARTESIAN_POINT ( 'NONE',  ( -2.499999999999756600, 6.900000000000000400, 12.30000000000000200 ) ) ;
#5021 = PLANE ( 'NONE',  #1102 ) ;
#5022 = EDGE_LOOP ( 'NONE', ( #1750, #6438, #4869, #2735 ) ) ;
#5023 = FACE_OUTER_BOUND ( 'NONE', #604, .T. ) ;
#5024 = EDGE_CURVE ( 'NONE', #6213, #1074, #5869, .T. ) ;
#5025 = VERTEX_POINT ( 'NONE', #4993 ) ;
#5026 = CLOSED_SHELL ( 'NONE', ( #4436, #510, #3371, #1891 ) ) ;
#5027 = CARTESIAN_POINT ( 'NONE',  ( -2.289071048146349900, 1.100000000000001900, 12.74999999999999800 ) ) ;
#5028 = VECTOR ( 'NONE', #3130, 1000.000000000000000 ) ;
#5029 = VERTEX_POINT ( 'NONE', #6461 ) ;
#5030 = CARTESIAN_POINT ( 'NONE',  ( -2.499999999999942700, 7.900000000000000400, -5.479999999999999500 ) ) ;
#5031 = ORIENTED_EDGE ( 'NONE', *, *, #5701, .F. ) ;
#5032 = PLANE ( 'NONE',  #950 ) ;
#5033 = ORIENTED_EDGE ( 'NONE', *, *, #5680, .T. ) ;
#5034 = VECTOR ( 'NONE', #5011, 1000.000000000000000 ) ;
#5035 = FILL_AREA_STYLE ('',( #3934 ) ) ;
#5036 = ADVANCED_FACE ( 'NONE', ( #2337 ), #2993, .F. ) ;
#5037 = DIRECTION ( 'NONE',  ( 2.492418787322998300E-016, 0.0000000000000000000, 1.000000000000000000 ) ) ;
#5038 = MECHANICAL_DESIGN_GEOMETRIC_PRESENTATION_REPRESENTATION (  '', ( #2992 ), #728 ) ;
#5039 = ORIENTED_EDGE ( 'NONE', *, *, #3533, .T. ) ;
#5040 = ORIENTED_EDGE ( 'NONE', *, *, #3490, .F. ) ;
#5041 = VERTEX_POINT ( 'NONE', #4522 ) ;
#5042 = PLANE ( 'NONE',  #3271 ) ;
#5043 = CARTESIAN_POINT ( 'NONE',  ( 3.630000000000160200, -6.200000000000000200, 3.810000000000002700 ) ) ;
#5044 = SURFACE_STYLE_USAGE ( .BOTH. , #36 ) ;
#5045 = ADVANCED_FACE ( 'NONE', ( #2040 ), #468, .T. ) ;
#5046 = ORIENTED_EDGE ( 'NONE', *, *, #3359, .F. ) ;
#5047 = AXIS2_PLACEMENT_3D ( 'NONE', #6408, #985, #6456 ) ;
#5048 = FACE_OUTER_BOUND ( 'NONE', #519, .T. ) ;
#5049 = ADVANCED_FACE ( 'NONE', ( #5646 ), #5488, .T. ) ;
#5050 = DIRECTION ( 'NONE',  ( 0.0000000000000000000, 1.000000000000000000, -1.215986738798339900E-016 ) ) ;
#5051 = CARTESIAN_POINT ( 'NONE',  ( -3.629999999999813400, -6.200000000000000200, 6.575000000000002800 ) ) ;
#5052 = DIRECTION ( 'NONE',  ( -0.7071067811865471300, 0.0000000000000000000, -0.7071067811865479100 ) ) ;
#5053 = DIRECTION ( 'NONE',  ( 0.0000000000000000000, 1.000000000000000000, -1.215986738798339900E-016 ) ) ;
#5054 = VERTEX_POINT ( 'NONE', #6056 ) ;
#5055 = EDGE_CURVE ( 'NONE', #4500, #1308, #3849, .T. ) ;
#5056 = EDGE_CURVE ( 'NONE', #639, #562, #323, .T. ) ;
#5057 = VECTOR ( 'NONE', #20, 1000.000000000000000 ) ;
#5058 = EDGE_CURVE ( 'NONE', #1410, #4502, #163, .T. ) ;
#5059 = ORIENTED_EDGE ( 'NONE', *, *, #862, .T. ) ;
#5060 = PLANE ( 'NONE',  #5376 ) ;
#5061 = ORIENTED_EDGE ( 'NONE', *, *, #553, .F. ) ;
#5062 = CARTESIAN_POINT ( 'NONE',  ( 3.630000000000000300, 1.099999999999998800, -11.20499999999999800 ) ) ;
#5063 =( GEOMETRIC_REPRESENTATION_CONTEXT ( 3 ) GLOBAL_UNCERTAINTY_ASSIGNED_CONTEXT ( ( #1958 ) ) GLOBAL_UNIT_ASSIGNED_CONTEXT ( ( #281, #4327, #5386 ) ) REPRESENTATION_CONTEXT ( 'NONE', 'WORKASPACE' ) );
#5064 = DIRECTION ( 'NONE',  ( 0.0000000000000000000, 1.000000000000000000, 0.0000000000000000000 ) ) ;
#5065 = SURFACE_STYLE_FILL_AREA ( #3742 ) ;
#5066 = CARTESIAN_POINT ( 'NONE',  ( -2.499999999999996400, -20.30459520007603700, -12.30000000000000100 ) ) ;
#5067 = EDGE_CURVE ( 'NONE', #1938, #2019, #3701, .T. ) ;
#5068 = CARTESIAN_POINT ( 'NONE',  ( -4.358578643762681900, 6.900000000000000400, -12.65000000000000200 ) ) ;
#5069 = CARTESIAN_POINT ( 'NONE',  ( 2.500000000000030200, 6.900000000000000400, -9.759999999999999800 ) ) ;
#5070 = FACE_OUTER_BOUND ( 'NONE', #5306, .T. ) ;
#5071 = FILL_AREA_STYLE ('',( #3111 ) ) ;
#5072 = ORIENTED_EDGE ( 'NONE', *, *, #2420, .F. ) ;
#5073 = ADVANCED_FACE ( 'NONE', ( #1798 ), #2645, .F. ) ;
#5074 = LINE ( 'NONE', #6298, #1361 ) ;
#5075 = DIRECTION ( 'NONE',  ( 0.0000000000000000000, 0.0000000000000000000, 1.000000000000000000 ) ) ;
#5076 = VECTOR ( 'NONE', #3881, 1000.000000000000000 ) ;
#5077 = PLANE ( 'NONE',  #2054 ) ;
#5078 = ORIENTED_EDGE ( 'NONE', *, *, #4550, .F. ) ;
#5079 = CARTESIAN_POINT ( 'NONE',  ( 3.805979689714134900, 0.06434730280394758400, -11.25978840857985300 ) ) ;
#5080 = CARTESIAN_POINT ( 'NONE',  ( 3.630000000000213100, -6.200000000000000200, 8.890000000000004100 ) ) ;
#5081 = ORIENTED_EDGE ( 'NONE', *, *, #128, .F. ) ;
#5082 = ADVANCED_FACE ( 'NONE', ( #684 ), #633, .F. ) ;
#5083 = AXIS2_PLACEMENT_3D ( 'NONE', #4606, #4245, #211 ) ;
#5084 = MANIFOLD_SOLID_BREP ( 'Boss-Extrude3[12]', #3396 ) ;
#5085 = LINE ( 'NONE', #6106, #2454 ) ;
#5086 = PLANE ( 'NONE',  #4583 ) ;
#5087 = ORIENTED_EDGE ( 'NONE', *, *, #6362, .F. ) ;
#5088 = LINE ( 'NONE', #2695, #3245 ) ;
#5089 = DIRECTION ( 'NONE',  ( 0.0000000000000000000, -1.000000000000000000, 0.0000000000000000000 ) ) ;
#5090 = DIRECTION ( 'NONE',  ( 1.000000000000000000, 0.0000000000000000000, -4.984837574645996500E-016 ) ) ;
#5091 = FILL_AREA_STYLE_COLOUR ( '', #2799 ) ;
#5092 = MANIFOLD_SOLID_BREP ( 'Boss-Extrude3[11]', #3360 ) ;
#5093 = ORIENTED_EDGE ( 'NONE', *, *, #5356, .T. ) ;
#5094 = CARTESIAN_POINT ( 'NONE',  ( 5.100000000000000500, 0.0000000000000000000, -11.35000000000000100 ) ) ;
#5095 = VERTEX_POINT ( 'NONE', #2561 ) ;
#5096 = DIRECTION ( 'NONE',  ( 0.0000000000000000000, 1.000000000000000000, 0.0000000000000000000 ) ) ;
#5097 = CARTESIAN_POINT ( 'NONE',  ( -3.629999999999840000, -6.200000000000000200, 3.810000000000002700 ) ) ;
#5098 = PLANE ( 'NONE',  #5555 ) ;
#5099 = VERTEX_POINT ( 'NONE', #3588 ) ;
#5100 = PRESENTATION_STYLE_ASSIGNMENT (( #3234 ) ) ;
#5101 = AXIS2_PLACEMENT_3D ( 'NONE', #5591, #5109, #5037 ) ;
#5102 = CARTESIAN_POINT ( 'NONE',  ( -3.629999999999760100, -6.200000000000000200, 11.43000000000000500 ) ) ;
#5103 = CARTESIAN_POINT ( 'NONE',  ( -2.499999999999810400, 7.900000000000000400, 5.480000000000000400 ) ) ;
#5104 = AXIS2_PLACEMENT_3D ( 'NONE', #3152, #2113, #6129 ) ;
#5105 = LINE ( 'NONE', #93, #4225 ) ;
#5106 = ORIENTED_EDGE ( 'NONE', *, *, #3790, .T. ) ;
#5107 = PLANE ( 'NONE',  #4241 ) ;
#5108 = ADVANCED_FACE ( 'NONE', ( #1315 ), #4108, .F. ) ;
#5110 = STYLED_ITEM ( 'NONE', ( #2965 ), #786 ) ;
#5109 = DIRECTION ( 'NONE',  ( -1.000000000000000000, 0.0000000000000000000, 2.492418787322998300E-016 ) ) ;
#5111 = EDGE_CURVE ( 'NONE', #5025, #2052, #318, .T. ) ;
#5112 = CARTESIAN_POINT ( 'NONE',  ( -3.629999999999920000, 1.099999999999999900, -3.809999999999997400 ) ) ;
#5113 = EDGE_CURVE ( 'NONE', #504, #3286, #5792, .T. ) ;
#5114 = ORIENTED_EDGE ( 'NONE', *, *, #5751, .T. ) ;
#5115 = EDGE_LOOP ( 'NONE', ( #3768, #2408, #1618, #2233 ) ) ;
#5116 = AXIS2_PLACEMENT_3D ( 'NONE', #1721, #5251, #4811 ) ;
#5117 = DIRECTION ( 'NONE',  ( 0.0000000000000000000, 0.0000000000000000000, -1.000000000000000000 ) ) ;
#5118 = ADVANCED_FACE ( 'NONE', ( #4472 ), #3525, .T. ) ;
#5119 = VERTEX_POINT ( 'NONE', #5214 ) ;
#5120 = CARTESIAN_POINT ( 'NONE',  ( 2.500000000000003600, -20.30459520007603700, -12.30000000000000100 ) ) ;
#5121 = ORIENTED_EDGE ( 'NONE', *, *, #4686, .T. ) ;
#5122 = VECTOR ( 'NONE', #3974, 1000.000000000000000 ) ;
#5123 = EDGE_LOOP ( 'NONE', ( #3331, #1423, #61, #3223 ) ) ;
#5124 = ADVANCED_FACE ( 'NONE', ( #6251 ), #3191, .F. ) ;
#5125 = ORIENTED_EDGE ( 'NONE', *, *, #5989, .T. ) ;
#5126 = DIRECTION ( 'NONE',  ( 0.0000000000000000000, -0.0000000000000000000, 1.000000000000000000 ) ) ;
#5127 = CARTESIAN_POINT ( 'NONE',  ( -3.629999999999866200, 1.100000000000000300, 1.045000000000003900 ) ) ;
#5128 = VERTEX_POINT ( 'NONE', #5696 ) ;
#5129 = VECTOR ( 'NONE', #6089, 1000.000000000000000 ) ;
#5130 =( BOUNDED_CURVE ( )  B_SPLINE_CURVE ( 3, ( #849, #909, #4443, #364 ),
 .UNSPECIFIED., .F., .T. ) 
 B_SPLINE_CURVE_WITH_KNOTS ( ( 4, 4 ),
 ( 2.146275322271920000, 4.578657390974739400 ),
 .UNSPECIFIED. ) 
 CURVE ( )  GEOMETRIC_REPRESENTATION_ITEM ( )  RATIONAL_B_SPLINE_CURVE ( ( 1.000000000000000000, 0.5648134946764420400, 0.5648134946764420400, 1.000000000000000000 ) ) 
 REPRESENTATION_ITEM ( '' )  );
#5131 = ORIENTED_EDGE ( 'NONE', *, *, #5197, .F. ) ;
#5132 = PLANE ( 'NONE',  #2452 ) ;
#5133 = VECTOR ( 'NONE', #3747, 1000.000000000000000 ) ;
#5134 = PRESENTATION_LAYER_ASSIGNMENT (  '', '', ( #2992 ) ) ;
#5135 = CARTESIAN_POINT ( 'NONE',  ( -3.629999999999813400, -6.200000000000000200, 6.350000000000003200 ) ) ;
#5136 = CARTESIAN_POINT ( 'NONE',  ( -3.629999999999840000, -6.200000000000000200, 3.810000000000002700 ) ) ;
#5137 = DIRECTION ( 'NONE',  ( -1.000000000000000000, -0.0000000000000000000, 0.0000000000000000000 ) ) ;
#5138 = ORIENTED_EDGE ( 'NONE', *, *, #3788, .F. ) ;
#5139 = CARTESIAN_POINT ( 'NONE',  ( 3.630000000000213100, 1.100000000000001200, 8.890000000000004100 ) ) ;
#5140 = CARTESIAN_POINT ( 'NONE',  ( -2.499999999999836600, -20.30459520007603700, 4.679999999999999700 ) ) ;
#5141 = VECTOR ( 'NONE', #4635, 1000.000000000000000 ) ;
#5142 = DIRECTION ( 'NONE',  ( 0.0000000000000000000, 1.000000000000000000, 0.0000000000000000000 ) ) ;
#5143 = CLOSED_SHELL ( 'NONE', ( #6488, #5618, #1965, #3469, #1952, #450 ) ) ;
#5144 = ORIENTED_EDGE ( 'NONE', *, *, #4158, .T. ) ;
#5145 = ORIENTED_EDGE ( 'NONE', *, *, #6116, .F. ) ;
#5146 = COLOUR_RGB ( '',0.7921568627450980000, 0.8196078431372548800, 0.9333333333333333500 ) ;
#5147 = CIRCLE ( 'NONE', #2712, 0.2249999999999995100 ) ;
#5148 = PLANE ( 'NONE',  #4267 ) ;
#5149 = VERTEX_POINT ( 'NONE', #4236 ) ;
#5150 = EDGE_CURVE ( 'NONE', #6494, #3405, #1155, .T. ) ;
#5151 = EDGE_CURVE ( 'NONE', #5482, #4695, #5193, .T. ) ;
#5152 = ADVANCED_FACE ( 'NONE', ( #6328 ), #182, .F. ) ;
#5153 = EDGE_CURVE ( 'NONE', #3847, #5952, #155, .T. ) ;
#5154 = DIRECTION ( 'NONE',  ( 0.0000000000000000000, 0.0000000000000000000, 1.000000000000000000 ) ) ;
#5155 = PLANE ( 'NONE',  #4214 ) ;
#5156 = DIRECTION ( 'NONE',  ( 0.0000000000000000000, -0.0000000000000000000, 1.000000000000000000 ) ) ;
#5157 = FACE_OUTER_BOUND ( 'NONE', #5164, .T. ) ;
#5158 = ORIENTED_EDGE ( 'NONE', *, *, #4468, .F. ) ;
#5159 = CARTESIAN_POINT ( 'NONE',  ( 2.500000000000216300, 7.900000000000000400, 8.020000000000001400 ) ) ;
#5160 = EDGE_CURVE ( 'NONE', #431, #1649, #1788, .T. ) ;
#5161 = CARTESIAN_POINT ( 'NONE',  ( -2.499999999999942700, -20.30459520007603700, -5.479999999999999500 ) ) ;
#5162 = CARTESIAN_POINT ( 'NONE',  ( 2.500000000000084400, -20.30459520007603700, -2.939999999999999900 ) ) ;
#5163 = PRESENTATION_STYLE_ASSIGNMENT (( #210 ) ) ;
#5164 = EDGE_LOOP ( 'NONE', ( #4197, #5199 ) ) ;
#5165 = CARTESIAN_POINT ( 'NONE',  ( -2.499999999999756600, 6.900000000000000400, 12.30000000000000200 ) ) ;
#5166 = VECTOR ( 'NONE', #5951, 1000.000000000000000 ) ;
#5167 = CARTESIAN_POINT ( 'NONE',  ( 3.630000000000053200, -6.200000000000000200, -6.349999999999997000 ) ) ;
#5168 = ORIENTED_EDGE ( 'NONE', *, *, #3009, .F. ) ;
#5169 = CIRCLE ( 'NONE', #1887, 0.2249999999999995100 ) ;
#5170 =( LENGTH_UNIT ( ) NAMED_UNIT ( * ) SI_UNIT ( .MILLI., .METRE. ) );
#5171 = CARTESIAN_POINT ( 'NONE',  ( 2.500000000000190500, 6.900000000000000400, 7.220000000000000600 ) ) ;
#5172 = ORIENTED_EDGE ( 'NONE', *, *, #2641, .T. ) ;
#5173 = DIRECTION ( 'NONE',  ( 0.0000000000000000000, 1.215986738798339900E-016, 1.000000000000000000 ) ) ;
#5174 = EDGE_LOOP ( 'NONE', ( #4661, #3598, #3753, #3792 ) ) ;
#5175 = DIRECTION ( 'NONE',  ( -0.0000000000000000000, 1.000000000000000000, 0.0000000000000000000 ) ) ;
#5176 = DIRECTION ( 'NONE',  ( -4.984837574645996500E-016, 0.0000000000000000000, -1.000000000000000000 ) ) ;
#5177 = DIRECTION ( 'NONE',  ( -1.000000000000000000, -0.0000000000000000000, -0.0000000000000000000 ) ) ;
#5178 = ADVANCED_FACE ( 'NONE', ( #5639 ), #2193, .F. ) ;
#5179 = VECTOR ( 'NONE', #997, 1000.000000000000000 ) ;
#5180 = DIRECTION ( 'NONE',  ( -4.984837574645996500E-016, 0.0000000000000000000, -1.000000000000000000 ) ) ;
#5181 = EDGE_CURVE ( 'NONE', #2100, #89, #2655, .T. ) ;
#5182 = EDGE_CURVE ( 'NONE', #4136, #1709, #843, .T. ) ;
#5183 = ORIENTED_EDGE ( 'NONE', *, *, #1175, .T. ) ;
#5184 = DIRECTION ( 'NONE',  ( -0.0000000000000000000, 1.000000000000000000, -0.0000000000000000000 ) ) ;
#5185 = VECTOR ( 'NONE', #3523, 1000.000000000000000 ) ;
#5186 = ORIENTED_EDGE ( 'NONE', *, *, #4159, .T. ) ;
#5187 = CARTESIAN_POINT ( 'NONE',  ( -2.499999999999756600, 6.900000000000000400, 12.30000000000000200 ) ) ;
#5188 = EDGE_CURVE ( 'NONE', #3050, #6302, #1642, .T. ) ;
#5189 = DIRECTION ( 'NONE',  ( 2.492418787322998300E-016, -0.0000000000000000000, 1.000000000000000000 ) ) ;
#5190 = AXIS2_PLACEMENT_3D ( 'NONE', #1435, #3527, #1955 ) ;
#5191 = CLOSED_SHELL ( 'NONE', ( #1543, #3942, #5015, #3016, #4938, #4049 ) ) ;
#5192 = VERTEX_POINT ( 'NONE', #5715 ) ;
#5193 = LINE ( 'NONE', #688, #2961 ) ;
#5194 = AXIS2_PLACEMENT_3D ( 'NONE', #1015, #566, #2556 ) ;
#5195 = EDGE_LOOP ( 'NONE', ( #5428, #5876, #6095, #5502, #3842, #6088 ) ) ;
#5196 = CARTESIAN_POINT ( 'NONE',  ( -3.629999999999840000, -6.200000000000000200, 3.585000000000002600 ) ) ;
#5197 = EDGE_CURVE ( 'NONE', #4518, #168, #2031, .T. ) ;
#5198 = PLANE ( 'NONE',  #631 ) ;
#5199 = ORIENTED_EDGE ( 'NONE', *, *, #5391, .F. ) ;
#5200 = CARTESIAN_POINT ( 'NONE',  ( -2.499999999999889900, 6.900000000000000400, -0.3999999999999993000 ) ) ;
#5201 = ORIENTED_EDGE ( 'NONE', *, *, #4592, .F. ) ;
#5202 = LINE ( 'NONE', #2398, #2122 ) ;
#5203 = AXIS2_PLACEMENT_3D ( 'NONE', #4452, #4964, #1941 ) ;
#5204 = DIRECTION ( 'NONE',  ( 0.0000000000000000000, 0.0000000000000000000, 1.000000000000000000 ) ) ;
#5205 = VECTOR ( 'NONE', #5525, 1000.000000000000000 ) ;
#5206 = PLANE ( 'NONE',  #6306 ) ;
#5207 = ORIENTED_EDGE ( 'NONE', *, *, #672, .T. ) ;
#5208 = LINE ( 'NONE', #3379, #2424 ) ;
#5209 = CARTESIAN_POINT ( 'NONE',  ( -3.629999999999999400, 1.099999999999998800, -11.20499999999999800 ) ) ;
#5210 = DIRECTION ( 'NONE',  ( 2.492418787322998300E-016, -0.0000000000000000000, 1.000000000000000000 ) ) ;
#5211 = ORIENTED_EDGE ( 'NONE', *, *, #792, .F. ) ;
#5212 = ORIENTED_EDGE ( 'NONE', *, *, #4370, .T. ) ;
#5213 = VERTEX_POINT ( 'NONE', #1077 ) ;
#5214 = CARTESIAN_POINT ( 'NONE',  ( 2.500000000000189600, 6.900000000000000400, 5.480000000000000400 ) ) ;
#5215 = DIRECTION ( 'NONE',  ( 0.0000000000000000000, 1.215986738798339900E-016, 1.000000000000000000 ) ) ;
#5216 = EDGE_LOOP ( 'NONE', ( #3217, #1582, #2375, #5201 ) ) ;
#5217 = VERTEX_POINT ( 'NONE', #3116 ) ;
#5218 = EDGE_LOOP ( 'NONE', ( #1851, #157 ) ) ;
#5219 = CARTESIAN_POINT ( 'NONE',  ( 2.500000000000190500, -20.30459520007603700, 7.220000000000000600 ) ) ;
#5220 = CIRCLE ( 'NONE', #353, 0.2249999999999999500 ) ;
#5221 = FACE_OUTER_BOUND ( 'NONE', #1970, .T. ) ;
#5222 = FILL_AREA_STYLE ('',( #1031 ) ) ;
#5223 = DIRECTION ( 'NONE',  ( -0.0000000000000000000, 1.000000000000000000, -0.0000000000000000000 ) ) ;
#5224 = VECTOR ( 'NONE', #4581, 1000.000000000000000 ) ;
#5225 = ORIENTED_EDGE ( 'NONE', *, *, #3218, .T. ) ;
#5226 = ORIENTED_EDGE ( 'NONE', *, *, #4324, .T. ) ;
#5227 = EDGE_CURVE ( 'NONE', #588, #5963, #6493, .T. ) ;
#5228 = EDGE_CURVE ( 'NONE', #1606, #2518, #4716, .T. ) ;
#5229 = EDGE_CURVE ( 'NONE', #1707, #220, #4308, .T. ) ;
#5230 = SURFACE_STYLE_FILL_AREA ( #5035 ) ;
#5232 = CARTESIAN_POINT ( 'NONE',  ( 3.630000000000106900, 1.100000000000000100, -1.269999999999996900 ) ) ;
#5231 = LINE ( 'NONE', #6428, #1749 ) ;
#5233 = VERTEX_POINT ( 'NONE', #2403 ) ;
#5234 = DIRECTION ( 'NONE',  ( -0.0000000000000000000, 1.000000000000000000, -0.0000000000000000000 ) ) ;
#5235 = AXIS2_PLACEMENT_3D ( 'NONE', #1868, #363, #2862 ) ;
#5236 = FILL_AREA_STYLE ('',( #1702 ) ) ;
#5237 = DIRECTION ( 'NONE',  ( 2.492418787322998300E-016, 0.0000000000000000000, 1.000000000000000000 ) ) ;
#5238 = ORIENTED_EDGE ( 'NONE', *, *, #3533, .F. ) ;
#5239 = LINE ( 'NONE', #2316, #4848 ) ;
#5240 =( LENGTH_UNIT ( ) NAMED_UNIT ( * ) SI_UNIT ( .MILLI., .METRE. ) );
#5241 = DIRECTION ( 'NONE',  ( 1.000000000000000000, 0.0000000000000000000, 0.0000000000000000000 ) ) ;
#5242 = VERTEX_POINT ( 'NONE', #2979 ) ;
#5243 = ORIENTED_EDGE ( 'NONE', *, *, #2971, .T. ) ;
#5244 = LINE ( 'NONE', #6431, #6226 ) ;
#5245 = DIRECTION ( 'NONE',  ( -2.462239309748130900E-016, 0.0000000000000000000, 1.000000000000000000 ) ) ;
#5246 = CARTESIAN_POINT ( 'NONE',  ( 5.000000000000000900, -20.30459520007603700, -12.65000000000000000 ) ) ;
#5247 = ORIENTED_EDGE ( 'NONE', *, *, #3709, .F. ) ;
#5248 = PLANE ( 'NONE',  #3470 ) ;
#5249 = DIRECTION ( 'NONE',  ( 0.0000000000000000000, -0.0000000000000000000, 1.000000000000000000 ) ) ;
#5250 = DIRECTION ( 'NONE',  ( 0.0000000000000000000, 1.000000000000000000, -1.215986738798339900E-016 ) ) ;
#5251 = DIRECTION ( 'NONE',  ( -0.0000000000000000000, 1.000000000000000000, 0.0000000000000000000 ) ) ;
#5252 = FACE_BOUND ( 'NONE', #1097, .T. ) ;
#5253 = CARTESIAN_POINT ( 'NONE',  ( 3.630000000000239700, 0.0000000000000000000, 11.43000000000000500 ) ) ;
#5254 = AXIS2_PLACEMENT_3D ( 'NONE', #2302, #6309, #2264 ) ;
#5255 = CARTESIAN_POINT ( 'NONE',  ( 2.500000000000004400, 6.899999999999999500, -10.56000000000000000 ) ) ;
#5256 = VERTEX_POINT ( 'NONE', #6467 ) ;
#5257 = EDGE_LOOP ( 'NONE', ( #2383, #2255, #2432, #3862 ) ) ;
#5258 = FILL_AREA_STYLE_COLOUR ( '', #1239 ) ;
#5259 = AXIS2_PLACEMENT_3D ( 'NONE', #3956, #1443, #4412 ) ;
#5260 = ORIENTED_EDGE ( 'NONE', *, *, #5113, .F. ) ;
#5261 = EDGE_CURVE ( 'NONE', #1256, #3435, #2877, .T. ) ;
#5262 = PLANE ( 'NONE',  #4824 ) ;
#5263 = FACE_BOUND ( 'NONE', #709, .T. ) ;
#5264 = CYLINDRICAL_SURFACE ( 'NONE', #5771, 0.2249999999999999500 ) ;
#5265 = AXIS2_PLACEMENT_3D ( 'NONE', #6152, #147, #5180 ) ;
#5266 = ORIENTED_EDGE ( 'NONE', *, *, #1458, .T. ) ;
#5267 = CARTESIAN_POINT ( 'NONE',  ( -3.629999999999840000, 1.100000000000000800, 3.585000000000002600 ) ) ;
#5268 = ORIENTED_EDGE ( 'NONE', *, *, #3991, .F. ) ;
#5269 = VECTOR ( 'NONE', #223, 1000.000000000000000 ) ;
#5270 = SURFACE_STYLE_USAGE ( .BOTH. , #4804 ) ;
#5271 = LINE ( 'NONE', #5743, #3283 ) ;
#5272 = CARTESIAN_POINT ( 'NONE',  ( -3.599999999999998800, 0.0000000000000000000, 12.74999999999999800 ) ) ;
#5273 = EDGE_CURVE ( 'NONE', #6498, #4067, #1557, .T. ) ;
#5274 = MANIFOLD_SOLID_BREP ( 'Boss-Extrude3[17]', #6170 ) ;
#5275 = PLANE ( 'NONE',  #9 ) ;
#5276 = EDGE_LOOP ( 'NONE', ( #5145, #1305, #1206, #3695 ) ) ;
#5277 =( NAMED_UNIT ( * ) PLANE_ANGLE_UNIT ( ) SI_UNIT ( $, .RADIAN. ) );
#5278 = CARTESIAN_POINT ( 'NONE',  ( 3.630000000000027400, -6.200000000000000200, -8.664999999999997400 ) ) ;
#5279 = CIRCLE ( 'NONE', #2442, 0.2249999999999999500 ) ;
#5280 = SURFACE_STYLE_USAGE ( .BOTH. , #1333 ) ;
#5281 = MANIFOLD_SOLID_BREP ( 'Boss-Extrude3[14]', #5026 ) ;
#5282 = ORIENTED_EDGE ( 'NONE', *, *, #626, .T. ) ;
#5283 = DIRECTION ( 'NONE',  ( -1.000000000000000000, -0.0000000000000000000, -0.0000000000000000000 ) ) ;
#5284 = LINE ( 'NONE', #3812, #933 ) ;
#5285 = AXIS2_PLACEMENT_3D ( 'NONE', #1680, #3730, #2185 ) ;
#5286 = DIRECTION ( 'NONE',  ( 0.0000000000000000000, 1.000000000000000000, 0.0000000000000000000 ) ) ;
#5287 = ORIENTED_EDGE ( 'NONE', *, *, #54, .F. ) ;
#5288 = ORIENTED_EDGE ( 'NONE', *, *, #5469, .F. ) ;
#5289 = VECTOR ( 'NONE', #6292, 1000.000000000000000 ) ;
#5290 = CIRCLE ( 'NONE', #5836, 0.2249999999999995100 ) ;
#5291 = CARTESIAN_POINT ( 'NONE',  ( 3.630000000000000300, 0.0000000000000000000, -11.65499999999999800 ) ) ;
#5292 = CARTESIAN_POINT ( 'NONE',  ( -3.629999999999866200, -6.200000000000000200, 1.495000000000003700 ) ) ;
#5293 = CARTESIAN_POINT ( 'NONE',  ( -2.499999999999757100, 7.900000000000000400, 10.56000000000000200 ) ) ;
#5294 = FACE_OUTER_BOUND ( 'NONE', #5276, .T. ) ;
#5295 =( NAMED_UNIT ( * ) SI_UNIT ( $, .STERADIAN. ) SOLID_ANGLE_UNIT ( ) );
#5296 = DIRECTION ( 'NONE',  ( -0.0000000000000000000, 1.000000000000000000, -0.0000000000000000000 ) ) ;
#5297 = EDGE_CURVE ( 'NONE', #404, #3571, #3816, .T. ) ;
#5298 = VECTOR ( 'NONE', #826, 1000.000000000000000 ) ;
#5299 = DIRECTION ( 'NONE',  ( 1.000000000000000000, 0.0000000000000000000, 0.0000000000000000000 ) ) ;
#5300 = FACE_OUTER_BOUND ( 'NONE', #4152, .T. ) ;
#5301 = VERTEX_POINT ( 'NONE', #1386 ) ;
#5302 = AXIS2_PLACEMENT_3D ( 'NONE', #800, #1298, #2871 ) ;
#5303 = DIRECTION ( 'NONE',  ( 0.0000000000000000000, 1.000000000000000000, 0.0000000000000000000 ) ) ;
#5304 = LINE ( 'NONE', #4263, #5383 ) ;
#5305 = DIRECTION ( 'NONE',  ( 0.0000000000000000000, 0.0000000000000000000, 1.000000000000000000 ) ) ;
#5306 = EDGE_LOOP ( 'NONE', ( #1335, #5661, #1700, #1553 ) ) ;
#5307 = AXIS2_PLACEMENT_3D ( 'NONE', #1089, #2177, #5176 ) ;
#5308 = DIRECTION ( 'NONE',  ( -2.492418787322998300E-016, 0.0000000000000000000, -1.000000000000000000 ) ) ;
#5309 = EDGE_CURVE ( 'NONE', #1223, #1563, #2091, .T. ) ;
#5310 = VECTOR ( 'NONE', #1585, 1000.000000000000000 ) ;
#5311 = PRESENTATION_LAYER_ASSIGNMENT (  '', '', ( #2267 ) ) ;
#5312 = DIRECTION ( 'NONE',  ( 0.0000000000000000000, 1.000000000000000000, 0.0000000000000000000 ) ) ;
#5313 = ORIENTED_EDGE ( 'NONE', *, *, #3532, .T. ) ;
#5314 = VECTOR ( 'NONE', #2843, 1000.000000000000000 ) ;
#5315 = ORIENTED_EDGE ( 'NONE', *, *, #5512, .F. ) ;
#5316 = CARTESIAN_POINT ( 'NONE',  ( -4.999999999999999100, 6.900000000000000400, 12.65000000000000000 ) ) ;
#5317 = VERTEX_POINT ( 'NONE', #5930 ) ;
#5318 = ORIENTED_EDGE ( 'NONE', *, *, #4138, .T. ) ;
#5319 = VECTOR ( 'NONE', #6291, 1000.000000000000000 ) ;
#5320 = CARTESIAN_POINT ( 'NONE',  ( -2.499999999999970200, 7.900000000000000400, -9.759999999999999800 ) ) ;
#5321 = LINE ( 'NONE', #1111, #5470 ) ;
#5322 = PLANE ( 'NONE',  #1898 ) ;
#5323 = CARTESIAN_POINT ( 'NONE',  ( 3.630000000000213100, 1.100000000000001200, 9.115000000000003800 ) ) ;
#5324 = PRESENTATION_LAYER_ASSIGNMENT (  '', '', ( #1584 ) ) ;
#5325 = LINE ( 'NONE', #855, #388 ) ;
#5326 = CARTESIAN_POINT ( 'NONE',  ( -3.629999999999813400, -6.200000000000000200, 6.125000000000003600 ) ) ;
#5327 = DIRECTION ( 'NONE',  ( 0.0000000000000000000, 1.000000000000000000, -1.215986738798339900E-016 ) ) ;
#5328 = ORIENTED_EDGE ( 'NONE', *, *, #1979, .F. ) ;
#5329 = AXIS2_PLACEMENT_3D ( 'NONE', #6001, #1498, #4960 ) ;
#5330 = PLANE ( 'NONE',  #4290 ) ;
#5331 = ORIENTED_EDGE ( 'NONE', *, *, #3911, .F. ) ;
#5332 = VECTOR ( 'NONE', #686, 1000.000000000000000 ) ;
#5333 = DIRECTION ( 'NONE',  ( 0.0000000000000000000, 1.000000000000000000, -1.215986738798339900E-016 ) ) ;
#5334 = VECTOR ( 'NONE', #2664, 1000.000000000000000 ) ;
#5335 = DIRECTION ( 'NONE',  ( 2.462239309748130900E-016, 0.0000000000000000000, -1.000000000000000000 ) ) ;
#5336 = ORIENTED_EDGE ( 'NONE', *, *, #512, .F. ) ;
#5337 = AXIS2_PLACEMENT_3D ( 'NONE', #2948, #824, #943 ) ;
#5338 = ORIENTED_EDGE ( 'NONE', *, *, #5751, .F. ) ;
#5339 = DIRECTION ( 'NONE',  ( 2.492418787322998300E-016, -0.0000000000000000000, 1.000000000000000000 ) ) ;
#5340 = ORIENTED_EDGE ( 'NONE', *, *, #5671, .F. ) ;
#5341 = CYLINDRICAL_SURFACE ( 'NONE', #5418, 0.2249999999999995100 ) ;
#5342 = VECTOR ( 'NONE', #2625, 1000.000000000000000 ) ;
#5343 = EDGE_CURVE ( 'NONE', #2149, #4823, #5917, .T. ) ;
#5344 = EDGE_CURVE ( 'NONE', #2722, #5149, #3171, .T. ) ;
#5345 = EDGE_CURVE ( 'NONE', #6339, #3770, #2462, .T. ) ;
#5346 = CARTESIAN_POINT ( 'NONE',  ( 2.289071048146349900, 1.100000000000001900, -12.75000000000000200 ) ) ;
#5347 = ORIENTED_EDGE ( 'NONE', *, *, #4697, .F. ) ;
#5348 = ORIENTED_EDGE ( 'NONE', *, *, #3312, .F. ) ;
#5349 = ORIENTED_EDGE ( 'NONE', *, *, #54, .T. ) ;
#5350 = VECTOR ( 'NONE', #6345, 1000.000000000000000 ) ;
#5351 = LINE ( 'NONE', #5423, #5580 ) ;
#5352 = CARTESIAN_POINT ( 'NONE',  ( 3.630000000000027400, -6.200000000000000200, -8.889999999999997000 ) ) ;
#5353 = VERTEX_POINT ( 'NONE', #1426 ) ;
#5354 = DIRECTION ( 'NONE',  ( -1.000000000000000000, -0.0000000000000000000, -0.0000000000000000000 ) ) ;
#5355 = DIRECTION ( 'NONE',  ( -0.0000000000000000000, -1.000000000000000000, -0.0000000000000000000 ) ) ;
#5356 = EDGE_CURVE ( 'NONE', #3282, #4466, #1763, .T. ) ;
#5357 = CARTESIAN_POINT ( 'NONE',  ( -3.629999999999760100, -6.200000000000000200, 11.43000000000000500 ) ) ;
#5358 = CLOSED_SHELL ( 'NONE', ( #5082, #3983, #3450, #6029, #5895, #1475 ) ) ;
#5359 = CARTESIAN_POINT ( 'NONE',  ( 3.630000000000053200, 1.099999999999999400, -6.349999999999997000 ) ) ;
#5360 = EDGE_LOOP ( 'NONE', ( #5365, #1276, #188, #1265 ) ) ;
#5361 = ADVANCED_FACE ( 'NONE', ( #2627 ), #4693, .F. ) ;
#5362 = FACE_OUTER_BOUND ( 'NONE', #2671, .T. ) ;
#5363 = CARTESIAN_POINT ( 'NONE',  ( 2.500000000000163000, 7.900000000000000400, 2.939999999999999900 ) ) ;
#5364 = ORIENTED_EDGE ( 'NONE', *, *, #590, .T. ) ;
#5365 = ORIENTED_EDGE ( 'NONE', *, *, #1752, .F. ) ;
#5366 = MECHANICAL_DESIGN_GEOMETRIC_PRESENTATION_REPRESENTATION (  '', ( #2313 ), #4441 ) ;
#5367 = DIRECTION ( 'NONE',  ( -4.984837574645996500E-016, 0.0000000000000000000, -1.000000000000000000 ) ) ;
#5368 = LINE ( 'NONE', #3020, #3796 ) ;
#5369 = CARTESIAN_POINT ( 'NONE',  ( 3.630000000000053200, 1.099999999999999400, -6.574999999999996600 ) ) ;
#5370 = VECTOR ( 'NONE', #968, 1000.000000000000000 ) ;
#5371 = VECTOR ( 'NONE', #4056, 1000.000000000000000 ) ;
#5372 = SURFACE_STYLE_FILL_AREA ( #5071 ) ;
#5373 = ORIENTED_EDGE ( 'NONE', *, *, #4324, .F. ) ;
#5374 = FILL_AREA_STYLE_COLOUR ( '', #1554 ) ;
#5375 = ORIENTED_EDGE ( 'NONE', *, *, #97, .F. ) ;
#5376 = AXIS2_PLACEMENT_3D ( 'NONE', #1061, #116, #1014 ) ;
#5377 = CARTESIAN_POINT ( 'NONE',  ( -4.358578643762681900, 6.899999999999999500, -12.65000000000000200 ) ) ;
#5378 = LINE ( 'NONE', #1960, #2691 ) ;
#5379 = ORIENTED_EDGE ( 'NONE', *, *, #6157, .T. ) ;
#5380 = EDGE_CURVE ( 'NONE', #1734, #2853, #207, .T. ) ;
#5381 = DIRECTION ( 'NONE',  ( 0.0000000000000000000, 0.0000000000000000000, 1.000000000000000000 ) ) ;
#5382 = EDGE_CURVE ( 'NONE', #3893, #926, #133, .T. ) ;
#5383 = VECTOR ( 'NONE', #6252, 1000.000000000000000 ) ;
#5384 = VERTEX_POINT ( 'NONE', #1469 ) ;
#5385 = CARTESIAN_POINT ( 'NONE',  ( -2.499999999999889900, 7.900000000000000400, -0.3999999999999993000 ) ) ;
#5386 =( NAMED_UNIT ( * ) SI_UNIT ( $, .STERADIAN. ) SOLID_ANGLE_UNIT ( ) );
#5387 = ORIENTED_EDGE ( 'NONE', *, *, #5799, .T. ) ;
#5388 = ADVANCED_FACE ( 'NONE', ( #6469 ), #1286, .T. ) ;
#5389 = ORIENTED_EDGE ( 'NONE', *, *, #2335, .T. ) ;
#5390 = VECTOR ( 'NONE', #289, 1000.000000000000000 ) ;
#5391 = EDGE_CURVE ( 'NONE', #3131, #1025, #4132, .T. ) ;
#5392 = DIRECTION ( 'NONE',  ( -1.000000000000000000, 0.0000000000000000000, -2.462239309748130900E-016 ) ) ;
#5393 = CARTESIAN_POINT ( 'NONE',  ( 3.630000000000000300, 0.1034274948450667300, -11.20499999999999800 ) ) ;
#5394 = ORIENTED_EDGE ( 'NONE', *, *, #1211, .F. ) ;
#5395 = FACE_OUTER_BOUND ( 'NONE', #1953, .T. ) ;
#5396 = PLANE ( 'NONE',  #367 ) ;
#5397 = VECTOR ( 'NONE', #3051, 1000.000000000000000 ) ;
#5398 = ORIENTED_EDGE ( 'NONE', *, *, #1636, .F. ) ;
#5399 = CARTESIAN_POINT ( 'NONE',  ( 3.630000000000000300, -6.200000000000000200, -11.65499999999999800 ) ) ;
#5400 = PLANE ( 'NONE',  #2794 ) ;
#5401 = FACE_OUTER_BOUND ( 'NONE', #456, .T. ) ;
#5402 = ORIENTED_EDGE ( 'NONE', *, *, #6338, .T. ) ;
#5403 = ORIENTED_EDGE ( 'NONE', *, *, #3229, .F. ) ;
#5404 = CARTESIAN_POINT ( 'NONE',  ( -4.358578643762681900, 6.900000000000000400, -12.65000000000000200 ) ) ;
#5405 = CLOSED_SHELL ( 'NONE', ( #5388, #165, #2938, #2484 ) ) ;
#5406 = VECTOR ( 'NONE', #494, 1000.000000000000000 ) ;
#5407 = VECTOR ( 'NONE', #403, 1000.000000000000000 ) ;
#5408 = ORIENTED_EDGE ( 'NONE', *, *, #5785, .F. ) ;
#5409 = AXIS2_PLACEMENT_3D ( 'NONE', #4705, #5651, #1143 ) ;
#5410 = CARTESIAN_POINT ( 'NONE',  ( -3.629999999999760100, 1.100000000000001600, 11.65500000000000500 ) ) ;
#5411 = ORIENTED_EDGE ( 'NONE', *, *, #13, .F. ) ;
#5412 = LINE ( 'NONE', #129, #4090 ) ;
#5413 = ADVANCED_FACE ( 'NONE', ( #3010 ), #5534, .F. ) ;
#5414 = VECTOR ( 'NONE', #5241, 1000.000000000000000 ) ;
#5415 = AXIS2_PLACEMENT_3D ( 'NONE', #5187, #2658, #1678 ) ;
#5416 = CARTESIAN_POINT ( 'NONE',  ( -4.358578643762681900, 6.899999999999999500, -12.65000000000000200 ) ) ;
#5417 = ORIENTED_EDGE ( 'NONE', *, *, #1962, .T. ) ;
#5418 = AXIS2_PLACEMENT_3D ( 'NONE', #2946, #4988, #963 ) ;
#5419 = EDGE_CURVE ( 'NONE', #2418, #362, #665, .T. ) ;
#5420 = LINE ( 'NONE', #1447, #1888 ) ;
#5421 = EDGE_CURVE ( 'NONE', #2163, #362, #1130, .T. ) ;
#5422 = CARTESIAN_POINT ( 'NONE',  ( -2.499999999999863200, 7.900000000000000400, 2.140000000000001500 ) ) ;
#5423 = CARTESIAN_POINT ( 'NONE',  ( -2.499999999999889900, 6.900000000000000400, -0.3999999999999993000 ) ) ;
#5424 = DIRECTION ( 'NONE',  ( -4.984837574645996500E-016, 0.0000000000000000000, -1.000000000000000000 ) ) ;
#5425 = VERTEX_POINT ( 'NONE', #2097 ) ;
#5426 = CIRCLE ( 'NONE', #1607, 0.2249999999999995100 ) ;
#5427 = DIRECTION ( 'NONE',  ( 0.0000000000000000000, 0.0000000000000000000, 1.000000000000000000 ) ) ;
#5428 = ORIENTED_EDGE ( 'NONE', *, *, #1559, .F. ) ;
#5429 = ORIENTED_EDGE ( 'NONE', *, *, #3721, .T. ) ;
#5430 = CARTESIAN_POINT ( 'NONE',  ( -5.099999999999998800, 7.900000000000000400, 12.74999999999999800 ) ) ;
#5431 = ORIENTED_EDGE ( 'NONE', *, *, #945, .T. ) ;
#5432 = CARTESIAN_POINT ( 'NONE',  ( 5.100000000000000500, 0.0000000000000000000, -11.35000000000000100 ) ) ;
#5433 = CARTESIAN_POINT ( 'NONE',  ( -2.499999999999757100, 6.900000000000000400, 10.56000000000000200 ) ) ;
#5434 = VECTOR ( 'NONE', #802, 1000.000000000000000 ) ;
#5435 = SURFACE_STYLE_FILL_AREA ( #2129 ) ;
#5436 = PLANE ( 'NONE',  #5203 ) ;
#5437 = DIRECTION ( 'NONE',  ( 2.492418787322998300E-016, 0.0000000000000000000, 1.000000000000000000 ) ) ;
#5438 = PRESENTATION_STYLE_ASSIGNMENT (( #2014 ) ) ;
#5439 = LINE ( 'NONE', #1457, #4745 ) ;
#5440 = CARTESIAN_POINT ( 'NONE',  ( 3.630000000000053200, -6.200000000000000200, -6.349999999999997000 ) ) ;
#5441 = CARTESIAN_POINT ( 'NONE',  ( -3.629999999999999400, -6.200000000000000200, -11.42999999999999800 ) ) ;
#5442 = AXIS2_PLACEMENT_3D ( 'NONE', #4909, #1356, #1926 ) ;
#5443 =( NAMED_UNIT ( * ) SI_UNIT ( $, .STERADIAN. ) SOLID_ANGLE_UNIT ( ) );
#5444 = PRESENTATION_STYLE_ASSIGNMENT (( #5491 ) ) ;
#5445 = VECTOR ( 'NONE', #2502, 1000.000000000000000 ) ;
#5446 = VERTEX_POINT ( 'NONE', #480 ) ;
#5447 = ADVANCED_FACE ( 'NONE', ( #5840 ), #1068, .F. ) ;
#5448 = CARTESIAN_POINT ( 'NONE',  ( 2.500000000000083500, 7.900000000000000400, -4.679999999999999700 ) ) ;
#5449 = DIRECTION ( 'NONE',  ( -1.000000000000000000, -0.0000000000000000000, -0.0000000000000000000 ) ) ;
#5450 = ORIENTED_EDGE ( 'NONE', *, *, #2007, .T. ) ;
#5451 = FACE_OUTER_BOUND ( 'NONE', #3978, .T. ) ;
#5452 = LINE ( 'NONE', #4558, #5000 ) ;
#5453 = VERTEX_POINT ( 'NONE', #63 ) ;
#5454 = DIRECTION ( 'NONE',  ( 2.492418787322998300E-016, -0.0000000000000000000, 1.000000000000000000 ) ) ;
#5455 = ORIENTED_EDGE ( 'NONE', *, *, #6338, .F. ) ;
#5456 = LINE ( 'NONE', #3029, #4137 ) ;
#5457 =( NAMED_UNIT ( * ) SI_UNIT ( $, .STERADIAN. ) SOLID_ANGLE_UNIT ( ) );
#5458 = EDGE_CURVE ( 'NONE', #2542, #2417, #5452, .T. ) ;
#5459 = UNCERTAINTY_MEASURE_WITH_UNIT (LENGTH_MEASURE( 1.000000000000000100E-005 ), #883, 'distance_accuracy_value', 'NONE');
#5460 = ADVANCED_FACE ( 'NONE', ( #2166 ), #5513, .T. ) ;
#5461 = DIRECTION ( 'NONE',  ( 0.0000000000000000000, 0.0000000000000000000, -1.000000000000000000 ) ) ;
#5462 = EDGE_CURVE ( 'NONE', #2619, #6485, #509, .T. ) ;
#5463 = DIRECTION ( 'NONE',  ( 0.0000000000000000000, 0.0000000000000000000, 1.000000000000000000 ) ) ;
#5464 = ORIENTED_EDGE ( 'NONE', *, *, #3754, .F. ) ;
#5465 =( LENGTH_UNIT ( ) NAMED_UNIT ( * ) SI_UNIT ( .MILLI., .METRE. ) );
#5466 = ORIENTED_EDGE ( 'NONE', *, *, #501, .F. ) ;
#5467 = CARTESIAN_POINT ( 'NONE',  ( -2.499999999999996000, 7.900000000000000400, -10.56000000000000000 ) ) ;
#5468 = MANIFOLD_SOLID_BREP ( 'Split1[7]', #4055 ) ;
#5469 = EDGE_CURVE ( 'NONE', #3691, #478, #4205, .T. ) ;
#5470 = VECTOR ( 'NONE', #104, 1000.000000000000000 ) ;
#5471 = CARTESIAN_POINT ( 'NONE',  ( 3.630000000000106900, -6.200000000000000200, -1.044999999999996800 ) ) ;
#5472 = DIRECTION ( 'NONE',  ( -4.984837574645996500E-016, 0.0000000000000000000, -1.000000000000000000 ) ) ;
#5473 = EDGE_LOOP ( 'NONE', ( #5613, #992, #151, #5831 ) ) ;
#5474 = FACE_OUTER_BOUND ( 'NONE', #647, .T. ) ;
#5475 = EDGE_LOOP ( 'NONE', ( #739, #386, #5212, #3551 ) ) ;
#5476 = DIRECTION ( 'NONE',  ( 0.0000000000000000000, 1.000000000000000000, 0.0000000000000000000 ) ) ;
#5477 = ADVANCED_FACE ( 'NONE', ( #816 ), #1560, .F. ) ;
#5478 = DIRECTION ( 'NONE',  ( 2.492418787322998300E-016, -0.0000000000000000000, 1.000000000000000000 ) ) ;
#5479 = CARTESIAN_POINT ( 'NONE',  ( 2.500000000000190500, 6.900000000000000400, 7.220000000000000600 ) ) ;
#5480 = ORIENTED_EDGE ( 'NONE', *, *, #5151, .F. ) ;
#5481 = PLANE ( 'NONE',  #2954 ) ;
#5482 = VERTEX_POINT ( 'NONE', #5997 ) ;
#5483 = FACE_OUTER_BOUND ( 'NONE', #2700, .T. ) ;
#5484 = CARTESIAN_POINT ( 'NONE',  ( -5.099999999999998800, 0.0000000000000000000, 12.74999999999999800 ) ) ;
#5485 = ORIENTED_EDGE ( 'NONE', *, *, #2307, .T. ) ;
#5486 = CARTESIAN_POINT ( 'NONE',  ( -2.499999999999783300, 6.900000000000000400, 9.760000000000001600 ) ) ;
#5487 = ORIENTED_EDGE ( 'NONE', *, *, #4123, .T. ) ;
#5488 = CYLINDRICAL_SURFACE ( 'NONE', #6441, 0.2249999999999995100 ) ;
#5489 = AXIS2_PLACEMENT_3D ( 'NONE', #5404, #5856, #2394 ) ;
#5490 = ADVANCED_FACE ( 'NONE', ( #3246 ), #6016, .T. ) ;
#5491 = SURFACE_STYLE_USAGE ( .BOTH. , #4534 ) ;
#5492 = ORIENTED_EDGE ( 'NONE', *, *, #626, .F. ) ;
#5493 = PLANE ( 'NONE',  #2829 ) ;
#5494 = ORIENTED_EDGE ( 'NONE', *, *, #6028, .T. ) ;
#5495 = CARTESIAN_POINT ( 'NONE',  ( 2.500000000000163000, 6.900000000000000400, 2.939999999999999900 ) ) ;
#5496 = CARTESIAN_POINT ( 'NONE',  ( -3.629999999999946200, -6.200000000000000200, -6.349999999999997000 ) ) ;
#5497 = VECTOR ( 'NONE', #4510, 1000.000000000000000 ) ;
#5498 = EDGE_CURVE ( 'NONE', #5119, #5847, #3493, .T. ) ;
#5499 = EDGE_CURVE ( 'NONE', #2980, #549, #1920, .T. ) ;
#5500 = CARTESIAN_POINT ( 'NONE',  ( 2.500000000000030200, 7.900000000000000400, -9.759999999999999800 ) ) ;
#5501 = EDGE_CURVE ( 'NONE', #912, #721, #1527, .T. ) ;
#5502 = ORIENTED_EDGE ( 'NONE', *, *, #5160, .F. ) ;
#5503 = DIRECTION ( 'NONE',  ( 0.0000000000000000000, -1.000000000000000000, 0.0000000000000000000 ) ) ;
#5504 = DIRECTION ( 'NONE',  ( 0.0000000000000000000, 1.215986738798339900E-016, 1.000000000000000000 ) ) ;
#5505 = FACE_OUTER_BOUND ( 'NONE', #3112, .T. ) ;
#5506 = DIRECTION ( 'NONE',  ( 0.0000000000000000000, -1.000000000000000000, 0.0000000000000000000 ) ) ;
#5507 = ORIENTED_EDGE ( 'NONE', *, *, #4418, .T. ) ;
#5508 = DIRECTION ( 'NONE',  ( 1.000000000000000000, 0.0000000000000000000, 0.0000000000000000000 ) ) ;
#5509 = VERTEX_POINT ( 'NONE', #2178 ) ;
#5510 = AXIS2_PLACEMENT_3D ( 'NONE', #4506, #2487, #1486 ) ;
#5511 =( NAMED_UNIT ( * ) SI_UNIT ( $, .STERADIAN. ) SOLID_ANGLE_UNIT ( ) );
#5512 = EDGE_CURVE ( 'NONE', #1606, #485, #4283, .T. ) ;
#5513 = PLANE ( 'NONE',  #3382 ) ;
#5514 = DIRECTION ( 'NONE',  ( 0.0000000000000000000, 0.0000000000000000000, -1.000000000000000000 ) ) ;
#5515 = ORIENTED_EDGE ( 'NONE', *, *, #5462, .F. ) ;
#5516 = EDGE_LOOP ( 'NONE', ( #3964, #3861, #5609, #3239 ) ) ;
#5517 = ADVANCED_FACE ( 'NONE', ( #3417 ), #1176, .F. ) ;
#5518 = ORIENTED_EDGE ( 'NONE', *, *, #1291, .T. ) ;
#5519 = VECTOR ( 'NONE', #1184, 1000.000000000000100 ) ;
#5520 = VECTOR ( 'NONE', #4629, 1000.000000000000000 ) ;
#5521 = ORIENTED_EDGE ( 'NONE', *, *, #2592, .T. ) ;
#5522 = CARTESIAN_POINT ( 'NONE',  ( -2.499999999999837000, 6.900000000000000400, 2.939999999999999900 ) ) ;
#5523 = CARTESIAN_POINT ( 'NONE',  ( -3.629999999999760100, 1.736396103067893400, 11.43000000000000500 ) ) ;
#5524 = ADVANCED_FACE ( 'NONE', ( #5612 ), #5206, .F. ) ;
#5525 = DIRECTION ( 'NONE',  ( 2.492418787322998300E-016, -0.0000000000000000000, 1.000000000000000000 ) ) ;
#5526 = CARTESIAN_POINT ( 'NONE',  ( 3.630000000000239700, 1.100000000000001600, 11.43000000000000500 ) ) ;
#5527 = LINE ( 'NONE', #749, #3238 ) ;
#5528 = EDGE_LOOP ( 'NONE', ( #6307, #4700, #5226, #4564 ) ) ;
#5529 = CARTESIAN_POINT ( 'NONE',  ( 2.500000000000163900, 6.900000000000000400, 4.679999999999999700 ) ) ;
#5530 = DIRECTION ( 'NONE',  ( 0.0000000000000000000, 0.0000000000000000000, 1.000000000000000000 ) ) ;
#5531 = AXIS2_PLACEMENT_3D ( 'NONE', #3491, #4605, #3542 ) ;
#5532 = DIRECTION ( 'NONE',  ( 0.0000000000000000000, -0.0000000000000000000, 1.000000000000000000 ) ) ;
#5533 = PLANE ( 'NONE',  #2036 ) ;
#5534 = CYLINDRICAL_SURFACE ( 'NONE', #2172, 0.2249999999999995100 ) ;
#5535 = ORIENTED_EDGE ( 'NONE', *, *, #4686, .F. ) ;
#5536 = CIRCLE ( 'NONE', #5944, 0.2249999999999995100 ) ;
#5537 = AXIS2_PLACEMENT_3D ( 'NONE', #537, #4050, #5126 ) ;
#5538 = CARTESIAN_POINT ( 'NONE',  ( -2.499999999999863200, -20.30459520007603700, 0.4000000000000010200 ) ) ;
#5539 = PLANE ( 'NONE',  #2503 ) ;
#5540 = DIRECTION ( 'NONE',  ( 2.492418787322998300E-016, -0.0000000000000000000, 1.000000000000000000 ) ) ;
#5541 = ORIENTED_EDGE ( 'NONE', *, *, #2981, .T. ) ;
#5542 = ORIENTED_EDGE ( 'NONE', *, *, #4031, .T. ) ;
#5543 = PRESENTATION_STYLE_ASSIGNMENT (( #6048 ) ) ;
#5544 = AXIS2_PLACEMENT_3D ( 'NONE', #5043, #1020, #4508 ) ;
#5545 = ORIENTED_EDGE ( 'NONE', *, *, #5991, .T. ) ;
#5546 = UNCERTAINTY_MEASURE_WITH_UNIT (LENGTH_MEASURE( 1.000000000000000100E-005 ), #252, 'distance_accuracy_value', 'NONE');
#5547 = DIRECTION ( 'NONE',  ( 0.0000000000000000000, 0.0000000000000000000, 1.000000000000000000 ) ) ;
#5548 = ADVANCED_FACE ( 'NONE', ( #1442 ), #4199, .F. ) ;
#5550 = PRESENTATION_LAYER_ASSIGNMENT (  '', '', ( #1466 ) ) ;
#5549 =( NAMED_UNIT ( * ) SI_UNIT ( $, .STERADIAN. ) SOLID_ANGLE_UNIT ( ) );
#5551 = EDGE_CURVE ( 'NONE', #2747, #3558, #4125, .T. ) ;
#5552 = LINE ( 'NONE', #6250, #1542 ) ;
#5553 = CARTESIAN_POINT ( 'NONE',  ( -3.629999999999893300, 1.100000000000000100, -1.269999999999996900 ) ) ;
#5554 = EDGE_CURVE ( 'NONE', #2440, #640, #5085, .T. ) ;
#5555 = AXIS2_PLACEMENT_3D ( 'NONE', #4114, #603, #2538 ) ;
#5556 = DIRECTION ( 'NONE',  ( 0.0000000000000000000, 0.0000000000000000000, 1.000000000000000000 ) ) ;
#5557 = DIRECTION ( 'NONE',  ( 0.0000000000000000000, 0.0000000000000000000, 1.000000000000000000 ) ) ;
#5558 = ADVANCED_FACE ( 'NONE', ( #1756 ), #2085, .T. ) ;
#5559 = CARTESIAN_POINT ( 'NONE',  ( 5.100000000000000500, 1.099999999999999000, -9.807856876076018100 ) ) ;
#5560 = EDGE_LOOP ( 'NONE', ( #4785, #621, #15, #4818 ) ) ;
#5561 = ORIENTED_EDGE ( 'NONE', *, *, #5785, .T. ) ;
#5562 = FACE_OUTER_BOUND ( 'NONE', #339, .T. ) ;
#5563 = ORIENTED_EDGE ( 'NONE', *, *, #5380, .T. ) ;
#5564 = CARTESIAN_POINT ( 'NONE',  ( 2.500000000000030600, 6.899999999999999500, -8.019999999999999600 ) ) ;
#5565 = DIRECTION ( 'NONE',  ( 0.0000000000000000000, 0.0000000000000000000, -1.000000000000000000 ) ) ;
#5566 = VECTOR ( 'NONE', #1933, 1000.000000000000000 ) ;
#5567 = DIRECTION ( 'NONE',  ( 0.5690694145809335200, 0.4775059358891263200, 0.6694386324220937800 ) ) ;
#5568 = ORIENTED_EDGE ( 'NONE', *, *, #217, .F. ) ;
#5569 = VECTOR ( 'NONE', #3552, 1000.000000000000000 ) ;
#5570 = VECTOR ( 'NONE', #1843, 1000.000000000000000 ) ;
#5571 = PLANE ( 'NONE',  #6069 ) ;
#5572 = EDGE_LOOP ( 'NONE', ( #1453, #3419, #440, #4602 ) ) ;
#5573 = PRESENTATION_LAYER_ASSIGNMENT (  '', '', ( #3895 ) ) ;
#5574 = DIRECTION ( 'NONE',  ( 0.0000000000000000000, 0.0000000000000000000, 1.000000000000000000 ) ) ;
#5575 = ORIENTED_EDGE ( 'NONE', *, *, #5838, .T. ) ;
#5576 = VERTEX_POINT ( 'NONE', #124 ) ;
#5577 = EDGE_LOOP ( 'NONE', ( #1080, #4808, #1400, #3299 ) ) ;
#5578 = ADVANCED_FACE ( 'NONE', ( #2694 ), #4672, .F. ) ;
#5579 = AXIS2_PLACEMENT_3D ( 'NONE', #3901, #914, #4900 ) ;
#5580 = VECTOR ( 'NONE', #2404, 1000.000000000000000 ) ;
#5581 = DIRECTION ( 'NONE',  ( 0.0000000000000000000, 0.0000000000000000000, -1.000000000000000000 ) ) ;
#5582 = VERTEX_POINT ( 'NONE', #4652 ) ;
#5583 = AXIS2_PLACEMENT_3D ( 'NONE', #5868, #4934, #3938 ) ;
#5584 = ADVANCED_FACE ( 'NONE', ( #1911 ), #733, .T. ) ;
#5585 = LINE ( 'NONE', #5326, #2352 ) ;
#5586 = EDGE_CURVE ( 'NONE', #2140, #1287, #126, .T. ) ;
#5587 = ORIENTED_EDGE ( 'NONE', *, *, #5873, .F. ) ;
#5588 = CARTESIAN_POINT ( 'NONE',  ( 3.630000000000000300, 0.0000000000000000000, -11.42999999999999800 ) ) ;
#5589 = ORIENTED_EDGE ( 'NONE', *, *, #4892, .T. ) ;
#5590 = ORIENTED_EDGE ( 'NONE', *, *, #664, .T. ) ;
#5591 = CARTESIAN_POINT ( 'NONE',  ( -2.499999999999756600, -20.30459520007603700, 12.30000000000000200 ) ) ;
#5592 = ADVANCED_FACE ( 'NONE', ( #3664 ), #1134, .F. ) ;
#5593 = DIRECTION ( 'NONE',  ( 0.0000000000000000000, 0.0000000000000000000, 1.000000000000000000 ) ) ;
#5594 = FACE_OUTER_BOUND ( 'NONE', #1319, .T. ) ;
#5595 = CARTESIAN_POINT ( 'NONE',  ( 3.630000000000133100, -6.200000000000000200, 1.495000000000003700 ) ) ;
#5596 = DIRECTION ( 'NONE',  ( 0.0000000000000000000, 0.0000000000000000000, 1.000000000000000000 ) ) ;
#5597 = EDGE_CURVE ( 'NONE', #2492, #3355, #5910, .T. ) ;
#5598 = CARTESIAN_POINT ( 'NONE',  ( -3.629999999999786700, -6.200000000000000200, 8.890000000000004100 ) ) ;
#5599 = DIRECTION ( 'NONE',  ( 0.0000000000000000000, 1.215986738798339900E-016, 1.000000000000000000 ) ) ;
#5600 = CARTESIAN_POINT ( 'NONE',  ( 3.630000000000000300, -6.200000000000000200, -11.42999999999999800 ) ) ;
#5601 = LINE ( 'NONE', #3346, #6057 ) ;
#5602 =( NAMED_UNIT ( * ) PLANE_ANGLE_UNIT ( ) SI_UNIT ( $, .RADIAN. ) );
#5603 = VECTOR ( 'NONE', #3289, 1000.000000000000000 ) ;
#5604 = CARTESIAN_POINT ( 'NONE',  ( -3.353172405010630600, 0.2071129439199508900, -11.61978418961839500 ) ) ;
#5605 = EDGE_LOOP ( 'NONE', ( #2646, #3555, #5243, #5106 ) ) ;
#5606 = DIRECTION ( 'NONE',  ( 1.000000000000000000, 0.0000000000000000000, -4.984837574645996500E-016 ) ) ;
#5607 = LINE ( 'NONE', #297, #3967 ) ;
#5608 = DIRECTION ( 'NONE',  ( 0.0000000000000000000, 0.0000000000000000000, 1.000000000000000000 ) ) ;
#5609 = ORIENTED_EDGE ( 'NONE', *, *, #1468, .T. ) ;
#5610 = FACE_OUTER_BOUND ( 'NONE', #3822, .T. ) ;
#5611 = CARTESIAN_POINT ( 'NONE',  ( 5.100000000000000500, 0.0000000000000000000, 11.35000000000000100 ) ) ;
#5612 = FACE_OUTER_BOUND ( 'NONE', #3583, .T. ) ;
#5613 = ORIENTED_EDGE ( 'NONE', *, *, #6118, .F. ) ;
#5614 = CARTESIAN_POINT ( 'NONE',  ( -2.499999999999810400, 7.900000000000000400, 5.480000000000000400 ) ) ;
#5615 = AXIS2_PLACEMENT_3D ( 'NONE', #1663, #2621, #4168 ) ;
#5616 = ORIENTED_EDGE ( 'NONE', *, *, #4497, .F. ) ;
#5617 = LINE ( 'NONE', #1731, #3022 ) ;
#5618 = ADVANCED_FACE ( 'NONE', ( #6220 ), #2668, .T. ) ;
#5619 = CARTESIAN_POINT ( 'NONE',  ( -2.499999999999757100, 7.900000000000000400, 10.56000000000000200 ) ) ;
#5620 = ORIENTED_EDGE ( 'NONE', *, *, #1845, .T. ) ;
#5621 = ORIENTED_EDGE ( 'NONE', *, *, #3833, .T. ) ;
#5622 = CIRCLE ( 'NONE', #4677, 0.2249999999999995100 ) ;
#5623 = EDGE_CURVE ( 'NONE', #4502, #2688, #3580, .T. ) ;
#5624 = CARTESIAN_POINT ( 'NONE',  ( 3.630000000000239700, 1.736396103067893400, 11.65500000000000500 ) ) ;
#5625 = AXIS2_PLACEMENT_3D ( 'NONE', #1140, #3183, #1659 ) ;
#5626 = VECTOR ( 'NONE', #1770, 1000.000000000000000 ) ;
#5627 = PRESENTATION_LAYER_ASSIGNMENT (  '', '', ( #1289 ) ) ;
#5628 = DIRECTION ( 'NONE',  ( 0.0000000000000000000, 1.000000000000000000, 0.0000000000000000000 ) ) ;
#5629 = EDGE_CURVE ( 'NONE', #5029, #1474, #2770, .T. ) ;
#5630 = DIRECTION ( 'NONE',  ( -4.984837574645996500E-016, 0.0000000000000000000, -1.000000000000000000 ) ) ;
#5631 = VECTOR ( 'NONE', #5234, 1000.000000000000000 ) ;
#5632 = EDGE_LOOP ( 'NONE', ( #4807, #5561, #1766, #598 ) ) ;
#5633 = DIRECTION ( 'NONE',  ( 0.0000000000000000000, 0.0000000000000000000, 1.000000000000000000 ) ) ;
#5634 = CARTESIAN_POINT ( 'NONE',  ( 3.630000000000186900, 1.100000000000001000, 6.350000000000003200 ) ) ;
#5635 = DIRECTION ( 'NONE',  ( 1.000000000000000000, 0.0000000000000000000, 0.0000000000000000000 ) ) ;
#5636 = ORIENTED_EDGE ( 'NONE', *, *, #5670, .T. ) ;
#5637 = DIRECTION ( 'NONE',  ( -0.0000000000000000000, 1.000000000000000000, 0.0000000000000000000 ) ) ;
#5638 = FACE_OUTER_BOUND ( 'NONE', #3776, .T. ) ;
#5639 = FACE_OUTER_BOUND ( 'NONE', #1158, .T. ) ;
#5640 =( NAMED_UNIT ( * ) PLANE_ANGLE_UNIT ( ) SI_UNIT ( $, .RADIAN. ) );
#5641 = EDGE_LOOP ( 'NONE', ( #3381, #2005, #5266, #1530 ) ) ;
#5642 = PLANE ( 'NONE',  #6409 ) ;
#5643 = CARTESIAN_POINT ( 'NONE',  ( -2.499999999999969800, 7.900000000000000400, -8.019999999999999600 ) ) ;
#5644 = ORIENTED_EDGE ( 'NONE', *, *, #2844, .T. ) ;
#5645 = PRESENTATION_STYLE_ASSIGNMENT (( #417 ) ) ;
#5646 = FACE_OUTER_BOUND ( 'NONE', #1002, .T. ) ;
#5647 = ADVANCED_FACE ( 'NONE', ( #586 ), #4735, .T. ) ;
#5648 = ORIENTED_EDGE ( 'NONE', *, *, #4497, .T. ) ;
#5649 = ORIENTED_EDGE ( 'NONE', *, *, #3438, .T. ) ;
#5650 = CARTESIAN_POINT ( 'NONE',  ( 3.630000000000133100, -6.200000000000000200, 1.045000000000003900 ) ) ;
#5651 = DIRECTION ( 'NONE',  ( 0.0000000000000000000, 1.000000000000000000, 0.0000000000000000000 ) ) ;
#5652 = FACE_OUTER_BOUND ( 'NONE', #241, .T. ) ;
#5653 = MECHANICAL_DESIGN_GEOMETRIC_PRESENTATION_REPRESENTATION (  '', ( #1584 ), #5972 ) ;
#5654 = SURFACE_STYLE_USAGE ( .BOTH. , #2626 ) ;
#5655 = EDGE_LOOP ( 'NONE', ( #2411, #5649 ) ) ;
#5656 = CARTESIAN_POINT ( 'NONE',  ( -3.629999999999786700, 1.100000000000001200, 8.665000000000004500 ) ) ;
#5657 = CARTESIAN_POINT ( 'NONE',  ( 2.500000000000136800, 6.900000000000000400, 0.4000000000000010200 ) ) ;
#5658 = CARTESIAN_POINT ( 'NONE',  ( -3.629999999999786700, -6.200000000000000200, 8.890000000000004100 ) ) ;
#5659 = LINE ( 'NONE', #1801, #3859 ) ;
#5660 = AXIS2_PLACEMENT_3D ( 'NONE', #3498, #3984, #4488 ) ;
#5661 = ORIENTED_EDGE ( 'NONE', *, *, #5013, .F. ) ;
#5662 = EDGE_LOOP ( 'NONE', ( #3992, #536, #3987, #3480, #4715, #6025 ) ) ;
#5663 = VERTEX_POINT ( 'NONE', #2728 ) ;
#5664 = FACE_OUTER_BOUND ( 'NONE', #884, .T. ) ;
#5665 = DIRECTION ( 'NONE',  ( 0.0000000000000000000, 1.000000000000000000, 0.0000000000000000000 ) ) ;
#5666 = CARTESIAN_POINT ( 'NONE',  ( 3.630000000000000300, 1.099999999999998800, -11.65499999999999800 ) ) ;
#5667 = EDGE_LOOP ( 'NONE', ( #1902, #6256, #5709, #5260 ) ) ;
#5668 = ORIENTED_EDGE ( 'NONE', *, *, #340, .T. ) ;
#5669 = EDGE_CURVE ( 'NONE', #3571, #2542, #2381, .T. ) ;
#5670 = EDGE_CURVE ( 'NONE', #5582, #1346, #5304, .T. ) ;
#5671 = EDGE_CURVE ( 'NONE', #5946, #5029, #3242, .T. ) ;
#5672 = LINE ( 'NONE', #5293, #948 ) ;
#5673 = LINE ( 'NONE', #4523, #1513 ) ;
#5674 = DIRECTION ( 'NONE',  ( 0.0000000000000000000, 1.000000000000000000, -1.215986738798339900E-016 ) ) ;
#5675 = CARTESIAN_POINT ( 'NONE',  ( 3.630000000000027400, -6.200000000000000200, -8.664999999999997400 ) ) ;
#5676 = DIRECTION ( 'NONE',  ( -0.0000000000000000000, 1.000000000000000000, -0.0000000000000000000 ) ) ;
#5677 = FACE_OUTER_BOUND ( 'NONE', #5632, .T. ) ;
#5678 = ORIENTED_EDGE ( 'NONE', *, *, #4032, .F. ) ;
#5679 = DIRECTION ( 'NONE',  ( 0.0000000000000000000, 1.000000000000000000, 0.0000000000000000000 ) ) ;
#5680 = EDGE_CURVE ( 'NONE', #4182, #3733, #6378, .T. ) ;
#5681 = DIRECTION ( 'NONE',  ( 0.0000000000000000000, 0.0000000000000000000, 1.000000000000000000 ) ) ;
#5682 = ADVANCED_FACE ( 'NONE', ( #5759 ), #1789, .F. ) ;
#5683 = LINE ( 'NONE', #2400, #1906 ) ;
#5684 = ORIENTED_EDGE ( 'NONE', *, *, #4812, .F. ) ;
#5685 = CARTESIAN_POINT ( 'NONE',  ( -3.629999999999920000, -6.200000000000000200, -3.809999999999997400 ) ) ;
#5686 = CARTESIAN_POINT ( 'NONE',  ( -2.499999999999916500, 6.900000000000000400, -2.939999999999999900 ) ) ;
#5687 = DIRECTION ( 'NONE',  ( -1.000000000000000000, 0.0000000000000000000, 2.492418787322998300E-016 ) ) ;
#5688 = PRESENTATION_STYLE_ASSIGNMENT (( #5044 ) ) ;
#5689 = ORIENTED_EDGE ( 'NONE', *, *, #663, .F. ) ;
#5690 = LINE ( 'NONE', #4270, #5987 ) ;
#5691 = AXIS2_PLACEMENT_3D ( 'NONE', #865, #423, #5437 ) ;
#5692 = ORIENTED_EDGE ( 'NONE', *, *, #2673, .T. ) ;
#5693 = DIRECTION ( 'NONE',  ( 0.0000000000000000000, 1.000000000000000000, 0.0000000000000000000 ) ) ;
#5694 = VERTEX_POINT ( 'NONE', #276 ) ;
#5695 = VECTOR ( 'NONE', #4391, 1000.000000000000000 ) ;
#5696 = CARTESIAN_POINT ( 'NONE',  ( 2.500000000000136800, 6.899999999999999500, 0.4000000000000010200 ) ) ;
#5697 = DIRECTION ( 'NONE',  ( -1.000000000000000000, -0.0000000000000000000, -0.0000000000000000000 ) ) ;
#5698 = PLANE ( 'NONE',  #1380 ) ;
#5699 = FACE_OUTER_BOUND ( 'NONE', #1376, .T. ) ;
#5700 = CARTESIAN_POINT ( 'NONE',  ( -2.499999999999916500, -20.30459520007603700, -2.939999999999999900 ) ) ;
#5701 = EDGE_CURVE ( 'NONE', #2601, #6445, #4438, .T. ) ;
#5702 = EDGE_CURVE ( 'NONE', #2853, #4759, #5607, .T. ) ;
#5703 = EDGE_LOOP ( 'NONE', ( #3590, #4388, #1208, #5268 ) ) ;
#5704 = VECTOR ( 'NONE', #452, 1000.000000000000000 ) ;
#5705 = EDGE_CURVE ( 'NONE', #2984, #3618, #3891, .T. ) ;
#5706 = DIRECTION ( 'NONE',  ( 0.0000000000000000000, 0.0000000000000000000, -1.000000000000000000 ) ) ;
#5707 = AXIS2_PLACEMENT_3D ( 'NONE', #3015, #1017, #2558 ) ;
#5708 = CYLINDRICAL_SURFACE ( 'NONE', #1151, 0.2249999999999995100 ) ;
#5709 = ORIENTED_EDGE ( 'NONE', *, *, #1418, .T. ) ;
#5710 = CARTESIAN_POINT ( 'NONE',  ( -2.499999999999996400, 6.899999999999999500, -12.30000000000000100 ) ) ;
#5711 = PRESENTATION_STYLE_ASSIGNMENT (( #3085 ) ) ;
#5712 = DIRECTION ( 'NONE',  ( 0.0000000000000000000, 1.000000000000000000, -1.215986738798339900E-016 ) ) ;
#5713 = PLANE ( 'NONE',  #6237 ) ;
#5714 = CARTESIAN_POINT ( 'NONE',  ( -3.629999999999760100, -6.200000000000000200, 11.20500000000000500 ) ) ;
#5715 = CARTESIAN_POINT ( 'NONE',  ( -3.629999999999973200, 1.099999999999999000, -9.114999999999996700 ) ) ;
#5716 = EDGE_CURVE ( 'NONE', #6091, #5217, #2539, .T. ) ;
#5717 = DIRECTION ( 'NONE',  ( 1.000000000000000000, 0.0000000000000000000, 0.0000000000000000000 ) ) ;
#5718 = ORIENTED_EDGE ( 'NONE', *, *, #1458, .F. ) ;
#5719 = DIRECTION ( 'NONE',  ( 0.0000000000000000000, 1.000000000000000000, 0.0000000000000000000 ) ) ;
#5720 =( LENGTH_UNIT ( ) NAMED_UNIT ( * ) SI_UNIT ( .MILLI., .METRE. ) );
#5721 =( NAMED_UNIT ( * ) SI_UNIT ( $, .STERADIAN. ) SOLID_ANGLE_UNIT ( ) );
#5722 = ORIENTED_EDGE ( 'NONE', *, *, #5838, .F. ) ;
#5723 = PLANE ( 'NONE',  #6049 ) ;
#5724 = ORIENTED_EDGE ( 'NONE', *, *, #4718, .F. ) ;
#5725 = FACE_OUTER_BOUND ( 'NONE', #6439, .T. ) ;
#5726 = AXIS2_PLACEMENT_3D ( 'NONE', #2616, #5706, #1658 ) ;
#5727 =( NAMED_UNIT ( * ) SI_UNIT ( $, .STERADIAN. ) SOLID_ANGLE_UNIT ( ) );
#5728 = DIRECTION ( 'NONE',  ( -0.0000000000000000000, -0.0000000000000000000, 1.000000000000000000 ) ) ;
#5729 = EDGE_LOOP ( 'NONE', ( #439, #2059, #5402, #4121, #6080 ) ) ;
#5730 = FACE_OUTER_BOUND ( 'NONE', #990, .T. ) ;
#5731 = DIRECTION ( 'NONE',  ( 0.0000000000000000000, 0.0000000000000000000, 1.000000000000000000 ) ) ;
#5732 = ORIENTED_EDGE ( 'NONE', *, *, #4326, .F. ) ;
#5733 = DIRECTION ( 'NONE',  ( -1.000000000000000000, 0.0000000000000000000, 2.492418787322998300E-016 ) ) ;
#5734 = DIRECTION ( 'NONE',  ( 2.492418787322998300E-016, -0.0000000000000000000, 1.000000000000000000 ) ) ;
#5735 = VECTOR ( 'NONE', #4430, 1000.000000000000000 ) ;
#5736 = UNCERTAINTY_MEASURE_WITH_UNIT (LENGTH_MEASURE( 1.000000000000000100E-005 ), #156, 'distance_accuracy_value', 'NONE');
#5737 = ORIENTED_EDGE ( 'NONE', *, *, #177, .F. ) ;
#5738 = CARTESIAN_POINT ( 'NONE',  ( -2.499999999999996000, 6.899999999999999500, -10.56000000000000000 ) ) ;
#5739 = ORIENTED_EDGE ( 'NONE', *, *, #1117, .T. ) ;
#5740 = ORIENTED_EDGE ( 'NONE', *, *, #2768, .F. ) ;
#5741 = CARTESIAN_POINT ( 'NONE',  ( -2.499999999999863200, 6.900000000000000400, 0.4000000000000010200 ) ) ;
#5742 = AXIS2_PLACEMENT_3D ( 'NONE', #287, #3799, #6209 ) ;
#5743 = CARTESIAN_POINT ( 'NONE',  ( -2.499999999999942700, 6.900000000000000400, -5.479999999999999500 ) ) ;
#5744 = MANIFOLD_SOLID_BREP ( 'Boss-Extrude3[13]', #2397 ) ;
#5745 = CARTESIAN_POINT ( 'NONE',  ( -2.499999999999783700, 7.900000000000000400, 8.020000000000001400 ) ) ;
#5746 = CYLINDRICAL_SURFACE ( 'NONE', #1389, 0.2249999999999995100 ) ;
#5747 = DIRECTION ( 'NONE',  ( 0.0000000000000000000, 0.0000000000000000000, 1.000000000000000000 ) ) ;
#5748 = VECTOR ( 'NONE', #5508, 1000.000000000000000 ) ;
#5749 = AXIS2_PLACEMENT_3D ( 'NONE', #5821, #6357, #4364 ) ;
#5750 = EDGE_CURVE ( 'NONE', #2619, #4177, #3410, .T. ) ;
#5751 = EDGE_CURVE ( 'NONE', #819, #1499, #6065, .T. ) ;
#5753 = DIRECTION ( 'NONE',  ( -1.000000000000000000, -0.0000000000000000000, 0.0000000000000000000 ) ) ;
#5752 = FACE_OUTER_BOUND ( 'NONE', #4631, .T. ) ;
#5754 = EDGE_LOOP ( 'NONE', ( #5959, #2634, #3030, #735 ) ) ;
#5755 = VERTEX_POINT ( 'NONE', #722 ) ;
#5756 = CARTESIAN_POINT ( 'NONE',  ( -2.499999999999969800, -20.30459520007603700, -8.019999999999999600 ) ) ;
#5757 = DIRECTION ( 'NONE',  ( 0.0000000000000000000, 0.0000000000000000000, 1.000000000000000000 ) ) ;
#5758 = DIRECTION ( 'NONE',  ( 0.0000000000000000000, 0.0000000000000000000, 1.000000000000000000 ) ) ;
#5759 = FACE_OUTER_BOUND ( 'NONE', #3897, .T. ) ;
#5760 = CARTESIAN_POINT ( 'NONE',  ( -3.805979689714134500, 0.06434730280394759800, -11.25978840857985300 ) ) ;
#5761 = EDGE_LOOP ( 'NONE', ( #3975, #4047 ) ) ;
#5762 = DIRECTION ( 'NONE',  ( 0.0000000000000000000, 1.000000000000000000, 0.0000000000000000000 ) ) ;
#5763 = SURFACE_SIDE_STYLE ('',( #400 ) ) ;
#5764 = VECTOR ( 'NONE', #2473, 1000.000000000000000 ) ;
#5765 = ORIENTED_EDGE ( 'NONE', *, *, #4546, .F. ) ;
#5766 = PLANE ( 'NONE',  #6115 ) ;
#5767 = EDGE_LOOP ( 'NONE', ( #4150, #4291, #6193, #6429 ) ) ;
#5768 = LINE ( 'NONE', #2250, #369 ) ;
#5769 = CARTESIAN_POINT ( 'NONE',  ( -3.629999999999866200, -6.200000000000000200, 1.495000000000003700 ) ) ;
#5770 = CARTESIAN_POINT ( 'NONE',  ( -5.099999999999998800, 0.0000000000000000000, 12.74999999999999800 ) ) ;
#5771 = AXIS2_PLACEMENT_3D ( 'NONE', #5016, #946, #5945 ) ;
#5772 = ORIENTED_EDGE ( 'NONE', *, *, #499, .T. ) ;
#5773 = LINE ( 'NONE', #4254, #1854 ) ;
#5774 = DIRECTION ( 'NONE',  ( -0.7660444431189817900, 0.6427876096865349200, -0.0000000000000000000 ) ) ;
#5775 = CARTESIAN_POINT ( 'NONE',  ( -5.099999999999998800, 0.0000000000000000000, -11.35000000000000100 ) ) ;
#5776 = CARTESIAN_POINT ( 'NONE',  ( -3.629999999999760100, 0.1034274948450645700, 11.20500000000000500 ) ) ;
#5777 = CARTESIAN_POINT ( 'NONE',  ( 2.500000000000137700, 7.900000000000000400, 2.140000000000001500 ) ) ;
#5778 = CARTESIAN_POINT ( 'NONE',  ( -4.358578643762681900, 6.900000000000000400, -12.65000000000000200 ) ) ;
#5779 = CARTESIAN_POINT ( 'NONE',  ( 3.630000000000000300, 1.099999999999998800, -11.42999999999999800 ) ) ;
#5780 = SURFACE_SIDE_STYLE ('',( #811 ) ) ;
#5781 = ORIENTED_EDGE ( 'NONE', *, *, #5380, .F. ) ;
#5782 = VECTOR ( 'NONE', #5354, 1000.000000000000000 ) ;
#5783 = ORIENTED_EDGE ( 'NONE', *, *, #5998, .T. ) ;
#5784 = DIRECTION ( 'NONE',  ( -0.0000000000000000000, 1.000000000000000000, -0.0000000000000000000 ) ) ;
#5785 = EDGE_CURVE ( 'NONE', #1499, #879, #4994, .T. ) ;
#5786 = EDGE_CURVE ( 'NONE', #926, #1534, #6463, .T. ) ;
#5787 = CARTESIAN_POINT ( 'NONE',  ( -2.499999999999996400, 6.900000000000000400, -12.30000000000000100 ) ) ;
#5788 = ORIENTED_EDGE ( 'NONE', *, *, #5825, .T. ) ;
#5789 = EDGE_CURVE ( 'NONE', #485, #4136, #959, .T. ) ;
#5790 = PLANE ( 'NONE',  #25 ) ;
#5791 = CIRCLE ( 'NONE', #3049, 0.2249999999999995100 ) ;
#5792 = CIRCLE ( 'NONE', #1532, 0.2249999999999999500 ) ;
#5793 = EDGE_LOOP ( 'NONE', ( #4080, #237, #179, #5783 ) ) ;
#5794 = ORIENTED_EDGE ( 'NONE', *, *, #3681, .T. ) ;
#5795 = CARTESIAN_POINT ( 'NONE',  ( -2.499999999999996000, 7.900000000000000400, -10.56000000000000000 ) ) ;
#5796 = VERTEX_POINT ( 'NONE', #4366 ) ;
#5797 = DIRECTION ( 'NONE',  ( 1.000000000000000000, 0.0000000000000000000, 0.0000000000000000000 ) ) ;
#5798 =( LENGTH_UNIT ( ) NAMED_UNIT ( * ) SI_UNIT ( .MILLI., .METRE. ) );
#5799 = EDGE_CURVE ( 'NONE', #1074, #1256, #3485, .T. ) ;
#5800 = DIRECTION ( 'NONE',  ( 0.0000000000000000000, 0.0000000000000000000, 1.000000000000000000 ) ) ;
#5801 = CARTESIAN_POINT ( 'NONE',  ( -3.629999999999920000, -6.200000000000000200, -3.809999999999997400 ) ) ;
#5802 = ORIENTED_EDGE ( 'NONE', *, *, #5998, .F. ) ;
#5803 = CARTESIAN_POINT ( 'NONE',  ( 3.630000000000106900, -6.200000000000000200, -1.269999999999996900 ) ) ;
#5804 = DIRECTION ( 'NONE',  ( 0.0000000000000000000, -1.000000000000000000, 0.0000000000000000000 ) ) ;
#5805 = FACE_BOUND ( 'NONE', #1349, .T. ) ;
#5806 = EDGE_LOOP ( 'NONE', ( #3724, #4336, #4918, #4670 ) ) ;
#5807 = DIRECTION ( 'NONE',  ( -4.984837574645996500E-016, 0.0000000000000000000, -1.000000000000000000 ) ) ;
#5808 = CYLINDRICAL_SURFACE ( 'NONE', #5842, 0.2249999999999995100 ) ;
#5809 = CARTESIAN_POINT ( 'NONE',  ( -4.358578643762681900, 6.900000000000000400, -12.65000000000000200 ) ) ;
#5810 = CARTESIAN_POINT ( 'NONE',  ( -2.499999999999783700, 6.900000000000000400, 8.020000000000001400 ) ) ;
#5811 = ORIENTED_EDGE ( 'NONE', *, *, #2508, .F. ) ;
#5812 = ORIENTED_EDGE ( 'NONE', *, *, #1963, .F. ) ;
#5813 = EDGE_LOOP ( 'NONE', ( #3089, #3369, #1773, #4016 ) ) ;
#5814 = FACE_OUTER_BOUND ( 'NONE', #3358, .T. ) ;
#5815 = CYLINDRICAL_SURFACE ( 'NONE', #3957, 0.2249999999999995100 ) ;
#5816 = ORIENTED_EDGE ( 'NONE', *, *, #4844, .F. ) ;
#5817 = VERTEX_POINT ( 'NONE', #2813 ) ;
#5818 = PRESENTATION_LAYER_ASSIGNMENT (  '', '', ( #2541 ) ) ;
#5819 = CARTESIAN_POINT ( 'NONE',  ( 2.500000000000003600, 7.900000000000000400, -12.30000000000000100 ) ) ;
#5820 = EDGE_LOOP ( 'NONE', ( #5802, #2025, #3692, #4189 ) ) ;
#5821 = CARTESIAN_POINT ( 'NONE',  ( 5.100000000000000500, 1.099999999999999000, -9.807856876076018100 ) ) ;
#5822 = LINE ( 'NONE', #2044, #2288 ) ;
#5823 = CARTESIAN_POINT ( 'NONE',  ( 2.500000000000189600, -20.30459520007603700, 5.480000000000000400 ) ) ;
#5824 = PLANE ( 'NONE',  #4192 ) ;
#5825 = EDGE_CURVE ( 'NONE', #5796, #6489, #577, .T. ) ;
#5826 = EDGE_CURVE ( 'NONE', #6316, #3300, #277, .T. ) ;
#5827 = CIRCLE ( 'NONE', #4921, 0.2249999999999999500 ) ;
#5828 = DIRECTION ( 'NONE',  ( 2.492418787322998300E-016, -0.0000000000000000000, 1.000000000000000000 ) ) ;
#5829 = EDGE_CURVE ( 'NONE', #1649, #3856, #5074, .T. ) ;
#5830 = VECTOR ( 'NONE', #3576, 1000.000000000000000 ) ;
#5831 = ORIENTED_EDGE ( 'NONE', *, *, #5382, .T. ) ;
#5832 = DIRECTION ( 'NONE',  ( 0.0000000000000000000, -0.0000000000000000000, -1.000000000000000000 ) ) ;
#5833 = SURFACE_STYLE_FILL_AREA ( #3456 ) ;
#5834 = FILL_AREA_STYLE ('',( #3262 ) ) ;
#5835 = ORIENTED_EDGE ( 'NONE', *, *, #5150, .T. ) ;
#5836 = AXIS2_PLACEMENT_3D ( 'NONE', #1255, #4791, #691 ) ;
#5837 = ADVANCED_FACE ( 'NONE', ( #4201 ), #5824, .T. ) ;
#5838 = EDGE_CURVE ( 'NONE', #5217, #1438, #5601, .T. ) ;
#5839 = CARTESIAN_POINT ( 'NONE',  ( -2.499999999999810400, 7.900000000000000400, 5.480000000000000400 ) ) ;
#5840 = FACE_OUTER_BOUND ( 'NONE', #1790, .T. ) ;
#5841 = DIRECTION ( 'NONE',  ( 0.0000000000000000000, 1.000000000000000000, 0.0000000000000000000 ) ) ;
#5842 = AXIS2_PLACEMENT_3D ( 'NONE', #2596, #4051, #1525 ) ;
#5843 = DIRECTION ( 'NONE',  ( 0.0000000000000000000, 1.000000000000000000, 0.0000000000000000000 ) ) ;
#5844 = EDGE_LOOP ( 'NONE', ( #4865, #1993, #2246, #2084 ) ) ;
#5845 = DIRECTION ( 'NONE',  ( -1.000000000000000000, -0.0000000000000000000, -0.0000000000000000000 ) ) ;
#5846 = ORIENTED_EDGE ( 'NONE', *, *, #454, .T. ) ;
#5847 = VERTEX_POINT ( 'NONE', #6343 ) ;
#5848 = VECTOR ( 'NONE', #186, 1000.000000000000000 ) ;
#5849 = AXIS2_PLACEMENT_3D ( 'NONE', #3313, #325, #3284 ) ;
#5850 = CARTESIAN_POINT ( 'NONE',  ( -2.499999999999996000, 6.900000000000000400, -10.56000000000000000 ) ) ;
#5851 = VECTOR ( 'NONE', #5679, 1000.000000000000000 ) ;
#5852 = CARTESIAN_POINT ( 'NONE',  ( 3.630000000000027400, -6.200000000000000200, -8.889999999999997000 ) ) ;
#5853 = CARTESIAN_POINT ( 'NONE',  ( -2.499999999999996000, -20.30459520007603700, -10.56000000000000000 ) ) ;
#5854 = AXIS2_PLACEMENT_3D ( 'NONE', #806, #399, #1304 ) ;
#5855 = EDGE_LOOP ( 'NONE', ( #2906, #919 ) ) ;
#5856 = DIRECTION ( 'NONE',  ( -0.0000000000000000000, 1.000000000000000000, 0.0000000000000000000 ) ) ;
#5857 =( NAMED_UNIT ( * ) SI_UNIT ( $, .STERADIAN. ) SOLID_ANGLE_UNIT ( ) );
#5858 = CARTESIAN_POINT ( 'NONE',  ( 3.630000000000213100, -6.200000000000000200, 8.890000000000004100 ) ) ;
#5859 = ORIENTED_EDGE ( 'NONE', *, *, #3185, .T. ) ;
#5860 = VECTOR ( 'NONE', #245, 1000.000000000000000 ) ;
#5861 = ORIENTED_EDGE ( 'NONE', *, *, #3348, .F. ) ;
#5862 = EDGE_LOOP ( 'NONE', ( #4634, #4803 ) ) ;
#5863 = ADVANCED_FACE ( 'NONE', ( #4515 ), #5396, .T. ) ;
#5864 = AXIS2_PLACEMENT_3D ( 'NONE', #172, #1558, #11 ) ;
#5865 = ORIENTED_EDGE ( 'NONE', *, *, #999, .F. ) ;
#5866 = CARTESIAN_POINT ( 'NONE',  ( -2.499999999999917000, 6.900000000000000400, -4.679999999999999700 ) ) ;
#5867 = VECTOR ( 'NONE', #3476, 1000.000000000000000 ) ;
#5868 = CARTESIAN_POINT ( 'NONE',  ( -2.499999999999783300, -20.30459520007603700, 9.760000000000001600 ) ) ;
#5869 = LINE ( 'NONE', #500, #5122 ) ;
#5870 =( GEOMETRIC_REPRESENTATION_CONTEXT ( 3 ) GLOBAL_UNCERTAINTY_ASSIGNED_CONTEXT ( ( #2921 ) ) GLOBAL_UNIT_ASSIGNED_CONTEXT ( ( #6392, #4062, #1514 ) ) REPRESENTATION_CONTEXT ( 'NONE', 'WORKASPACE' ) );
#5871 = EDGE_CURVE ( 'NONE', #40, #2512, #118, .T. ) ;
#5872 = CARTESIAN_POINT ( 'NONE',  ( -2.499999999999783300, 6.900000000000000400, 9.760000000000001600 ) ) ;
#5873 = EDGE_CURVE ( 'NONE', #4970, #3118, #3164, .T. ) ;
#5874 = PLANE ( 'NONE',  #2353 ) ;
#5875 = CARTESIAN_POINT ( 'NONE',  ( -3.629999999999946200, -6.200000000000000200, -6.574999999999996600 ) ) ;
#5876 = ORIENTED_EDGE ( 'NONE', *, *, #4963, .T. ) ;
#5877 = ORIENTED_EDGE ( 'NONE', *, *, #2973, .F. ) ;
#5878 = FACE_OUTER_BOUND ( 'NONE', #2215, .T. ) ;
#5879 = VECTOR ( 'NONE', #2792, 1000.000000000000000 ) ;
#5880 = CARTESIAN_POINT ( 'NONE',  ( -4.999999999999992900, 6.900000000000000400, -12.00857864376269100 ) ) ;
#5881 = ORIENTED_EDGE ( 'NONE', *, *, #6416, .F. ) ;
#5882 = DIRECTION ( 'NONE',  ( 0.0000000000000000000, 1.000000000000000000, 0.0000000000000000000 ) ) ;
#5883 = DIRECTION ( 'NONE',  ( 0.0000000000000000000, -0.0000000000000000000, 1.000000000000000000 ) ) ;
#5884 = FACE_OUTER_BOUND ( 'NONE', #2167, .T. ) ;
#5885 = ORIENTED_EDGE ( 'NONE', *, *, #6041, .T. ) ;
#5886 = CYLINDRICAL_SURFACE ( 'NONE', #2937, 0.2249999999999995100 ) ;
#5887 = DIRECTION ( 'NONE',  ( 1.000000000000000000, 0.0000000000000000000, 0.0000000000000000000 ) ) ;
#5888 = ORIENTED_EDGE ( 'NONE', *, *, #3787, .T. ) ;
#5889 = SURFACE_SIDE_STYLE ('',( #3157 ) ) ;
#5890 = ORIENTED_EDGE ( 'NONE', *, *, #6160, .F. ) ;
#5891 = VERTEX_POINT ( 'NONE', #4409 ) ;
#5892 = CARTESIAN_POINT ( 'NONE',  ( 2.500000000000109700, 6.900000000000000400, -2.139999999999999700 ) ) ;
#5893 = LINE ( 'NONE', #1489, #2279 ) ;
#5894 = FACE_OUTER_BOUND ( 'NONE', #1692, .T. ) ;
#5895 = ADVANCED_FACE ( 'NONE', ( #2919 ), #1862, .T. ) ;
#5896 = LINE ( 'NONE', #1768, #4115 ) ;
#5897 = VECTOR ( 'NONE', #1401, 1000.000000000000000 ) ;
#5898 = DIRECTION ( 'NONE',  ( 0.0000000000000000000, 0.0000000000000000000, 1.000000000000000000 ) ) ;
#5899 = AXIS2_PLACEMENT_3D ( 'NONE', #3556, #543, #3059 ) ;
#5900 = CARTESIAN_POINT ( 'NONE',  ( 2.500000000000191000, 6.899999999999999500, 7.220000000000000600 ) ) ;
#5901 = DIRECTION ( 'NONE',  ( 0.0000000000000000000, 1.000000000000000000, -1.215986738798339900E-016 ) ) ;
#5902 = CARTESIAN_POINT ( 'NONE',  ( -3.629999999999946200, -6.200000000000000200, -6.124999999999997300 ) ) ;
#5903 = FACE_OUTER_BOUND ( 'NONE', #718, .T. ) ;
#5904 = ORIENTED_EDGE ( 'NONE', *, *, #3257, .F. ) ;
#5905 = CARTESIAN_POINT ( 'NONE',  ( -3.629999999999813400, -6.200000000000000200, 6.350000000000003200 ) ) ;
#5906 = AXIS2_PLACEMENT_3D ( 'NONE', #927, #2860, #4459 ) ;
#5907 = EDGE_CURVE ( 'NONE', #3368, #2037, #502, .T. ) ;
#5908 = CARTESIAN_POINT ( 'NONE',  ( -3.629999999999999400, -6.200000000000000200, -11.65499999999999800 ) ) ;
#5909 = EDGE_CURVE ( 'NONE', #5353, #2749, #6371, .T. ) ;
#5910 = LINE ( 'NONE', #6228, #1054 ) ;
#5911 = CARTESIAN_POINT ( 'NONE',  ( -3.629999999999866200, 1.100000000000000300, 1.495000000000003700 ) ) ;
#5912 = ORIENTED_EDGE ( 'NONE', *, *, #1602, .F. ) ;
#5913 = VECTOR ( 'NONE', #4850, 1000.000000000000000 ) ;
#5914 = CARTESIAN_POINT ( 'NONE',  ( 2.500000000000217200, 6.900000000000000400, 9.760000000000001600 ) ) ;
#5915 = CARTESIAN_POINT ( 'NONE',  ( 0.0000000000000000000, 0.0000000000000000000, 0.0000000000000000000 ) ) ;
#5916 = CARTESIAN_POINT ( 'NONE',  ( 3.630000000000239700, 1.736396103067893400, 11.20500000000000500 ) ) ;
#5917 = LINE ( 'NONE', #3465, #1997 ) ;
#5918 = VERTEX_POINT ( 'NONE', #4842 ) ;
#5919 = VERTEX_POINT ( 'NONE', #374 ) ;
#5920 = VECTOR ( 'NONE', #3411, 1000.000000000000000 ) ;
#5921 = EDGE_CURVE ( 'NONE', #2426, #2440, #5683, .T. ) ;
#5922 = ORIENTED_EDGE ( 'NONE', *, *, #304, .F. ) ;
#5923 = FACE_OUTER_BOUND ( 'NONE', #5572, .T. ) ;
#5924 = DIRECTION ( 'NONE',  ( -1.000000000000000000, -0.0000000000000000000, -0.0000000000000000000 ) ) ;
#5925 = ADVANCED_FACE ( 'NONE', ( #4272 ), #1046, .T. ) ;
#5926 = CARTESIAN_POINT ( 'NONE',  ( -2.499999999999756600, 7.900000000000000400, 12.30000000000000200 ) ) ;
#5927 = MANIFOLD_SOLID_BREP ( 'Boss-Extrude3[4]', #5405 ) ;
#5928 = LINE ( 'NONE', #1912, #531 ) ;
#5929 = SURFACE_SIDE_STYLE ('',( #1115 ) ) ;
#5930 = CARTESIAN_POINT ( 'NONE',  ( 2.500000000000109700, 7.900000000000000400, -2.139999999999999700 ) ) ;
#5931 = PLANE ( 'NONE',  #6141 ) ;
#5932 = ORIENTED_EDGE ( 'NONE', *, *, #2221, .T. ) ;
#5933 = MANIFOLD_SOLID_BREP ( 'Boss-Extrude3[2]', #2301 ) ;
#5934 =( GEOMETRIC_REPRESENTATION_CONTEXT ( 3 ) GLOBAL_UNCERTAINTY_ASSIGNED_CONTEXT ( ( #4837 ) ) GLOBAL_UNIT_ASSIGNED_CONTEXT ( ( #2319, #3361, #3855 ) ) REPRESENTATION_CONTEXT ( 'NONE', 'WORKASPACE' ) );
#5935 = ORIENTED_EDGE ( 'NONE', *, *, #3136, .F. ) ;
#5936 = ADVANCED_FACE ( 'NONE', ( #1522 ), #5942, .T. ) ;
#5937 = CARTESIAN_POINT ( 'NONE',  ( -3.629999999999813400, 1.100000000000001000, 6.350000000000003200 ) ) ;
#5938 = EDGE_CURVE ( 'NONE', #1202, #1374, #4037, .T. ) ;
#5939 = DIRECTION ( 'NONE',  ( 0.0000000000000000000, 1.000000000000000000, 0.0000000000000000000 ) ) ;
#5940 = ORIENTED_EDGE ( 'NONE', *, *, #1794, .T. ) ;
#5941 = LINE ( 'NONE', #5960, #3126 ) ;
#5942 = PLANE ( 'NONE',  #2321 ) ;
#5943 = CYLINDRICAL_SURFACE ( 'NONE', #4913, 0.2249999999999995100 ) ;
#5944 = AXIS2_PLACEMENT_3D ( 'NONE', #1340, #1825, #2758 ) ;
#5945 = DIRECTION ( 'NONE',  ( 0.0000000000000000000, 0.0000000000000000000, 1.000000000000000000 ) ) ;
#5946 = VERTEX_POINT ( 'NONE', #941 ) ;
#5947 = AXIS2_PLACEMENT_3D ( 'NONE', #1769, #5719, #2746 ) ;
#5948 = DIRECTION ( 'NONE',  ( 0.0000000000000000000, -1.000000000000000000, 0.0000000000000000000 ) ) ;
#5949 = LINE ( 'NONE', #3402, #6110 ) ;
#5950 = EDGE_CURVE ( 'NONE', #562, #1890, #5378, .T. ) ;
#5951 = DIRECTION ( 'NONE',  ( -0.0000000000000000000, 1.000000000000000000, -0.0000000000000000000 ) ) ;
#5952 = VERTEX_POINT ( 'NONE', #1922 ) ;
#5953 = EDGE_LOOP ( 'NONE', ( #852, #3153, #738, #4305 ) ) ;
#5954 = AXIS2_PLACEMENT_3D ( 'NONE', #5102, #3028, #3524 ) ;
#5955 = ADVANCED_FACE ( 'NONE', ( #4432 ), #1942, .F. ) ;
#5956 = CIRCLE ( 'NONE', #359, 0.2249999999999999500 ) ;
#5957 = ORIENTED_EDGE ( 'NONE', *, *, #301, .T. ) ;
#5958 = ORIENTED_EDGE ( 'NONE', *, *, #3399, .F. ) ;
#5959 = ORIENTED_EDGE ( 'NONE', *, *, #5228, .F. ) ;
#5960 = CARTESIAN_POINT ( 'NONE',  ( 2.500000000000057700, 6.900000000000000400, -5.479999999999999500 ) ) ;
#5961 = ORIENTED_EDGE ( 'NONE', *, *, #792, .T. ) ;
#5962 = VECTOR ( 'NONE', #3275, 1000.000000000000000 ) ;
#5963 = VERTEX_POINT ( 'NONE', #4478 ) ;
#5964 =( NAMED_UNIT ( * ) SI_UNIT ( $, .STERADIAN. ) SOLID_ANGLE_UNIT ( ) );
#5965 = ORIENTED_EDGE ( 'NONE', *, *, #4931, .T. ) ;
#5966 = PLANE ( 'NONE',  #1157 ) ;
#5967 = ADVANCED_FACE ( 'NONE', ( #3735 ), #4453, .T. ) ;
#5968 = VECTOR ( 'NONE', #4987, 1000.000000000000000 ) ;
#5969 = CIRCLE ( 'NONE', #1126, 0.2249999999999995100 ) ;
#5970 = CARTESIAN_POINT ( 'NONE',  ( 2.500000000000137700, 6.899999999999999500, 2.140000000000001500 ) ) ;
#5971 = CARTESIAN_POINT ( 'NONE',  ( 3.544264593930673600, 0.09456800591348082900, 11.21742054539757100 ) ) ;
#5972 =( GEOMETRIC_REPRESENTATION_CONTEXT ( 3 ) GLOBAL_UNCERTAINTY_ASSIGNED_CONTEXT ( ( #1687 ) ) GLOBAL_UNIT_ASSIGNED_CONTEXT ( ( #5010, #3436, #5964 ) ) REPRESENTATION_CONTEXT ( 'NONE', 'WORKASPACE' ) );
#5973 = CARTESIAN_POINT ( 'NONE',  ( -2.499999999999837000, 6.900000000000000400, 2.939999999999999900 ) ) ;
#5974 = CYLINDRICAL_SURFACE ( 'NONE', #59, 0.2249999999999995100 ) ;
#5975 = ORIENTED_EDGE ( 'NONE', *, *, #3869, .F. ) ;
#5976 =( GEOMETRIC_REPRESENTATION_CONTEXT ( 3 ) GLOBAL_UNCERTAINTY_ASSIGNED_CONTEXT ( ( #5736 ) ) GLOBAL_UNIT_ASSIGNED_CONTEXT ( ( #156, #1621, #652 ) ) REPRESENTATION_CONTEXT ( 'NONE', 'WORKASPACE' ) );
#5977 = APPLICATION_CONTEXT ( 'automotive_design' ) ;
#5978 = VECTOR ( 'NONE', #659, 1000.000000000000000 ) ;
#5979 = FACE_OUTER_BOUND ( 'NONE', #6114, .T. ) ;
#5980 = ORIENTED_EDGE ( 'NONE', *, *, #2142, .T. ) ;
#5981 = AXIS2_PLACEMENT_3D ( 'NONE', #5359, #4816, #6477 ) ;
#5982 = CARTESIAN_POINT ( 'NONE',  ( 3.630000000000000300, 1.736396103067893400, -11.20499999999999800 ) ) ;
#5983 = VECTOR ( 'NONE', #190, 1000.000000000000000 ) ;
#5984 = DIRECTION ( 'NONE',  ( 0.0000000000000000000, 1.000000000000000000, 0.0000000000000000000 ) ) ;
#5985 = ADVANCED_FACE ( 'NONE', ( #3573 ), #4499, .F. ) ;
#5986 = ORIENTED_EDGE ( 'NONE', *, *, #4005, .F. ) ;
#5987 = VECTOR ( 'NONE', #6304, 1000.000000000000000 ) ;
#5988 = EDGE_CURVE ( 'NONE', #859, #6059, #198, .T. ) ;
#5989 = EDGE_CURVE ( 'NONE', #2880, #296, #2229, .T. ) ;
#5990 = DIRECTION ( 'NONE',  ( 0.0000000000000000000, 0.0000000000000000000, 1.000000000000000000 ) ) ;
#5991 = EDGE_CURVE ( 'NONE', #4476, #6367, #2373, .T. ) ;
#5992 = DIRECTION ( 'NONE',  ( 0.0000000000000000000, 1.000000000000000000, -1.215986738798339900E-016 ) ) ;
#5993 = EDGE_LOOP ( 'NONE', ( #2077, #51, #6043, #998 ) ) ;
#5994 = DIRECTION ( 'NONE',  ( -0.5690694145809334100, -0.4775059358891263200, 0.6694386324220940000 ) ) ;
#5995 = ORIENTED_EDGE ( 'NONE', *, *, #5750, .F. ) ;
#5996 = LINE ( 'NONE', #3481, #3339 ) ;
#5997 = CARTESIAN_POINT ( 'NONE',  ( -2.499999999999970200, 6.900000000000000400, -9.759999999999999800 ) ) ;
#5998 = EDGE_CURVE ( 'NONE', #3999, #1312, #3236, .T. ) ;
#5999 = CIRCLE ( 'NONE', #50, 0.2249999999999995100 ) ;
#6000 = ADVANCED_FACE ( 'NONE', ( #1354 ), #4619, .T. ) ;
#6001 = CARTESIAN_POINT ( 'NONE',  ( 3.630000000000000300, 1.099999999999998800, -11.42999999999999800 ) ) ;
#6002 = PLANE ( 'NONE',  #5190 ) ;
#6003 = DIRECTION ( 'NONE',  ( -4.984837574645996500E-016, 0.0000000000000000000, -1.000000000000000000 ) ) ;
#6004 = LINE ( 'NONE', #3686, #1629 ) ;
#6005 = ORIENTED_EDGE ( 'NONE', *, *, #3006, .T. ) ;
#6006 = FILL_AREA_STYLE_COLOUR ( '', #1900 ) ;
#6007 = DIRECTION ( 'NONE',  ( 1.000000000000000000, 0.0000000000000000000, -4.984837574645996500E-016 ) ) ;
#6008 = DIRECTION ( 'NONE',  ( 2.492418787322998300E-016, 0.0000000000000000000, 1.000000000000000000 ) ) ;
#6009 = FACE_OUTER_BOUND ( 'NONE', #730, .T. ) ;
#6010 = EDGE_LOOP ( 'NONE', ( #6487, #1820 ) ) ;
#6011 = DIRECTION ( 'NONE',  ( 0.0000000000000000000, 0.0000000000000000000, 1.000000000000000000 ) ) ;
#6012 = VECTOR ( 'NONE', #2211, 1000.000000000000000 ) ;
#6013 = ORIENTED_EDGE ( 'NONE', *, *, #3148, .F. ) ;
#6014 = PLANE ( 'NONE',  #4648 ) ;
#6015 = DIRECTION ( 'NONE',  ( 0.0000000000000000000, 1.000000000000000000, 0.0000000000000000000 ) ) ;
#6016 = PLANE ( 'NONE',  #3288 ) ;
#6017 = DIRECTION ( 'NONE',  ( 0.0000000000000000000, 0.0000000000000000000, 1.000000000000000000 ) ) ;
#6018 = ORIENTED_EDGE ( 'NONE', *, *, #1429, .T. ) ;
#6019 = DIRECTION ( 'NONE',  ( -0.7660444431189817900, -0.6427876096865349200, 0.0000000000000000000 ) ) ;
#6020 = ADVANCED_FACE ( 'NONE', ( #5979 ), #5086, .F. ) ;
#6021 = VECTOR ( 'NONE', #886, 1000.000000000000000 ) ;
#6022 = AXIS2_PLACEMENT_3D ( 'NONE', #1366, #1391, #2914 ) ;
#6023 = VERTEX_POINT ( 'NONE', #4638 ) ;
#6024 = CARTESIAN_POINT ( 'NONE',  ( 2.500000000000242900, 6.899999999999999500, 10.56000000000000200 ) ) ;
#6025 = ORIENTED_EDGE ( 'NONE', *, *, #96, .F. ) ;
#6026 = LINE ( 'NONE', #2022, #3442 ) ;
#6027 = EDGE_CURVE ( 'NONE', #842, #4040, #3961, .T. ) ;
#6028 = EDGE_CURVE ( 'NONE', #3675, #1438, #4511, .T. ) ;
#6029 = ADVANCED_FACE ( 'NONE', ( #2613 ), #5132, .T. ) ;
#6030 = EDGE_CURVE ( 'NONE', #3355, #2986, #1272, .T. ) ;
#6031 = EDGE_LOOP ( 'NONE', ( #5846, #5207, #1424, #4699 ) ) ;
#6032 = DIRECTION ( 'NONE',  ( 1.000000000000000000, 0.0000000000000000000, -0.0000000000000000000 ) ) ;
#6033 = DIRECTION ( 'NONE',  ( -0.0000000000000000000, 1.000000000000000000, -0.0000000000000000000 ) ) ;
#6034 = AXIS2_PLACEMENT_3D ( 'NONE', #5937, #1500, #2942 ) ;
#6035 = FACE_OUTER_BOUND ( 'NONE', #4183, .T. ) ;
#6036 = ADVANCED_FACE ( 'NONE', ( #39 ), #5060, .F. ) ;
#6037 = CARTESIAN_POINT ( 'NONE',  ( 0.0000000000000000000, 7.900000000000000400, 0.0000000000000000000 ) ) ;
#6038 = CARTESIAN_POINT ( 'NONE',  ( -2.499999999999863200, 6.899999999999999500, 2.140000000000001500 ) ) ;
#6039 = ORIENTED_EDGE ( 'NONE', *, *, #5501, .T. ) ;
#6040 = DIRECTION ( 'NONE',  ( -1.000000000000000000, 0.0000000000000000000, -0.0000000000000000000 ) ) ;
#6041 = EDGE_CURVE ( 'NONE', #2666, #2392, #4195, .T. ) ;
#6042 = CARTESIAN_POINT ( 'NONE',  ( 3.630000000000027400, -6.200000000000000200, -8.889999999999997000 ) ) ;
#6043 = ORIENTED_EDGE ( 'NONE', *, *, #2008, .F. ) ;
#6044 = ORIENTED_EDGE ( 'NONE', *, *, #5669, .F. ) ;
#6045 = ORIENTED_EDGE ( 'NONE', *, *, #3221, .T. ) ;
#6046 = VECTOR ( 'NONE', #614, 1000.000000000000000 ) ;
#6047 = LINE ( 'NONE', #2326, #110 ) ;
#6048 = SURFACE_STYLE_USAGE ( .BOTH. , #134 ) ;
#6049 = AXIS2_PLACEMENT_3D ( 'NONE', #1586, #1561, #2537 ) ;
#6050 = LINE ( 'NONE', #3904, #5968 ) ;
#6051 = VERTEX_POINT ( 'NONE', #2531 ) ;
#6052 = ORIENTED_EDGE ( 'NONE', *, *, #2672, .F. ) ;
#6053 = DIRECTION ( 'NONE',  ( 1.853618526925526000E-016, 0.0000000000000000000, -1.000000000000000000 ) ) ;
#6054 = ADVANCED_FACE ( 'NONE', ( #6453 ), #5107, .T. ) ;
#6055 =( LENGTH_UNIT ( ) NAMED_UNIT ( * ) SI_UNIT ( .MILLI., .METRE. ) );
#6056 = CARTESIAN_POINT ( 'NONE',  ( -2.499999999999889900, 6.899999999999999500, -0.3999999999999993000 ) ) ;
#6057 = VECTOR ( 'NONE', #4862, 1000.000000000000000 ) ;
#6058 = DIRECTION ( 'NONE',  ( 0.0000000000000000000, 1.000000000000000000, 0.0000000000000000000 ) ) ;
#6059 = VERTEX_POINT ( 'NONE', #4543 ) ;
#6060 = CARTESIAN_POINT ( 'NONE',  ( -2.499999999999809900, 7.900000000000000400, 7.220000000000000600 ) ) ;
#6061 = MECHANICAL_DESIGN_GEOMETRIC_PRESENTATION_REPRESENTATION (  '', ( #3203 ), #4276 ) ;
#6062 = ORIENTED_EDGE ( 'NONE', *, *, #3359, .T. ) ;
#6063 = CARTESIAN_POINT ( 'NONE',  ( -4.358578643762681900, 6.900000000000000400, -12.65000000000000200 ) ) ;
#6064 = ADVANCED_FACE ( 'NONE', ( #3477 ), #3581, .F. ) ;
#6065 = LINE ( 'NONE', #6196, #1613 ) ;
#6066 = ORIENTED_EDGE ( 'NONE', *, *, #215, .T. ) ;
#6067 = FACE_OUTER_BOUND ( 'NONE', #1173, .T. ) ;
#6068 = ADVANCED_FACE ( 'NONE', ( #1828 ), #2998, .T. ) ;
#6069 = AXIS2_PLACEMENT_3D ( 'NONE', #3081, #474, #5504 ) ;
#6070 =( LENGTH_UNIT ( ) NAMED_UNIT ( * ) SI_UNIT ( .MILLI., .METRE. ) );
#6071 = CARTESIAN_POINT ( 'NONE',  ( -2.499999999999970200, -20.30459520007603700, -9.759999999999999800 ) ) ;
#6072 = VECTOR ( 'NONE', #3042, 1000.000000000000000 ) ;
#6073 = ORIENTED_EDGE ( 'NONE', *, *, #981, .F. ) ;
#6074 = CARTESIAN_POINT ( 'NONE',  ( -3.629999999999893300, 1.100000000000000100, -1.494999999999996800 ) ) ;
#6075 = ORIENTED_EDGE ( 'NONE', *, *, #3257, .T. ) ;
#6076 = VECTOR ( 'NONE', #2433, 1000.000000000000000 ) ;
#6077 = CARTESIAN_POINT ( 'NONE',  ( 5.100000000000000500, 1.099999999999999000, -9.807856876076018100 ) ) ;
#6078 = MECHANICAL_DESIGN_GEOMETRIC_PRESENTATION_REPRESENTATION (  '', ( #5110 ), #1029 ) ;
#6079 = EDGE_CURVE ( 'NONE', #3988, #3522, #349, .T. ) ;
#6080 = ORIENTED_EDGE ( 'NONE', *, *, #4963, .F. ) ;
#6081 = LINE ( 'NONE', #4882, #5848 ) ;
#6082 = CARTESIAN_POINT ( 'NONE',  ( -2.499999999999757100, -20.30459520007603700, 10.56000000000000200 ) ) ;
#6083 = EDGE_CURVE ( 'NONE', #918, #1733, #3655, .T. ) ;
#6084 = DIRECTION ( 'NONE',  ( 0.0000000000000000000, 1.000000000000000000, 0.0000000000000000000 ) ) ;
#6085 = PLANE ( 'NONE',  #5104 ) ;
#6086 = FACE_BOUND ( 'NONE', #2125, .T. ) ;
#6087 = CARTESIAN_POINT ( 'NONE',  ( 3.630000000000000300, -6.200000000000000200, -11.20499999999999800 ) ) ;
#6088 = ORIENTED_EDGE ( 'NONE', *, *, #4933, .F. ) ;
#6089 = DIRECTION ( 'NONE',  ( 0.0000000000000000000, 1.000000000000000000, 0.0000000000000000000 ) ) ;
#6090 = VECTOR ( 'NONE', #1982, 1000.000000000000000 ) ;
#6091 = VERTEX_POINT ( 'NONE', #200 ) ;
#6092 = CARTESIAN_POINT ( 'NONE',  ( -4.358578643762681900, 6.900000000000000400, -12.65000000000000200 ) ) ;
#6093 = PLANE ( 'NONE',  #307 ) ;
#6094 = ADVANCED_FACE ( 'NONE', ( #1187 ), #3653, .F. ) ;
#6095 = ORIENTED_EDGE ( 'NONE', *, *, #498, .F. ) ;
#6096 = FACE_BOUND ( 'NONE', #5813, .T. ) ;
#6097 = DIRECTION ( 'NONE',  ( 0.0000000000000000000, 1.000000000000000000, 0.0000000000000000000 ) ) ;
#6098 = SURFACE_STYLE_FILL_AREA ( #117 ) ;
#6099 = EDGE_LOOP ( 'NONE', ( #4552, #2028, #5313, #4885 ) ) ;
#6100 = CARTESIAN_POINT ( 'NONE',  ( 2.289071048146349900, 1.100000000000001900, -12.75000000000000200 ) ) ;
#6101 = ORIENTED_EDGE ( 'NONE', *, *, #3577, .F. ) ;
#6102 = CARTESIAN_POINT ( 'NONE',  ( 2.500000000000056800, -20.30459520007603700, -7.219999999999999800 ) ) ;
#6103 = ORIENTED_EDGE ( 'NONE', *, *, #3578, .T. ) ;
#6104 = CARTESIAN_POINT ( 'NONE',  ( -2.499999999999917000, 6.899999999999999500, -4.679999999999999700 ) ) ;
#6105 = VECTOR ( 'NONE', #4266, 1000.000000000000000 ) ;
#6106 = CARTESIAN_POINT ( 'NONE',  ( -2.499999999999809900, 6.900000000000000400, 7.220000000000000600 ) ) ;
#6107 = AXIS2_PLACEMENT_3D ( 'NONE', #6449, #896, #1450 ) ;
#6108 = PLANE ( 'NONE',  #4460 ) ;
#6109 = ORIENTED_EDGE ( 'NONE', *, *, #861, .F. ) ;
#6110 = VECTOR ( 'NONE', #6420, 1000.000000000000000 ) ;
#6111 = DIRECTION ( 'NONE',  ( 0.0000000000000000000, 0.0000000000000000000, 1.000000000000000000 ) ) ;
#6112 = ORIENTED_EDGE ( 'NONE', *, *, #1211, .T. ) ;
#6113 = CARTESIAN_POINT ( 'NONE',  ( -3.629999999999920000, 1.099999999999999900, -3.809999999999997400 ) ) ;
#6114 = EDGE_LOOP ( 'NONE', ( #4365, #160, #2602, #4106 ) ) ;
#6115 = AXIS2_PLACEMENT_3D ( 'NONE', #761, #1264, #1797 ) ;
#6116 = EDGE_CURVE ( 'NONE', #3300, #4928, #1518, .T. ) ;
#6117 = LINE ( 'NONE', #744, #4814 ) ;
#6118 = EDGE_CURVE ( 'NONE', #4823, #926, #1038, .T. ) ;
#6119 = ORIENTED_EDGE ( 'NONE', *, *, #3911, .T. ) ;
#6120 = DIRECTION ( 'NONE',  ( 0.0000000000000000000, 1.000000000000000000, 0.0000000000000000000 ) ) ;
#6121 = ORIENTED_EDGE ( 'NONE', *, *, #743, .T. ) ;
#6122 = EDGE_LOOP ( 'NONE', ( #1454, #2317 ) ) ;
#6123 = MECHANICAL_DESIGN_GEOMETRIC_PRESENTATION_REPRESENTATION (  '', ( #2976 ), #4129 ) ;
#6124 = CARTESIAN_POINT ( 'NONE',  ( -3.629999999999840000, -6.200000000000000200, 3.810000000000002700 ) ) ;
#6125 = CYLINDRICAL_SURFACE ( 'NONE', #4424, 0.2249999999999995100 ) ;
#6126 = FACE_OUTER_BOUND ( 'NONE', #758, .T. ) ;
#6127 = CARTESIAN_POINT ( 'NONE',  ( -3.629999999999973200, 1.099999999999999000, -8.889999999999997000 ) ) ;
#6128 = VERTEX_POINT ( 'NONE', #2169 ) ;
#6129 = DIRECTION ( 'NONE',  ( 1.000000000000000000, 0.0000000000000000000, -0.0000000000000000000 ) ) ;
#6130 = ORIENTED_EDGE ( 'NONE', *, *, #1679, .F. ) ;
#6131 = EDGE_CURVE ( 'NONE', #4690, #936, #3568, .T. ) ;
#6132 = ADVANCED_FACE ( 'NONE', ( #5070 ), #5248, .F. ) ;
#6133 = CARTESIAN_POINT ( 'NONE',  ( 2.500000000000109700, 6.900000000000000400, -2.139999999999999700 ) ) ;
#6134 = CIRCLE ( 'NONE', #6330, 0.2249999999999999500 ) ;
#6135 = VECTOR ( 'NONE', #3996, 1000.000000000000000 ) ;
#6136 = VECTOR ( 'NONE', #3033, 1000.000000000000000 ) ;
#6137 = PLANE ( 'NONE',  #5415 ) ;
#6138 = UNCERTAINTY_MEASURE_WITH_UNIT (LENGTH_MEASURE( 1.000000000000000100E-005 ), #4607, 'distance_accuracy_value', 'NONE');
#6139 = VECTOR ( 'NONE', #5567, 1000.000000000000100 ) ;
#6140 = ORIENTED_EDGE ( 'NONE', *, *, #1547, .F. ) ;
#6141 = AXIS2_PLACEMENT_3D ( 'NONE', #2934, #5514, #2515 ) ;
#6143 = LINE ( 'NONE', #5650, #4033 ) ;
#6142 = CARTESIAN_POINT ( 'NONE',  ( 3.630000000000080300, 1.099999999999999900, -3.809999999999997400 ) ) ;
#6144 = ORIENTED_EDGE ( 'NONE', *, *, #2345, .F. ) ;
#6145 = SURFACE_SIDE_STYLE ('',( #6098 ) ) ;
#6146 = DIRECTION ( 'NONE',  ( 0.0000000000000000000, -0.0000000000000000000, 1.000000000000000000 ) ) ;
#6147 = CARTESIAN_POINT ( 'NONE',  ( -2.499999999999970200, 6.899999999999999500, -9.759999999999999800 ) ) ;
#6148 = MECHANICAL_DESIGN_GEOMETRIC_PRESENTATION_REPRESENTATION (  '', ( #4023 ), #3213 ) ;
#6149 = EDGE_LOOP ( 'NONE', ( #1086, #5046, #5535, #1472 ) ) ;
#6150 = CIRCLE ( 'NONE', #1799, 0.2249999999999999500 ) ;
#6151 = DIRECTION ( 'NONE',  ( 0.0000000000000000000, -0.0000000000000000000, 1.000000000000000000 ) ) ;
#6152 = CARTESIAN_POINT ( 'NONE',  ( 2.500000000000057700, 6.900000000000000400, -5.479999999999999500 ) ) ;
#6153 = EDGE_LOOP ( 'NONE', ( #1275, #3647, #2277, #1853 ) ) ;
#6154 = ORIENTED_EDGE ( 'NONE', *, *, #2918, .F. ) ;
#6155 = ORIENTED_EDGE ( 'NONE', *, *, #341, .T. ) ;
#6156 = CYLINDRICAL_SURFACE ( 'NONE', #1842, 0.2249999999999999500 ) ;
#6157 = EDGE_CURVE ( 'NONE', #2037, #3368, #5827, .T. ) ;
#6158 = EDGE_CURVE ( 'NONE', #5149, #3440, #6143, .T. ) ;
#6159 = PLANE ( 'NONE',  #5864 ) ;
#6160 = EDGE_CURVE ( 'NONE', #5242, #721, #6287, .T. ) ;
#6161 = PLANE ( 'NONE',  #443 ) ;
#6162 =( GEOMETRIC_REPRESENTATION_CONTEXT ( 3 ) GLOBAL_UNCERTAINTY_ASSIGNED_CONTEXT ( ( #2708 ) ) GLOBAL_UNIT_ASSIGNED_CONTEXT ( ( #4289, #1269, #2275 ) ) REPRESENTATION_CONTEXT ( 'NONE', 'WORKASPACE' ) );
#6163 = ADVANCED_FACE ( 'NONE', ( #5221 ), #2697, .T. ) ;
#6164 = VECTOR ( 'NONE', #1067, 1000.000000000000000 ) ;
#6165 = DIRECTION ( 'NONE',  ( 0.0000000000000000000, 1.000000000000000000, -1.215986738798339900E-016 ) ) ;
#6166 = MECHANICAL_DESIGN_GEOMETRIC_PRESENTATION_REPRESENTATION (  '', ( #1600 ), #589 ) ;
#6167 = DIRECTION ( 'NONE',  ( 2.492418787322998300E-016, 0.0000000000000000000, 1.000000000000000000 ) ) ;
#6168 = CARTESIAN_POINT ( 'NONE',  ( 3.630000000000000300, 1.736396103067893400, -11.42999999999999800 ) ) ;
#6169 = EDGE_CURVE ( 'NONE', #4883, #5817, #495, .T. ) ;
#6170 = CLOSED_SHELL ( 'NONE', ( #3879, #2834, #5073, #934 ) ) ;
#6171 = FACE_BOUND ( 'NONE', #4184, .T. ) ;
#6172 = CARTESIAN_POINT ( 'NONE',  ( 3.630000000000239700, -6.200000000000000200, 11.43000000000000500 ) ) ;
#6173 = DIRECTION ( 'NONE',  ( 1.000000000000000000, 0.0000000000000000000, -4.984837574645996500E-016 ) ) ;
#6174 = ORIENTED_EDGE ( 'NONE', *, *, #6207, .F. ) ;
#6175 = ORIENTED_EDGE ( 'NONE', *, *, #4256, .T. ) ;
#6176 = FACE_BOUND ( 'NONE', #5216, .T. ) ;
#6177 = ORIENTED_EDGE ( 'NONE', *, *, #5055, .T. ) ;
#6178 = VECTOR ( 'NONE', #2933, 1000.000000000000000 ) ;
#6179 = EDGE_LOOP ( 'NONE', ( #1370, #6353 ) ) ;
#6180 = AXIS2_PLACEMENT_3D ( 'NONE', #703, #6184, #5245 ) ;
#6181 = DIRECTION ( 'NONE',  ( 0.0000000000000000000, 0.0000000000000000000, 1.000000000000000000 ) ) ;
#6182 = EDGE_LOOP ( 'NONE', ( #138, #1655, #2148, #5033 ) ) ;
#6183 = DIRECTION ( 'NONE',  ( -0.0000000000000000000, -0.0000000000000000000, 1.000000000000000000 ) ) ;
#6184 = DIRECTION ( 'NONE',  ( -1.000000000000000000, 0.0000000000000000000, -2.462239309748130900E-016 ) ) ;
#6185 = ORIENTED_EDGE ( 'NONE', *, *, #2511, .F. ) ;
#6186 = DIRECTION ( 'NONE',  ( 0.0000000000000000000, 0.0000000000000000000, 1.000000000000000000 ) ) ;
#6187 = LINE ( 'NONE', #870, #3538 ) ;
#6188 = SURFACE_STYLE_FILL_AREA ( #4780 ) ;
#6189 = AXIS2_PLACEMENT_3D ( 'NONE', #6042, #2017, #4000 ) ;
#6190 = DIRECTION ( 'NONE',  ( 0.0000000000000000000, 1.000000000000000000, 0.0000000000000000000 ) ) ;
#6191 = DIRECTION ( 'NONE',  ( -0.7071067811865479100, 0.0000000000000000000, 0.7071067811865470200 ) ) ;
#6192 = DIRECTION ( 'NONE',  ( 0.0000000000000000000, 0.0000000000000000000, 1.000000000000000000 ) ) ;
#6193 = ORIENTED_EDGE ( 'NONE', *, *, #592, .T. ) ;
#6194 = DIRECTION ( 'NONE',  ( 0.0000000000000000000, 1.000000000000000000, 0.0000000000000000000 ) ) ;
#6195 = CARTESIAN_POINT ( 'NONE',  ( 2.500000000000084400, 7.900000000000000400, -2.939999999999999900 ) ) ;
#6196 = CARTESIAN_POINT ( 'NONE',  ( -2.499999999999943200, 6.899999999999999500, -7.219999999999999800 ) ) ;
#6197 = LINE ( 'NONE', #3624, #5141 ) ;
#6198 = STYLED_ITEM ( 'NONE', ( #1154 ), #864 ) ;
#6199 = DIRECTION ( 'NONE',  ( 0.0000000000000000000, -1.000000000000000000, 0.0000000000000000000 ) ) ;
#6200 = EDGE_LOOP ( 'NONE', ( #213, #5225, #3890, #1248 ) ) ;
#6201 = AXIS2_PLACEMENT_3D ( 'NONE', #3565, #2513, #6040 ) ;
#6202 = LINE ( 'NONE', #3138, #259 ) ;
#6203 = PLANE ( 'NONE',  #6180 ) ;
#6204 = EDGE_LOOP ( 'NONE', ( #2923, #851, #6375, #3616 ) ) ;
#6205 = ORIENTED_EDGE ( 'NONE', *, *, #1685, .T. ) ;
#6206 = EDGE_CURVE ( 'NONE', #2984, #161, #4345, .T. ) ;
#6207 = EDGE_CURVE ( 'NONE', #228, #2110, #1677, .T. ) ;
#6208 = FACE_OUTER_BOUND ( 'NONE', #2294, .T. ) ;
#6209 = DIRECTION ( 'NONE',  ( -1.000000000000000000, 0.0000000000000000000, -0.0000000000000000000 ) ) ;
#6210 = CARTESIAN_POINT ( 'NONE',  ( 5.100000000000000500, 1.099999999999999000, -9.807856876076018100 ) ) ;
#6211 = DIRECTION ( 'NONE',  ( -0.0000000000000000000, 1.000000000000000000, 0.0000000000000000000 ) ) ;
#6212 = CIRCLE ( 'NONE', #2196, 0.2249999999999995100 ) ;
#6213 = VERTEX_POINT ( 'NONE', #5710 ) ;
#6214 = DIRECTION ( 'NONE',  ( -1.000000000000000000, -0.0000000000000000000, -1.853618526925526000E-016 ) ) ;
#6215 = VECTOR ( 'NONE', #2833, 1000.000000000000000 ) ;
#6216 = DIRECTION ( 'NONE',  ( 0.0000000000000000000, 1.000000000000000000, -1.215986738798339900E-016 ) ) ;
#6217 = MANIFOLD_SOLID_BREP ( 'Split1[9]', #2530 ) ;
#6218 = EDGE_LOOP ( 'NONE', ( #1870, #4778, #1660, #462 ) ) ;
#6219 = CARTESIAN_POINT ( 'NONE',  ( -2.499999999999916500, -20.30459520007603700, -2.939999999999999900 ) ) ;
#6220 = FACE_OUTER_BOUND ( 'NONE', #1999, .T. ) ;
#6221 = ORIENTED_EDGE ( 'NONE', *, *, #5056, .F. ) ;
#6222 = FACE_OUTER_BOUND ( 'NONE', #6204, .T. ) ;
#6223 = ORIENTED_EDGE ( 'NONE', *, *, #5786, .T. ) ;
#6224 = DIRECTION ( 'NONE',  ( -1.000000000000000000, 0.0000000000000000000, 2.492418787322998300E-016 ) ) ;
#6225 = EDGE_LOOP ( 'NONE', ( #1194, #2858, #2004, #6465, #3575, #2791, #5336 ) ) ;
#6226 = VECTOR ( 'NONE', #3858, 1000.000000000000000 ) ;
#6227 = SURFACE_SIDE_STYLE ('',( #3344 ) ) ;
#6228 = CARTESIAN_POINT ( 'NONE',  ( -3.629999999999946200, -6.200000000000000200, -6.574999999999996600 ) ) ;
#6229 = VERTEX_POINT ( 'NONE', #1205 ) ;
#6230 = VECTOR ( 'NONE', #6296, 1000.000000000000000 ) ;
#6231 = DIRECTION ( 'NONE',  ( 0.0000000000000000000, 0.0000000000000000000, 1.000000000000000000 ) ) ;
#6232 = EDGE_CURVE ( 'NONE', #3050, #994, #4840, .T. ) ;
#6233 = FACE_OUTER_BOUND ( 'NONE', #5123, .T. ) ;
#6234 = EDGE_CURVE ( 'NONE', #5128, #6229, #2448, .T. ) ;
#6235 = DIRECTION ( 'NONE',  ( -4.984837574645996500E-016, 0.0000000000000000000, -1.000000000000000000 ) ) ;
#6236 = CARTESIAN_POINT ( 'NONE',  ( -2.499999999999969800, 7.900000000000000400, -8.019999999999999600 ) ) ;
#6237 = AXIS2_PLACEMENT_3D ( 'NONE', #3146, #2173, #6167 ) ;
#6238 = EDGE_LOOP ( 'NONE', ( #4991, #1716, #4945, #5507 ) ) ;
#6239 = ORIENTED_EDGE ( 'NONE', *, *, #2891, .F. ) ;
#6240 = CARTESIAN_POINT ( 'NONE',  ( -2.499999999999756600, -20.30459520007603700, 12.30000000000000200 ) ) ;
#6241 = DIRECTION ( 'NONE',  ( 1.000000000000000000, 0.0000000000000000000, -0.0000000000000000000 ) ) ;
#6242 = CARTESIAN_POINT ( 'NONE',  ( -2.499999999999783300, 7.900000000000000400, 9.760000000000001600 ) ) ;
#6243 = CARTESIAN_POINT ( 'NONE',  ( 2.500000000000003600, 6.900000000000000400, -12.30000000000000100 ) ) ;
#6244 = EDGE_CURVE ( 'NONE', #5482, #2985, #807, .T. ) ;
#6245 = CARTESIAN_POINT ( 'NONE',  ( -2.499999999999917000, 7.900000000000000400, -4.679999999999999700 ) ) ;
#6246 = ORIENTED_EDGE ( 'NONE', *, *, #3802, .T. ) ;
#6247 = DIRECTION ( 'NONE',  ( 0.0000000000000000000, -0.0000000000000000000, 1.000000000000000000 ) ) ;
#6248 = ORIENTED_EDGE ( 'NONE', *, *, #5921, .F. ) ;
#6249 = FACE_BOUND ( 'NONE', #3914, .T. ) ;
#6250 = CARTESIAN_POINT ( 'NONE',  ( 3.630000000000080300, -6.200000000000000200, -3.584999999999997300 ) ) ;
#6251 = FACE_OUTER_BOUND ( 'NONE', #6182, .T. ) ;
#6252 = DIRECTION ( 'NONE',  ( 1.000000000000000000, 0.0000000000000000000, 0.0000000000000000000 ) ) ;
#6253 = VERTEX_POINT ( 'NONE', #5795 ) ;
#6254 = EDGE_LOOP ( 'NONE', ( #1103, #5986, #3638, #6221 ) ) ;
#6255 =( NAMED_UNIT ( * ) SI_UNIT ( $, .STERADIAN. ) SOLID_ANGLE_UNIT ( ) );
#6256 = ORIENTED_EDGE ( 'NONE', *, *, #2714, .T. ) ;
#6257 = PRESENTATION_STYLE_ASSIGNMENT (( #4657 ) ) ;
#6258 = CIRCLE ( 'NONE', #4107, 0.2249999999999995100 ) ;
#6259 = AXIS2_PLACEMENT_3D ( 'NONE', #2908, #6370, #2360 ) ;
#6260 = DIRECTION ( 'NONE',  ( -0.7071067811865479100, -0.0000000000000000000, 0.7071067811865470200 ) ) ;
#6261 = EDGE_LOOP ( 'NONE', ( #2283, #288, #760, #4230, #5429 ) ) ;
#6262 = VECTOR ( 'NONE', #2339, 1000.000000000000000 ) ;
#6263 = CARTESIAN_POINT ( 'NONE',  ( 2.500000000000031100, 6.899999999999999500, -8.019999999999999600 ) ) ;
#6264 = EDGE_LOOP ( 'NONE', ( #2325, #5114, #3451, #4980 ) ) ;
#6265 = ORIENTED_EDGE ( 'NONE', *, *, #1418, .F. ) ;
#6266 = CARTESIAN_POINT ( 'NONE',  ( 5.100000000000000500, 1.099999999999999000, -9.807856876076018100 ) ) ;
#6267 = AXIS2_PLACEMENT_3D ( 'NONE', #6142, #4746, #4146 ) ;
#6268 = DIRECTION ( 'NONE',  ( -1.000000000000000000, -0.0000000000000000000, -0.0000000000000000000 ) ) ;
#6269 = LINE ( 'NONE', #5346, #6435 ) ;
#6270 = ORIENTED_EDGE ( 'NONE', *, *, #3672, .F. ) ;
#6271 = DIRECTION ( 'NONE',  ( -0.0000000000000000000, 1.000000000000000000, 0.0000000000000000000 ) ) ;
#6272 = ORIENTED_EDGE ( 'NONE', *, *, #2007, .F. ) ;
#6273 = ORIENTED_EDGE ( 'NONE', *, *, #2262, .T. ) ;
#6274 = DIRECTION ( 'NONE',  ( 0.0000000000000000000, 0.0000000000000000000, -1.000000000000000000 ) ) ;
#6275 = EDGE_CURVE ( 'NONE', #6489, #2601, #2291, .T. ) ;
#6276 = LINE ( 'NONE', #3656, #2911 ) ;
#6277 = DIRECTION ( 'NONE',  ( 0.0000000000000000000, 1.000000000000000000, 0.0000000000000000000 ) ) ;
#6278 = PLANE ( 'NONE',  #1162 ) ;
#6279 = ORIENTED_EDGE ( 'NONE', *, *, #4697, .T. ) ;
#6280 = AXIS2_PLACEMENT_3D ( 'NONE', #3800, #1720, #3325 ) ;
#6281 = SURFACE_SIDE_STYLE ('',( #2669 ) ) ;
#6282 = CYLINDRICAL_SURFACE ( 'NONE', #143, 0.2249999999999995100 ) ;
#6283 = DIRECTION ( 'NONE',  ( 2.492418787322998300E-016, -0.0000000000000000000, 1.000000000000000000 ) ) ;
#6284 = FACE_OUTER_BOUND ( 'NONE', #4035, .T. ) ;
#6285 = AXIS2_PLACEMENT_3D ( 'NONE', #373, #2286, #3367 ) ;
#6286 = EDGE_CURVE ( 'NONE', #6422, #4974, #655, .T. ) ;
#6287 = LINE ( 'NONE', #2209, #4989 ) ;
#6288 = CARTESIAN_POINT ( 'NONE',  ( -2.499999999999943200, -20.30459520007603700, -7.219999999999999800 ) ) ;
#6289 = VERTEX_POINT ( 'NONE', #795 ) ;
#6290 = AXIS2_PLACEMENT_3D ( 'NONE', #3602, #5052, #4098 ) ;
#6291 = DIRECTION ( 'NONE',  ( -0.0000000000000000000, 1.000000000000000000, -0.0000000000000000000 ) ) ;
#6292 = DIRECTION ( 'NONE',  ( -0.0000000000000000000, 1.000000000000000000, -0.0000000000000000000 ) ) ;
#6293 = DIRECTION ( 'NONE',  ( 0.0000000000000000000, 1.000000000000000000, 0.0000000000000000000 ) ) ;
#6294 = CARTESIAN_POINT ( 'NONE',  ( -2.499999999999970200, 7.900000000000000400, -9.759999999999999800 ) ) ;
#6295 = VECTOR ( 'NONE', #3235, 1000.000000000000000 ) ;
#6296 = DIRECTION ( 'NONE',  ( -0.0000000000000000000, -1.000000000000000000, -0.0000000000000000000 ) ) ;
#6297 = EDGE_LOOP ( 'NONE', ( #6052, #5318, #3274, #2063, #5081 ) ) ;
#6298 = CARTESIAN_POINT ( 'NONE',  ( 5.100000000000000500, 1.099999999999999000, -9.807856876076018100 ) ) ;
#6299 = FILL_AREA_STYLE_COLOUR ( '', #4957 ) ;
#6300 = COLOUR_RGB ( '',0.0000000000000000000, 0.7529411764705882200, 0.0000000000000000000 ) ;
#6301 = CARTESIAN_POINT ( 'NONE',  ( -2.499999999999943200, -20.30459520007603700, -7.219999999999999800 ) ) ;
#6302 = VERTEX_POINT ( 'NONE', #5267 ) ;
#6303 = SURFACE_STYLE_FILL_AREA ( #2083 ) ;
#6304 = DIRECTION ( 'NONE',  ( 2.492418787322998300E-016, -0.0000000000000000000, 1.000000000000000000 ) ) ;
#6305 = ORIENTED_EDGE ( 'NONE', *, *, #2507, .F. ) ;
#6306 = AXIS2_PLACEMENT_3D ( 'NONE', #3154, #4626, #4713 ) ;
#6307 = ORIENTED_EDGE ( 'NONE', *, *, #3347, .F. ) ;
#6308 = VECTOR ( 'NONE', #5312, 1000.000000000000000 ) ;
#6309 = DIRECTION ( 'NONE',  ( 0.0000000000000000000, 0.0000000000000000000, -1.000000000000000000 ) ) ;
#6310 = DIRECTION ( 'NONE',  ( 0.0000000000000000000, 1.000000000000000000, 0.0000000000000000000 ) ) ;
#6311 = CARTESIAN_POINT ( 'NONE',  ( -2.499999999999836600, 6.900000000000000400, 4.679999999999999700 ) ) ;
#6312 = DIRECTION ( 'NONE',  ( 0.0000000000000000000, 0.0000000000000000000, 1.000000000000000000 ) ) ;
#6313 = CIRCLE ( 'NONE', #2963, 0.2249999999999995100 ) ;
#6314 = AXIS2_PLACEMENT_3D ( 'NONE', #4212, #5712, #222 ) ;
#6315 = AXIS2_PLACEMENT_3D ( 'NONE', #4300, #2465, #1838 ) ;
#6316 = VERTEX_POINT ( 'NONE', #2739 ) ;
#6317 = FACE_BOUND ( 'NONE', #5993, .T. ) ;
#6318 = ORIENTED_EDGE ( 'NONE', *, *, #5789, .T. ) ;
#6319 = SURFACE_STYLE_USAGE ( .BOTH. , #5763 ) ;
#6320 = EDGE_CURVE ( 'NONE', #4970, #5918, #4678, .T. ) ;
#6321 = EDGE_CURVE ( 'NONE', #669, #431, #4202, .T. ) ;
#6322 = CARTESIAN_POINT ( 'NONE',  ( -3.629999999999840000, -6.200000000000000200, 3.810000000000002700 ) ) ;
#6323 = ORIENTED_EDGE ( 'NONE', *, *, #4162, .T. ) ;
#6324 = EDGE_CURVE ( 'NONE', #819, #1691, #4757, .T. ) ;
#6325 = ORIENTED_EDGE ( 'NONE', *, *, #501, .T. ) ;
#6326 = ORIENTED_EDGE ( 'NONE', *, *, #1456, .T. ) ;
#6327 = DIRECTION ( 'NONE',  ( -1.000000000000000000, -0.0000000000000000000, -0.0000000000000000000 ) ) ;
#6328 = FACE_OUTER_BOUND ( 'NONE', #375, .T. ) ;
#6329 = ORIENTED_EDGE ( 'NONE', *, *, #840, .T. ) ;
#6330 = AXIS2_PLACEMENT_3D ( 'NONE', #1372, #4363, #5800 ) ;
#6331 = CLOSED_SHELL ( 'NONE', ( #5558, #5118, #5447, #4981 ) ) ;
#6332 = EDGE_LOOP ( 'NONE', ( #798, #4486 ) ) ;
#6333 = DIRECTION ( 'NONE',  ( -1.000000000000000000, -0.0000000000000000000, -0.0000000000000000000 ) ) ;
#6334 = ORIENTED_EDGE ( 'NONE', *, *, #348, .F. ) ;
#6335 = LINE ( 'NONE', #3950, #5867 ) ;
#6336 = VECTOR ( 'NONE', #1510, 1000.000000000000000 ) ;
#6337 = CARTESIAN_POINT ( 'NONE',  ( 0.0000000000000000000, 7.900000000000000400, 0.0000000000000000000 ) ) ;
#6338 = EDGE_CURVE ( 'NONE', #5099, #4876, #2762, .T. ) ;
#6339 = VERTEX_POINT ( 'NONE', #4274 ) ;
#6340 = ORIENTED_EDGE ( 'NONE', *, *, #4843, .F. ) ;
#6341 = ORIENTED_EDGE ( 'NONE', *, *, #5716, .T. ) ;
#6342 = LINE ( 'NONE', #3083, #2046 ) ;
#6343 = CARTESIAN_POINT ( 'NONE',  ( 2.500000000000189600, 7.900000000000000400, 5.480000000000000400 ) ) ;
#6344 = LINE ( 'NONE', #808, #3935 ) ;
#6345 = DIRECTION ( 'NONE',  ( 0.0000000000000000000, -1.000000000000000000, 0.0000000000000000000 ) ) ;
#6346 = ORIENTED_EDGE ( 'NONE', *, *, #3752, .T. ) ;
#6347 = VECTOR ( 'NONE', #5189, 1000.000000000000000 ) ;
#6348 = PRESENTATION_LAYER_ASSIGNMENT (  '', '', ( #2313 ) ) ;
#6349 = CARTESIAN_POINT ( 'NONE',  ( -2.499999999999809900, 6.900000000000000400, 7.220000000000000600 ) ) ;
#6350 = ORIENTED_EDGE ( 'NONE', *, *, #381, .F. ) ;
#6351 = ADVANCED_FACE ( 'NONE', ( #4118 ), #286, .F. ) ;
#6352 = LINE ( 'NONE', #514, #5057 ) ;
#6353 = ORIENTED_EDGE ( 'NONE', *, *, #4719, .F. ) ;
#6354 = AXIS2_PLACEMENT_3D ( 'NONE', #2230, #1296, #729 ) ;
#6355 = CARTESIAN_POINT ( 'NONE',  ( -2.499999999999889900, 6.900000000000000400, -0.3999999999999993000 ) ) ;
#6356 = ORIENTED_EDGE ( 'NONE', *, *, #4211, .T. ) ;
#6357 = DIRECTION ( 'NONE',  ( 0.0000000000000000000, 1.000000000000000000, -1.215986738798339900E-016 ) ) ;
#6358 = VECTOR ( 'NONE', #3976, 1000.000000000000000 ) ;
#6359 = COLOUR_RGB ( '',1.000000000000000000, 1.000000000000000000, 1.000000000000000000 ) ;
#6360 = DIRECTION ( 'NONE',  ( -1.000000000000000000, 0.0000000000000000000, 2.492418787322998300E-016 ) ) ;
#6361 = EDGE_CURVE ( 'NONE', #4956, #6489, #661, .T. ) ;
#6362 = EDGE_CURVE ( 'NONE', #161, #2328, #5527, .T. ) ;
#6363 = VECTOR ( 'NONE', #1641, 1000.000000000000000 ) ;
#6364 = DIRECTION ( 'NONE',  ( 0.0000000000000000000, 1.000000000000000000, 0.0000000000000000000 ) ) ;
#6365 = EDGE_CURVE ( 'NONE', #1256, #1690, #580, .T. ) ;
#6366 = COLOUR_RGB ( '',0.7529411764705882200, 0.0000000000000000000, 0.0000000000000000000 ) ;
#6367 = VERTEX_POINT ( 'NONE', #5291 ) ;
#6368 = AXIS2_PLACEMENT_3D ( 'NONE', #6337, #2895, #3929 ) ;
#6369 = CARTESIAN_POINT ( 'NONE',  ( -4.999999999999992900, 7.900000000000000400, -12.00857864376269100 ) ) ;
#6370 = DIRECTION ( 'NONE',  ( 0.0000000000000000000, 1.000000000000000000, 0.0000000000000000000 ) ) ;
#6371 = CIRCLE ( 'NONE', #5854, 0.2249999999999995100 ) ;
#6372 = DIRECTION ( 'NONE',  ( 1.000000000000000000, 0.0000000000000000000, -4.984837574645996500E-016 ) ) ;
#6373 = LINE ( 'NONE', #770, #1907 ) ;
#6374 = ORIENTED_EDGE ( 'NONE', *, *, #2222, .T. ) ;
#6375 = ORIENTED_EDGE ( 'NONE', *, *, #3579, .F. ) ;
#6376 = EDGE_CURVE ( 'NONE', #4140, #3500, #2081, .T. ) ;
#6377 = DIRECTION ( 'NONE',  ( 0.0000000000000000000, 0.0000000000000000000, 1.000000000000000000 ) ) ;
#6378 = LINE ( 'NONE', #3783, #6295 ) ;
#6379 = CARTESIAN_POINT ( 'NONE',  ( -2.499999999999889900, 6.900000000000000400, -0.3999999999999993000 ) ) ;
#6380 = ORIENTED_EDGE ( 'NONE', *, *, #6286, .F. ) ;
#6381 = VECTOR ( 'NONE', #4375, 1000.000000000000000 ) ;
#6382 = CARTESIAN_POINT ( 'NONE',  ( -2.499999999999756600, 7.900000000000000400, 12.30000000000000200 ) ) ;
#6383 = CARTESIAN_POINT ( 'NONE',  ( 4.085759997917228300, -0.4076010350930192600, -11.92143557597545500 ) ) ;
#6384 = CARTESIAN_POINT ( 'NONE',  ( -2.499999999999942700, 7.900000000000000400, -5.479999999999999500 ) ) ;
#6385 = ORIENTED_EDGE ( 'NONE', *, *, #3594, .T. ) ;
#6386 = CARTESIAN_POINT ( 'NONE',  ( 3.630000000000106900, 1.100000000000000100, -1.269999999999996900 ) ) ;
#6387 = ADVANCED_FACE ( 'NONE', ( #3165 ), #1247, .F. ) ;
#6388 = VERTEX_POINT ( 'NONE', #1318 ) ;
#6389 = LINE ( 'NONE', #2033, #3593 ) ;
#6390 = MECHANICAL_DESIGN_GEOMETRIC_PRESENTATION_REPRESENTATION (  '', ( #4618 ), #762 ) ;
#6391 = CARTESIAN_POINT ( 'NONE',  ( 3.630000000000239700, 0.1034274948450645700, 11.20500000000000500 ) ) ;
#6392 =( LENGTH_UNIT ( ) NAMED_UNIT ( * ) SI_UNIT ( .MILLI., .METRE. ) );
#6393 = DIRECTION ( 'NONE',  ( 0.0000000000000000000, 1.000000000000000000, 0.0000000000000000000 ) ) ;
#6394 = ORIENTED_EDGE ( 'NONE', *, *, #2201, .F. ) ;
#6395 = DIRECTION ( 'NONE',  ( 0.0000000000000000000, -1.000000000000000000, 0.0000000000000000000 ) ) ;
#6396 = ORIENTED_EDGE ( 'NONE', *, *, #5702, .F. ) ;
#6397 = CARTESIAN_POINT ( 'NONE',  ( -4.999999999999992900, 7.900000000000000400, -12.00857864376269100 ) ) ;
#6398 = MECHANICAL_DESIGN_GEOMETRIC_PRESENTATION_REPRESENTATION (  '', ( #4526 ), #3041 ) ;
#6399 = LINE ( 'NONE', #5564, #227 ) ;
#6400 = EDGE_LOOP ( 'NONE', ( #2647, #6385, #4890, #2657 ) ) ;
#6401 = DIRECTION ( 'NONE',  ( 0.0000000000000000000, -0.0000000000000000000, 1.000000000000000000 ) ) ;
#6402 = DIRECTION ( 'NONE',  ( 1.000000000000000000, 0.0000000000000000000, 1.853618526925526000E-016 ) ) ;
#6403 = AXIS2_PLACEMENT_3D ( 'NONE', #1808, #4312, #2894 ) ;
#6404 =( NAMED_UNIT ( * ) SI_UNIT ( $, .STERADIAN. ) SOLID_ANGLE_UNIT ( ) );
#6405 = VERTEX_POINT ( 'NONE', #3798 ) ;
#6406 = VECTOR ( 'NONE', #1185, 1000.000000000000000 ) ;
#6407 = ORIENTED_EDGE ( 'NONE', *, *, #3148, .T. ) ;
#6408 = CARTESIAN_POINT ( 'NONE',  ( 0.0000000000000000000, 7.900000000000000400, 0.0000000000000000000 ) ) ;
#6409 = AXIS2_PLACEMENT_3D ( 'NONE', #5686, #4702, #2184 ) ;
#6410 =( BOUNDED_CURVE ( )  B_SPLINE_CURVE ( 3, ( #2593, #578, #4632, #2614 ),
 .UNSPECIFIED., .F., .F. ) 
 B_SPLINE_CURVE_WITH_KNOTS ( ( 4, 4 ),
 ( 1.934304723207536500, 3.141592653589793100 ),
 .UNSPECIFIED. ) 
 CURVE ( )  GEOMETRIC_REPRESENTATION_ITEM ( )  RATIONAL_B_SPLINE_CURVE ( ( 1.000000000000000000, 0.8821817348990450600, 0.8821817348990450600, 1.000000000000000000 ) ) 
 REPRESENTATION_ITEM ( '' )  );
#6411 = VERTEX_POINT ( 'NONE', #6263 ) ;
#6412 = VECTOR ( 'NONE', #2195, 1000.000000000000000 ) ;
#6413 = CARTESIAN_POINT ( 'NONE',  ( -3.507546743040442100, 0.07757749381590103900, 11.24124036485505400 ) ) ;
#6414 = LINE ( 'NONE', #967, #694 ) ;
#6415 = AXIS2_PLACEMENT_3D ( 'NONE', #5523, #5089, #4572 ) ;
#6416 = EDGE_CURVE ( 'NONE', #1718, #5242, #3574, .T. ) ;
#6417 = DIRECTION ( 'NONE',  ( 0.0000000000000000000, -1.000000000000000000, 0.0000000000000000000 ) ) ;
#6418 = EDGE_CURVE ( 'NONE', #721, #5317, #6373, .T. ) ;
#6419 = CARTESIAN_POINT ( 'NONE',  ( 3.630000000000133100, -6.200000000000000200, 1.270000000000003800 ) ) ;
#6420 = DIRECTION ( 'NONE',  ( 2.492418787322998300E-016, -0.0000000000000000000, 1.000000000000000000 ) ) ;
#6421 = DIRECTION ( 'NONE',  ( 0.0000000000000000000, 1.215986738798339900E-016, 1.000000000000000000 ) ) ;
#6422 = VERTEX_POINT ( 'NONE', #1273 ) ;
#6423 =( BOUNDED_CURVE ( )  B_SPLINE_CURVE ( 3, ( #5393, #393, #4380, #4403 ),
 .UNSPECIFIED., .F., .F. ) 
 B_SPLINE_CURVE_WITH_KNOTS ( ( 4, 4 ),
 ( 3.141592653589793100, 3.717071649066817900 ),
 .UNSPECIFIED. ) 
 CURVE ( )  GEOMETRIC_REPRESENTATION_ITEM ( )  RATIONAL_B_SPLINE_CURVE ( ( 1.000000000000000000, 0.9725918815758156600, 0.9725918815758156600, 1.000000000000000000 ) ) 
 REPRESENTATION_ITEM ( '' )  );
#6424 = ORIENTED_EDGE ( 'NONE', *, *, #5670, .F. ) ;
#6425 = VECTOR ( 'NONE', #3548, 1000.000000000000000 ) ;
#6426 = PRESENTATION_LAYER_ASSIGNMENT (  '', '', ( #799 ) ) ;
#6427 = ADVANCED_FACE ( 'NONE', ( #5903 ), #2823, .F. ) ;
#6428 = CARTESIAN_POINT ( 'NONE',  ( -2.499999999999996000, 6.900000000000000400, -10.56000000000000000 ) ) ;
#6429 = ORIENTED_EDGE ( 'NONE', *, *, #3348, .T. ) ;
#6430 = EDGE_LOOP ( 'NONE', ( #5835, #4223, #5398, #5347, #4309, #1132, #2595, #4213 ) ) ;
#6431 = CARTESIAN_POINT ( 'NONE',  ( -4.999999999999992900, 6.900000000000000400, -12.00857864376269100 ) ) ;
#6432 = COLOUR_RGB ( '',0.7921568627450980000, 0.8196078431372548800, 0.9333333333333333500 ) ;
#6433 = CARTESIAN_POINT ( 'NONE',  ( -2.499999999999809900, 7.900000000000000400, 7.220000000000000600 ) ) ;
#6434 = ORIENTED_EDGE ( 'NONE', *, *, #3326, .F. ) ;
#6435 = VECTOR ( 'NONE', #5728, 1000.000000000000000 ) ;
#6436 = ADVANCED_FACE ( 'NONE', ( #2374 ), #3430, .F. ) ;
#6437 = DIRECTION ( 'NONE',  ( -4.984837574645996500E-016, 0.0000000000000000000, -1.000000000000000000 ) ) ;
#6438 = ORIENTED_EDGE ( 'NONE', *, *, #1884, .F. ) ;
#6439 = EDGE_LOOP ( 'NONE', ( #3697, #558, #2065, #2693 ) ) ;
#6440 = CARTESIAN_POINT ( 'NONE',  ( 3.630000000000133100, 1.100000000000000300, 1.045000000000003900 ) ) ;
#6441 = AXIS2_PLACEMENT_3D ( 'NONE', #5135, #4666, #2128 ) ;
#6442 = FILL_AREA_STYLE ('',( #2446 ) ) ;
#6443 = CARTESIAN_POINT ( 'NONE',  ( -3.629999999999920000, -6.200000000000000200, -3.809999999999997400 ) ) ;
#6444 = CYLINDRICAL_SURFACE ( 'NONE', #3263, 0.2249999999999995100 ) ;
#6445 = VERTEX_POINT ( 'NONE', #4919 ) ;
#6446 = ORIENTED_EDGE ( 'NONE', *, *, #1791, .T. ) ;
#6447 = PRESENTATION_LAYER_ASSIGNMENT (  '', '', ( #1497 ) ) ;
#6448 = FACE_OUTER_BOUND ( 'NONE', #1195, .T. ) ;
#6449 = CARTESIAN_POINT ( 'NONE',  ( -3.629999999999893300, -6.200000000000000200, -1.269999999999996900 ) ) ;
#6450 = PLANE ( 'NONE',  #2391 ) ;
#6451 = CARTESIAN_POINT ( 'NONE',  ( -3.629999999999893300, 1.100000000000000100, -1.044999999999996800 ) ) ;
#6452 = CARTESIAN_POINT ( 'NONE',  ( 5.100000000000000500, 0.0000000000000000000, 12.74999999999999800 ) ) ;
#6453 = FACE_OUTER_BOUND ( 'NONE', #916, .T. ) ;
#6454 = FACE_OUTER_BOUND ( 'NONE', #982, .T. ) ;
#6455 = EDGE_LOOP ( 'NONE', ( #4357, #2579, #6175, #1897 ) ) ;
#6456 = DIRECTION ( 'NONE',  ( 0.0000000000000000000, -0.0000000000000000000, -1.000000000000000000 ) ) ;
#6457 = ADVANCED_FACE ( 'NONE', ( #5752 ), #895, .F. ) ;
#6459 = EDGE_CURVE ( 'NONE', #3225, #1230, #3088, .T. ) ;
#6458 = DIRECTION ( 'NONE',  ( 0.0000000000000000000, 0.0000000000000000000, 1.000000000000000000 ) ) ;
#6460 = EDGE_CURVE ( 'NONE', #4140, #5025, #3962, .T. ) ;
#6461 = CARTESIAN_POINT ( 'NONE',  ( 2.500000000000137700, 7.900000000000000400, 2.140000000000001500 ) ) ;
#6462 = EDGE_CURVE ( 'NONE', #212, #4771, #199, .T. ) ;
#6463 = LINE ( 'NONE', #1841, #1123 ) ;
#6464 = DIRECTION ( 'NONE',  ( 0.0000000000000000000, 1.000000000000000000, 0.0000000000000000000 ) ) ;
#6465 = ORIENTED_EDGE ( 'NONE', *, *, #4376, .T. ) ;
#6466 = CARTESIAN_POINT ( 'NONE',  ( 3.630000000000000300, 1.099999999999998800, -11.42999999999999800 ) ) ;
#6467 = CARTESIAN_POINT ( 'NONE',  ( -2.289071048146349900, 1.100000000000001900, -12.75000000000000200 ) ) ;
#6468 = CARTESIAN_POINT ( 'NONE',  ( -2.289071048146349900, 1.100000000000001900, -9.807856876076018100 ) ) ;
#6469 = FACE_OUTER_BOUND ( 'NONE', #2661, .T. ) ;
#6470 = ORIENTED_EDGE ( 'NONE', *, *, #1521, .F. ) ;
#6471 = EDGE_CURVE ( 'NONE', #2263, #4502, #5231, .T. ) ;
#6472 = ADVANCED_FACE ( 'NONE', ( #2920 ), #4400, .F. ) ;
#6473 = CARTESIAN_POINT ( 'NONE',  ( 2.500000000000004900, 6.899999999999999500, -10.56000000000000000 ) ) ;
#6474 = EDGE_LOOP ( 'NONE', ( #3684, #1589, #996, #1125 ) ) ;
#6475 = VERTEX_POINT ( 'NONE', #4358 ) ;
#6476 = DIRECTION ( 'NONE',  ( 0.0000000000000000000, -0.0000000000000000000, -1.000000000000000000 ) ) ;
#6477 = DIRECTION ( 'NONE',  ( 0.0000000000000000000, 0.0000000000000000000, 1.000000000000000000 ) ) ;
#6478 = LINE ( 'NONE', #1703, #2476 ) ;
#6479 = CARTESIAN_POINT ( 'NONE',  ( 3.630000000000133100, -6.200000000000000200, 1.270000000000003800 ) ) ;
#6480 = CARTESIAN_POINT ( 'NONE',  ( -3.629999999999920000, -6.200000000000000200, -3.584999999999997300 ) ) ;
#6481 = CARTESIAN_POINT ( 'NONE',  ( 2.500000000000030600, 6.900000000000000400, -8.019999999999999600 ) ) ;
#6482 = DIRECTION ( 'NONE',  ( 0.0000000000000000000, 1.000000000000000000, -1.215986738798339900E-016 ) ) ;
#6483 = DIRECTION ( 'NONE',  ( 0.0000000000000000000, 0.0000000000000000000, -1.000000000000000000 ) ) ;
#6484 = CARTESIAN_POINT ( 'NONE',  ( 3.840297408448132300, 0.0000000000000000000, -11.35000000000000100 ) ) ;
#6485 = VERTEX_POINT ( 'NONE', #350 ) ;
#6486 = CIRCLE ( 'NONE', #2496, 0.2249999999999995100 ) ;
#6487 = ORIENTED_EDGE ( 'NONE', *, *, #5551, .T. ) ;
#6488 = ADVANCED_FACE ( 'NONE', ( #2847 ), #3944, .F. ) ;
#6489 = VERTEX_POINT ( 'NONE', #3340 ) ;
#6490 = ORIENTED_EDGE ( 'NONE', *, *, #465, .T. ) ;
#6491 = LINE ( 'NONE', #4057, #3119 ) ;
#6492 = DIRECTION ( 'NONE',  ( 0.0000000000000000000, 0.0000000000000000000, 1.000000000000000000 ) ) ;
#6493 = LINE ( 'NONE', #2324, #5028 ) ;
#6494 = VERTEX_POINT ( 'NONE', #3925 ) ;
#6495 = EDGE_CURVE ( 'NONE', #5919, #6128, #1437, .T. ) ;
#6496 = EDGE_CURVE ( 'NONE', #5694, #3847, #120, .T. ) ;
#6497 = CARTESIAN_POINT ( 'NONE',  ( -2.499999999999783700, 7.900000000000000400, 8.020000000000001400 ) ) ;
#6498 = VERTEX_POINT ( 'NONE', #1344 ) ;
ENDSEC;
END-ISO-10303-21;
