ISO-10303-21;
HEADER;
FILE_DESCRIPTION (( 'STEP AP214' ),
    '1' );
FILE_NAME ('SR301A223JARTR1.STEP',
    '2024-06-29T14:56:46',
    ( 'LENOVO' ),
    ( '' ),
    'SwSTEP 2.0',
    'SolidWorks 2021',
    '' );
FILE_SCHEMA (( 'AUTOMOTIVE_DESIGN' ));
ENDSEC;

DATA;
#1 = CARTESIAN_POINT ( 'NONE',  ( 2.575297757040235780, -6.524317827685718691E-17, 0.2540000000000000036 ) ) ;
#2 = CARTESIAN_POINT ( 'NONE',  ( -2.540000000000000036, -25.39999999999999858, 0.000000000000000000 ) ) ;
#3 = EDGE_LOOP ( 'NONE', ( #220, #1256, #278 ) ) ;
#4 = B_SPLINE_CURVE_WITH_KNOTS ( 'NONE', 3,
 ( #1450, #1537, #1005, #1031, #699, #1320, #437, #843, #939, #366, #531, #1434, #1043, #1340, #1455, #1169, #1294, #1547, #185, #668, #427, #87, #244, #1423 ),
 .UNSPECIFIED., .F., .F.,
 ( 4, 2, 2, 2, 2, 2, 2, 2, 2, 2, 2, 4 ),
 ( 4.534858972204873213E-15, 0.0003155369067444634178, 0.0006310738134843920516, 0.001262147626964249102, 0.001893221440444106587, 0.002524295253923963638, 0.003155369067403820688, 0.003786442880883678606, 0.004417516694363535223, 0.004733053601103463966, 0.004890822054473427036, 0.005048590507843390973 ),
 .UNSPECIFIED. ) ;
#5 = VERTEX_POINT ( 'NONE', #874 ) ;
#6 = CARTESIAN_POINT ( 'NONE',  ( 3.160000000000000586, 1.904999999999999583, -1.905000000000000027 ) ) ;
#7 = CARTESIAN_POINT ( 'NONE',  ( 2.876984543331395638, 0.04131814121254446387, -0.5341155710521975353 ) ) ;
#8 = EDGE_LOOP ( 'NONE', ( #747, #151, #581, #559 ) ) ;
#9 = CARTESIAN_POINT ( 'NONE',  ( 2.540000000000000036, -25.39999999999999858, 0.000000000000000000 ) ) ;
#10 = DIRECTION ( 'NONE',  ( -0.000000000000000000, -0.000000000000000000, 1.000000000000000000 ) ) ;
#11 = DIRECTION ( 'NONE',  ( 0.000000000000000000, 0.000000000000000000, 1.000000000000000000 ) ) ;
#12 = EDGE_CURVE ( 'NONE', #1182, #98, #801, .T. ) ;
#13 = CARTESIAN_POINT ( 'NONE',  ( -2.999306975105173745, 0.1551042656843155676, 0.000000000000000000 ) ) ;
#14 = DIRECTION ( 'NONE',  ( 0.000000000000000000, 0.000000000000000000, 1.000000000000000000 ) ) ;
#15 = PLANE ( 'NONE',  #323 ) ;
#16 = EDGE_CURVE ( 'NONE', #132, #1247, #1329, .T. ) ;
#17 = ORIENTED_EDGE ( 'NONE', *, *, #111, .T. ) ;
#18 = DIRECTION ( 'NONE',  ( 1.000000000000000000, 0.000000000000000000, 0.000000000000000000 ) ) ;
#19 = CARTESIAN_POINT ( 'NONE',  ( 2.568086326938995523, -0.01005659855331485913, -0.1942804594482110958 ) ) ;
#20 = CARTESIAN_POINT ( 'NONE',  ( 3.160000000000000586, 1.904999999999999583, -1.905000000000000027 ) ) ;
#21 = CARTESIAN_POINT ( 'NONE',  ( -3.160000000000000586, 6.969999999999998863, -1.255000000000000115 ) ) ;
#22 = CARTESIAN_POINT ( 'NONE',  ( -2.589551206592657806, 0.01961247283988286003, -0.4917849406146265201 ) ) ;
#23 = EDGE_CURVE ( 'NONE', #484, #106, #247, .T. ) ;
#24 = VERTEX_POINT ( 'NONE', #473 ) ;
#25 = PRESENTATION_LAYER_ASSIGNMENT (  '', '', ( #198 ) ) ;
#26 = CARTESIAN_POINT ( 'NONE',  ( -2.793999999997754724, 0.03653058492483270137, 0.000000000000000000 ) ) ;
#27 = LINE ( 'NONE', #1028, #39 ) ;
#28 = ADVANCED_FACE ( 'NONE', ( #765 ), #958, .T. ) ;
#29 = ORIENTED_EDGE ( 'NONE', *, *, #1464, .F. ) ;
#30 = CARTESIAN_POINT ( 'NONE',  ( -3.142733789973608083, 0.2540008726650109239, 1.058353730001613924 ) ) ;
#31 = DIRECTION ( 'NONE',  ( -1.000000000000000000, 0.000000000000000000, 0.000000000000000000 ) ) ;
#32 = ORIENTED_EDGE ( 'NONE', *, *, #380, .F. ) ;
#33 = CARTESIAN_POINT ( 'NONE',  ( 2.794000000000000039, -2.168404344971008868E-16, -1.905000000000000471 ) ) ;
#34 = EDGE_CURVE ( 'NONE', #517, #1185, #1306, .T. ) ;
#35 = CARTESIAN_POINT ( 'NONE',  ( -2.286000000000000920, -6.524317827685718691E-17, 0.2540000000000000036 ) ) ;
#36 = ORIENTED_EDGE ( 'NONE', *, *, #742, .T. ) ;
#37 = AXIS2_PLACEMENT_3D ( 'NONE', #808, #68, #1521 ) ;
#38 = DIRECTION ( 'NONE',  ( 0.000000000000000000, -1.000000000000000000, 0.000000000000000000 ) ) ;
#39 = VECTOR ( 'NONE', #719, 1000.000000000000000 ) ;
#40 = CARTESIAN_POINT ( 'NONE',  ( -2.876984543331395638, 0.04131814121254446387, 0.5341155710521975353 ) ) ;
#41 = CARTESIAN_POINT ( 'NONE',  ( -3.331882795055080670, 0.4742588718719923380, 1.322290341890469900 ) ) ;
#42 = CIRCLE ( 'NONE', #1446, 0.2540000000000000591 ) ;
#43 = ORIENTED_EDGE ( 'NONE', *, *, #16, .T. ) ;
#44 = CARTESIAN_POINT ( 'NONE',  ( -2.580807067405067823, 0.007610504097675945163, 0.09423762184651436613 ) ) ;
#45 = CARTESIAN_POINT ( 'NONE',  ( 2.540000000000000036, 1.904999999999999583, -0.2540000000000000591 ) ) ;
#46 = SURFACE_STYLE_USAGE ( .BOTH. , #795 ) ;
#47 = ORIENTED_EDGE ( 'NONE', *, *, #1425, .T. ) ;
#48 = CARTESIAN_POINT ( 'NONE',  ( 2.658870299958305594, 0.001391535460451013206, -0.2314988871381087332 ) ) ;
#49 = CARTESIAN_POINT ( 'NONE',  ( 2.286000000000000920, -6.524317827685718691E-17, 0.2540000000000000036 ) ) ;
#50 = CARTESIAN_POINT ( 'NONE',  ( -2.585475588146067594, -1.278315288481655990E-16, 0.2539999999999869029 ) ) ;
#51 = EDGE_LOOP ( 'NONE', ( #1293, #1189, #176, #100, #1533, #125, #753, #226 ) ) ;
#52 = ORIENTED_EDGE ( 'NONE', *, *, #352, .T. ) ;
#53 = CARTESIAN_POINT ( 'NONE',  ( -3.581265701530049306, 0.8718387180946794990, -1.636799287656254265 ) ) ;
#54 = CARTESIAN_POINT ( 'NONE',  ( -1.643240659343828458, 0.1173580296854028482, -0.7549306053479326595 ) ) ;
#55 =( LENGTH_UNIT ( ) NAMED_UNIT ( * ) SI_UNIT ( .MILLI., .METRE. ) );
#56 = AXIS2_PLACEMENT_3D ( 'NONE', #1395, #786, #988 ) ;
#57 = CARTESIAN_POINT ( 'NONE',  ( 2.540000000000000036, 0.000000000000000000, 0.000000000000000000 ) ) ;
#58 = CARTESIAN_POINT ( 'NONE',  ( -3.160000000000000586, 1.904999999999999583, 1.255000000000000115 ) ) ;
#59 = ORIENTED_EDGE ( 'NONE', *, *, #1406, .F. ) ;
#60 = CARTESIAN_POINT ( 'NONE',  ( -3.160000000000000586, 6.969999999999998863, -1.905000000000000027 ) ) ;
#61 = CARTESIAN_POINT ( 'NONE',  ( 3.160000000000000586, 7.619999999999998330, 1.255000000000000115 ) ) ;
#62 = ADVANCED_FACE ( 'NONE', ( #264 ), #771, .T. ) ;
#63 = AXIS2_PLACEMENT_3D ( 'NONE', #1220, #931, #521 ) ;
#64 = CARTESIAN_POINT ( 'NONE',  ( 2.540000000000000036, 1.904999999999999583, 0.000000000000000000 ) ) ;
#65 = VERTEX_POINT ( 'NONE', #20 ) ;
#66 = CARTESIAN_POINT ( 'NONE',  ( -2.794000000000000039, -2.168404344971008868E-16, 1.905000000000000471 ) ) ;
#67 =( BOUNDED_SURFACE ( )  B_SPLINE_SURFACE ( 3, 2, ( 
 ( #124, #1235, #464 ),
 ( #570, #375, #299 ),
 ( #19, #604, #114 ),
 ( #767, #1555, #1251 ),
 ( #1397, #7, #1365 ),
 ( #1469, #471, #755 ),
 ( #136, #150, #592 ),
 ( #580, #277, #741 ),
 ( #405, #873, #1376 ),
 ( #621, #965, #854 ),
 ( #1067, #974, #1485 ),
 ( #1476, #946, #1050 ),
 ( #1353, #1463, #255 ),
 ( #388, #477, #878 ) ),
 .UNSPECIFIED., .F., .F., .F. ) 
 B_SPLINE_SURFACE_WITH_KNOTS ( ( 4, 2, 2, 2, 2, 2, 4 ),
 ( 3, 3 ),
 ( 0.003156246197733385793, 0.003419603835507271233, 0.003682961473281157107, 0.004209676748828928422, 0.004473034386602814730, 0.004736392024376700170, 0.005263107299924471918 ),
 ( 0.000000000000000000, 1.000000000000000000 ),
 .UNSPECIFIED. ) 
 GEOMETRIC_REPRESENTATION_ITEM ( )  RATIONAL_B_SPLINE_SURFACE ( (
 ( 1.000000000000000000, 0.9369842280933082801, 1.000000000000000000),
 ( 1.000000000000000000, 0.9409977637845603482, 1.000000000000000000),
 ( 1.000000000000000000, 0.9408644495382177952, 1.000000000000000000),
 ( 1.000000000000000000, 0.9325035687238697468, 1.000000000000000000),
 ( 1.000000000000000000, 0.9245982669708415758, 1.000000000000000000),
 ( 1.000000000000000000, 0.8933815608823759691, 1.000000000000000000),
 ( 1.000000000000000000, 0.8638950620335248409, 1.000000000000000000),
 ( 1.000000000000000000, 0.8178799084501309213, 1.000000000000000000),
 ( 1.000000000000000000, 0.8022022026446834486, 1.000000000000000000),
 ( 1.000000000000000000, 0.7727256270471787314, 1.000000000000000000),
 ( 1.000000000000000000, 0.7588197819392832333, 1.000000000000000000),
 ( 1.000000000000000000, 0.7224475930106710742, 1.000000000000000000),
 ( 1.000000000000000000, 0.7069248396293362768, 1.000000000000000000),
 ( 1.000000000000000000, 0.7071067811865454633, 1.000000000000000000) ) ) 
 REPRESENTATION_ITEM ( '' )  SURFACE ( )  );
#68 = DIRECTION ( 'NONE',  ( 0.000000000000000000, -1.000000000000000000, 0.000000000000000000 ) ) ;
#69 = CARTESIAN_POINT ( 'NONE',  ( -3.160000000000000586, 1.904999999999999583, -1.905000000000000027 ) ) ;
#70 = ORIENTED_EDGE ( 'NONE', *, *, #1527, .T. ) ;
#71 = EDGE_CURVE ( 'NONE', #1264, #103, #1313, .T. ) ;
#72 = DIRECTION ( 'NONE',  ( 0.000000000000000000, 0.000000000000000000, -1.000000000000000000 ) ) ;
#73 = ORIENTED_EDGE ( 'NONE', *, *, #530, .T. ) ;
#74 = CARTESIAN_POINT ( 'NONE',  ( -3.022297252672580203, 0.1746714161705499035, -0.3393547894631371298 ) ) ;
#75 = AXIS2_PLACEMENT_3D ( 'NONE', #9, #1398, #83 ) ;
#76 = CYLINDRICAL_SURFACE ( 'NONE', #684, 2.293937499999998852 ) ;
#77 = CARTESIAN_POINT ( 'NONE',  ( 2.793999999997754724, 0.03653058492483270137, 0.000000000000000000 ) ) ;
#78 = CARTESIAN_POINT ( 'NONE',  ( 3.810000000000000497, 1.904999999999999583, 1.905000000000000471 ) ) ;
#79 = CARTESIAN_POINT ( 'NONE',  ( -3.197920000000000762, 2.168404344971008868E-16, 0.2540000000000000036 ) ) ;
#80 = ORIENTED_EDGE ( 'NONE', *, *, #254, .T. ) ;
#81 = EDGE_CURVE ( 'NONE', #106, #738, #256, .T. ) ;
#82 = ORIENTED_EDGE ( 'NONE', *, *, #395, .F. ) ;
#83 = DIRECTION ( 'NONE',  ( 0.000000000000000000, 0.000000000000000000, 1.000000000000000000 ) ) ;
#84 = FACE_OUTER_BOUND ( 'NONE', #206, .T. ) ;
#85 = CARTESIAN_POINT ( 'NONE',  ( 2.985564890273460392, 0.7960622488175280731, 1.589279397250868087 ) ) ;
#86 = EDGE_CURVE ( 'NONE', #1338, #205, #773, .T. ) ;
#87 = CARTESIAN_POINT ( 'NONE',  ( 2.237523897211309176, 0.01015018129506499445, 0.3496762383870556379 ) ) ;
#88 = CARTESIAN_POINT ( 'NONE',  ( -3.810000000000000941, -6.524317827685718691E-17, -0.2540000000000000036 ) ) ;
#89 = ORIENTED_EDGE ( 'NONE', *, *, #1148, .T. ) ;
#90 = ADVANCED_FACE ( 'NONE', ( #787 ), #1099, .T. ) ;
#91 = FACE_OUTER_BOUND ( 'NONE', #134, .T. ) ;
#92 = ORIENTED_EDGE ( 'NONE', *, *, #999, .F. ) ;
#93 = AXIS2_PLACEMENT_3D ( 'NONE', #379, #546, #696 ) ;
#94 = CARTESIAN_POINT ( 'NONE',  ( -2.540000000000000036, 1.904999999999999583, -0.2540000000000000591 ) ) ;
#95 = DIRECTION ( 'NONE',  ( 1.000000000000000000, 0.000000000000000000, 0.000000000000000000 ) ) ;
#96 = ORIENTED_EDGE ( 'NONE', *, *, #441, .T. ) ;
#97 = VECTOR ( 'NONE', #350, 1000.000000000000000 ) ;
#98 = VERTEX_POINT ( 'NONE', #60 ) ;
#99 = PLANE ( 'NONE',  #857 ) ;
#100 = ORIENTED_EDGE ( 'NONE', *, *, #1164, .F. ) ;
#101 = ORIENTED_EDGE ( 'NONE', *, *, #71, .T. ) ;
#102 = CARTESIAN_POINT ( 'NONE',  ( 3.810000028528029326, 1.569597507462751729, 1.905000032735810311 ) ) ;
#103 = VERTEX_POINT ( 'NONE', #210 ) ;
#104 = ADVANCED_FACE ( 'NONE', ( #280 ), #1350, .F. ) ;
#105 = CIRCLE ( 'NONE', #806, 0.6500000000000000222 ) ;
#106 = VERTEX_POINT ( 'NONE', #575 ) ;
#107 = MANIFOLD_SOLID_BREP ( 'Combine1', #1236 ) ;
#108 = CARTESIAN_POINT ( 'NONE',  ( 2.793999999997754724, 0.03653058492483270137, 0.000000000000000000 ) ) ;
#109 = ORIENTED_EDGE ( 'NONE', *, *, #1457, .T. ) ;
#110 = CIRCLE ( 'NONE', #587, 0.2540000000000000591 ) ;
#111 = EDGE_CURVE ( 'NONE', #187, #1546, #828, .T. ) ;
#112 = CARTESIAN_POINT ( 'NONE',  ( -2.540000000000000036, 2.623420489685531987, -0.2540000000000000591 ) ) ;
#113 = CARTESIAN_POINT ( 'NONE',  ( 2.540000000000000036, -25.39999999999999858, 0.000000000000000000 ) ) ;
#114 = CARTESIAN_POINT ( 'NONE',  ( 2.984048293732363355, 0.1421052647489637888, -0.1639222856735775002 ) ) ;
#115 = ORIENTED_EDGE ( 'NONE', *, *, #836, .F. ) ;
#116 = STYLED_ITEM ( 'NONE', ( #895 ), #737 ) ;
#117 = ORIENTED_EDGE ( 'NONE', *, *, #759, .T. ) ;
#118 = CIRCLE ( 'NONE', #1311, 0.2540000000000000591 ) ;
#119 = DIRECTION ( 'NONE',  ( 0.000000000000000000, 1.000000000000000000, 0.000000000000000000 ) ) ;
#120 = LINE ( 'NONE', #218, #97 ) ;
#121 = CARTESIAN_POINT ( 'NONE',  ( -3.810000000000000941, -6.524317827685718691E-17, 0.2540000000000000036 ) ) ;
#122 = FACE_OUTER_BOUND ( 'NONE', #529, .T. ) ;
#123 = CARTESIAN_POINT ( 'NONE',  ( 3.810000000000000941, 1.687557421477674957, 1.255000000000000115 ) ) ;
#124 = CARTESIAN_POINT ( 'NONE',  ( 2.580807067405067823, 0.007610504097675945163, 0.09423762184651436613 ) ) ;
#125 = ORIENTED_EDGE ( 'NONE', *, *, #1494, .T. ) ;
#126 = FACE_OUTER_BOUND ( 'NONE', #1261, .T. ) ;
#127 = EDGE_LOOP ( 'NONE', ( #714, #183 ) ) ;
#128 = EDGE_LOOP ( 'NONE', ( #47, #1249, #214, #562, #70, #262 ) ) ;
#129 = CARTESIAN_POINT ( 'NONE',  ( -2.540000000000000036, -25.39999999999999858, 0.000000000000000000 ) ) ;
#130 = VECTOR ( 'NONE', #520, 1000.000000000000000 ) ;
#131 = CARTESIAN_POINT ( 'NONE',  ( -3.197920000000000762, 1.905000000000000027, -1.905000000000000027 ) ) ;
#132 = VERTEX_POINT ( 'NONE', #94 ) ;
#133 = FACE_OUTER_BOUND ( 'NONE', #595, .T. ) ;
#134 = EDGE_LOOP ( 'NONE', ( #687, #1292, #574 ) ) ;
#135 = DIRECTION ( 'NONE',  ( 0.000000000000000000, 0.000000000000000000, -1.000000000000000000 ) ) ;
#136 = CARTESIAN_POINT ( 'NONE',  ( 2.800879473795490071, 0.3564593457719276159, -1.190865726475178965 ) ) ;
#137 = ORIENTED_EDGE ( 'NONE', *, *, #1431, .T. ) ;
#138 = AXIS2_PLACEMENT_3D ( 'NONE', #1567, #740, #872 ) ;
#139 = LINE ( 'NONE', #615, #606 ) ;
#140 = DIRECTION ( 'NONE',  ( 0.000000000000000000, 1.000000000000000000, 0.000000000000000000 ) ) ;
#141 = VERTEX_POINT ( 'NONE', #385 ) ;
#142 = SURFACE_SIDE_STYLE ('',( #361 ) ) ;
#143 = ORIENTED_EDGE ( 'NONE', *, *, #742, .F. ) ;
#144 = FACE_OUTER_BOUND ( 'NONE', #8, .T. ) ;
#145 = CARTESIAN_POINT ( 'NONE',  ( 3.197920000000000762, 2.168404344971008868E-16, -0.2540000000000000036 ) ) ;
#146 = VERTEX_POINT ( 'NONE', #1472 ) ;
#147 = EDGE_LOOP ( 'NONE', ( #1153, #442, #92 ) ) ;
#148 = UNCERTAINTY_MEASURE_WITH_UNIT (LENGTH_MEASURE( 1.000000000000000082E-05 ), #55, 'distance_accuracy_value', 'NONE');
#149 = DIRECTION ( 'NONE',  ( 0.000000000000000000, 0.000000000000000000, 1.000000000000000000 ) ) ;
#150 = CARTESIAN_POINT ( 'NONE',  ( 3.142733789973608083, 0.2540008726650109239, -1.058353730001613924 ) ) ;
#151 = ORIENTED_EDGE ( 'NONE', *, *, #168, .F. ) ;
#152 = ORIENTED_EDGE ( 'NONE', *, *, #1175, .T. ) ;
#153 = CARTESIAN_POINT ( 'NONE',  ( 2.604081343583668939, 0.000000000000000000, 0.2457836068669182750 ) ) ;
#154 = EDGE_CURVE ( 'NONE', #205, #1338, #845, .T. ) ;
#155 = ORIENTED_EDGE ( 'NONE', *, *, #1536, .T. ) ;
#156 = DIRECTION ( 'NONE',  ( 1.000000000000000000, 4.268512490100416826E-16, 0.000000000000000000 ) ) ;
#157 = FACE_OUTER_BOUND ( 'NONE', #1184, .T. ) ;
#158 = CARTESIAN_POINT ( 'NONE',  ( -3.579470288410858902, 0.8842336660839053009, -1.054423155673153367 ) ) ;
#159 = VERTEX_POINT ( 'NONE', #859 ) ;
#160 = MECHANICAL_DESIGN_GEOMETRIC_PRESENTATION_REPRESENTATION (  '', ( #1412 ), #910 ) ;
#161 = CARTESIAN_POINT ( 'NONE',  ( -3.397362259432827436, 0.5613062992634716419, 1.407673083067502606 ) ) ;
#162 = CARTESIAN_POINT ( 'NONE',  ( -2.575297757040235780, -6.524317827685718691E-17, -0.2540000000000000036 ) ) ;
#163 = EDGE_LOOP ( 'NONE', ( #457, #137, #269, #234, #1272, #617 ) ) ;
#164 = LINE ( 'NONE', #88, #189 ) ;
#165 = CARTESIAN_POINT ( 'NONE',  ( 0.4190245362512606819, 0.2321273045166364069, -0.9808006084147182779 ) ) ;
#166 = ORIENTED_EDGE ( 'NONE', *, *, #509, .F. ) ;
#167 = VECTOR ( 'NONE', #809, 1000.000000000000000 ) ;
#168 = EDGE_CURVE ( 'NONE', #691, #494, #311, .T. ) ;
#169 = ORIENTED_EDGE ( 'NONE', *, *, #1026, .T. ) ;
#170 = EDGE_LOOP ( 'NONE', ( #1240, #1103, #683, #666 ) ) ;
#171 = CARTESIAN_POINT ( 'NONE',  ( -3.054029030549792800, 0.2024549370134794135, -0.4199220322198614075 ) ) ;
#172 = VERTEX_POINT ( 'NONE', #951 ) ;
#173 = ORIENTED_EDGE ( 'NONE', *, *, #1443, .T. ) ;
#174 = LINE ( 'NONE', #550, #694 ) ;
#175 = CARTESIAN_POINT ( 'NONE',  ( -3.058133025642309821, 0.2055922257546936582, 0.4212139792688947004 ) ) ;
#176 = ORIENTED_EDGE ( 'NONE', *, *, #996, .F. ) ;
#177 = CARTESIAN_POINT ( 'NONE',  ( 3.142733789973498393, 0.2540008726650451187, 1.058353730001615700 ) ) ;
#178 = ORIENTED_EDGE ( 'NONE', *, *, #1542, .T. ) ;
#179 = EDGE_CURVE ( 'NONE', #187, #1231, #294, .T. ) ;
#180 = ORIENTED_EDGE ( 'NONE', *, *, #111, .F. ) ;
#181 = DIRECTION ( 'NONE',  ( -0.000000000000000000, 1.000000000000000000, 0.000000000000000000 ) ) ;
#182 =( NAMED_UNIT ( * ) SI_UNIT ( $, .STERADIAN. ) SOLID_ANGLE_UNIT ( ) );
#183 = ORIENTED_EDGE ( 'NONE', *, *, #154, .F. ) ;
#184 = ORIENTED_EDGE ( 'NONE', *, *, #1054, .T. ) ;
#185 = CARTESIAN_POINT ( 'NONE',  ( 2.012907784358988206, 0.05425532976549702485, 0.5658342106202544075 ) ) ;
#186 = DIRECTION ( 'NONE',  ( -0.000000000000000000, -1.000000000000000000, -0.000000000000000000 ) ) ;
#187 = VERTEX_POINT ( 'NONE', #1052 ) ;
#188 = EDGE_CURVE ( 'NONE', #698, #1040, #1383, .T. ) ;
#189 = VECTOR ( 'NONE', #1023, 1000.000000000000000 ) ;
#190 = ORIENTED_EDGE ( 'NONE', *, *, #1343, .F. ) ;
#191 = ORIENTED_EDGE ( 'NONE', *, *, #842, .T. ) ;
#192 = ORIENTED_EDGE ( 'NONE', *, *, #656, .F. ) ;
#193 = CARTESIAN_POINT ( 'NONE',  ( -2.800879473795451435, 0.3564593457719279490, -1.190865726475179187 ) ) ;
#194 = ORIENTED_EDGE ( 'NONE', *, *, #343, .T. ) ;
#195 = CYLINDRICAL_SURFACE ( 'NONE', #461, 0.2540000000000000591 ) ;
#196 = CARTESIAN_POINT ( 'NONE',  ( -3.810000000000011156, 1.655434377573955507, 1.255000014501472361 ) ) ;
#197 = FILL_AREA_STYLE ('',( #818 ) ) ;
#198 = STYLED_ITEM ( 'NONE', ( #1348 ), #1558 ) ;
#199 = ORIENTED_EDGE ( 'NONE', *, *, #979, .T. ) ;
#200 = ORIENTED_EDGE ( 'NONE', *, *, #564, .T. ) ;
#201 = FACE_OUTER_BOUND ( 'NONE', #225, .T. ) ;
#202 = DIRECTION ( 'NONE',  ( -0.000000000000000000, -1.000000000000000000, -0.000000000000000000 ) ) ;
#203 = CARTESIAN_POINT ( 'NONE',  ( -2.540000000000000036, 2.623420489685531987, 0.000000000000000000 ) ) ;
#204 = ORIENTED_EDGE ( 'NONE', *, *, #81, .F. ) ;
#205 = VERTEX_POINT ( 'NONE', #487 ) ;
#206 = EDGE_LOOP ( 'NONE', ( #80, #1245, #1232, #1224 ) ) ;
#207 = ORIENTED_EDGE ( 'NONE', *, *, #12, .F. ) ;
#208 = EDGE_CURVE ( 'NONE', #653, #987, #1377, .T. ) ;
#209 = ORIENTED_EDGE ( 'NONE', *, *, #452, .F. ) ;
#210 = CARTESIAN_POINT ( 'NONE',  ( 2.540000000000000036, 1.904999999999999583, 0.2540000000000000591 ) ) ;
#211 = CARTESIAN_POINT ( 'NONE',  ( -2.540000000000000036, -25.39999999999999858, -0.2540000000000000591 ) ) ;
#212 = ORIENTED_EDGE ( 'NONE', *, *, #897, .T. ) ;
#213 = DIRECTION ( 'NONE',  ( 0.000000000000000000, 0.000000000000000000, 1.000000000000000000 ) ) ;
#214 = ORIENTED_EDGE ( 'NONE', *, *, #501, .F. ) ;
#215 = AXIS2_PLACEMENT_3D ( 'NONE', #640, #1242, #1391 ) ;
#216 = ORIENTED_EDGE ( 'NONE', *, *, #1513, .F. ) ;
#217 = FACE_OUTER_BOUND ( 'NONE', #1218, .T. ) ;
#218 = CARTESIAN_POINT ( 'NONE',  ( 3.810000000000000497, 1.904999999999999583, -1.905000000000000027 ) ) ;
#219 = CARTESIAN_POINT ( 'NONE',  ( 2.540000000000000036, 1.904999999999999583, 0.2540000000000000591 ) ) ;
#220 = ORIENTED_EDGE ( 'NONE', *, *, #1307, .F. ) ;
#221 = EDGE_LOOP ( 'NONE', ( #651, #605, #238 ) ) ;
#222 = VERTEX_POINT ( 'NONE', #13 ) ;
#223 = CARTESIAN_POINT ( 'NONE',  ( 2.580807067405067823, 0.007610504097675945163, -0.09423762184651436613 ) ) ;
#224 = ORIENTED_EDGE ( 'NONE', *, *, #1175, .F. ) ;
#225 = EDGE_LOOP ( 'NONE', ( #1210, #1260, #73, #1219 ) ) ;
#226 = ORIENTED_EDGE ( 'NONE', *, *, #179, .F. ) ;
#227 = CARTESIAN_POINT ( 'NONE',  ( -2.846071203894400714, 0.4491876064190183926, 1.295273555378754438 ) ) ;
#228 = ORIENTED_EDGE ( 'NONE', *, *, #897, .F. ) ;
#229 = PLANE ( 'NONE',  #93 ) ;
#230 = VECTOR ( 'NONE', #896, 1000.000000000000000 ) ;
#231 = CARTESIAN_POINT ( 'NONE',  ( 2.604081343583668939, 0.000000000000000000, -0.2457836068669182750 ) ) ;
#232 = DIRECTION ( 'NONE',  ( 0.000000000000000000, 0.000000000000000000, -1.000000000000000000 ) ) ;
#233 = ORIENTED_EDGE ( 'NONE', *, *, #890, .F. ) ;
#234 = ORIENTED_EDGE ( 'NONE', *, *, #1102, .F. ) ;
#235 = VECTOR ( 'NONE', #1284, 1000.000000000000000 ) ;
#236 = EDGE_LOOP ( 'NONE', ( #199, #1117, #207, #1123 ) ) ;
#237 = ADVANCED_FACE ( 'NONE', ( #1361 ), #306, .T. ) ;
#238 = ORIENTED_EDGE ( 'NONE', *, *, #275, .T. ) ;
#239 = ORIENTED_EDGE ( 'NONE', *, *, #731, .T. ) ;
#240 = CARTESIAN_POINT ( 'NONE',  ( -2.568086326938995523, -0.01005659855331485913, -0.1942804594482110958 ) ) ;
#241 = CARTESIAN_POINT ( 'NONE',  ( 3.810000000000000941, -6.524317827685718691E-17, 0.2540000000000000036 ) ) ;
#242 = AXIS2_PLACEMENT_3D ( 'NONE', #21, #495, #976 ) ;
#243 = VECTOR ( 'NONE', #31, 1000.000000000000000 ) ;
#244 = CARTESIAN_POINT ( 'NONE',  ( 2.266403771888028551, 0.004127331941086305814, 0.3040404711068492305 ) ) ;
#245 = ORIENTED_EDGE ( 'NONE', *, *, #268, .F. ) ;
#246 = DIRECTION ( 'NONE',  ( 0.000000000000000000, 0.000000000000000000, -1.000000000000000000 ) ) ;
#247 = CIRCLE ( 'NONE', #893, 0.6500000000000000222 ) ;
#248 = COLOUR_RGB ( '',0.7921568627450980005, 0.8196078431372548767, 0.9333333333333333481 ) ;
#249 = DIRECTION ( 'NONE',  ( 0.000000000000000000, 0.000000000000000000, -1.000000000000000000 ) ) ;
#250 = ADVANCED_FACE ( 'NONE', ( #826 ), #273, .F. ) ;
#251 = DIRECTION ( 'NONE',  ( 1.000000000000000000, 0.000000000000000000, 0.000000000000000000 ) ) ;
#252 = APPLICATION_CONTEXT ( 'automotive_design' ) ;
#253 = VECTOR ( 'NONE', #982, 1000.000000000000000 ) ;
#254 = EDGE_CURVE ( 'NONE', #1253, #159, #1362, .T. ) ;
#255 = CARTESIAN_POINT ( 'NONE',  ( 3.810000000000011156, 1.655434377573955507, -1.255000014501472361 ) ) ;
#256 = LINE ( 'NONE', #1561, #1342 ) ;
#257 = ORIENTED_EDGE ( 'NONE', *, *, #823, .F. ) ;
#258 = LINE ( 'NONE', #1269, #235 ) ;
#259 = AXIS2_PLACEMENT_3D ( 'NONE', #1079, #881, #1388 ) ;
#260 = DIRECTION ( 'NONE',  ( 0.000000000000000000, 1.000000000000000000, 0.000000000000000000 ) ) ;
#261 = B_SPLINE_CURVE_WITH_KNOTS ( 'NONE', 3,
 ( #1138, #1421, #626, #889 ),
 .UNSPECIFIED., .F., .F.,
 ( 4, 4 ),
 ( 2.710505431213761085E-20, 0.0002371300423900851500 ),
 .UNSPECIFIED. ) ;
#262 = ORIENTED_EDGE ( 'NONE', *, *, #1368, .F. ) ;
#263 = ADVANCED_FACE ( 'NONE', ( #835 ), #1514, .F. ) ;
#264 = FACE_OUTER_BOUND ( 'NONE', #1073, .T. ) ;
#265 = DIRECTION ( 'NONE',  ( 0.000000000000000000, -1.000000000000000000, 0.000000000000000000 ) ) ;
#266 = B_SPLINE_CURVE_WITH_KNOTS ( 'NONE', 3,
 ( #1032, #1456, #1451, #1516, #1548, #444 ),
 .UNSPECIFIED., .F., .F.,
 ( 4, 2, 4 ),
 ( 1.569316075622501475E-17, 0.0001674134777963369371, 0.0003348269555926581533 ),
 .UNSPECIFIED. ) ;
#267 = CARTESIAN_POINT ( 'NONE',  ( 3.135806275959241773, 1.434341811876965078, -1.863884821142210102 ) ) ;
#268 = EDGE_CURVE ( 'NONE', #1168, #24, #513, .T. ) ;
#269 = ORIENTED_EDGE ( 'NONE', *, *, #759, .F. ) ;
#270 = LINE ( 'NONE', #724, #774 ) ;
#271 = ORIENTED_EDGE ( 'NONE', *, *, #1164, .T. ) ;
#272 = FACE_OUTER_BOUND ( 'NONE', #563, .T. ) ;
#273 = PLANE ( 'NONE',  #969 ) ;
#274 = DIRECTION ( 'NONE',  ( 0.000000000000000000, 0.000000000000000000, -1.000000000000000000 ) ) ;
#275 = EDGE_CURVE ( 'NONE', #1231, #1040, #319, .T. ) ;
#276 = CARTESIAN_POINT ( 'NONE',  ( 3.054029030549792800, 0.2024549370134794135, 0.4199220322198614075 ) ) ;
#277 = CARTESIAN_POINT ( 'NONE',  ( 3.331882795055080670, 0.4742588718719923380, -1.322290341890469900 ) ) ;
#278 = ORIENTED_EDGE ( 'NONE', *, *, #842, .F. ) ;
#279 = AXIS2_PLACEMENT_3D ( 'NONE', #1545, #455, #557 ) ;
#280 = FACE_OUTER_BOUND ( 'NONE', #1021, .T. ) ;
#281 = AXIS2_PLACEMENT_3D ( 'NONE', #1550, #1345, #249 ) ;
#282 = CARTESIAN_POINT ( 'NONE',  ( -3.810000000000000941, -6.524317827685718691E-17, -0.2540000000000000036 ) ) ;
#283 = CARTESIAN_POINT ( 'NONE',  ( 3.197920000000000318, 0.08099029722283779265, -1.235940073172772991 ) ) ;
#284 = CIRCLE ( 'NONE', #1033, 0.6500000000000000222 ) ;
#285 = CARTESIAN_POINT ( 'NONE',  ( 2.985564890273460392, 0.7960622488175280731, -1.589279397250868087 ) ) ;
#286 = CARTESIAN_POINT ( 'NONE',  ( 2.540000000000000036, 2.623420489685531987, -0.2540000000000000591 ) ) ;
#287 = MECHANICAL_DESIGN_GEOMETRIC_PRESENTATION_REPRESENTATION (  '', ( #1437 ), #364 ) ;
#288 = COLOUR_RGB ( '',1.000000000000000000, 1.000000000000000000, 0.000000000000000000 ) ;
#289 = LINE ( 'NONE', #407, #1396 ) ;
#290 = FACE_OUTER_BOUND ( 'NONE', #236, .T. ) ;
#291 = CARTESIAN_POINT ( 'NONE',  ( 2.540000000000000036, 0.000000000000000000, 0.000000000000000000 ) ) ;
#292 =( LENGTH_UNIT ( ) NAMED_UNIT ( * ) SI_UNIT ( .MILLI., .METRE. ) );
#293 = LINE ( 'NONE', #920, #820 ) ;
#294 = LINE ( 'NONE', #282, #856 ) ;
#295 = CYLINDRICAL_SURFACE ( 'NONE', #1014, 0.2540000000000000591 ) ;
#296 = EDGE_CURVE ( 'NONE', #732, #187, #1374, .T. ) ;
#297 = FACE_OUTER_BOUND ( 'NONE', #1181, .T. ) ;
#298 = CARTESIAN_POINT ( 'NONE',  ( 2.641422049553404428, 0.09032443026147986276, -0.7191639532059848072 ) ) ;
#299 = CARTESIAN_POINT ( 'NONE',  ( 2.983431617072496156, 0.1416060409646595630, -0.07578229597735650080 ) ) ;
#300 = AXIS2_PLACEMENT_3D ( 'NONE', #113, #1375, #1234 ) ;
#301 = VECTOR ( 'NONE', #977, 1000.000000000000000 ) ;
#302 = LINE ( 'NONE', #728, #1386 ) ;
#303 = PLANE ( 'NONE',  #1112 ) ;
#304 = CARTESIAN_POINT ( 'NONE',  ( 2.979310857270073054, 0.1381551808212312937, -0.1064548177687209551 ) ) ;
#305 = DIRECTION ( 'NONE',  ( -1.000000000000000000, 0.000000000000000000, 0.000000000000000000 ) ) ;
#306 = CYLINDRICAL_SURFACE ( 'NONE', #589, 0.6500000000000000222 ) ;
#307 = FACE_OUTER_BOUND ( 'NONE', #1187, .T. ) ;
#308 = MECHANICAL_DESIGN_GEOMETRIC_PRESENTATION_REPRESENTATION (  '', ( #198 ), #1039 ) ;
#309 = DIRECTION ( 'NONE',  ( 0.000000000000000000, 1.000000000000000000, 0.000000000000000000 ) ) ;
#310 = CARTESIAN_POINT ( 'NONE',  ( -2.955031886013594455, 0.7198992513829153284, 1.524265028006370315 ) ) ;
#311 = CIRCLE ( 'NONE', #1060, 0.2540000000000000591 ) ;
#312 = VECTOR ( 'NONE', #972, 1000.000000000000000 ) ;
#313 = CARTESIAN_POINT ( 'NONE',  ( -0.4175428079989471630, 0.2321995453593033443, -0.9809250812451781876 ) ) ;
#314 = VECTOR ( 'NONE', #1349, 1000.000000000000000 ) ;
#315 =( LENGTH_UNIT ( ) NAMED_UNIT ( * ) SI_UNIT ( .MILLI., .METRE. ) );
#316 = LINE ( 'NONE', #398, #374 ) ;
#317 = B_SPLINE_CURVE_WITH_KNOTS ( 'NONE', 3,
 ( #231, #443, #548, #680 ),
 .UNSPECIFIED., .F., .F.,
 ( 4, 4 ),
 ( 0.0002685994626883704810, 0.0002984849472793815197 ),
 .UNSPECIFIED. ) ;
#318 = CARTESIAN_POINT ( 'NONE',  ( -2.794000000000045780, 0.03378315915836149069, -0.05634270521062084008 ) ) ;
#319 = LINE ( 'NONE', #558, #314 ) ;
#320 = CIRCLE ( 'NONE', #950, 0.6500000000000000222 ) ;
#321 = CARTESIAN_POINT ( 'NONE',  ( -2.717130755504430173, 0.2119623704566208910, 0.9868582866498637474 ) ) ;
#322 = CARTESIAN_POINT ( 'NONE',  ( 3.058133025642309821, 0.2055922257546936582, 0.4212139792688947004 ) ) ;
#323 = AXIS2_PLACEMENT_3D ( 'NONE', #980, #1087, #413 ) ;
#324 = PRESENTATION_STYLE_ASSIGNMENT (( #1069 ) ) ;
#325 = CARTESIAN_POINT ( 'NONE',  ( -2.802469547871627054, -0.008958221691845184159, -0.06092819372633823810 ) ) ;
#326 = CARTESIAN_POINT ( 'NONE',  ( -2.286000000000000920, -6.524317827685718691E-17, -0.2540000000000000036 ) ) ;
#327 = DIRECTION ( 'NONE',  ( -0.000000000000000000, 0.000000000000000000, -1.000000000000000000 ) ) ;
#328 = CARTESIAN_POINT ( 'NONE',  ( -2.575297757040235780, -6.524317827685718691E-17, -0.2540000000000000036 ) ) ;
#329 = LINE ( 'NONE', #1414, #848 ) ;
#330 = SURFACE_STYLE_FILL_AREA ( #1480 ) ;
#331 = CARTESIAN_POINT ( 'NONE',  ( 3.810000000000000497, 1.904999999999999583, -1.255000000000000115 ) ) ;
#332 = CARTESIAN_POINT ( 'NONE',  ( 2.604081343583668939, 0.000000000000000000, 0.2457836068669182750 ) ) ;
#333 = ADVANCED_FACE ( 'NONE', ( #852 ), #229, .F. ) ;
#334 = VECTOR ( 'NONE', #265, 1000.000000000000000 ) ;
#335 = LINE ( 'NONE', #429, #1369 ) ;
#336 = CARTESIAN_POINT ( 'NONE',  ( -3.130565418414066770, 1.389140342214161494, -1.855113560394737071 ) ) ;
#337 = DIRECTION ( 'NONE',  ( -0.000000000000000000, 1.000000000000000000, -0.000000000000000000 ) ) ;
#338 = EDGE_CURVE ( 'NONE', #677, #627, #284, .T. ) ;
#339 = DIRECTION ( 'NONE',  ( -0.000000000000000000, 1.000000000000000000, -0.000000000000000000 ) ) ;
#340 = LINE ( 'NONE', #503, #850 ) ;
#341 = LINE ( 'NONE', #241, #1366 ) ;
#342 = CARTESIAN_POINT ( 'NONE',  ( -2.540000000000000036, -25.39999999999999858, 0.2540000000000000591 ) ) ;
#343 = EDGE_CURVE ( 'NONE', #512, #1304, #807, .T. ) ;
#344 = FACE_OUTER_BOUND ( 'NONE', #553, .T. ) ;
#345 = ADVANCED_FACE ( 'NONE', ( #344 ), #295, .F. ) ;
#346 = FACE_OUTER_BOUND ( 'NONE', #524, .T. ) ;
#347 = CARTESIAN_POINT ( 'NONE',  ( -1.762880357810259681E-15, -10.85373749999998694, 1.905000000000000471 ) ) ;
#348 = CARTESIAN_POINT ( 'NONE',  ( 2.999306975105173745, 0.1551042656843155676, 0.000000000000000000 ) ) ;
#349 = APPLICATION_CONTEXT ( 'automotive_design' ) ;
#350 = DIRECTION ( 'NONE',  ( -1.000000000000000000, 0.000000000000000000, 0.000000000000000000 ) ) ;
#351 = CARTESIAN_POINT ( 'NONE',  ( 2.803075608708126332, -0.008571609500104491672, 0.1813186343606868201 ) ) ;
#352 = EDGE_CURVE ( 'NONE', #677, #1182, #335, .T. ) ;
#353 = CARTESIAN_POINT ( 'NONE',  ( -2.803075608708126332, -0.008571609500104491672, -0.1813186343606868201 ) ) ;
#354 = CARTESIAN_POINT ( 'NONE',  ( -3.160000000000000586, 1.904999999999999583, 1.255000000000000115 ) ) ;
#355 = ADVANCED_FACE ( 'NONE', ( #1393 ), #855, .T. ) ;
#356 = DIRECTION ( 'NONE',  ( 0.000000000000000000, 0.000000000000000000, -1.000000000000000000 ) ) ;
#357 = AXIS2_PLACEMENT_3D ( 'NONE', #981, #569, #766 ) ;
#358 = CARTESIAN_POINT ( 'NONE',  ( -2.979310857270073054, 0.1381551808212312937, -0.1064548177687209551 ) ) ;
#359 = CARTESIAN_POINT ( 'NONE',  ( -2.540000000000000036, 1.904999999999999583, 0.2540000000000000591 ) ) ;
#360 = EDGE_CURVE ( 'NONE', #987, #693, #302, .T. ) ;
#361 = SURFACE_STYLE_FILL_AREA ( #1433 ) ;
#362 = CARTESIAN_POINT ( 'NONE',  ( -2.717130755504430173, 0.2119623704566208910, -0.9868582866498637474 ) ) ;
#363 = DIRECTION ( 'NONE',  ( 0.000000000000000000, 0.000000000000000000, -1.000000000000000000 ) ) ;
#364 =( GEOMETRIC_REPRESENTATION_CONTEXT ( 3 ) GLOBAL_UNCERTAINTY_ASSIGNED_CONTEXT ( ( #1042 ) ) GLOBAL_UNIT_ASSIGNED_CONTEXT ( ( #315, #1125, #182 ) ) REPRESENTATION_CONTEXT ( 'NONE', 'WORKASPACE' ) );
#365 = FACE_OUTER_BOUND ( 'NONE', #585, .T. ) ;
#366 = CARTESIAN_POINT ( 'NONE',  ( -0.4175428079989447760, 0.2321995453593033165, 0.9809250812451779655 ) ) ;
#367 = CARTESIAN_POINT ( 'NONE',  ( 2.540000000000000036, 1.904999999999999583, -0.2540000000000000591 ) ) ;
#368 = VECTOR ( 'NONE', #408, 1000.000000000000000 ) ;
#369 = CARTESIAN_POINT ( 'NONE',  ( 3.022873379779288605, 0.9267443691424351870, 1.657253759701976747 ) ) ;
#370 = CIRCLE ( 'NONE', #215, 0.2540000000000000591 ) ;
#371 = EDGE_CURVE ( 'NONE', #172, #1161, #827, .T. ) ;
#372 = AXIS2_PLACEMENT_3D ( 'NONE', #929, #735, #1535 ) ;
#373 = CARTESIAN_POINT ( 'NONE',  ( -2.769849211321690596, 0.3047921579443197415, 1.118949466622541911 ) ) ;
#374 = VECTOR ( 'NONE', #418, 1000.000000000000000 ) ;
#375 = CARTESIAN_POINT ( 'NONE',  ( 2.802469547871627498, -0.008958221691844847623, -0.06092819372633883485 ) ) ;
#376 = ADVANCED_FACE ( 'NONE', ( #824 ), #941, .T. ) ;
#377 = CARTESIAN_POINT ( 'NONE',  ( 3.768927238100729493, 1.414590649437834857, 1.220799150415659007 ) ) ;
#378 = CARTESIAN_POINT ( 'NONE',  ( -3.160000000000000586, 1.904999999999999805, 1.905000000000000471 ) ) ;
#379 = CARTESIAN_POINT ( 'NONE',  ( -2.794000000000000039, -2.168404344971008868E-16, -1.905000000000000471 ) ) ;
#380 = EDGE_CURVE ( 'NONE', #141, #1209, #1351, .T. ) ;
#381 = PLANE ( 'NONE',  #1541 ) ;
#382 = DIRECTION ( 'NONE',  ( 0.000000000000000000, 0.000000000000000000, -1.000000000000000000 ) ) ;
#383 = FACE_OUTER_BOUND ( 'NONE', #426, .T. ) ;
#384 = AXIS2_PLACEMENT_3D ( 'NONE', #1459, #573, #246 ) ;
#385 = CARTESIAN_POINT ( 'NONE',  ( 3.160000000000000586, 7.619999999999998330, -1.255000000000000115 ) ) ;
#386 = CARTESIAN_POINT ( 'NONE',  ( -3.197920000000000762, 2.168404344971008868E-16, -0.2540000000000000036 ) ) ;
#387 = CARTESIAN_POINT ( 'NONE',  ( 2.979310857270073054, 0.1381551808212312937, 0.1064548177687209551 ) ) ;
#388 = CARTESIAN_POINT ( 'NONE',  ( 3.160000000000007248, 1.905000000000001581, -1.905000000000000027 ) ) ;
#389 = EDGE_CURVE ( 'NONE', #693, #653, #846, .T. ) ;
#390 = CARTESIAN_POINT ( 'NONE',  ( -3.160000000000000586, 6.969999999999998863, -1.255000000000000115 ) ) ;
#391 = CARTESIAN_POINT ( 'NONE',  ( 1.034958192790391696, 0.1915902643951537254, -0.9094474303128071702 ) ) ;
#392 = CARTESIAN_POINT ( 'NONE',  ( -2.286000000000000920, 0.000000000000000000, 1.905000000000000471 ) ) ;
#393 = COLOUR_RGB ( '',0.7921568627450980005, 0.8196078431372548767, 0.9333333333333333481 ) ;
#394 = CARTESIAN_POINT ( 'NONE',  ( -3.197920000000000318, 0.08099029722283779265, -1.235940073172772991 ) ) ;
#395 = EDGE_CURVE ( 'NONE', #673, #512, #340, .T. ) ;
#396 = DIRECTION ( 'NONE',  ( 0.000000000000000000, 1.000000000000000000, 0.000000000000000000 ) ) ;
#397 = DIRECTION ( 'NONE',  ( -1.000000000000000000, 0.000000000000000000, 0.000000000000000000 ) ) ;
#398 = CARTESIAN_POINT ( 'NONE',  ( 3.810000000000000497, 6.969999999999998863, 1.905000000000000027 ) ) ;
#399 = CARTESIAN_POINT ( 'NONE',  ( 2.540000000000000036, 2.623420489685531987, 0.2540000000000000591 ) ) ;
#400 = EDGE_CURVE ( 'NONE', #494, #132, #1355, .T. ) ;
#401 = FILL_AREA_STYLE_COLOUR ( '', #288 ) ;
#402 = DIRECTION ( 'NONE',  ( 0.000000000000000000, 0.000000000000000000, -1.000000000000000000 ) ) ;
#403 = CARTESIAN_POINT ( 'NONE',  ( -3.001798722387871710, 0.1572193697746645524, -0.01259477831385089064 ) ) ;
#404 = DIRECTION ( 'NONE',  ( -1.000000000000000000, 4.268512490100416826E-16, 0.000000000000000000 ) ) ;
#405 = CARTESIAN_POINT ( 'NONE',  ( 2.955031886013594455, 0.7198992513829153284, -1.524265028006370315 ) ) ;
#406 = AXIS2_PLACEMENT_3D ( 'NONE', #1489, #11, #937 ) ;
#407 = CARTESIAN_POINT ( 'NONE',  ( -3.810000000000000497, 1.904999999999999583, 1.255000000000000115 ) ) ;
#408 = DIRECTION ( 'NONE',  ( 0.000000000000000000, -1.000000000000000000, -0.000000000000000000 ) ) ;
#409 = FILL_AREA_STYLE_COLOUR ( '', #248 ) ;
#410 = CARTESIAN_POINT ( 'NONE',  ( -2.775271135550730239, 0.02571469351461996150, -0.1108830103129606059 ) ) ;
#411 = EDGE_CURVE ( 'NONE', #146, #98, #1363, .T. ) ;
#412 = UNCERTAINTY_MEASURE_WITH_UNIT (LENGTH_MEASURE( 1.000000000000000082E-05 ), #832, 'distance_accuracy_value', 'NONE');
#413 = DIRECTION ( 'NONE',  ( -1.000000000000000000, 4.268512490100416826E-16, 0.000000000000000000 ) ) ;
#414 = CARTESIAN_POINT ( 'NONE',  ( -3.308886015751854259, 0.4608976450119473545, 0.7832083167820372838 ) ) ;
#415 = AXIS2_PLACEMENT_3D ( 'NONE', #629, #475, #1116 ) ;
#416 = CARTESIAN_POINT ( 'NONE',  ( 3.160000000000000586, 6.969999999999998863, 1.255000000000000115 ) ) ;
#417 = EDGE_CURVE ( 'NONE', #65, #1045, #867, .T. ) ;
#418 = DIRECTION ( 'NONE',  ( -0.000000000000000000, 0.000000000000000000, 1.000000000000000000 ) ) ;
#419 = CARTESIAN_POINT ( 'NONE',  ( -3.663145231673815783, 1.070419127512602930, -1.128094759970357019 ) ) ;
#420 = CARTESIAN_POINT ( 'NONE',  ( 3.331882795055140178, 0.4742588718719757956, 1.322290341890470344 ) ) ;
#421 = ADVANCED_FACE ( 'NONE', ( #830 ), #303, .F. ) ;
#422 = SHAPE_DEFINITION_REPRESENTATION ( #825, #1155 ) ;
#423 = CARTESIAN_POINT ( 'NONE',  ( -2.984048293732363355, 0.1421052647489637888, -0.1639222856735775002 ) ) ;
#424 = CARTESIAN_POINT ( 'NONE',  ( -2.540000000000000036, -25.39999999999999858, -0.2540000000000000591 ) ) ;
#425 = CARTESIAN_POINT ( 'NONE',  ( 3.054029030549792800, 0.2024549370134794135, -0.4199220322198614075 ) ) ;
#426 = EDGE_LOOP ( 'NONE', ( #1017, #143 ) ) ;
#427 = CARTESIAN_POINT ( 'NONE',  ( 2.170908274248403824, 0.02365768484026421065, 0.4312071620765365321 ) ) ;
#428 = CARTESIAN_POINT ( 'NONE',  ( 2.658870299958305594, 0.001391535460451013206, 0.2314988871381087332 ) ) ;
#429 = CARTESIAN_POINT ( 'NONE',  ( -3.160000000000000586, 7.619999999999998330, -1.905000000000000027 ) ) ;
#430 = AXIS2_PLACEMENT_3D ( 'NONE', #1551, #260, #95 ) ;
#431 = CARTESIAN_POINT ( 'NONE',  ( -3.810000028528029326, 1.569597507462751729, -1.905000032735810311 ) ) ;
#432 = CARTESIAN_POINT ( 'NONE',  ( -3.160000000000000586, 6.969999999999998863, -1.255000000000000115 ) ) ;
#433 = ADVANCED_FACE ( 'NONE', ( #839 ), #1419, .F. ) ;
#434 = CARTESIAN_POINT ( 'NONE',  ( 3.379248671402786730, 0.5529079541597301528, -0.8582622398193689994 ) ) ;
#435 = ORIENTED_EDGE ( 'NONE', *, *, #963, .T. ) ;
#436 = DIRECTION ( 'NONE',  ( -4.268512490100416826E-16, 1.000000000000000000, 0.000000000000000000 ) ) ;
#437 = CARTESIAN_POINT ( 'NONE',  ( -1.442652469857337749, 0.1458044189179576178, 0.8161615040496692508 ) ) ;
#438 = CARTESIAN_POINT ( 'NONE',  ( -3.197920000000000318, 0.8529825204850228770, 1.904999999999999805 ) ) ;
#439 = CARTESIAN_POINT ( 'NONE',  ( -3.768927238100729493, 1.414590649437834857, -1.220799150415659007 ) ) ;
#440 = DIRECTION ( 'NONE',  ( -0.000000000000000000, -1.000000000000000000, -0.000000000000000000 ) ) ;
#441 = EDGE_CURVE ( 'NONE', #1231, #673, #1436, .T. ) ;
#442 = ORIENTED_EDGE ( 'NONE', *, *, #1327, .F. ) ;
#443 = CARTESIAN_POINT ( 'NONE',  ( 2.595444831327032631, -1.320869127516452792E-16, -0.2509610559156030263 ) ) ;
#444 = CARTESIAN_POINT ( 'NONE',  ( -2.793999999997754724, 0.03653058492483270137, 0.000000000000000000 ) ) ;
#445 = AXIS2_PLACEMENT_3D ( 'NONE', #66, #436, #156 ) ;
#446 = CARTESIAN_POINT ( 'NONE',  ( -3.397362259432827436, 0.5613062992634668680, -1.407673083067502606 ) ) ;
#447 = CARTESIAN_POINT ( 'NONE',  ( -3.160000000000000586, 6.969999999999998863, 1.255000000000000115 ) ) ;
#448 = CARTESIAN_POINT ( 'NONE',  ( -2.985564890273460392, 0.7960622488175280731, 1.589279397250868087 ) ) ;
#449 = CARTESIAN_POINT ( 'NONE',  ( 3.160000000000000586, 6.969999999999998863, -1.255000000000000115 ) ) ;
#450 = CARTESIAN_POINT ( 'NONE',  ( 3.197920000000000318, 0.8529825204850228770, 1.904999999999999805 ) ) ;
#451 = ADVANCED_FACE ( 'NONE', ( #811 ), #1405, .T. ) ;
#452 = EDGE_CURVE ( 'NONE', #627, #686, #289, .T. ) ;
#453 = CARTESIAN_POINT ( 'NONE',  ( -2.917360218983218623, 0.6224912619619050735, -1.447511259827971797 ) ) ;
#454 = CARTESIAN_POINT ( 'NONE',  ( -3.810000000000000497, 1.904999999999999583, 1.255000000000000115 ) ) ;
#455 = DIRECTION ( 'NONE',  ( -0.000000000000000000, -0.000000000000000000, 1.000000000000000000 ) ) ;
#456 = PRODUCT_CONTEXT ( 'NONE', #252, 'mechanical' ) ;
#457 = ORIENTED_EDGE ( 'NONE', *, *, #208, .F. ) ;
#458 = DIRECTION ( 'NONE',  ( 0.000000000000000000, 0.000000000000000000, -1.000000000000000000 ) ) ;
#459 = ADVANCED_FACE ( 'NONE', ( #841 ), #1410, .F. ) ;
#460 = CARTESIAN_POINT ( 'NONE',  ( 2.604081343583668939, 0.000000000000000000, 0.2457836068669182750 ) ) ;
#461 = AXIS2_PLACEMENT_3D ( 'NONE', #1321, #1538, #232 ) ;
#462 = SURFACE_SIDE_STYLE ('',( #1426 ) ) ;
#463 = CARTESIAN_POINT ( 'NONE',  ( 2.846071203894400714, 0.4491876064190183926, -1.295273555378754438 ) ) ;
#464 = CARTESIAN_POINT ( 'NONE',  ( 3.001798722387871710, 0.1572193697746645524, 0.01259477831385089064 ) ) ;
#465 = EDGE_CURVE ( 'NONE', #686, #222, #1335, .T. ) ;
#466 = CARTESIAN_POINT ( 'NONE',  ( -2.540000000000000036, 0.000000000000000000, 0.000000000000000000 ) ) ;
#467 = PRESENTATION_LAYER_ASSIGNMENT (  '', '', ( #116 ) ) ;
#468 = DIRECTION ( 'NONE',  ( -1.000000000000000000, 0.000000000000000000, 0.000000000000000000 ) ) ;
#469 = AXIS2_PLACEMENT_3D ( 'NONE', #291, #1287, #1135 ) ;
#470 = CARTESIAN_POINT ( 'NONE',  ( -3.160000000000000586, 7.619999999999998330, -1.255000000000000115 ) ) ;
#471 = CARTESIAN_POINT ( 'NONE',  ( 3.015617522215373825, 0.1457786777894386765, -0.8644749534811885239 ) ) ;
#472 = ORIENTED_EDGE ( 'NONE', *, *, #1054, .F. ) ;
#473 = CARTESIAN_POINT ( 'NONE',  ( 2.793999999997754724, 0.03653058492483270137, 0.000000000000000000 ) ) ;
#474 = DIRECTION ( 'NONE',  ( -0.000000000000000000, -1.000000000000000000, -0.000000000000000000 ) ) ;
#475 = DIRECTION ( 'NONE',  ( -0.000000000000000000, -1.000000000000000000, -0.000000000000000000 ) ) ;
#476 = CARTESIAN_POINT ( 'NONE',  ( -2.604081343583668939, 0.000000000000000000, 0.2457836068669182750 ) ) ;
#477 = CARTESIAN_POINT ( 'NONE',  ( 3.810000000000010711, 1.905000000000002025, -1.905000000000003801 ) ) ;
#478 = CARTESIAN_POINT ( 'NONE',  ( 1.638982457610462795, 0.1180270509239271515, -0.7566590521323538487 ) ) ;
#479 = AXIS2_PLACEMENT_3D ( 'NONE', #904, #1390, #1301 ) ;
#480 = CARTESIAN_POINT ( 'NONE',  ( -3.160000000000000586, 6.969999999999998863, 0.000000000000000000 ) ) ;
#481 = CARTESIAN_POINT ( 'NONE',  ( 3.810000000000000497, 1.904999999999999583, 1.905000000000000027 ) ) ;
#482 = DIRECTION ( 'NONE',  ( 0.000000000000000000, 1.000000000000000000, 0.000000000000000000 ) ) ;
#483 = CARTESIAN_POINT ( 'NONE',  ( 3.160000000000000586, 1.904999999999999583, 1.905000000000000027 ) ) ;
#484 = VERTEX_POINT ( 'NONE', #61 ) ;
#485 = CARTESIAN_POINT ( 'NONE',  ( 1.516062500000001867, 1.904999999999999361, 1.905500000000000416 ) ) ;
#486 = PRODUCT_DEFINITION_FORMATION_WITH_SPECIFIED_SOURCE ( 'ANY', '', #1458, .NOT_KNOWN. ) ;
#487 = CARTESIAN_POINT ( 'NONE',  ( 2.540000000000000036, -25.39999999999999858, -0.2540000000000000591 ) ) ;
#488 = FACE_OUTER_BOUND ( 'NONE', #1288, .T. ) ;
#489 = EDGE_CURVE ( 'NONE', #693, #1037, #341, .T. ) ;
#490 = CARTESIAN_POINT ( 'NONE',  ( -2.802469547871627498, -0.008958221691844847623, 0.06092819372633883485 ) ) ;
#491 = CARTESIAN_POINT ( 'NONE',  ( 3.015617522215373825, 0.1457786777894386765, 0.8644749534811885239 ) ) ;
#492 = CARTESIAN_POINT ( 'NONE',  ( 3.160000000000000586, 1.904999999999999583, 1.905000000000000027 ) ) ;
#493 = DIRECTION ( 'NONE',  ( 1.000000000000000000, -0.000000000000000000, -0.000000000000000000 ) ) ;
#494 = VERTEX_POINT ( 'NONE', #211 ) ;
#495 = DIRECTION ( 'NONE',  ( -0.000000000000000000, -1.000000000000000000, -0.000000000000000000 ) ) ;
#496 = EDGE_LOOP ( 'NONE', ( #1323, #52, #239, #1068 ) ) ;
#497 = CARTESIAN_POINT ( 'NONE',  ( 2.540000000000000036, 0.000000000000000000, 0.2540000000000000591 ) ) ;
#498 = SURFACE_STYLE_USAGE ( .BOTH. , #142 ) ;
#499 = PRESENTATION_LAYER_ASSIGNMENT (  '', '', ( #1412 ) ) ;
#500 = DIRECTION ( 'NONE',  ( 0.000000000000000000, -1.000000000000000000, 0.000000000000000000 ) ) ;
#501 = EDGE_CURVE ( 'NONE', #686, #1035, #320, .T. ) ;
#502 = CARTESIAN_POINT ( 'NONE',  ( -3.522030909592356096, 0.7596481481717197726, 1.565005472232606110 ) ) ;
#503 = CARTESIAN_POINT ( 'NONE',  ( 2.286000000000000920, 0.000000000000000000, -1.905000000000000471 ) ) ;
#504 = EDGE_LOOP ( 'NONE', ( #722, #29, #730 ) ) ;
#505 = CARTESIAN_POINT ( 'NONE',  ( 3.810000000000000497, 1.904999999999999583, -1.255000000000000115 ) ) ;
#506 = CARTESIAN_POINT ( 'NONE',  ( 2.604081343583668939, 0.000000000000000000, -0.2457836068669182750 ) ) ;
#507 = CLOSED_SHELL ( 'NONE', ( #860, #1111, #1460, #645 ) ) ;
#508 = CARTESIAN_POINT ( 'NONE',  ( 2.540000000000000036, 1.904999999999999583, 0.000000000000000000 ) ) ;
#509 = EDGE_CURVE ( 'NONE', #1247, #132, #861, .T. ) ;
#510 = DIRECTION ( 'NONE',  ( 0.000000000000000000, -0.000000000000000000, 1.000000000000000000 ) ) ;
#511 = CARTESIAN_POINT ( 'NONE',  ( 3.397362259432827436, 0.5613062992634668680, 1.407673083067502606 ) ) ;
#512 = VERTEX_POINT ( 'NONE', #1336 ) ;
#513 = B_SPLINE_CURVE_WITH_KNOTS ( 'NONE', 3,
 ( #506, #48, #1318, #1098, #1206, #77 ),
 .UNSPECIFIED., .F., .F.,
 ( 4, 2, 4 ),
 ( 1.569316075622501475E-17, 0.0001674134777963369371, 0.0003348269555926581533 ),
 .UNSPECIFIED. ) ;
#514 = CARTESIAN_POINT ( 'NONE',  ( -3.058133025642309821, 0.2055922257546936582, -0.4212139792688947004 ) ) ;
#515 = CARTESIAN_POINT ( 'NONE',  ( -2.013999954742955456, 0.05405366849959216541, -0.5651336815182798068 ) ) ;
#516 = AXIS2_PLACEMENT_3D ( 'NONE', #1255, #140, #1493 ) ;
#517 = VERTEX_POINT ( 'NONE', #1544 ) ;
#518 = CARTESIAN_POINT ( 'NONE',  ( -3.135806275959241773, 1.434341811876965078, -1.863884821142210102 ) ) ;
#519 = ADVANCED_FACE ( 'NONE', ( #1344 ), #1403, .T. ) ;
#520 = DIRECTION ( 'NONE',  ( -0.000000000000000000, -0.000000000000000000, -1.000000000000000000 ) ) ;
#521 = DIRECTION ( 'NONE',  ( 0.000000000000000000, 0.000000000000000000, 1.000000000000000000 ) ) ;
#522 = ORIENTED_EDGE ( 'NONE', *, *, #678, .T. ) ;
#523 = CARTESIAN_POINT ( 'NONE',  ( 3.192023751578338508, 0.3338286922268002277, 0.6533775180816874251 ) ) ;
#524 = EDGE_LOOP ( 'NONE', ( #1202, #752, #745 ) ) ;
#525 = CARTESIAN_POINT ( 'NONE',  ( -3.160000012243899370, 1.642644363216151371, -1.905000000000000249 ) ) ;
#526 = PLANE ( 'NONE',  #571 ) ;
#527 = DIRECTION ( 'NONE',  ( -1.000000000000000000, 0.000000000000000000, 0.000000000000000000 ) ) ;
#528 = CARTESIAN_POINT ( 'NONE',  ( -3.160000000000001030, 1.666391240626152737, -1.905000000000000027 ) ) ;
#529 = EDGE_LOOP ( 'NONE', ( #713, #89, #109, #1223, #632, #734, #1481 ) ) ;
#530 = EDGE_CURVE ( 'NONE', #738, #627, #1380, .T. ) ;
#531 = CARTESIAN_POINT ( 'NONE',  ( -0.2090411047079608897, 0.2381432521976591388, 0.9906213657965299291 ) ) ;
#532 = ADVANCED_FACE ( 'NONE', ( #1347 ), #526, .T. ) ;
#533 = EDGE_LOOP ( 'NONE', ( #17, #1158, #1030 ) ) ;
#534 = AXIS2_PLACEMENT_3D ( 'NONE', #1468, #482, #149 ) ;
#535 = CARTESIAN_POINT ( 'NONE',  ( -3.015617522215373825, 0.1457786777894386765, -0.8644749534811885239 ) ) ;
#536 = DIRECTION ( 'NONE',  ( 0.000000000000000000, 0.000000000000000000, -1.000000000000000000 ) ) ;
#537 = CARTESIAN_POINT ( 'NONE',  ( -2.540000000000000036, 1.904999999999999583, -0.2540000000000000591 ) ) ;
#538 = ORIENTED_EDGE ( 'NONE', *, *, #779, .F. ) ;
#539 = CARTESIAN_POINT ( 'NONE',  ( -2.604081343583668939, 0.000000000000000000, 0.2457836068669182750 ) ) ;
#540 = ORIENTED_EDGE ( 'NONE', *, *, #168, .T. ) ;
#541 = CARTESIAN_POINT ( 'NONE',  ( -2.955031886013594455, 0.7198992513829153284, -1.524265028006370315 ) ) ;
#542 = CARTESIAN_POINT ( 'NONE',  ( -3.262619405998759436, 0.4101888866723827909, 0.7392261642735424854 ) ) ;
#543 = ORIENTED_EDGE ( 'NONE', *, *, #371, .T. ) ;
#544 = CARTESIAN_POINT ( 'NONE',  ( -3.135806275959241773, 1.434341811876965078, 1.863884821142210102 ) ) ;
#545 = FACE_OUTER_BOUND ( 'NONE', #1025, .T. ) ;
#546 = DIRECTION ( 'NONE',  ( -4.268512490100416826E-16, 1.000000000000000000, 0.000000000000000000 ) ) ;
#547 = EDGE_LOOP ( 'NONE', ( #115, #1034 ) ) ;
#548 = CARTESIAN_POINT ( 'NONE',  ( 2.585475588146067594, -1.278315288481655990E-16, -0.2539999999999869029 ) ) ;
#549 = LINE ( 'NONE', #121, #1075 ) ;
#550 = CARTESIAN_POINT ( 'NONE',  ( 3.160000000000000586, 1.904999999999999583, -1.905000000000000027 ) ) ;
#551 = EDGE_CURVE ( 'NONE', #159, #146, #329, .T. ) ;
#552 = ORIENTED_EDGE ( 'NONE', *, *, #1470, .T. ) ;
#553 = EDGE_LOOP ( 'NONE', ( #572, #155, #756, #194, #1065 ) ) ;
#554 = FACE_OUTER_BOUND ( 'NONE', #1566, .T. ) ;
#555 = CARTESIAN_POINT ( 'NONE',  ( -3.022873379779288605, 0.9267443691424351870, -1.657253759701976747 ) ) ;
#556 = ADVANCED_FACE ( 'NONE', ( #297 ), #15, .F. ) ;
#557 = DIRECTION ( 'NONE',  ( 1.000000000000000000, 0.000000000000000000, 0.000000000000000000 ) ) ;
#558 = CARTESIAN_POINT ( 'NONE',  ( -2.286000000000000920, 0.000000000000000000, -1.905000000000000471 ) ) ;
#559 = ORIENTED_EDGE ( 'NONE', *, *, #16, .F. ) ;
#560 = DIRECTION ( 'NONE',  ( 0.000000000000000000, 1.000000000000000000, 0.000000000000000000 ) ) ;
#561 = DIRECTION ( 'NONE',  ( 0.000000000000000000, 0.000000000000000000, -1.000000000000000000 ) ) ;
#562 = ORIENTED_EDGE ( 'NONE', *, *, #465, .T. ) ;
#563 = EDGE_LOOP ( 'NONE', ( #727, #743, #578, #674 ) ) ;
#564 = EDGE_CURVE ( 'NONE', #677, #484, #1399, .T. ) ;
#565 = FILL_AREA_STYLE ('',( #1449 ) ) ;
#566 = ADVANCED_FACE ( 'NONE', ( #863 ), #1165, .T. ) ;
#567 = DIRECTION ( 'NONE',  ( 0.000000000000000000, 0.000000000000000000, 1.000000000000000000 ) ) ;
#568 = ORIENTED_EDGE ( 'NONE', *, *, #864, .F. ) ;
#569 = DIRECTION ( 'NONE',  ( 0.000000000000000000, 0.000000000000000000, -1.000000000000000000 ) ) ;
#570 = CARTESIAN_POINT ( 'NONE',  ( 2.567646467401056398, -0.01064075931613044958, -0.04991914776799695475 ) ) ;
#571 = AXIS2_PLACEMENT_3D ( 'NONE', #481, #510, #812 ) ;
#572 = ORIENTED_EDGE ( 'NONE', *, *, #836, .T. ) ;
#573 = DIRECTION ( 'NONE',  ( 1.000000000000000000, 0.000000000000000000, 0.000000000000000000 ) ) ;
#574 = ORIENTED_EDGE ( 'NONE', *, *, #530, .F. ) ;
#575 = CARTESIAN_POINT ( 'NONE',  ( 3.160000000000000586, 6.969999999999998863, 1.905000000000000027 ) ) ;
#576 = ORIENTED_EDGE ( 'NONE', *, *, #905, .F. ) ;
#577 = DIRECTION ( 'NONE',  ( -0.000000000000000000, 1.000000000000000000, 0.000000000000000000 ) ) ;
#578 = ORIENTED_EDGE ( 'NONE', *, *, #917, .F. ) ;
#579 = CARTESIAN_POINT ( 'NONE',  ( 3.379248671402786730, 0.5529079541597301528, 0.8582622398193689994 ) ) ;
#580 = CARTESIAN_POINT ( 'NONE',  ( 2.917360218983199527, 0.6224912619619052956, -1.447511259827972019 ) ) ;
#581 = ORIENTED_EDGE ( 'NONE', *, *, #1082, .T. ) ;
#582 = DIRECTION ( 'NONE',  ( 1.000000000000000000, 0.000000000000000000, 0.000000000000000000 ) ) ;
#583 = CARTESIAN_POINT ( 'NONE',  ( 3.661162196380557621, 1.083943090984647917, 1.125994363082523764 ) ) ;
#584 = EDGE_CURVE ( 'NONE', #686, #159, #293, .T. ) ;
#585 = EDGE_LOOP ( 'NONE', ( #472, #1128, #614 ) ) ;
#586 = DIRECTION ( 'NONE',  ( 0.000000000000000000, 0.000000000000000000, 1.000000000000000000 ) ) ;
#587 = AXIS2_PLACEMENT_3D ( 'NONE', #1352, #1089, #135 ) ;
#588 = ORIENTED_EDGE ( 'NONE', *, *, #564, .F. ) ;
#589 = AXIS2_PLACEMENT_3D ( 'NONE', #480, #598, #1047 ) ;
#590 = CARTESIAN_POINT ( 'NONE',  ( 3.160000000000000586, 6.969999999999998863, 1.255000000000000115 ) ) ;
#591 = CYLINDRICAL_SURFACE ( 'NONE', #56, 0.6500000000000000222 ) ;
#592 = CARTESIAN_POINT ( 'NONE',  ( 3.308886015751854259, 0.4608976450119473545, -0.7832083167820372838 ) ) ;
#593 = VERTEX_POINT ( 'NONE', #625 ) ;
#594 = CARTESIAN_POINT ( 'NONE',  ( 2.012907784358989982, 0.05425532976549742037, -0.5658342106202562949 ) ) ;
#595 = EDGE_LOOP ( 'NONE', ( #540, #1229 ) ) ;
#596 = FACE_OUTER_BOUND ( 'NONE', #622, .T. ) ;
#597 = AXIS2_PLACEMENT_3D ( 'NONE', #1122, #1417, #1510 ) ;
#598 = DIRECTION ( 'NONE',  ( 0.000000000000000000, 0.000000000000000000, 1.000000000000000000 ) ) ;
#599 = ORIENTED_EDGE ( 'NONE', *, *, #1527, .F. ) ;
#600 = DIRECTION ( 'NONE',  ( 1.000000000000000000, 0.000000000000000000, 0.000000000000000000 ) ) ;
#601 = CYLINDRICAL_SURFACE ( 'NONE', #37, 0.2540000000000000591 ) ;
#602 = ORIENTED_EDGE ( 'NONE', *, *, #1258, .F. ) ;
#603 = CARTESIAN_POINT ( 'NONE',  ( 2.769849211321690596, 0.3047921579443197415, -1.118949466622541911 ) ) ;
#604 = CARTESIAN_POINT ( 'NONE',  ( 2.803075608708126332, -0.008571609500104491672, -0.1813186343606868201 ) ) ;
#605 = ORIENTED_EDGE ( 'NONE', *, *, #179, .T. ) ;
#606 = VECTOR ( 'NONE', #761, 1000.000000000000000 ) ;
#607 = CARTESIAN_POINT ( 'NONE',  ( -2.794000000000000039, -2.168404344971008868E-16, 1.905000000000000471 ) ) ;
#608 = EDGE_CURVE ( 'NONE', #141, #1182, #1389, .T. ) ;
#609 = CARTESIAN_POINT ( 'NONE',  ( 3.810000000000000497, 1.904999999999999583, 1.255000000000000115 ) ) ;
#610 = CARTESIAN_POINT ( 'NONE',  ( 3.104464774512154079, 0.2482500256951165329, -0.5076948124116037464 ) ) ;
#611 = AXIS2_PLACEMENT_3D ( 'NONE', #913, #906, #1504 ) ;
#612 = ORIENTED_EDGE ( 'NONE', *, *, #608, .T. ) ;
#613 = ADVANCED_FACE ( 'NONE', ( #346 ), #1356, .T. ) ;
#614 = ORIENTED_EDGE ( 'NONE', *, *, #1531, .F. ) ;
#615 = CARTESIAN_POINT ( 'NONE',  ( 2.540000000000000036, -25.39999999999999858, 0.2540000000000000591 ) ) ;
#616 = CARTESIAN_POINT ( 'NONE',  ( -2.568086326938995523, -0.01005659855331485913, 0.1942804594482110958 ) ) ;
#617 = ORIENTED_EDGE ( 'NONE', *, *, #831, .F. ) ;
#618 = CARTESIAN_POINT ( 'NONE',  ( 2.717130755504430173, 0.2119623704566208910, 0.9868582866498637474 ) ) ;
#619 = CARTESIAN_POINT ( 'NONE',  ( 2.999306975105173745, 0.1551042656843155676, 0.000000000000000000 ) ) ;
#620 = CIRCLE ( 'NONE', #415, 0.2540000000000000591 ) ;
#621 = CARTESIAN_POINT ( 'NONE',  ( 3.022873379779288605, 0.9267443691424351870, -1.657253759701976747 ) ) ;
#622 = EDGE_LOOP ( 'NONE', ( #1100, #190, #1110, #663 ) ) ;
#623 = SPHERICAL_SURFACE ( 'NONE', #1048, 0.6500000000000000222 ) ;
#624 = CARTESIAN_POINT ( 'NONE',  ( -1.923021957438662222, 0.07056298501456315098, -0.6187784752420518730 ) ) ;
#625 = CARTESIAN_POINT ( 'NONE',  ( -2.793999999997754724, 0.03653058492483270137, 0.000000000000000000 ) ) ;
#626 = CARTESIAN_POINT ( 'NONE',  ( -2.869258305293010736, 0.06342174311640180751, 0.000000000000000000 ) ) ;
#627 = VERTEX_POINT ( 'NONE', #1432 ) ;
#628 = FACE_OUTER_BOUND ( 'NONE', #706, .T. ) ;
#629 = CARTESIAN_POINT ( 'NONE',  ( -2.540000000000000036, -25.39999999999999858, 0.000000000000000000 ) ) ;
#630 = CYLINDRICAL_SURFACE ( 'NONE', #785, 0.2540000000000000591 ) ;
#631 = CARTESIAN_POINT ( 'NONE',  ( -2.595497219558272839, 0.02801073910885685039, 0.4804295006908716470 ) ) ;
#632 = ORIENTED_EDGE ( 'NONE', *, *, #268, .T. ) ;
#633 = CARTESIAN_POINT ( 'NONE',  ( -3.471422360359569748, 0.7016331816511592878, 0.9496430381063796222 ) ) ;
#634 = VECTOR ( 'NONE', #1246, 1000.000000000000000 ) ;
#635 = CARTESIAN_POINT ( 'NONE',  ( -2.585475588146067594, -1.278315288481655990E-16, -0.2539999999999869029 ) ) ;
#636 = ORIENTED_EDGE ( 'NONE', *, *, #1523, .F. ) ;
#637 = DIRECTION ( 'NONE',  ( 0.000000000000000000, 0.000000000000000000, -1.000000000000000000 ) ) ;
#638 = CIRCLE ( 'NONE', #1203, 0.6500000000000000222 ) ;
#639 = CARTESIAN_POINT ( 'NONE',  ( -1.036532517917181151, 0.1914772518334433571, -0.9092761304600001093 ) ) ;
#640 = CARTESIAN_POINT ( 'NONE',  ( -2.540000000000000036, 0.000000000000000000, 0.000000000000000000 ) ) ;
#641 =( NAMED_UNIT ( * ) SI_UNIT ( $, .STERADIAN. ) SOLID_ANGLE_UNIT ( ) );
#642 = ORIENTED_EDGE ( 'NONE', *, *, #1479, .T. ) ;
#643 = AXIS2_PLACEMENT_3D ( 'NONE', #1094, #1492, #637 ) ;
#644 = CARTESIAN_POINT ( 'NONE',  ( -2.989098078686493132, 0.1459755759186024404, -0.2190845712681543378 ) ) ;
#645 = ADVANCED_FACE ( 'NONE', ( #307 ), #817, .F. ) ;
#646 = EDGE_LOOP ( 'NONE', ( #1324, #792, #749 ) ) ;
#647 = LINE ( 'NONE', #342, #1193 ) ;
#648 = CARTESIAN_POINT ( 'NONE',  ( -1.442652469857339081, 0.1458044189179584782, -0.8161615040496691398 ) ) ;
#649 = DIRECTION ( 'NONE',  ( 0.000000000000000000, 0.000000000000000000, -1.000000000000000000 ) ) ;
#650 =( NAMED_UNIT ( * ) PLANE_ANGLE_UNIT ( ) SI_UNIT ( $, .RADIAN. ) );
#651 = ORIENTED_EDGE ( 'NONE', *, *, #664, .T. ) ;
#652 = FACE_OUTER_BOUND ( 'NONE', #51, .T. ) ;
#653 = VERTEX_POINT ( 'NONE', #153 ) ;
#654 = CARTESIAN_POINT ( 'NONE',  ( -2.540000000000000036, 1.904999999999999583, 0.2540000000000000591 ) ) ;
#655 = CARTESIAN_POINT ( 'NONE',  ( 2.540000000000000036, 0.000000000000000000, -0.2540000000000000591 ) ) ;
#656 = EDGE_CURVE ( 'NONE', #1209, #1166, #316, .T. ) ;
#657 = ORIENTED_EDGE ( 'NONE', *, *, #86, .T. ) ;
#658 = CARTESIAN_POINT ( 'NONE',  ( 3.471422360359577741, 0.7016331816511706121, 0.9496430381063796222 ) ) ;
#659 = CIRCLE ( 'NONE', #1556, 0.2540000000000000591 ) ;
#660 = ADVANCED_FACE ( 'NONE', ( #365 ), #870, .T. ) ;
#661 = CARTESIAN_POINT ( 'NONE',  ( -3.810000000000010711, 1.905000000000001581, -1.255000000000000115 ) ) ;
#662 = DIRECTION ( 'NONE',  ( -1.000000000000000000, 4.268512490100416826E-16, 0.000000000000000000 ) ) ;
#663 = ORIENTED_EDGE ( 'NONE', *, *, #1406, .T. ) ;
#664 = EDGE_CURVE ( 'NONE', #1040, #187, #370, .T. ) ;
#665 = CARTESIAN_POINT ( 'NONE',  ( 3.160000000000000586, 6.969999999999998863, -1.255000000000000115 ) ) ;
#666 = ORIENTED_EDGE ( 'NONE', *, *, #890, .T. ) ;
#667 = ORIENTED_EDGE ( 'NONE', *, *, #417, .F. ) ;
#668 = CARTESIAN_POINT ( 'NONE',  ( 2.133406288901146919, 0.03109893544053774633, 0.4671403206929626850 ) ) ;
#669 = CARTESIAN_POINT ( 'NONE',  ( -3.197920000000000318, 0.08099029722283779265, 1.235940073172772991 ) ) ;
#670 = AXIS2_PLACEMENT_3D ( 'NONE', #203, #1077, #382 ) ;
#671 = CARTESIAN_POINT ( 'NONE',  ( 3.001798722387871710, 0.1572193697746645524, -0.01259477831385089064 ) ) ;
#672 = CIRCLE ( 'NONE', #1497, 0.6500000000000000222 ) ;
#673 = VERTEX_POINT ( 'NONE', #794 ) ;
#674 = ORIENTED_EDGE ( 'NONE', *, *, #1470, .F. ) ;
#675 = DIRECTION ( 'NONE',  ( 0.000000000000000000, 0.000000000000000000, -1.000000000000000000 ) ) ;
#676 = VECTOR ( 'NONE', #1170, 1000.000000000000000 ) ;
#677 = VERTEX_POINT ( 'NONE', #1488 ) ;
#678 = EDGE_CURVE ( 'NONE', #1166, #517, #887, .T. ) ;
#679 = EDGE_LOOP ( 'NONE', ( #184, #1200, #726, #522 ) ) ;
#680 = CARTESIAN_POINT ( 'NONE',  ( 2.575297757040235780, -6.524317827685718691E-17, -0.2540000000000000036 ) ) ;
#681 = CARTESIAN_POINT ( 'NONE',  ( 2.540000000000000036, -25.39999999999999858, -0.2540000000000000591 ) ) ;
#682 = EDGE_LOOP ( 'NONE', ( #228, #36, #702, #1092, #1297 ) ) ;
#683 = ORIENTED_EDGE ( 'NONE', *, *, #905, .T. ) ;
#684 = AXIS2_PLACEMENT_3D ( 'NONE', #862, #356, #251 ) ;
#685 = CIRCLE ( 'NONE', #1091, 0.6500000000000000222 ) ;
#686 = VERTEX_POINT ( 'NONE', #781 ) ;
#687 = ORIENTED_EDGE ( 'NONE', *, *, #1373, .F. ) ;
#688 = AXIS2_PLACEMENT_3D ( 'NONE', #1571, #1471, #582 ) ;
#689 = CARTESIAN_POINT ( 'NONE',  ( -3.522030909592356096, 0.7596481481717245465, -1.565005472232606110 ) ) ;
#690 = CARTESIAN_POINT ( 'NONE',  ( -3.379248671402786730, 0.5529079541597301528, 0.8582622398193689994 ) ) ;
#691 = VERTEX_POINT ( 'NONE', #1124 ) ;
#692 = CARTESIAN_POINT ( 'NONE',  ( -3.160000000000001030, 1.666391240626152737, 1.905000000000000027 ) ) ;
#693 = VERTEX_POINT ( 'NONE', #497 ) ;
#694 = VECTOR ( 'NONE', #925, 1000.000000000000000 ) ;
#695 = ADVANCED_FACE ( 'NONE', ( #383 ), #994, .T. ) ;
#696 = DIRECTION ( 'NONE',  ( 1.000000000000000000, 4.268512490100416826E-16, 0.000000000000000000 ) ) ;
#697 = VERTEX_POINT ( 'NONE', #1273 ) ;
#698 = VERTEX_POINT ( 'NONE', #35 ) ;
#699 = CARTESIAN_POINT ( 'NONE',  ( -1.923021957438661556, 0.07056298501456272076, 0.6187784752420502077 ) ) ;
#700 = CARTESIAN_POINT ( 'NONE',  ( 3.810000000000000941, -6.524317827685718691E-17, -0.2540000000000000036 ) ) ;
#701 = VERTEX_POINT ( 'NONE', #1003 ) ;
#702 = ORIENTED_EDGE ( 'NONE', *, *, #296, .T. ) ;
#703 = ORIENTED_EDGE ( 'NONE', *, *, #296, .F. ) ;
#704 = VERTEX_POINT ( 'NONE', #1512 ) ;
#705 = ORIENTED_EDGE ( 'NONE', *, *, #509, .T. ) ;
#706 = EDGE_LOOP ( 'NONE', ( #762, #82, #1196 ) ) ;
#707 = LINE ( 'NONE', #681, #711 ) ;
#708 = VERTEX_POINT ( 'NONE', #45 ) ;
#709 = ORIENTED_EDGE ( 'NONE', *, *, #1464, .T. ) ;
#710 = CARTESIAN_POINT ( 'NONE',  ( -2.595444831327032631, -1.320869127516452792E-16, 0.2509610559156030263 ) ) ;
#711 = VECTOR ( 'NONE', #940, 1000.000000000000000 ) ;
#712 = ADVANCED_FACE ( 'NONE', ( #1441 ), #923, .T. ) ;
#713 = ORIENTED_EDGE ( 'NONE', *, *, #1536, .F. ) ;
#714 = ORIENTED_EDGE ( 'NONE', *, *, #86, .F. ) ;
#715 = EDGE_LOOP ( 'NONE', ( #667, #59, #1115, #538 ) ) ;
#716 = ORIENTED_EDGE ( 'NONE', *, *, #731, .F. ) ;
#717 = DIRECTION ( 'NONE',  ( 0.000000000000000000, 0.000000000000000000, 1.000000000000000000 ) ) ;
#718 = ORIENTED_EDGE ( 'NONE', *, *, #411, .F. ) ;
#719 = DIRECTION ( 'NONE',  ( -0.000000000000000000, 1.000000000000000000, 0.000000000000000000 ) ) ;
#720 = CYLINDRICAL_SURFACE ( 'NONE', #1215, 0.6500000000000000222 ) ;
#721 = EDGE_LOOP ( 'NONE', ( #568, #1147, #166, #1276 ) ) ;
#722 = ORIENTED_EDGE ( 'NONE', *, *, #371, .F. ) ;
#723 = CARTESIAN_POINT ( 'NONE',  ( 2.604081343583668939, 0.000000000000000000, -0.2457836068669182750 ) ) ;
#724 = CARTESIAN_POINT ( 'NONE',  ( 3.810000000000000497, 1.904999999999999583, 1.905000000000000027 ) ) ;
#725 = CYLINDRICAL_SURFACE ( 'NONE', #63, 0.6500000000000000222 ) ;
#726 = ORIENTED_EDGE ( 'NONE', *, *, #656, .T. ) ;
#727 = ORIENTED_EDGE ( 'NONE', *, *, #34, .F. ) ;
#728 = CARTESIAN_POINT ( 'NONE',  ( 3.810000000000000941, -6.524317827685718691E-17, 0.2540000000000000036 ) ) ;
#729 = LINE ( 'NONE', #700, #167 ) ;
#730 = ORIENTED_EDGE ( 'NONE', *, *, #1425, .F. ) ;
#731 = EDGE_CURVE ( 'NONE', #1182, #146, #882, .T. ) ;
#732 = VERTEX_POINT ( 'NONE', #537 ) ;
#733 =( NAMED_UNIT ( * ) PLANE_ANGLE_UNIT ( ) SI_UNIT ( $, .RADIAN. ) );
#734 = ORIENTED_EDGE ( 'NONE', *, *, #1431, .F. ) ;
#735 = DIRECTION ( 'NONE',  ( -0.000000000000000000, 1.000000000000000000, -0.000000000000000000 ) ) ;
#736 = ORIENTED_EDGE ( 'NONE', *, *, #71, .F. ) ;
#737 = MANIFOLD_SOLID_BREP ( 'Boss-Extrude5', #507 ) ;
#738 = VERTEX_POINT ( 'NONE', #851 ) ;
#739 = ORIENTED_EDGE ( 'NONE', *, *, #551, .F. ) ;
#740 = DIRECTION ( 'NONE',  ( 0.000000000000000000, -1.000000000000000000, 0.000000000000000000 ) ) ;
#741 = CARTESIAN_POINT ( 'NONE',  ( 3.471422360359569748, 0.7016331816511592878, -0.9496430381063796222 ) ) ;
#742 = EDGE_CURVE ( 'NONE', #1056, #732, #1539, .T. ) ;
#743 = ORIENTED_EDGE ( 'NONE', *, *, #678, .F. ) ;
#744 = DIRECTION ( 'NONE',  ( -1.000000000000000000, -0.000000000000000000, 0.000000000000000000 ) ) ;
#745 = ORIENTED_EDGE ( 'NONE', *, *, #979, .F. ) ;
#746 = ORIENTED_EDGE ( 'NONE', *, *, #999, .T. ) ;
#747 = ORIENTED_EDGE ( 'NONE', *, *, #400, .F. ) ;
#748 = CARTESIAN_POINT ( 'NONE',  ( -2.604081343583668939, 0.000000000000000000, -0.2457836068669182750 ) ) ;
#749 = ORIENTED_EDGE ( 'NONE', *, *, #1258, .T. ) ;
#750 = PRODUCT_DEFINITION_CONTEXT ( 'detailed design', #349, 'design' ) ;
#751 = FACE_OUTER_BOUND ( 'NONE', #533, .T. ) ;
#752 = ORIENTED_EDGE ( 'NONE', *, *, #1199, .T. ) ;
#753 = ORIENTED_EDGE ( 'NONE', *, *, #441, .F. ) ;
#754 = CARTESIAN_POINT ( 'NONE',  ( 3.160000000000000586, 6.969999999999998863, -1.255000000000000115 ) ) ;
#755 = CARTESIAN_POINT ( 'NONE',  ( 3.192023751578338508, 0.3338286922268002277, -0.6533775180816874251 ) ) ;
#756 = ORIENTED_EDGE ( 'NONE', *, *, #1186, .F. ) ;
#757 = DIRECTION ( 'NONE',  ( 0.000000000000000000, -0.000000000000000000, -1.000000000000000000 ) ) ;
#758 = DIRECTION ( 'NONE',  ( -4.268512490100416826E-16, 1.000000000000000000, 0.000000000000000000 ) ) ;
#759 = EDGE_CURVE ( 'NONE', #1271, #24, #1088, .T. ) ;
#760 = VECTOR ( 'NONE', #1090, 1000.000000000000000 ) ;
#761 = DIRECTION ( 'NONE',  ( 0.000000000000000000, 1.000000000000000000, 0.000000000000000000 ) ) ;
#762 = ORIENTED_EDGE ( 'NONE', *, *, #343, .F. ) ;
#763 = ADVANCED_FACE ( 'NONE', ( #488 ), #1118, .T. ) ;
#764 = AXIS2_PLACEMENT_3D ( 'NONE', #1083, #119, #717 ) ;
#765 = FACE_OUTER_BOUND ( 'NONE', #547, .T. ) ;
#766 = DIRECTION ( 'NONE',  ( -1.000000000000000000, 0.000000000000000000, -0.000000000000000000 ) ) ;
#767 = CARTESIAN_POINT ( 'NONE',  ( 2.595497219558272839, 0.02801073910885685039, -0.4804295006908716470 ) ) ;
#768 = LINE ( 'NONE', #286, #253 ) ;
#769 = DIRECTION ( 'NONE',  ( 0.000000000000000000, 1.000000000000000000, 0.000000000000000000 ) ) ;
#770 = CARTESIAN_POINT ( 'NONE',  ( 3.663145231673815783, 1.070419127512602930, -1.128094759970357019 ) ) ;
#771 = CYLINDRICAL_SURFACE ( 'NONE', #688, 0.6500000000000000222 ) ;
#772 = CARTESIAN_POINT ( 'NONE',  ( 3.197920000000000762, 1.905000000000000027, -1.905000000000000027 ) ) ;
#773 = CIRCLE ( 'NONE', #75, 0.2540000000000000591 ) ;
#774 = VECTOR ( 'NONE', #493, 1000.000000000000000 ) ;
#775 = CARTESIAN_POINT ( 'NONE',  ( 2.917360218983218623, 0.6224912619619050735, 1.447511259827971797 ) ) ;
#776 = FACE_OUTER_BOUND ( 'NONE', #127, .T. ) ;
#777 = ORIENTED_EDGE ( 'NONE', *, *, #963, .F. ) ;
#778 = DIRECTION ( 'NONE',  ( -0.000000000000000000, -1.000000000000000000, -0.000000000000000000 ) ) ;
#779 = EDGE_CURVE ( 'NONE', #1045, #1209, #27, .T. ) ;
#780 = LINE ( 'NONE', #992, #243 ) ;
#781 = CARTESIAN_POINT ( 'NONE',  ( -3.810000000000000497, 1.904999999999999583, 1.255000000000000115 ) ) ;
#782 = CARTESIAN_POINT ( 'NONE',  ( 0.000000000000000000, 6.969999999999998863, -1.255000000000000115 ) ) ;
#783 = ORIENTED_EDGE ( 'NONE', *, *, #23, .F. ) ;
#784 = ORIENTED_EDGE ( 'NONE', *, *, #208, .T. ) ;
#785 = AXIS2_PLACEMENT_3D ( 'NONE', #1217, #1064, #1482 ) ;
#786 = DIRECTION ( 'NONE',  ( 0.000000000000000000, 1.000000000000000000, 0.000000000000000000 ) ) ;
#787 = FACE_OUTER_BOUND ( 'NONE', #1198, .T. ) ;
#788 = AXIS2_PLACEMENT_3D ( 'NONE', #447, #829, #927 ) ;
#789 = CARTESIAN_POINT ( 'NONE',  ( -3.022297252672580203, 0.1746714161705499035, 0.3393547894631371298 ) ) ;
#790 = CARTESIAN_POINT ( 'NONE',  ( -3.661162196380557621, 1.083943090984647917, 1.125994363082523764 ) ) ;
#791 = CARTESIAN_POINT ( 'NONE',  ( -3.053336227209051845, 1.036620681845327852, -1.714072797414271987 ) ) ;
#792 = ORIENTED_EDGE ( 'NONE', *, *, #489, .T. ) ;
#793 = CYLINDRICAL_SURFACE ( 'NONE', #1020, 0.6500000000000000222 ) ;
#794 = CARTESIAN_POINT ( 'NONE',  ( 2.286000000000000920, -6.524317827685718691E-17, -0.2540000000000000036 ) ) ;
#795 = SURFACE_SIDE_STYLE ('',( #1422 ) ) ;
#796 = ORIENTED_EDGE ( 'NONE', *, *, #1552, .F. ) ;
#797 = CARTESIAN_POINT ( 'NONE',  ( -3.160000000000000586, 6.969999999999998863, 1.255000000000000115 ) ) ;
#798 = ORIENTED_EDGE ( 'NONE', *, *, #944, .T. ) ;
#799 = CARTESIAN_POINT ( 'NONE',  ( -2.820568282148236516, 0.003160773972163150730, -0.05909163189465981014 ) ) ;
#800 = CARTESIAN_POINT ( 'NONE',  ( 2.540000000000000036, 0.000000000000000000, 0.000000000000000000 ) ) ;
#801 = CIRCLE ( 'NONE', #1132, 0.6500000000000000222 ) ;
#802 = LINE ( 'NONE', #1106, #1322 ) ;
#803 = CARTESIAN_POINT ( 'NONE',  ( -2.621178739686473858, 0.06410327167619173094, -0.6133273239613546979 ) ) ;
#804 = CARTESIAN_POINT ( 'NONE',  ( -0.8312693363235480470, 0.2088722038930923841, -0.9401335633338174791 ) ) ;
#805 = CARTESIAN_POINT ( 'NONE',  ( 3.262619405998759436, 0.4101888866723827909, -0.7392261642735424854 ) ) ;
#806 = AXIS2_PLACEMENT_3D ( 'NONE', #590, #1208, #18 ) ;
#807 = CIRCLE ( 'NONE', #879, 0.2540000000000000591 ) ;
#808 = CARTESIAN_POINT ( 'NONE',  ( 2.540000000000000036, 2.623420489685531987, 0.000000000000000000 ) ) ;
#809 = DIRECTION ( 'NONE',  ( -1.000000000000000000, 0.000000000000000000, 0.000000000000000000 ) ) ;
#810 =( BOUNDED_SURFACE ( )  B_SPLINE_SURFACE ( 3, 1, ( 
 ( #131, #772 ),
 ( #1382, #1473 ),
 ( #394, #283 ),
 ( #386, #145 ) ),
 .UNSPECIFIED., .F., .F., .F. ) 
 B_SPLINE_SURFACE_WITH_KNOTS ( ( 4, 4 ),
 ( 2, 2 ),
 ( 0.000000000000000000, 1.000000000000000000 ),
 ( 0.000000000000000000, 1.000000000000000000 ),
 .UNSPECIFIED. ) 
 GEOMETRIC_REPRESENTATION_ITEM ( )  RATIONAL_B_SPLINE_SURFACE ( (
 ( 1.000000000000000000, 1.000000000000000000),
 ( 0.8225471460278429570, 0.8225471460278429570),
 ( 0.8225471460278429570, 0.8225471460278429570),
 ( 1.000000000000000000, 1.000000000000000000) ) ) 
 REPRESENTATION_ITEM ( '' )  SURFACE ( )  );
#811 = FACE_OUTER_BOUND ( 'NONE', #721, .T. ) ;
#812 = DIRECTION ( 'NONE',  ( 1.000000000000000000, 0.000000000000000000, -0.000000000000000000 ) ) ;
#813 = CARTESIAN_POINT ( 'NONE',  ( 3.523989093355710978, 0.7906674268200303279, 1.000019936532170917 ) ) ;
#814 = VECTOR ( 'NONE', #769, 1000.000000000000000 ) ;
#815 = CARTESIAN_POINT ( 'NONE',  ( -3.142733789973498393, 0.2540008726650451187, -1.058353730001615700 ) ) ;
#816 = VECTOR ( 'NONE', #527, 1000.000000000000000 ) ;
#817 = PLANE ( 'NONE',  #611 ) ;
#818 = FILL_AREA_STYLE_COLOUR ( '', #1461 ) ;
#819 = ADVANCED_FACE ( 'NONE', ( #545 ), #76, .T. ) ;
#820 = VECTOR ( 'NONE', #1495, 1000.000000000000000 ) ;
#821 = DIRECTION ( 'NONE',  ( 0.000000000000000000, 1.000000000000000000, 0.000000000000000000 ) ) ;
#822 = CARTESIAN_POINT ( 'NONE',  ( 2.540000000000000036, -25.39999999999999858, 0.2540000000000000591 ) ) ;
#823 = EDGE_CURVE ( 'NONE', #697, #1035, #876, .T. ) ;
#824 = FACE_OUTER_BOUND ( 'NONE', #679, .T. ) ;
#825 = PRODUCT_DEFINITION_SHAPE ( 'NONE', 'NONE',  #1358 ) ;
#826 = FACE_OUTER_BOUND ( 'NONE', #646, .T. ) ;
#827 = CIRCLE ( 'NONE', #1354, 0.2540000000000000591 ) ;
#828 = CIRCLE ( 'NONE', #1227, 0.2540000000000000591 ) ;
#829 = DIRECTION ( 'NONE',  ( -0.000000000000000000, -1.000000000000000000, -0.000000000000000000 ) ) ;
#830 = FACE_OUTER_BOUND ( 'NONE', #1563, .T. ) ;
#831 = EDGE_CURVE ( 'NONE', #987, #1185, #1233, .T. ) ;
#832 =( LENGTH_UNIT ( ) NAMED_UNIT ( * ) SI_UNIT ( .MILLI., .METRE. ) );
#833 = PLANE ( 'NONE',  #868 ) ;
#834 = CARTESIAN_POINT ( 'NONE',  ( 3.197920000000000318, 0.08099029722283779265, 1.235940073172772991 ) ) ;
#835 = FACE_OUTER_BOUND ( 'NONE', #3, .T. ) ;
#836 = EDGE_CURVE ( 'NONE', #708, #1243, #42, .T. ) ;
#837 = CARTESIAN_POINT ( 'NONE',  ( -3.001798722387871710, 0.1572193697746645524, 0.01259477831385089064 ) ) ;
#838 = CARTESIAN_POINT ( 'NONE',  ( -3.104464774512154079, 0.2482500256951165329, 0.5076948124116037464 ) ) ;
#839 = FACE_OUTER_BOUND ( 'NONE', #504, .T. ) ;
#840 = CARTESIAN_POINT ( 'NONE',  ( 2.769849211321690596, 0.3047921579443197415, 1.118949466622541911 ) ) ;
#841 = FACE_OUTER_BOUND ( 'NONE', #147, .T. ) ;
#842 = EDGE_CURVE ( 'NONE', #172, #698, #549, .T. ) ;
#843 = CARTESIAN_POINT ( 'NONE',  ( -1.036532517917179375, 0.1914772518334424967, 0.9092761304600003314 ) ) ;
#844 = DIRECTION ( 'NONE',  ( 0.000000000000000000, 1.000000000000000000, 0.000000000000000000 ) ) ;
#845 = CIRCLE ( 'NONE', #764, 0.2540000000000000591 ) ;
#846 = CIRCLE ( 'NONE', #469, 0.2540000000000000591 ) ;
#847 = CARTESIAN_POINT ( 'NONE',  ( 3.160000000000007248, 1.905000000000001581, 1.905000000000000027 ) ) ;
#848 = VECTOR ( 'NONE', #309, 1000.000000000000000 ) ;
#849 = AXIS2_PLACEMENT_3D ( 'NONE', #432, #440, #675 ) ;
#850 = VECTOR ( 'NONE', #10, 1000.000000000000000 ) ;
#851 = CARTESIAN_POINT ( 'NONE',  ( -3.160000000000000586, 6.969999999999998863, 1.905000000000000027 ) ) ;
#852 = FACE_OUTER_BOUND ( 'NONE', #221, .T. ) ;
#853 = CARTESIAN_POINT ( 'NONE',  ( -3.810000000000000497, 1.904999999999999583, -1.905000000000000027 ) ) ;
#854 = CARTESIAN_POINT ( 'NONE',  ( 3.618654596352544051, 0.9816296710903158473, -1.088007402965853299 ) ) ;
#855 =( BOUNDED_SURFACE ( )  B_SPLINE_SURFACE ( 3, 2, ( 
 ( #671, #926, #223 ),
 ( #1120, #1024, #1160 ),
 ( #1517, #351, #1325 ),
 ( #1508, #1281, #1415 ),
 ( #322, #1015, #1266 ),
 ( #523, #491, #618 ),
 ( #1310, #177, #892 ),
 ( #658, #420, #775 ),
 ( #813, #511, #1427 ),
 ( #990, #1145, #369 ),
 ( #583, #1214, #1557 ),
 ( #377, #1051, #968 ),
 ( #1197, #102, #1540 ),
 ( #858, #947, #847 ) ),
 .UNSPECIFIED., .F., .F., .F. ) 
 B_SPLINE_SURFACE_WITH_KNOTS ( ( 4, 2, 2, 2, 2, 2, 4 ),
 ( 3, 3 ),
 ( 0.003156246197733385793, 0.003419603835507271233, 0.003682961473281157107, 0.004209676748828928422, 0.004473034386602814730, 0.004736392024376700170, 0.005263107299924471918 ),
 ( 0.000000000000000000, 1.000000000000000000 ),
 .UNSPECIFIED. ) 
 GEOMETRIC_REPRESENTATION_ITEM ( )  RATIONAL_B_SPLINE_SURFACE ( (
 ( 1.000000000000000000, 0.9369842280933082801, 1.000000000000000000),
 ( 1.000000000000000000, 0.9409977637845603482, 1.000000000000000000),
 ( 1.000000000000000000, 0.9408644495382177952, 1.000000000000000000),
 ( 1.000000000000000000, 0.9325035687238697468, 1.000000000000000000),
 ( 1.000000000000000000, 0.9245982669708415758, 1.000000000000000000),
 ( 1.000000000000000000, 0.8933815608823759691, 1.000000000000000000),
 ( 1.000000000000000000, 0.8638950620335347219, 1.000000000000000000),
 ( 1.000000000000000000, 0.8178799084501260364, 1.000000000000000000),
 ( 1.000000000000000000, 0.8022022026446834486, 1.000000000000000000),
 ( 1.000000000000000000, 0.7727256270471787314, 1.000000000000000000),
 ( 1.000000000000000000, 0.7588197819392832333, 1.000000000000000000),
 ( 1.000000000000000000, 0.7224475930106710742, 1.000000000000000000),
 ( 1.000000000000000000, 0.7069248396293362768, 1.000000000000000000),
 ( 1.000000000000000000, 0.7071067811865454633, 1.000000000000000000) ) ) 
 REPRESENTATION_ITEM ( '' )  SURFACE ( )  );
#856 = VECTOR ( 'NONE', #942, 1000.000000000000000 ) ;
#857 = AXIS2_PLACEMENT_3D ( 'NONE', #1491, #396, #1560 ) ;
#858 = CARTESIAN_POINT ( 'NONE',  ( 3.810000000000010711, 1.905000000000001581, 1.255000000000000115 ) ) ;
#859 = CARTESIAN_POINT ( 'NONE',  ( -3.810000000000000497, 1.904999999999999583, -1.255000000000000115 ) ) ;
#860 = ADVANCED_FACE ( 'NONE', ( #554 ), #630, .T. ) ;
#861 = CIRCLE ( 'NONE', #1483, 0.2540000000000000591 ) ;
#862 = CARTESIAN_POINT ( 'NONE',  ( -1.516062500000001867, 1.904999999999999361, 1.905500000000000416 ) ) ;
#863 = FACE_OUTER_BOUND ( 'NONE', #128, .T. ) ;
#864 = EDGE_CURVE ( 'NONE', #494, #691, #620, .T. ) ;
#865 = PLANE ( 'NONE',  #357 ) ;
#866 = CARTESIAN_POINT ( 'NONE',  ( 3.160000000000000586, 1.904999999999999583, 1.255000000000000115 ) ) ;
#867 = CIRCLE ( 'NONE', #479, 0.6500000000000000222 ) ;
#868 = AXIS2_PLACEMENT_3D ( 'NONE', #853, #1012, #1330 ) ;
#869 = CARTESIAN_POINT ( 'NONE',  ( 3.160000000000000586, 6.969999999999998863, -1.255000000000000115 ) ) ;
#870 = CYLINDRICAL_SURFACE ( 'NONE', #1107, 2.293937499999998852 ) ;
#871 = ADVANCED_FACE ( 'NONE', ( #133 ), #1072, .F. ) ;
#872 = DIRECTION ( 'NONE',  ( 0.000000000000000000, -0.000000000000000000, -1.000000000000000000 ) ) ;
#873 = CARTESIAN_POINT ( 'NONE',  ( 3.397362259432827436, 0.5613062992634716419, -1.407673083067502606 ) ) ;
#874 = CARTESIAN_POINT ( 'NONE',  ( 3.160000000000000586, 6.969999999999998863, -1.905000000000000027 ) ) ;
#875 = DIRECTION ( 'NONE',  ( 0.000000000000000000, -1.000000000000000000, 0.000000000000000000 ) ) ;
#876 = B_SPLINE_CURVE_WITH_KNOTS ( 'NONE', 3,
 ( #1328, #1167, #1053, #373, #227, #448, #1204, #544, #692, #378 ),
 .UNSPECIFIED., .F., .F.,
 ( 4, 2, 2, 2, 4 ),
 ( 5.431579125120235020E-20, 0.0007166385844313535912, 0.001433277168862706966, 0.002149915753294060448, 0.002866554337725413931 ),
 .UNSPECIFIED. ) ;
#877 = DIRECTION ( 'NONE',  ( 0.000000000000000000, 0.000000000000000000, 1.000000000000000000 ) ) ;
#878 = CARTESIAN_POINT ( 'NONE',  ( 3.810000000000010711, 1.905000000000001581, -1.255000000000000115 ) ) ;
#879 = AXIS2_PLACEMENT_3D ( 'NONE', #800, #1131, #916 ) ;
#880 = PRESENTATION_STYLE_ASSIGNMENT (( #46 ) ) ;
#881 = DIRECTION ( 'NONE',  ( 0.000000000000000000, -1.000000000000000000, 0.000000000000000000 ) ) ;
#882 = CIRCLE ( 'NONE', #279, 0.6500000000000000222 ) ;
#883 = CARTESIAN_POINT ( 'NONE',  ( 2.237523897211314949, 0.01015018129506636488, -0.3496762383870584689 ) ) ;
#884 = DIRECTION ( 'NONE',  ( 0.000000000000000000, -0.000000000000000000, -1.000000000000000000 ) ) ;
#885 = CARTESIAN_POINT ( 'NONE',  ( 3.047653938665032314, 0.9945490715292516493, -1.704293458065125222 ) ) ;
#886 = DIRECTION ( 'NONE',  ( 0.000000000000000000, 0.000000000000000000, -1.000000000000000000 ) ) ;
#887 = LINE ( 'NONE', #609, #368 ) ;
#888 = DIRECTION ( 'NONE',  ( 1.000000000000000000, 4.268512490100416826E-16, 0.000000000000000000 ) ) ;
#889 = CARTESIAN_POINT ( 'NONE',  ( -2.793999999997754724, 0.03653058492483270137, 0.000000000000000000 ) ) ;
#890 = EDGE_CURVE ( 'NONE', #103, #1264, #118, .T. ) ;
#891 = CARTESIAN_POINT ( 'NONE',  ( -2.706891911879467649, 0.008854846897020691651, -0.1994859367188842048 ) ) ;
#892 = CARTESIAN_POINT ( 'NONE',  ( 2.800879473795451435, 0.3564593457719279490, 1.190865726475179187 ) ) ;
#893 = AXIS2_PLACEMENT_3D ( 'NONE', #416, #1486, #886 ) ;
#894 = CARTESIAN_POINT ( 'NONE',  ( -3.768927238100729493, 1.414590649437834857, 1.220799150415659007 ) ) ;
#895 = PRESENTATION_STYLE_ASSIGNMENT (( #936 ) ) ;
#896 = DIRECTION ( 'NONE',  ( 0.000000000000000000, -1.000000000000000000, 0.000000000000000000 ) ) ;
#897 = EDGE_CURVE ( 'NONE', #1056, #172, #1191, .T. ) ;
#898 = AXIS2_PLACEMENT_3D ( 'NONE', #782, #995, #1114 ) ;
#899 = ADVANCED_FACE ( 'NONE', ( #652 ), #810, .F. ) ;
#900 = CARTESIAN_POINT ( 'NONE',  ( -3.779203674789896716, 1.475254130509291661, -1.229295045111547413 ) ) ;
#901 = DIRECTION ( 'NONE',  ( 0.000000000000000000, -1.000000000000000000, 0.000000000000000000 ) ) ;
#902 = CARTESIAN_POINT ( 'NONE',  ( -2.917360218983199527, 0.6224912619619052956, 1.447511259827972019 ) ) ;
#903 = CARTESIAN_POINT ( 'NONE',  ( -2.595444831327032631, -1.320869127516452792E-16, -0.2509610559156030263 ) ) ;
#904 = CARTESIAN_POINT ( 'NONE',  ( 3.160000000000000586, 1.904999999999999583, -1.255000000000000115 ) ) ;
#905 = EDGE_CURVE ( 'NONE', #1338, #103, #139, .T. ) ;
#906 = DIRECTION ( 'NONE',  ( 0.000000000000000000, -1.000000000000000000, 0.000000000000000000 ) ) ;
#907 = CARTESIAN_POINT ( 'NONE',  ( -3.160000000000000586, 1.904999999999999805, -1.905000000000000471 ) ) ;
#908 =( GEOMETRIC_REPRESENTATION_CONTEXT ( 3 ) GLOBAL_UNCERTAINTY_ASSIGNED_CONTEXT ( ( #412 ) ) GLOBAL_UNIT_ASSIGNED_CONTEXT ( ( #832, #1190, #1559 ) ) REPRESENTATION_CONTEXT ( 'NONE', 'WORKASPACE' ) );
#909 = DIRECTION ( 'NONE',  ( 0.000000000000000000, 0.000000000000000000, 1.000000000000000000 ) ) ;
#910 =( GEOMETRIC_REPRESENTATION_CONTEXT ( 3 ) GLOBAL_UNCERTAINTY_ASSIGNED_CONTEXT ( ( #961 ) ) GLOBAL_UNIT_ASSIGNED_CONTEXT ( ( #1370, #733, #1228 ) ) REPRESENTATION_CONTEXT ( 'NONE', 'WORKASPACE' ) );
#911 = CARTESIAN_POINT ( 'NONE',  ( -2.567646467401056398, -0.01064075931613044958, 0.04991914776799695475 ) ) ;
#912 = CARTESIAN_POINT ( 'NONE',  ( 0.2109735864134281436, 0.2381066636306038431, -0.9905602299533379229 ) ) ;
#913 = CARTESIAN_POINT ( 'NONE',  ( 0.000000000000000000, 1.904999999999999583, 0.000000000000000000 ) ) ;
#914 = CARTESIAN_POINT ( 'NONE',  ( 3.579470288410858902, 0.8842336660839053009, -1.054423155673153367 ) ) ;
#915 = CARTESIAN_POINT ( 'NONE',  ( 2.706891911879467649, 0.008854846897020691651, 0.1994859367188842048 ) ) ;
#916 = DIRECTION ( 'NONE',  ( 0.000000000000000000, 0.000000000000000000, -1.000000000000000000 ) ) ;
#917 = EDGE_CURVE ( 'NONE', #106, #1166, #638, .T. ) ;
#918 = CARTESIAN_POINT ( 'NONE',  ( -3.160000000000007248, 1.905000000000001581, -1.905000000000000027 ) ) ;
#919 = CARTESIAN_POINT ( 'NONE',  ( -3.779203674789896716, 1.475254130509291661, 1.229295045111547413 ) ) ;
#920 = CARTESIAN_POINT ( 'NONE',  ( -3.810000000000000497, 1.904999999999999583, -1.905000000000000027 ) ) ;
#921 = DIRECTION ( 'NONE',  ( 0.000000000000000000, 0.000000000000000000, -1.000000000000000000 ) ) ;
#922 = AXIS2_PLACEMENT_3D ( 'NONE', #924, #1022, #1156 ) ;
#923 = CYLINDRICAL_SURFACE ( 'NONE', #1029, 0.6500000000000000222 ) ;
#924 = CARTESIAN_POINT ( 'NONE',  ( -2.540000000000000036, -25.39999999999999858, 0.000000000000000000 ) ) ;
#925 = DIRECTION ( 'NONE',  ( -0.000000000000000000, -1.000000000000000000, -0.000000000000000000 ) ) ;
#926 = CARTESIAN_POINT ( 'NONE',  ( 2.820568282148236516, 0.003160773972163150730, -0.05909163189465981014 ) ) ;
#927 = DIRECTION ( 'NONE',  ( 0.000000000000000000, 0.000000000000000000, 1.000000000000000000 ) ) ;
#928 = AXIS2_PLACEMENT_3D ( 'NONE', #1274, #339, #921 ) ;
#929 = CARTESIAN_POINT ( 'NONE',  ( -2.540000000000000036, 1.904999999999999583, 0.000000000000000000 ) ) ;
#930 = CARTESIAN_POINT ( 'NONE',  ( -2.999306975105173745, 0.1551042656843155676, 0.000000000000000000 ) ) ;
#931 = DIRECTION ( 'NONE',  ( -1.000000000000000000, 0.000000000000000000, 0.000000000000000000 ) ) ;
#932 = CARTESIAN_POINT ( 'NONE',  ( -3.661162196380557621, 1.083943090984647917, -1.125994363082523764 ) ) ;
#933 = DIRECTION ( 'NONE',  ( 4.268512490100416826E-16, 1.000000000000000000, 0.000000000000000000 ) ) ;
#934 = ADVANCED_FACE ( 'NONE', ( #91 ), #623, .T. ) ;
#935 = AXIS2_PLACEMENT_3D ( 'NONE', #607, #758, #888 ) ;
#936 = SURFACE_STYLE_USAGE ( .BOTH. , #462 ) ;
#937 = DIRECTION ( 'NONE',  ( 1.000000000000000000, 0.000000000000000000, 0.000000000000000000 ) ) ;
#938 = B_SPLINE_CURVE_WITH_KNOTS ( 'NONE', 3,
 ( #1529, #123, #1049, #945, #1364, #579, #1066, #1554, #276, #1387, #387, #619 ),
 .UNSPECIFIED., .F., .F.,
 ( 4, 2, 2, 2, 2, 4 ),
 ( 0.000000000000000000, 0.0006521344281232922032, 0.001304268856246584406, 0.001956403284369876826, 0.002282470498431522603, 0.002608537712493168379 ),
 .UNSPECIFIED. ) ;
#939 = CARTESIAN_POINT ( 'NONE',  ( -0.8312693363235461597, 0.2088722038930924396, 0.9401335633338174791 ) ) ;
#940 = DIRECTION ( 'NONE',  ( 0.000000000000000000, 1.000000000000000000, 0.000000000000000000 ) ) ;
#941 = PLANE ( 'NONE',  #384 ) ;
#942 = DIRECTION ( 'NONE',  ( 1.000000000000000000, 0.000000000000000000, 0.000000000000000000 ) ) ;
#943 = APPLICATION_PROTOCOL_DEFINITION ( 'draft international standard', 'automotive_design', 1998, #349 ) ;
#944 = EDGE_CURVE ( 'NONE', #1546, #593, #1392, .T. ) ;
#945 = CARTESIAN_POINT ( 'NONE',  ( 3.663145231673815783, 1.070419127512602930, 1.128094759970357019 ) ) ;
#946 = CARTESIAN_POINT ( 'NONE',  ( 3.742574891867422426, 1.264336876032827517, -1.829013599314651906 ) ) ;
#947 = CARTESIAN_POINT ( 'NONE',  ( 3.810000000000010711, 1.905000000000002025, 1.905000000000003801 ) ) ;
#948 = B_SPLINE_CURVE_WITH_KNOTS ( 'NONE', 3,
 ( #953, #1475, #298, #603, #463, #285, #885, #267, #1076, #6 ),
 .UNSPECIFIED., .F., .F.,
 ( 4, 2, 2, 2, 4 ),
 ( 5.431579125120235020E-20, 0.0007166385844313535912, 0.001433277168862706966, 0.002149915753294060448, 0.002866554337725413931 ),
 .UNSPECIFIED. ) ;
#949 = ORIENTED_EDGE ( 'NONE', *, *, #1026, .F. ) ;
#950 = AXIS2_PLACEMENT_3D ( 'NONE', #354, #1534, #363 ) ;
#951 = CARTESIAN_POINT ( 'NONE',  ( -2.540000000000000036, 0.000000000000000000, 0.2540000000000000591 ) ) ;
#952 = CARTESIAN_POINT ( 'NONE',  ( 2.938154103131580097, 0.1032699433798968391, -5.467254853747078313E-17 ) ) ;
#953 = CARTESIAN_POINT ( 'NONE',  ( 2.575297757040235780, -6.524317827685718691E-17, -0.2540000000000000036 ) ) ;
#954 = DIRECTION ( 'NONE',  ( 0.000000000000000000, 0.000000000000000000, 1.000000000000000000 ) ) ;
#955 = EDGE_CURVE ( 'NONE', #98, #5, #1177, .T. ) ;
#956 = ADVANCED_FACE ( 'NONE', ( #84 ), #591, .T. ) ;
#957 = PRODUCT_RELATED_PRODUCT_CATEGORY ( 'part', '', ( #1458 ) ) ;
#958 = PLANE ( 'NONE',  #1289 ) ;
#959 = ORIENTED_EDGE ( 'NONE', *, *, #584, .T. ) ;
#960 = DIRECTION ( 'NONE',  ( 0.000000000000000000, 0.000000000000000000, -1.000000000000000000 ) ) ;
#961 = UNCERTAINTY_MEASURE_WITH_UNIT (LENGTH_MEASURE( 1.000000000000000082E-05 ), #1370, 'distance_accuracy_value', 'NONE');
#962 = CARTESIAN_POINT ( 'NONE',  ( 2.641422049553404428, 0.09032443026147986276, 0.7191639532059848072 ) ) ;
#963 = EDGE_CURVE ( 'NONE', #159, #222, #1553, .T. ) ;
#964 = CARTESIAN_POINT ( 'NONE',  ( -2.286000000000000920, -6.524317827685718691E-17, -0.2540000000000000036 ) ) ;
#965 = CARTESIAN_POINT ( 'NONE',  ( 3.522030909592356096, 0.7596481481717197726, -1.565005472232606110 ) ) ;
#966 = MECHANICAL_DESIGN_GEOMETRIC_PRESENTATION_REPRESENTATION (  '', ( #116 ), #908 ) ;
#967 = CARTESIAN_POINT ( 'NONE',  ( -2.540000000000000036, 1.904999999999999583, 0.000000000000000000 ) ) ;
#968 = CARTESIAN_POINT ( 'NONE',  ( 3.130565418414066770, 1.389140342214161494, 1.855113560394737071 ) ) ;
#969 = AXIS2_PLACEMENT_3D ( 'NONE', #1357, #1188, #1465 ) ;
#970 = DIRECTION ( 'NONE',  ( 1.000000000000000000, 0.000000000000000000, 0.000000000000000000 ) ) ;
#971 = CARTESIAN_POINT ( 'NONE',  ( 3.160000000000000586, 6.969999999999998863, 1.255000000000000115 ) ) ;
#972 = DIRECTION ( 'NONE',  ( 1.000000000000000000, 0.000000000000000000, -0.000000000000000000 ) ) ;
#973 = CARTESIAN_POINT ( 'NONE',  ( 3.810000000000000497, 6.969999999999998863, -1.255000000000000115 ) ) ;
#974 = CARTESIAN_POINT ( 'NONE',  ( 3.581265701530049306, 0.8718387180946794990, -1.636799287656254265 ) ) ;
#975 = PRESENTATION_LAYER_ASSIGNMENT (  '', '', ( #1437 ) ) ;
#976 = DIRECTION ( 'NONE',  ( 0.000000000000000000, 0.000000000000000000, 1.000000000000000000 ) ) ;
#977 = DIRECTION ( 'NONE',  ( 0.000000000000000000, -0.000000000000000000, -1.000000000000000000 ) ) ;
#978 = CARTESIAN_POINT ( 'NONE',  ( -2.658870299958305594, 0.001391535460451013206, -0.2314988871381087332 ) ) ;
#979 = EDGE_CURVE ( 'NONE', #141, #5, #1144, .T. ) ;
#980 = CARTESIAN_POINT ( 'NONE',  ( 2.794000000000000039, -2.168404344971008868E-16, 1.905000000000000471 ) ) ;
#981 = CARTESIAN_POINT ( 'NONE',  ( 3.810000000000000497, 1.904999999999999583, -1.905000000000000027 ) ) ;
#982 = DIRECTION ( 'NONE',  ( 0.000000000000000000, -1.000000000000000000, 0.000000000000000000 ) ) ;
#983 = AXIS2_PLACEMENT_3D ( 'NONE', #449, #1179, #458 ) ;
#984 = CARTESIAN_POINT ( 'NONE',  ( 2.133406288901147363, 0.03109893544053790246, -0.4671403206929639618 ) ) ;
#985 = CARTESIAN_POINT ( 'NONE',  ( -3.810000000000010711, 1.905000000000001581, 1.255000000000000115 ) ) ;
#986 = CARTESIAN_POINT ( 'NONE',  ( 3.810000000000000941, 1.687557421477674957, -1.255000000000000115 ) ) ;
#987 = VERTEX_POINT ( 'NONE', #1127 ) ;
#988 = DIRECTION ( 'NONE',  ( 0.000000000000000000, 0.000000000000000000, 1.000000000000000000 ) ) ;
#989 = CARTESIAN_POINT ( 'NONE',  ( -2.580807067405067823, 0.007610504097675945163, -0.09423762184651436613 ) ) ;
#990 = CARTESIAN_POINT ( 'NONE',  ( 3.618654596352544051, 0.9816296710903158473, 1.088007402965853299 ) ) ;
#991 = CARTESIAN_POINT ( 'NONE',  ( -3.160000012243899370, 1.642644363216151371, 1.905000000000000249 ) ) ;
#992 = CARTESIAN_POINT ( 'NONE',  ( 3.810000000000000941, -6.524317827685718691E-17, -0.2540000000000000036 ) ) ;
#993 = CARTESIAN_POINT ( 'NONE',  ( -0.2090411047079630824, 0.2381432521976590277, -0.9906213657965294850 ) ) ;
#994 = PLANE ( 'NONE',  #1394 ) ;
#995 = DIRECTION ( 'NONE',  ( 1.000000000000000000, 0.000000000000000000, 0.000000000000000000 ) ) ;
#996 = EDGE_CURVE ( 'NONE', #65, #1253, #120, .T. ) ;
#997 = CARTESIAN_POINT ( 'NONE',  ( -3.379248671402786730, 0.5529079541597301528, -0.8582622398193689994 ) ) ;
#998 = ORIENTED_EDGE ( 'NONE', *, *, #1531, .T. ) ;
#999 = EDGE_CURVE ( 'NONE', #1168, #704, #317, .T. ) ;
#1000 = CARTESIAN_POINT ( 'NONE',  ( -3.130565418414066770, 1.389140342214161494, 1.855113560394737071 ) ) ;
#1001 = PLANE ( 'NONE',  #597 ) ;
#1002 = CARTESIAN_POINT ( 'NONE',  ( -2.174645599813388230, 0.02316557525605358533, -0.4331667644925734639 ) ) ;
#1003 = CARTESIAN_POINT ( 'NONE',  ( -2.575297757040235780, -6.524317827685718691E-17, -0.2540000000000000036 ) ) ;
#1004 = CARTESIAN_POINT ( 'NONE',  ( -2.985564890273460392, 0.7960622488175280731, -1.589279397250868087 ) ) ;
#1005 = CARTESIAN_POINT ( 'NONE',  ( -2.174645599813388230, 0.02316557525605357493, 0.4331667644925734084 ) ) ;
#1006 = DIRECTION ( 'NONE',  ( 0.000000000000000000, 0.000000000000000000, 1.000000000000000000 ) ) ;
#1007 = CARTESIAN_POINT ( 'NONE',  ( -3.015617522215373825, 0.1457786777894386765, 0.8644749534811885239 ) ) ;
#1008 = CARTESIAN_POINT ( 'NONE',  ( -2.567646467401056398, -0.01064075931613046519, -0.04991914776799709352 ) ) ;
#1009 = CARTESIAN_POINT ( 'NONE',  ( 0.8310009980091818127, 0.2088759962453156094, -0.9401383377766132643 ) ) ;
#1010 = EDGE_CURVE ( 'NONE', #1035, #738, #1139, .T. ) ;
#1011 = CARTESIAN_POINT ( 'NONE',  ( 2.989098078686493132, 0.1459755759186024404, -0.2190845712681543378 ) ) ;
#1012 = DIRECTION ( 'NONE',  ( -1.000000000000000000, 0.000000000000000000, 0.000000000000000000 ) ) ;
#1013 = DIRECTION ( 'NONE',  ( -0.000000000000000000, -1.000000000000000000, -0.000000000000000000 ) ) ;
#1014 = AXIS2_PLACEMENT_3D ( 'NONE', #1299, #901, #1104 ) ;
#1015 = CARTESIAN_POINT ( 'NONE',  ( 2.876984543331395638, 0.04131814121254446387, 0.5341155710521975353 ) ) ;
#1016 = CARTESIAN_POINT ( 'NONE',  ( -2.595497219558272839, 0.02801073910885685039, -0.4804295006908716470 ) ) ;
#1017 = ORIENTED_EDGE ( 'NONE', *, *, #1542, .F. ) ;
#1018 = DIRECTION ( 'NONE',  ( -1.000000000000000000, 0.000000000000000000, 0.000000000000000000 ) ) ;
#1019 = ADVANCED_FACE ( 'NONE', ( #126 ), #833, .T. ) ;
#1020 = AXIS2_PLACEMENT_3D ( 'NONE', #866, #1195, #954 ) ;
#1021 = EDGE_LOOP ( 'NONE', ( #1221, #1133, #96, #1317, #602, #949 ) ) ;
#1022 = DIRECTION ( 'NONE',  ( 0.000000000000000000, 1.000000000000000000, 0.000000000000000000 ) ) ;
#1023 = DIRECTION ( 'NONE',  ( 1.000000000000000000, 0.000000000000000000, 0.000000000000000000 ) ) ;
#1024 = CARTESIAN_POINT ( 'NONE',  ( 2.802469547871627054, -0.008958221691845184159, 0.06092819372633823810 ) ) ;
#1025 = EDGE_LOOP ( 'NONE', ( #959, #435, #1319 ) ) ;
#1026 = EDGE_CURVE ( 'NONE', #698, #1037, #4, .T. ) ;
#1027 = CARTESIAN_POINT ( 'NONE',  ( -2.876984543331395638, 0.04131814121254446387, -0.5341155710521975353 ) ) ;
#1028 = CARTESIAN_POINT ( 'NONE',  ( 3.810000000000000497, 1.904999999999999583, -1.255000000000000115 ) ) ;
#1029 = AXIS2_PLACEMENT_3D ( 'NONE', #1466, #577, #213 ) ;
#1030 = ORIENTED_EDGE ( 'NONE', *, *, #1278, .T. ) ;
#1031 = CARTESIAN_POINT ( 'NONE',  ( -2.013999954742956788, 0.05405366849959222092, 0.5651336815182801399 ) ) ;
#1032 = CARTESIAN_POINT ( 'NONE',  ( -2.604081343583668939, 0.000000000000000000, 0.2457836068669182750 ) ) ;
#1033 = AXIS2_PLACEMENT_3D ( 'NONE', #1041, #567, #468 ) ;
#1034 = ORIENTED_EDGE ( 'NONE', *, *, #1148, .F. ) ;
#1035 = VERTEX_POINT ( 'NONE', #1515 ) ;
#1036 = CARTESIAN_POINT ( 'NONE',  ( -3.742574891867422426, 1.264336876032827517, -1.829013599314651906 ) ) ;
#1037 = VERTEX_POINT ( 'NONE', #49 ) ;
#1038 = CARTESIAN_POINT ( 'NONE',  ( -3.054029030549792800, 0.2024549370134794135, 0.4199220322198614075 ) ) ;
#1039 =( GEOMETRIC_REPRESENTATION_CONTEXT ( 3 ) GLOBAL_UNCERTAINTY_ASSIGNED_CONTEXT ( ( #1071 ) ) GLOBAL_UNIT_ASSIGNED_CONTEXT ( ( #292, #650, #1520 ) ) REPRESENTATION_CONTEXT ( 'NONE', 'WORKASPACE' ) );
#1040 = VERTEX_POINT ( 'NONE', #1308 ) ;
#1041 = CARTESIAN_POINT ( 'NONE',  ( -3.160000000000000586, 6.969999999999998863, 1.255000000000000115 ) ) ;
#1042 = UNCERTAINTY_MEASURE_WITH_UNIT (LENGTH_MEASURE( 1.000000000000000082E-05 ), #315, 'distance_accuracy_value', 'NONE');
#1043 = CARTESIAN_POINT ( 'NONE',  ( 0.4190245362512618477, 0.2321273045166379612, 0.9808006084147191661 ) ) ;
#1044 = CARTESIAN_POINT ( 'NONE',  ( 2.999306975105173745, 0.1551042656843155676, 0.000000000000000000 ) ) ;
#1045 = VERTEX_POINT ( 'NONE', #331 ) ;
#1046 = B_SPLINE_CURVE_WITH_KNOTS ( 'NONE', 3,
 ( #539, #710, #50, #1157 ),
 .UNSPECIFIED., .F., .F.,
 ( 4, 4 ),
 ( 0.0002685994626883704810, 0.0002984849472793815197 ),
 .UNSPECIFIED. ) ;
#1047 = DIRECTION ( 'NONE',  ( -1.000000000000000000, 0.000000000000000000, 0.000000000000000000 ) ) ;
#1048 = AXIS2_PLACEMENT_3D ( 'NONE', #797, #875, #305 ) ;
#1049 = CARTESIAN_POINT ( 'NONE',  ( 3.779203674789896716, 1.475254130509291661, 1.229295045111547413 ) ) ;
#1050 = CARTESIAN_POINT ( 'NONE',  ( 3.768927238100729493, 1.414590649437834857, -1.220799150415659007 ) ) ;
#1051 = CARTESIAN_POINT ( 'NONE',  ( 3.742574891867422426, 1.264336876032827517, 1.829013599314651906 ) ) ;
#1052 = CARTESIAN_POINT ( 'NONE',  ( -2.540000000000000036, 0.000000000000000000, -0.2540000000000000591 ) ) ;
#1053 = CARTESIAN_POINT ( 'NONE',  ( -2.641422049553404428, 0.09032443026147986276, 0.7191639532059848072 ) ) ;
#1054 = EDGE_CURVE ( 'NONE', #517, #1045, #1172, .T. ) ;
#1055 = DIRECTION ( 'NONE',  ( 1.000000000000000000, 0.000000000000000000, 0.000000000000000000 ) ) ;
#1056 = VERTEX_POINT ( 'NONE', #654 ) ;
#1057 = CARTESIAN_POINT ( 'NONE',  ( 0.000000000000000000, 1.904999999999999583, 0.000000000000000000 ) ) ;
#1058 = DIRECTION ( 'NONE',  ( -0.000000000000000000, -1.000000000000000000, -0.000000000000000000 ) ) ;
#1059 = ORIENTED_EDGE ( 'NONE', *, *, #23, .T. ) ;
#1060 = AXIS2_PLACEMENT_3D ( 'NONE', #129, #474, #586 ) ;
#1061 = DIRECTION ( 'NONE',  ( -0.000000000000000000, 1.000000000000000000, 0.000000000000000000 ) ) ;
#1062 = ORIENTED_EDGE ( 'NONE', *, *, #352, .F. ) ;
#1063 = ADVANCED_FACE ( 'NONE', ( #122 ), #601, .F. ) ;
#1064 = DIRECTION ( 'NONE',  ( 0.000000000000000000, 1.000000000000000000, 0.000000000000000000 ) ) ;
#1065 = ORIENTED_EDGE ( 'NONE', *, *, #1457, .F. ) ;
#1066 = CARTESIAN_POINT ( 'NONE',  ( 3.262619405998759436, 0.4101888866723827909, 0.7392261642735424854 ) ) ;
#1067 = CARTESIAN_POINT ( 'NONE',  ( 3.053336227209051845, 1.036620681845327852, -1.714072797414271987 ) ) ;
#1068 = ORIENTED_EDGE ( 'NONE', *, *, #1513, .T. ) ;
#1069 = SURFACE_STYLE_USAGE ( .BOTH. , #1564 ) ;
#1070 = ORIENTED_EDGE ( 'NONE', *, *, #1248, .T. ) ;
#1071 = UNCERTAINTY_MEASURE_WITH_UNIT (LENGTH_MEASURE( 1.000000000000000082E-05 ), #292, 'distance_accuracy_value', 'NONE');
#1072 = PLANE ( 'NONE',  #1371 ) ;
#1073 = EDGE_LOOP ( 'NONE', ( #152, #192, #32, #1237 ) ) ;
#1074 = EDGE_CURVE ( 'NONE', #1304, #1168, #659, .T. ) ;
#1075 = VECTOR ( 'NONE', #600, 1000.000000000000000 ) ;
#1076 = CARTESIAN_POINT ( 'NONE',  ( 3.160000000000001030, 1.666391240626152737, -1.905000000000000027 ) ) ;
#1077 = DIRECTION ( 'NONE',  ( 0.000000000000000000, -1.000000000000000000, 0.000000000000000000 ) ) ;
#1078 = ORIENTED_EDGE ( 'NONE', *, *, #1373, .T. ) ;
#1079 = CARTESIAN_POINT ( 'NONE',  ( 2.540000000000000036, 1.904999999999999583, 0.000000000000000000 ) ) ;
#1080 = DIRECTION ( 'NONE',  ( 0.000000000000000000, -1.000000000000000000, -0.000000000000000000 ) ) ;
#1081 = EDGE_LOOP ( 'NONE', ( #746, #271, #1334, #998, #117, #245 ) ) ;
#1082 = EDGE_CURVE ( 'NONE', #691, #1247, #647, .T. ) ;
#1083 = CARTESIAN_POINT ( 'NONE',  ( 2.540000000000000036, -25.39999999999999858, 0.000000000000000000 ) ) ;
#1084 = ORIENTED_EDGE ( 'NONE', *, *, #584, .F. ) ;
#1085 = CARTESIAN_POINT ( 'NONE',  ( 3.810000000000000497, 6.969999999999998863, -1.905000000000000027 ) ) ;
#1086 = ORIENTED_EDGE ( 'NONE', *, *, #489, .F. ) ;
#1087 = DIRECTION ( 'NONE',  ( 4.268512490100416826E-16, 1.000000000000000000, -0.000000000000000000 ) ) ;
#1088 = B_SPLINE_CURVE_WITH_KNOTS ( 'NONE', 3,
 ( #348, #952, #1346, #108 ),
 .UNSPECIFIED., .F., .F.,
 ( 4, 4 ),
 ( 2.710505431213761085E-20, 0.0002371300423900851500 ),
 .UNSPECIFIED. ) ;
#1089 = DIRECTION ( 'NONE',  ( -0.000000000000000000, 1.000000000000000000, -0.000000000000000000 ) ) ;
#1090 = DIRECTION ( 'NONE',  ( -0.000000000000000000, 1.000000000000000000, 0.000000000000000000 ) ) ;
#1091 = AXIS2_PLACEMENT_3D ( 'NONE', #1295, #1424, #561 ) ;
#1092 = ORIENTED_EDGE ( 'NONE', *, *, #664, .F. ) ;
#1093 = ADVANCED_FACE ( 'NONE', ( #144 ), #1126, .T. ) ;
#1094 = CARTESIAN_POINT ( 'NONE',  ( 3.160000000000000586, 1.904999999999999583, 1.255000000000000115 ) ) ;
#1095 = CARTESIAN_POINT ( 'NONE',  ( 2.286000000000000920, -6.524317827685718691E-17, -0.2540000000000000036 ) ) ;
#1096 = CARTESIAN_POINT ( 'NONE',  ( -3.160000000000007248, 1.905000000000001581, 1.905000000000000027 ) ) ;
#1097 = CARTESIAN_POINT ( 'NONE',  ( -2.604081343583668939, 0.000000000000000000, -0.2457836068669182750 ) ) ;
#1098 = CARTESIAN_POINT ( 'NONE',  ( 2.775271135550730239, 0.02571469351461996150, -0.1108830103129606059 ) ) ;
#1099 =( BOUNDED_SURFACE ( )  B_SPLINE_SURFACE ( 3, 2, ( 
 ( #837, #1418, #44 ),
 ( #1511, #325, #1008 ),
 ( #423, #353, #240 ),
 ( #74, #1300, #1016 ),
 ( #514, #1027, #803 ),
 ( #1543, #535, #362 ),
 ( #1134, #815, #193 ),
 ( #1428, #1314, #453 ),
 ( #1518, #446, #541 ),
 ( #1163, #689, #555 ),
 ( #932, #53, #791 ),
 ( #439, #1036, #336 ),
 ( #1286, #431, #525 ),
 ( #661, #1438, #918 ) ),
 .UNSPECIFIED., .F., .F., .F. ) 
 B_SPLINE_SURFACE_WITH_KNOTS ( ( 4, 2, 2, 2, 2, 2, 4 ),
 ( 3, 3 ),
 ( 0.003156246197733385793, 0.003419603835507271233, 0.003682961473281157107, 0.004209676748828928422, 0.004473034386602814730, 0.004736392024376700170, 0.005263107299924471918 ),
 ( 0.000000000000000000, 1.000000000000000000 ),
 .UNSPECIFIED. ) 
 GEOMETRIC_REPRESENTATION_ITEM ( )  RATIONAL_B_SPLINE_SURFACE ( (
 ( 1.000000000000000000, 0.9369842280933082801, 1.000000000000000000),
 ( 1.000000000000000000, 0.9409977637845603482, 1.000000000000000000),
 ( 1.000000000000000000, 0.9408644495382177952, 1.000000000000000000),
 ( 1.000000000000000000, 0.9325035687238697468, 1.000000000000000000),
 ( 1.000000000000000000, 0.9245982669708415758, 1.000000000000000000),
 ( 1.000000000000000000, 0.8933815608823759691, 1.000000000000000000),
 ( 1.000000000000000000, 0.8638950620335347219, 1.000000000000000000),
 ( 1.000000000000000000, 0.8178799084501260364, 1.000000000000000000),
 ( 1.000000000000000000, 0.8022022026446834486, 1.000000000000000000),
 ( 1.000000000000000000, 0.7727256270471787314, 1.000000000000000000),
 ( 1.000000000000000000, 0.7588197819392832333, 1.000000000000000000),
 ( 1.000000000000000000, 0.7224475930106710742, 1.000000000000000000),
 ( 1.000000000000000000, 0.7069248396293362768, 1.000000000000000000),
 ( 1.000000000000000000, 0.7071067811865454633, 1.000000000000000000) ) ) 
 REPRESENTATION_ITEM ( '' )  SURFACE ( )  );
#1100 = ORIENTED_EDGE ( 'NONE', *, *, #996, .T. ) ;
#1101 = CARTESIAN_POINT ( 'NONE',  ( -3.810000000000000497, 1.904999999999999583, -1.255000000000000115 ) ) ;
#1102 = EDGE_CURVE ( 'NONE', #517, #1271, #938, .T. ) ;
#1103 = ORIENTED_EDGE ( 'NONE', *, *, #154, .T. ) ;
#1104 = DIRECTION ( 'NONE',  ( 0.000000000000000000, 0.000000000000000000, -1.000000000000000000 ) ) ;
#1105 = CARTESIAN_POINT ( 'NONE',  ( -3.810000028527873450, 1.569597507462751729, 1.905000032735810311 ) ) ;
#1106 = CARTESIAN_POINT ( 'NONE',  ( 3.160000000000000586, 7.619999999999998330, -1.905000000000000027 ) ) ;
#1107 = AXIS2_PLACEMENT_3D ( 'NONE', #485, #1137, #1290 ) ;
#1108 = ORIENTED_EDGE ( 'NONE', *, *, #12, .T. ) ;
#1109 = CARTESIAN_POINT ( 'NONE',  ( 2.170908274248408265, 0.02365768484026581353, -0.4312071620765396962 ) ) ;
#1110 = ORIENTED_EDGE ( 'NONE', *, *, #955, .T. ) ;
#1111 = ADVANCED_FACE ( 'NONE', ( #1129 ), #1152, .T. ) ;
#1112 = AXIS2_PLACEMENT_3D ( 'NONE', #1519, #1080, #1400 ) ;
#1113 = CARTESIAN_POINT ( 'NONE',  ( 0.000000000000000000, 1.904999999999999583, 0.000000000000000000 ) ) ;
#1114 = DIRECTION ( 'NONE',  ( 0.000000000000000000, 0.000000000000000000, -1.000000000000000000 ) ) ;
#1115 = ORIENTED_EDGE ( 'NONE', *, *, #1199, .F. ) ;
#1116 = DIRECTION ( 'NONE',  ( 0.000000000000000000, 0.000000000000000000, 1.000000000000000000 ) ) ;
#1117 = ORIENTED_EDGE ( 'NONE', *, *, #955, .F. ) ;
#1118 = SPHERICAL_SURFACE ( 'NONE', #430, 0.6500000000000000222 ) ;
#1119 = CARTESIAN_POINT ( 'NONE',  ( 3.810000000000000497, 7.619999999999998330, 1.255000000000000115 ) ) ;
#1120 = CARTESIAN_POINT ( 'NONE',  ( 2.983431617072495712, 0.1416060409646592022, 0.07578229597735684775 ) ) ;
#1121 = CARTESIAN_POINT ( 'NONE',  ( -3.523989093355710978, 0.7906674268200303279, 1.000019936532170917 ) ) ;
#1122 = CARTESIAN_POINT ( 'NONE',  ( -2.794000000000000039, -2.168404344971008868E-16, -1.905000000000000471 ) ) ;
#1123 = ORIENTED_EDGE ( 'NONE', *, *, #608, .F. ) ;
#1124 = CARTESIAN_POINT ( 'NONE',  ( -2.540000000000000036, -25.39999999999999858, 0.2540000000000000591 ) ) ;
#1125 =( NAMED_UNIT ( * ) PLANE_ANGLE_UNIT ( ) SI_UNIT ( $, .RADIAN. ) );
#1126 = CYLINDRICAL_SURFACE ( 'NONE', #922, 0.2540000000000000591 ) ;
#1127 = CARTESIAN_POINT ( 'NONE',  ( 2.575297757040235780, -6.524317827685718691E-17, 0.2540000000000000036 ) ) ;
#1128 = ORIENTED_EDGE ( 'NONE', *, *, #1102, .T. ) ;
#1129 = FACE_OUTER_BOUND ( 'NONE', #170, .T. ) ;
#1130 = CARTESIAN_POINT ( 'NONE',  ( -2.840950599519237230, 0.01682969317615149243, 0.4207231654235026319 ) ) ;
#1131 = DIRECTION ( 'NONE',  ( -0.000000000000000000, -1.000000000000000000, -0.000000000000000000 ) ) ;
#1132 = AXIS2_PLACEMENT_3D ( 'NONE', #390, #1222, #1502 ) ;
#1133 = ORIENTED_EDGE ( 'NONE', *, *, #275, .F. ) ;
#1134 = CARTESIAN_POINT ( 'NONE',  ( -3.308886015751839160, 0.4608976450119248724, -0.7832083167820372838 ) ) ;
#1135 = DIRECTION ( 'NONE',  ( 0.000000000000000000, 0.000000000000000000, 1.000000000000000000 ) ) ;
#1136 = ORIENTED_EDGE ( 'NONE', *, *, #389, .T. ) ;
#1137 = DIRECTION ( 'NONE',  ( 0.000000000000000000, 0.000000000000000000, -1.000000000000000000 ) ) ;
#1138 = CARTESIAN_POINT ( 'NONE',  ( -2.999306975105173745, 0.1551042656843155676, 0.000000000000000000 ) ) ;
#1139 = LINE ( 'NONE', #1141, #1183 ) ;
#1140 = ADVANCED_FACE ( 'NONE', ( #596 ), #865, .T. ) ;
#1141 = CARTESIAN_POINT ( 'NONE',  ( -3.160000000000000586, 1.904999999999999583, 1.905000000000000027 ) ) ;
#1142 = CARTESIAN_POINT ( 'NONE',  ( 2.775271135550730239, 0.02571469351461996150, 0.1108830103129606059 ) ) ;
#1143 = ORIENTED_EDGE ( 'NONE', *, *, #1443, .F. ) ;
#1144 = CIRCLE ( 'NONE', #983, 0.6500000000000000222 ) ;
#1145 = CARTESIAN_POINT ( 'NONE',  ( 3.522030909592356096, 0.7596481481717245465, 1.565005472232606110 ) ) ;
#1146 = ORIENTED_EDGE ( 'NONE', *, *, #360, .F. ) ;
#1147 = ORIENTED_EDGE ( 'NONE', *, *, #400, .T. ) ;
#1148 = EDGE_CURVE ( 'NONE', #1243, #708, #110, .T. ) ;
#1149 =( BOUNDED_SURFACE ( )  B_SPLINE_SURFACE ( 3, 1, ( 
 ( #79, #1445 ),
 ( #669, #834 ),
 ( #438, #450 ),
 ( #1309, #1341 ) ),
 .UNSPECIFIED., .F., .F., .F. ) 
 B_SPLINE_SURFACE_WITH_KNOTS ( ( 4, 4 ),
 ( 2, 2 ),
 ( 0.000000000000000000, 1.000000000000000000 ),
 ( 0.000000000000000000, 1.000000000000000000 ),
 .UNSPECIFIED. ) 
 GEOMETRIC_REPRESENTATION_ITEM ( )  RATIONAL_B_SPLINE_SURFACE ( (
 ( 1.000000000000000000, 1.000000000000000000),
 ( 0.8225471460278429570, 0.8225471460278429570),
 ( 0.8225471460278429570, 0.8225471460278429570),
 ( 1.000000000000000000, 1.000000000000000000) ) ) 
 REPRESENTATION_ITEM ( '' )  SURFACE ( )  );
#1150 = EDGE_LOOP ( 'NONE', ( #178, #212, #543, #1226, #1171, #180, #703 ) ) ;
#1151 = CARTESIAN_POINT ( 'NONE',  ( 3.047653938665032314, 0.9945490715292516493, 1.704293458065125222 ) ) ;
#1152 = CYLINDRICAL_SURFACE ( 'NONE', #300, 0.2540000000000000591 ) ;
#1153 = ORIENTED_EDGE ( 'NONE', *, *, #1074, .F. ) ;
#1154 = VECTOR ( 'NONE', #500, 1000.000000000000000 ) ;
#1155 = ADVANCED_BREP_SHAPE_REPRESENTATION ( 'SR301A223JARTR1', ( #737, #1558, #107, #406 ), #1549 ) ;
#1156 = DIRECTION ( 'NONE',  ( 0.000000000000000000, 0.000000000000000000, 1.000000000000000000 ) ) ;
#1157 = CARTESIAN_POINT ( 'NONE',  ( -2.575297757040235780, -6.524317827685718691E-17, 0.2540000000000000036 ) ) ;
#1158 = ORIENTED_EDGE ( 'NONE', *, *, #1523, .T. ) ;
#1159 = AXIS2_PLACEMENT_3D ( 'NONE', #347, #884, #970 ) ;
#1160 = CARTESIAN_POINT ( 'NONE',  ( 2.567646467401056398, -0.01064075931613046519, 0.04991914776799709352 ) ) ;
#1161 = VERTEX_POINT ( 'NONE', #476 ) ;
#1162 = CIRCLE ( 'NONE', #534, 0.2540000000000000591 ) ;
#1163 = CARTESIAN_POINT ( 'NONE',  ( -3.618654596352544051, 0.9816296710903158473, -1.088007402965853299 ) ) ;
#1164 = EDGE_CURVE ( 'NONE', #704, #65, #948, .T. ) ;
#1165 =( BOUNDED_SURFACE ( )  B_SPLINE_SURFACE ( 3, 2, ( 
 ( #989, #799, #403 ),
 ( #911, #490, #1507 ),
 ( #616, #1298, #1265 ),
 ( #631, #1130, #789 ),
 ( #1280, #40, #175 ),
 ( #321, #1007, #1385 ),
 ( #1268, #30, #414 ),
 ( #902, #41, #633 ),
 ( #310, #161, #1121 ),
 ( #1509, #502, #1500 ),
 ( #1283, #1416, #790 ),
 ( #1000, #1407, #894 ),
 ( #991, #1105, #196 ),
 ( #1096, #1302, #985 ) ),
 .UNSPECIFIED., .F., .F., .F. ) 
 B_SPLINE_SURFACE_WITH_KNOTS ( ( 4, 2, 2, 2, 2, 2, 4 ),
 ( 3, 3 ),
 ( 0.003156246197733385793, 0.003419603835507271233, 0.003682961473281157107, 0.004209676748828928422, 0.004473034386602814730, 0.004736392024376700170, 0.005263107299924471918 ),
 ( 0.000000000000000000, 1.000000000000000000 ),
 .UNSPECIFIED. ) 
 GEOMETRIC_REPRESENTATION_ITEM ( )  RATIONAL_B_SPLINE_SURFACE ( (
 ( 1.000000000000000000, 0.9369842280933082801, 1.000000000000000000),
 ( 1.000000000000000000, 0.9409977637845603482, 1.000000000000000000),
 ( 1.000000000000000000, 0.9408644495382177952, 1.000000000000000000),
 ( 1.000000000000000000, 0.9325035687238697468, 1.000000000000000000),
 ( 1.000000000000000000, 0.9245982669708415758, 1.000000000000000000),
 ( 1.000000000000000000, 0.8933815608823759691, 1.000000000000000000),
 ( 1.000000000000000000, 0.8638950620335248409, 1.000000000000000000),
 ( 1.000000000000000000, 0.8178799084501309213, 1.000000000000000000),
 ( 1.000000000000000000, 0.8022022026446834486, 1.000000000000000000),
 ( 1.000000000000000000, 0.7727256270471787314, 1.000000000000000000),
 ( 1.000000000000000000, 0.7588197819392832333, 1.000000000000000000),
 ( 1.000000000000000000, 0.7224475930106710742, 1.000000000000000000),
 ( 1.000000000000000000, 0.7069248396293362768, 1.000000000000000000),
 ( 1.000000000000000000, 0.7071067811865454633, 1.000000000000000000) ) ) 
 REPRESENTATION_ITEM ( '' )  SURFACE ( )  );
#1166 = VERTEX_POINT ( 'NONE', #1462 ) ;
#1167 = CARTESIAN_POINT ( 'NONE',  ( -2.589551206592657806, 0.01961247283988286003, 0.4917849406146265201 ) ) ;
#1168 = VERTEX_POINT ( 'NONE', #723 ) ;
#1169 = CARTESIAN_POINT ( 'NONE',  ( 1.437356240579754196, 0.1464629946004893102, 0.8175622626895860945 ) ) ;
#1170 = DIRECTION ( 'NONE',  ( -0.000000000000000000, -0.000000000000000000, -1.000000000000000000 ) ) ;
#1171 = ORIENTED_EDGE ( 'NONE', *, *, #944, .F. ) ;
#1172 = LINE ( 'NONE', #78, #130 ) ;
#1173 = ADVANCED_FACE ( 'NONE', ( #628 ), #381, .F. ) ;
#1174 = ORIENTED_EDGE ( 'NONE', *, *, #360, .T. ) ;
#1175 = EDGE_CURVE ( 'NONE', #484, #1166, #105, .T. ) ;
#1176 = CARTESIAN_POINT ( 'NONE',  ( -2.540000000000000036, 1.904999999999999583, 0.000000000000000000 ) ) ;
#1177 = LINE ( 'NONE', #1085, #634 ) ;
#1178 = EDGE_LOOP ( 'NONE', ( #709, #191, #169, #1086, #1146, #1525, #1143, #257 ) ) ;
#1179 = DIRECTION ( 'NONE',  ( -1.000000000000000000, 0.000000000000000000, -0.000000000000000000 ) ) ;
#1180 = CARTESIAN_POINT ( 'NONE',  ( -2.540000000000000036, 0.000000000000000000, 0.000000000000000000 ) ) ;
#1181 = EDGE_LOOP ( 'NONE', ( #1136, #784, #1174 ) ) ;
#1182 = VERTEX_POINT ( 'NONE', #470 ) ;
#1183 = VECTOR ( 'NONE', #560, 1000.000000000000000 ) ;
#1184 = EDGE_LOOP ( 'NONE', ( #588, #1078, #204, #783 ) ) ;
#1185 = VERTEX_POINT ( 'NONE', #492 ) ;
#1186 = EDGE_CURVE ( 'NONE', #512, #693, #1162, .T. ) ;
#1187 = EDGE_LOOP ( 'NONE', ( #233, #736 ) ) ;
#1188 = DIRECTION ( 'NONE',  ( 4.268512490100416826E-16, 1.000000000000000000, -0.000000000000000000 ) ) ;
#1189 = ORIENTED_EDGE ( 'NONE', *, *, #1552, .T. ) ;
#1190 =( NAMED_UNIT ( * ) PLANE_ANGLE_UNIT ( ) SI_UNIT ( $, .RADIAN. ) );
#1191 = LINE ( 'NONE', #1372, #1154 ) ;
#1192 = B_SPLINE_CURVE_WITH_KNOTS ( 'NONE', 3,
 ( #505, #986, #1303, #770, #914, #434, #805, #610, #425, #1011, #304, #1291 ),
 .UNSPECIFIED., .F., .F.,
 ( 4, 2, 2, 2, 2, 4 ),
 ( 0.000000000000000000, 0.0006521344281232922032, 0.001304268856246584406, 0.001956403284369876826, 0.002282470498431522603, 0.002608537712493168379 ),
 .UNSPECIFIED. ) ;
#1193 = VECTOR ( 'NONE', #821, 1000.000000000000000 ) ;
#1194 = PLANE ( 'NONE',  #138 ) ;
#1195 = DIRECTION ( 'NONE',  ( -0.000000000000000000, 1.000000000000000000, 0.000000000000000000 ) ) ;
#1196 = ORIENTED_EDGE ( 'NONE', *, *, #1494, .F. ) ;
#1197 = CARTESIAN_POINT ( 'NONE',  ( 3.810000000000011156, 1.655434377573955507, 1.255000014501472361 ) ) ;
#1198 = EDGE_LOOP ( 'NONE', ( #636, #798, #599, #777, #1499, #796 ) ) ;
#1199 = EDGE_CURVE ( 'NONE', #1209, #5, #672, .T. ) ;
#1200 = ORIENTED_EDGE ( 'NONE', *, *, #779, .T. ) ;
#1201 = CARTESIAN_POINT ( 'NONE',  ( 2.585475588146067594, -1.278315288481655990E-16, 0.2539999999999869029 ) ) ;
#1202 = ORIENTED_EDGE ( 'NONE', *, *, #380, .T. ) ;
#1203 = AXIS2_PLACEMENT_3D ( 'NONE', #971, #1506, #1565 ) ;
#1204 = CARTESIAN_POINT ( 'NONE',  ( -3.047653938665032314, 0.9945490715292516493, 1.704293458065125222 ) ) ;
#1205 = ADVANCED_FACE ( 'NONE', ( #217 ), #1194, .F. ) ;
#1206 = CARTESIAN_POINT ( 'NONE',  ( 2.794000000000045780, 0.03378315915836149069, -0.05634270521062084008 ) ) ;
#1207 = ORIENTED_EDGE ( 'NONE', *, *, #1010, .F. ) ;
#1208 = DIRECTION ( 'NONE',  ( -0.000000000000000000, -0.000000000000000000, -1.000000000000000000 ) ) ;
#1209 = VERTEX_POINT ( 'NONE', #973 ) ;
#1210 = ORIENTED_EDGE ( 'NONE', *, *, #501, .T. ) ;
#1211 = LINE ( 'NONE', #1331, #676 ) ;
#1212 = DIRECTION ( 'NONE',  ( -0.000000000000000000, 1.000000000000000000, -0.000000000000000000 ) ) ;
#1213 = B_SPLINE_CURVE_WITH_KNOTS ( 'NONE', 3,
 ( #332, #428, #915, #1142, #1435, #1522 ),
 .UNSPECIFIED., .F., .F.,
 ( 4, 2, 4 ),
 ( 1.569316075622501475E-17, 0.0001674134777963369371, 0.0003348269555926581533 ),
 .UNSPECIFIED. ) ;
#1214 = CARTESIAN_POINT ( 'NONE',  ( 3.581265701530049306, 0.8718387180946794990, 1.636799287656254265 ) ) ;
#1215 = AXIS2_PLACEMENT_3D ( 'NONE', #58, #844, #909 ) ;
#1216 = DIRECTION ( 'NONE',  ( 0.000000000000000000, 0.000000000000000000, -1.000000000000000000 ) ) ;
#1217 = CARTESIAN_POINT ( 'NONE',  ( 2.540000000000000036, -25.39999999999999858, 0.000000000000000000 ) ) ;
#1218 = EDGE_LOOP ( 'NONE', ( #642, #612, #1062, #200 ) ) ;
#1219 = ORIENTED_EDGE ( 'NONE', *, *, #452, .T. ) ;
#1220 = CARTESIAN_POINT ( 'NONE',  ( 0.000000000000000000, 6.969999999999998863, 1.255000000000000115 ) ) ;
#1221 = ORIENTED_EDGE ( 'NONE', *, *, #188, .T. ) ;
#1222 = DIRECTION ( 'NONE',  ( -1.000000000000000000, 0.000000000000000000, 0.000000000000000000 ) ) ;
#1223 = ORIENTED_EDGE ( 'NONE', *, *, #1074, .T. ) ;
#1224 = ORIENTED_EDGE ( 'NONE', *, *, #1343, .T. ) ;
#1225 = FACE_OUTER_BOUND ( 'NONE', #1150, .T. ) ;
#1226 = ORIENTED_EDGE ( 'NONE', *, *, #1368, .T. ) ;
#1227 = AXIS2_PLACEMENT_3D ( 'NONE', #466, #1061, #1216 ) ;
#1228 =( NAMED_UNIT ( * ) SI_UNIT ( $, .STERADIAN. ) SOLID_ANGLE_UNIT ( ) );
#1229 = ORIENTED_EDGE ( 'NONE', *, *, #864, .T. ) ;
#1230 = DIRECTION ( 'NONE',  ( -0.000000000000000000, 1.000000000000000000, -0.000000000000000000 ) ) ;
#1231 = VERTEX_POINT ( 'NONE', #964 ) ;
#1232 = ORIENTED_EDGE ( 'NONE', *, *, #411, .T. ) ;
#1233 = B_SPLINE_CURVE_WITH_KNOTS ( 'NONE', 3,
 ( #1359, #1337, #962, #840, #1454, #85, #1151, #1316, #1440, #1528 ),
 .UNSPECIFIED., .F., .F.,
 ( 4, 2, 2, 2, 4 ),
 ( 5.431579125120235020E-20, 0.0007166385844313535912, 0.001433277168862706966, 0.002149915753294060448, 0.002866554337725413931 ),
 .UNSPECIFIED. ) ;
#1234 = DIRECTION ( 'NONE',  ( 0.000000000000000000, 0.000000000000000000, 1.000000000000000000 ) ) ;
#1235 = CARTESIAN_POINT ( 'NONE',  ( 2.820568282148236516, 0.003160773972163150730, 0.05909163189465981014 ) ) ;
#1236 = CLOSED_SHELL ( 'NONE', ( #345, #1409, #376, #532, #1140, #1205, #1452, #1241, #763, #712, #62, #613, #1572, #1019, #1430, #934, #956, #237, #519, #433, #566, #1312, #104, #263, #819, #1442, #556, #355, #250, #660, #1063, #1524, #90, #899, #333, #459, #1474, #1173, #695, #28 ) ) ;
#1237 = ORIENTED_EDGE ( 'NONE', *, *, #1479, .F. ) ;
#1238 = CIRCLE ( 'NONE', #1532, 0.2540000000000000591 ) ;
#1239 = CARTESIAN_POINT ( 'NONE',  ( 1.437356240579769961, 0.1464629946004863958, -0.8175622626895804324 ) ) ;
#1240 = ORIENTED_EDGE ( 'NONE', *, *, #1248, .F. ) ;
#1241 = ADVANCED_FACE ( 'NONE', ( #157 ), #725, .T. ) ;
#1242 = DIRECTION ( 'NONE',  ( -0.000000000000000000, 1.000000000000000000, 0.000000000000000000 ) ) ;
#1243 = VERTEX_POINT ( 'NONE', #219 ) ;
#1244 = LINE ( 'NONE', #69, #1263 ) ;
#1245 = ORIENTED_EDGE ( 'NONE', *, *, #551, .T. ) ;
#1246 = DIRECTION ( 'NONE',  ( 1.000000000000000000, -0.000000000000000000, -0.000000000000000000 ) ) ;
#1247 = VERTEX_POINT ( 'NONE', #359 ) ;
#1248 = EDGE_CURVE ( 'NONE', #205, #1264, #707, .T. ) ;
#1249 = ORIENTED_EDGE ( 'NONE', *, *, #823, .T. ) ;
#1250 = CARTESIAN_POINT ( 'NONE',  ( 2.794000000000000039, -2.168404344971008868E-16, -1.905000000000000471 ) ) ;
#1251 = CARTESIAN_POINT ( 'NONE',  ( 3.022297252672580203, 0.1746714161705499035, -0.3393547894631371298 ) ) ;
#1252 = ORIENTED_EDGE ( 'NONE', *, *, #917, .T. ) ;
#1253 = VERTEX_POINT ( 'NONE', #1530 ) ;
#1254 = FACE_OUTER_BOUND ( 'NONE', #1178, .T. ) ;
#1255 = CARTESIAN_POINT ( 'NONE',  ( -2.540000000000000036, -25.39999999999999858, 0.000000000000000000 ) ) ;
#1256 = ORIENTED_EDGE ( 'NONE', *, *, #188, .F. ) ;
#1257 = CARTESIAN_POINT ( 'NONE',  ( -2.846071203894400714, 0.4491876064190183926, -1.295273555378754438 ) ) ;
#1258 = EDGE_CURVE ( 'NONE', #1037, #512, #1211, .T. ) ;
#1259 = FACE_OUTER_BOUND ( 'NONE', #682, .T. ) ;
#1260 = ORIENTED_EDGE ( 'NONE', *, *, #1010, .T. ) ;
#1261 = EDGE_LOOP ( 'NONE', ( #1084, #209, #216, #739 ) ) ;
#1262 = CARTESIAN_POINT ( 'NONE',  ( -3.810000000000000941, 1.687557421477674957, -1.255000000000000115 ) ) ;
#1263 = VECTOR ( 'NONE', #186, 1000.000000000000000 ) ;
#1264 = VERTEX_POINT ( 'NONE', #367 ) ;
#1265 = CARTESIAN_POINT ( 'NONE',  ( -2.984048293732363355, 0.1421052647489637888, 0.1639222856735775002 ) ) ;
#1266 = CARTESIAN_POINT ( 'NONE',  ( 2.621178739686473858, 0.06410327167619173094, 0.6133273239613546979 ) ) ;
#1267 = CYLINDRICAL_SURFACE ( 'NONE', #670, 0.2540000000000000591 ) ;
#1268 = CARTESIAN_POINT ( 'NONE',  ( -2.800879473795490071, 0.3564593457719276159, 1.190865726475178965 ) ) ;
#1269 = CARTESIAN_POINT ( 'NONE',  ( -3.810000000000000497, 6.969999999999998863, 1.905000000000000027 ) ) ;
#1270 = EDGE_LOOP ( 'NONE', ( #716, #1108, #718 ) ) ;
#1271 = VERTEX_POINT ( 'NONE', #1044 ) ;
#1272 = ORIENTED_EDGE ( 'NONE', *, *, #34, .T. ) ;
#1273 = CARTESIAN_POINT ( 'NONE',  ( -2.575297757040235780, -6.524317827685718691E-17, 0.2540000000000000036 ) ) ;
#1274 = CARTESIAN_POINT ( 'NONE',  ( -2.540000000000000036, 1.904999999999999583, 0.000000000000000000 ) ) ;
#1275 = EDGE_LOOP ( 'NONE', ( #552, #1279, #1207, #173 ) ) ;
#1276 = ORIENTED_EDGE ( 'NONE', *, *, #1082, .F. ) ;
#1277 = VECTOR ( 'NONE', #1055, 1000.000000000000000 ) ;
#1278 = EDGE_CURVE ( 'NONE', #701, #187, #164, .T. ) ;
#1279 = ORIENTED_EDGE ( 'NONE', *, *, #81, .T. ) ;
#1280 = CARTESIAN_POINT ( 'NONE',  ( -2.621178739686473858, 0.06410327167619173094, 0.6133273239613546979 ) ) ;
#1281 = CARTESIAN_POINT ( 'NONE',  ( 2.840950599519237230, 0.01682969317615149243, 0.4207231654235026319 ) ) ;
#1282 = LINE ( 'NONE', #399, #230 ) ;
#1283 = CARTESIAN_POINT ( 'NONE',  ( -3.053336227209051845, 1.036620681845327852, 1.714072797414271987 ) ) ;
#1284 = DIRECTION ( 'NONE',  ( 0.000000000000000000, -0.000000000000000000, 1.000000000000000000 ) ) ;
#1285 = AXIS2_PLACEMENT_3D ( 'NONE', #665, #181, #649 ) ;
#1286 = CARTESIAN_POINT ( 'NONE',  ( -3.810000000000011156, 1.655434377573955507, -1.255000014501472361 ) ) ;
#1287 = DIRECTION ( 'NONE',  ( 0.000000000000000000, 1.000000000000000000, 0.000000000000000000 ) ) ;
#1288 = EDGE_LOOP ( 'NONE', ( #1059, #1252, #224 ) ) ;
#1289 = AXIS2_PLACEMENT_3D ( 'NONE', #1057, #1477, #757 ) ;
#1290 = DIRECTION ( 'NONE',  ( -1.000000000000000000, 0.000000000000000000, 0.000000000000000000 ) ) ;
#1291 = CARTESIAN_POINT ( 'NONE',  ( 2.999306975105173745, 0.1551042656843155676, 0.000000000000000000 ) ) ;
#1292 = ORIENTED_EDGE ( 'NONE', *, *, #338, .T. ) ;
#1293 = ORIENTED_EDGE ( 'NONE', *, *, #1278, .F. ) ;
#1294 = CARTESIAN_POINT ( 'NONE',  ( 1.638982457610469901, 0.1180270509239245424, 0.7566590521323494078 ) ) ;
#1295 = CARTESIAN_POINT ( 'NONE',  ( -3.160000000000000586, 6.969999999999998863, 1.255000000000000115 ) ) ;
#1296 = LINE ( 'NONE', #1568, #1277 ) ;
#1297 = ORIENTED_EDGE ( 'NONE', *, *, #1307, .T. ) ;
#1298 = CARTESIAN_POINT ( 'NONE',  ( -2.803075608708126332, -0.008571609500104491672, 0.1813186343606868201 ) ) ;
#1299 = CARTESIAN_POINT ( 'NONE',  ( 2.540000000000000036, 2.623420489685531987, 0.000000000000000000 ) ) ;
#1300 = CARTESIAN_POINT ( 'NONE',  ( -2.840950599519237230, 0.01682969317615149243, -0.4207231654235026319 ) ) ;
#1301 = DIRECTION ( 'NONE',  ( 0.000000000000000000, 0.000000000000000000, -1.000000000000000000 ) ) ;
#1302 = CARTESIAN_POINT ( 'NONE',  ( -3.810000000000010711, 1.905000000000002025, 1.905000000000003801 ) ) ;
#1303 = CARTESIAN_POINT ( 'NONE',  ( 3.779203674789896716, 1.475254130509291661, -1.229295045111547413 ) ) ;
#1304 = VERTEX_POINT ( 'NONE', #655 ) ;
#1305 = CIRCLE ( 'NONE', #928, 0.2540000000000000591 ) ;
#1306 = CIRCLE ( 'NONE', #643, 0.6500000000000000222 ) ;
#1307 = EDGE_CURVE ( 'NONE', #1040, #172, #1238, .T. ) ;
#1308 = CARTESIAN_POINT ( 'NONE',  ( -2.286000000000000476, 0.000000000000000000, 0.000000000000000000 ) ) ;
#1309 = CARTESIAN_POINT ( 'NONE',  ( -3.197920000000000762, 1.905000000000000027, 1.905000000000000027 ) ) ;
#1310 = CARTESIAN_POINT ( 'NONE',  ( 3.308886015751839160, 0.4608976450119248724, 0.7832083167820372838 ) ) ;
#1311 = AXIS2_PLACEMENT_3D ( 'NONE', #508, #38, #274 ) ;
#1312 = ADVANCED_FACE ( 'NONE', ( #1254 ), #1149, .T. ) ;
#1313 = CIRCLE ( 'NONE', #259, 0.2540000000000000591 ) ;
#1314 = CARTESIAN_POINT ( 'NONE',  ( -3.331882795055140178, 0.4742588718719757956, -1.322290341890470344 ) ) ;
#1315 = CARTESIAN_POINT ( 'NONE',  ( -2.999306975105173745, 0.1551042656843155676, 0.000000000000000000 ) ) ;
#1316 = CARTESIAN_POINT ( 'NONE',  ( 3.135806275959241773, 1.434341811876965078, 1.863884821142210102 ) ) ;
#1317 = ORIENTED_EDGE ( 'NONE', *, *, #395, .T. ) ;
#1318 = CARTESIAN_POINT ( 'NONE',  ( 2.706891911879467649, 0.008854846897020691651, -0.1994859367188842048 ) ) ;
#1319 = ORIENTED_EDGE ( 'NONE', *, *, #465, .F. ) ;
#1320 = CARTESIAN_POINT ( 'NONE',  ( -1.643240659343827348, 0.1173580296854024319, 0.7549306053479315493 ) ) ;
#1321 = CARTESIAN_POINT ( 'NONE',  ( -2.540000000000000036, 2.623420489685531987, 0.000000000000000000 ) ) ;
#1322 = VECTOR ( 'NONE', #1501, 1000.000000000000000 ) ;
#1323 = ORIENTED_EDGE ( 'NONE', *, *, #338, .F. ) ;
#1324 = ORIENTED_EDGE ( 'NONE', *, *, #1186, .T. ) ;
#1325 = CARTESIAN_POINT ( 'NONE',  ( 2.568086326938995523, -0.01005659855331485913, 0.1942804594482110958 ) ) ;
#1326 = CARTESIAN_POINT ( 'NONE',  ( -3.663145231673815783, 1.070419127512602930, 1.128094759970357019 ) ) ;
#1327 = EDGE_CURVE ( 'NONE', #704, #1304, #729, .T. ) ;
#1328 = CARTESIAN_POINT ( 'NONE',  ( -2.575297757040235780, -6.524317827685718691E-17, 0.2540000000000000036 ) ) ;
#1329 = CIRCLE ( 'NONE', #1569, 0.2540000000000000591 ) ;
#1330 = DIRECTION ( 'NONE',  ( 0.000000000000000000, 0.000000000000000000, -1.000000000000000000 ) ) ;
#1331 = CARTESIAN_POINT ( 'NONE',  ( 2.286000000000000920, 0.000000000000000000, 1.905000000000000471 ) ) ;
#1332 = AXIS2_PLACEMENT_3D ( 'NONE', #869, #960, #397 ) ;
#1333 = LINE ( 'NONE', #483, #760 ) ;
#1334 = ORIENTED_EDGE ( 'NONE', *, *, #417, .T. ) ;
#1335 = B_SPLINE_CURVE_WITH_KNOTS ( 'NONE', 3,
 ( #454, #1439, #919, #1326, #1526, #690, #542, #838, #1038, #1453, #1448, #1315 ),
 .UNSPECIFIED., .F., .F.,
 ( 4, 2, 2, 2, 2, 4 ),
 ( 0.000000000000000000, 0.0006521344281232922032, 0.001304268856246584406, 0.001956403284369876826, 0.002282470498431522603, 0.002608537712493168379 ),
 .UNSPECIFIED. ) ;
#1336 = CARTESIAN_POINT ( 'NONE',  ( 2.286000000000000476, 0.000000000000000000, 0.000000000000000000 ) ) ;
#1337 = CARTESIAN_POINT ( 'NONE',  ( 2.589551206592657806, 0.01961247283988286003, 0.4917849406146265201 ) ) ;
#1338 = VERTEX_POINT ( 'NONE', #822 ) ;
#1339 = FACE_OUTER_BOUND ( 'NONE', #1081, .T. ) ;
#1340 = CARTESIAN_POINT ( 'NONE',  ( 0.8310009980091784820, 0.2088759962453174968, 0.9401383377766151517 ) ) ;
#1341 = CARTESIAN_POINT ( 'NONE',  ( 3.197920000000000762, 1.905000000000000027, 1.905000000000000027 ) ) ;
#1342 = VECTOR ( 'NONE', #744, 1000.000000000000000 ) ;
#1343 = EDGE_CURVE ( 'NONE', #98, #1253, #1244, .T. ) ;
#1344 = FACE_OUTER_BOUND ( 'NONE', #1270, .T. ) ;
#1345 = DIRECTION ( 'NONE',  ( -0.000000000000000000, 1.000000000000000000, -0.000000000000000000 ) ) ;
#1346 = CARTESIAN_POINT ( 'NONE',  ( 2.869258305293010736, 0.06342174311640180751, 0.000000000000000000 ) ) ;
#1347 = FACE_OUTER_BOUND ( 'NONE', #1275, .T. ) ;
#1348 = PRESENTATION_STYLE_ASSIGNMENT (( #498 ) ) ;
#1349 = DIRECTION ( 'NONE',  ( 0.000000000000000000, 0.000000000000000000, 1.000000000000000000 ) ) ;
#1350 = CYLINDRICAL_SURFACE ( 'NONE', #1159, 11.09186249999998708 ) ;
#1351 = CIRCLE ( 'NONE', #1332, 0.6500000000000000222 ) ;
#1352 = CARTESIAN_POINT ( 'NONE',  ( 2.540000000000000036, 1.904999999999999583, 0.000000000000000000 ) ) ;
#1353 = CARTESIAN_POINT ( 'NONE',  ( 3.160000012243899370, 1.642644363216151371, -1.905000000000000249 ) ) ;
#1354 = AXIS2_PLACEMENT_3D ( 'NONE', #1367, #1058, #1478 ) ;
#1355 = LINE ( 'NONE', #424, #814 ) ;
#1356 = SPHERICAL_SURFACE ( 'NONE', #1285, 0.6500000000000000222 ) ;
#1357 = CARTESIAN_POINT ( 'NONE',  ( 2.794000000000000039, -2.168404344971008868E-16, 1.905000000000000471 ) ) ;
#1358 = PRODUCT_DEFINITION ( 'UNKNOWN', '', #486, #750 ) ;
#1359 = CARTESIAN_POINT ( 'NONE',  ( 2.575297757040235780, -6.524317827685718691E-17, 0.2540000000000000036 ) ) ;
#1360 = APPLICATION_PROTOCOL_DEFINITION ( 'draft international standard', 'automotive_design', 1998, #252 ) ;
#1361 = FACE_OUTER_BOUND ( 'NONE', #496, .T. ) ;
#1362 = CIRCLE ( 'NONE', #281, 0.6500000000000000222 ) ;
#1363 = CIRCLE ( 'NONE', #242, 0.6500000000000000222 ) ;
#1364 = CARTESIAN_POINT ( 'NONE',  ( 3.579470288410858902, 0.8842336660839053009, 1.054423155673153367 ) ) ;
#1365 = CARTESIAN_POINT ( 'NONE',  ( 3.058133025642309821, 0.2055922257546936582, -0.4212139792688947004 ) ) ;
#1366 = VECTOR ( 'NONE', #1018, 1000.000000000000000 ) ;
#1367 = CARTESIAN_POINT ( 'NONE',  ( -2.540000000000000036, 0.000000000000000000, 0.000000000000000000 ) ) ;
#1368 = EDGE_CURVE ( 'NONE', #1161, #593, #266, .T. ) ;
#1369 = VECTOR ( 'NONE', #72, 1000.000000000000000 ) ;
#1370 =( LENGTH_UNIT ( ) NAMED_UNIT ( * ) SI_UNIT ( .MILLI., .METRE. ) );
#1371 = AXIS2_PLACEMENT_3D ( 'NONE', #2, #1413, #14 ) ;
#1372 = CARTESIAN_POINT ( 'NONE',  ( -2.540000000000000036, 2.623420489685531987, 0.2540000000000000591 ) ) ;
#1373 = EDGE_CURVE ( 'NONE', #677, #738, #685, .T. ) ;
#1374 = LINE ( 'NONE', #112, #334 ) ;
#1375 = DIRECTION ( 'NONE',  ( 0.000000000000000000, 1.000000000000000000, 0.000000000000000000 ) ) ;
#1376 = CARTESIAN_POINT ( 'NONE',  ( 3.523989093355710978, 0.7906674268200303279, -1.000019936532170917 ) ) ;
#1377 = B_SPLINE_CURVE_WITH_KNOTS ( 'NONE', 3,
 ( #460, #1381, #1201, #1 ),
 .UNSPECIFIED., .F., .F.,
 ( 4, 4 ),
 ( 0.0002685994626883704810, 0.0002984849472793815197 ),
 .UNSPECIFIED. ) ;
#1378 = DIRECTION ( 'NONE',  ( 0.000000000000000000, 0.000000000000000000, -1.000000000000000000 ) ) ;
#1379 = DIRECTION ( 'NONE',  ( -1.000000000000000000, 0.000000000000000000, 0.000000000000000000 ) ) ;
#1380 = CIRCLE ( 'NONE', #788, 0.6500000000000000222 ) ;
#1381 = CARTESIAN_POINT ( 'NONE',  ( 2.595444831327032631, -1.320869127516452792E-16, 0.2509610559156030263 ) ) ;
#1382 = CARTESIAN_POINT ( 'NONE',  ( -3.197920000000000318, 0.8529825204850228770, -1.904999999999999805 ) ) ;
#1383 = LINE ( 'NONE', #392, #301 ) ;
#1384 = CYLINDRICAL_SURFACE ( 'NONE', #898, 0.6500000000000000222 ) ;
#1385 = CARTESIAN_POINT ( 'NONE',  ( -3.192023751578338508, 0.3338286922268002277, 0.6533775180816874251 ) ) ;
#1386 = VECTOR ( 'NONE', #1379, 1000.000000000000000 ) ;
#1387 = CARTESIAN_POINT ( 'NONE',  ( 2.989098078686493132, 0.1459755759186024404, 0.2190845712681543378 ) ) ;
#1388 = DIRECTION ( 'NONE',  ( 0.000000000000000000, 0.000000000000000000, -1.000000000000000000 ) ) ;
#1389 = LINE ( 'NONE', #1401, #816 ) ;
#1390 = DIRECTION ( 'NONE',  ( 0.000000000000000000, -1.000000000000000000, 0.000000000000000000 ) ) ;
#1391 = DIRECTION ( 'NONE',  ( 0.000000000000000000, 0.000000000000000000, -1.000000000000000000 ) ) ;
#1392 = B_SPLINE_CURVE_WITH_KNOTS ( 'NONE', 3,
 ( #748, #978, #891, #410, #318, #26 ),
 .UNSPECIFIED., .F., .F.,
 ( 4, 2, 4 ),
 ( 1.569316075622501475E-17, 0.0001674134777963369371, 0.0003348269555926581533 ),
 .UNSPECIFIED. ) ;
#1393 = FACE_OUTER_BOUND ( 'NONE', #163, .T. ) ;
#1394 = AXIS2_PLACEMENT_3D ( 'NONE', #1113, #1420, #327 ) ;
#1395 = CARTESIAN_POINT ( 'NONE',  ( -3.160000000000000586, 1.904999999999999583, -1.255000000000000115 ) ) ;
#1396 = VECTOR ( 'NONE', #778, 1000.000000000000000 ) ;
#1397 = CARTESIAN_POINT ( 'NONE',  ( 2.621178739686473858, 0.06410327167619173094, -0.6133273239613546979 ) ) ;
#1398 = DIRECTION ( 'NONE',  ( 0.000000000000000000, 1.000000000000000000, 0.000000000000000000 ) ) ;
#1399 = LINE ( 'NONE', #1119, #312 ) ;
#1400 = DIRECTION ( 'NONE',  ( -0.000000000000000000, 0.000000000000000000, -1.000000000000000000 ) ) ;
#1401 = CARTESIAN_POINT ( 'NONE',  ( -4.336808689942017736E-16, 7.619999999999998330, -1.255000000000000115 ) ) ;
#1402 = CARTESIAN_POINT ( 'NONE',  ( -2.769849211321690596, 0.3047921579443197415, -1.118949466622541911 ) ) ;
#1403 = SPHERICAL_SURFACE ( 'NONE', #849, 0.6500000000000000222 ) ;
#1404 = CARTESIAN_POINT ( 'NONE',  ( -3.262619405998759436, 0.4101888866723827909, -0.7392261642735424854 ) ) ;
#1405 = CYLINDRICAL_SURFACE ( 'NONE', #516, 0.2540000000000000591 ) ;
#1406 = EDGE_CURVE ( 'NONE', #5, #65, #174, .T. ) ;
#1407 = CARTESIAN_POINT ( 'NONE',  ( -3.742574891867422426, 1.264336876032827517, 1.829013599314651906 ) ) ;
#1408 = CARTESIAN_POINT ( 'NONE',  ( -2.604081343583668939, 0.000000000000000000, -0.2457836068669182750 ) ) ;
#1409 = ADVANCED_FACE ( 'NONE', ( #1225 ), #195, .F. ) ;
#1410 = PLANE ( 'NONE',  #1447 ) ;
#1411 = CARTESIAN_POINT ( 'NONE',  ( -2.641422049553404428, 0.09032443026147986276, -0.7191639532059848072 ) ) ;
#1412 = STYLED_ITEM ( 'NONE', ( #324 ), #107 ) ;
#1413 = DIRECTION ( 'NONE',  ( 0.000000000000000000, 1.000000000000000000, 0.000000000000000000 ) ) ;
#1414 = CARTESIAN_POINT ( 'NONE',  ( -3.810000000000000497, 1.904999999999999583, -1.255000000000000115 ) ) ;
#1415 = CARTESIAN_POINT ( 'NONE',  ( 2.595497219558272839, 0.02801073910885685039, 0.4804295006908716470 ) ) ;
#1416 = CARTESIAN_POINT ( 'NONE',  ( -3.581265701530049306, 0.8718387180946794990, 1.636799287656254265 ) ) ;
#1417 = DIRECTION ( 'NONE',  ( -4.268512490100416826E-16, 1.000000000000000000, 0.000000000000000000 ) ) ;
#1418 = CARTESIAN_POINT ( 'NONE',  ( -2.820568282148236516, 0.003160773972163150730, 0.05909163189465981014 ) ) ;
#1419 = PLANE ( 'NONE',  #935 ) ;
#1420 = DIRECTION ( 'NONE',  ( 0.000000000000000000, -1.000000000000000000, -0.000000000000000000 ) ) ;
#1421 = CARTESIAN_POINT ( 'NONE',  ( -2.938154103131580097, 0.1032699433798968391, -5.467254853747078313E-17 ) ) ;
#1422 = SURFACE_STYLE_FILL_AREA ( #197 ) ;
#1423 = CARTESIAN_POINT ( 'NONE',  ( 2.286000000000000920, -6.524317827685718691E-17, 0.2540000000000000036 ) ) ;
#1424 = DIRECTION ( 'NONE',  ( 1.000000000000000000, -0.000000000000000000, -0.000000000000000000 ) ) ;
#1425 = EDGE_CURVE ( 'NONE', #1161, #697, #1046, .T. ) ;
#1426 = SURFACE_STYLE_FILL_AREA ( #565 ) ;
#1427 = CARTESIAN_POINT ( 'NONE',  ( 2.955031886013594455, 0.7198992513829153284, 1.524265028006370315 ) ) ;
#1428 = CARTESIAN_POINT ( 'NONE',  ( -3.471422360359577741, 0.7016331816511706121, -0.9496430381063796222 ) ) ;
#1429 = CARTESIAN_POINT ( 'NONE',  ( -2.247046349997105619, 0.008204366828386468191, -0.3534711322214088569 ) ) ;
#1430 = ADVANCED_FACE ( 'NONE', ( #201 ), #720, .T. ) ;
#1431 = EDGE_CURVE ( 'NONE', #653, #24, #1213, .T. ) ;
#1432 = CARTESIAN_POINT ( 'NONE',  ( -3.810000000000000497, 6.969999999999998863, 1.255000000000000115 ) ) ;
#1433 = FILL_AREA_STYLE ('',( #409 ) ) ;
#1434 = CARTESIAN_POINT ( 'NONE',  ( 0.2109735864134311967, 0.2381066636306036488, 0.9905602299533375898 ) ) ;
#1435 = CARTESIAN_POINT ( 'NONE',  ( 2.794000000000045780, 0.03378315915836149069, 0.05634270521062084008 ) ) ;
#1436 = B_SPLINE_CURVE_WITH_KNOTS ( 'NONE', 3,
 ( #326, #1429, #1002, #515, #624, #54, #648, #639, #804, #313, #993, #912, #165, #1009, #391, #1239, #478, #1503, #594, #984, #1109, #883, #1487, #1095 ),
 .UNSPECIFIED., .F., .F.,
 ( 4, 2, 2, 2, 2, 2, 2, 2, 2, 2, 2, 4 ),
 ( 4.534858972204873213E-15, 0.0003155369067444628757, 0.0006310738134843909674, 0.001262147626964247368, 0.001893221440444103768, 0.002524295253923960168, 0.003155369067403815918, 0.003786442880883672101, 0.004417516694363527417, 0.004733053601103456159, 0.004890822054473420964, 0.005048590507843385769 ),
 .UNSPECIFIED. ) ;
#1437 = STYLED_ITEM ( 'NONE', ( #880 ), #1155 ) ;
#1438 = CARTESIAN_POINT ( 'NONE',  ( -3.810000000000010711, 1.905000000000002025, -1.905000000000003801 ) ) ;
#1439 = CARTESIAN_POINT ( 'NONE',  ( -3.810000000000000941, 1.687557421477674957, 1.255000000000000115 ) ) ;
#1440 = CARTESIAN_POINT ( 'NONE',  ( 3.160000000000001030, 1.666391240626152737, 1.905000000000000027 ) ) ;
#1441 = FACE_OUTER_BOUND ( 'NONE', #715, .T. ) ;
#1442 = ADVANCED_FACE ( 'NONE', ( #1259 ), #1267, .F. ) ;
#1443 = EDGE_CURVE ( 'NONE', #1035, #1185, #270, .T. ) ;
#1444 = DIRECTION ( 'NONE',  ( 0.000000000000000000, 0.000000000000000000, -1.000000000000000000 ) ) ;
#1445 = CARTESIAN_POINT ( 'NONE',  ( 3.197920000000000762, 2.168404344971008868E-16, 0.2540000000000000036 ) ) ;
#1446 = AXIS2_PLACEMENT_3D ( 'NONE', #64, #1230, #402 ) ;
#1447 = AXIS2_PLACEMENT_3D ( 'NONE', #33, #933, #662 ) ;
#1448 = CARTESIAN_POINT ( 'NONE',  ( -2.979310857270073054, 0.1381551808212312937, 0.1064548177687209551 ) ) ;
#1449 = FILL_AREA_STYLE_COLOUR ( '', #393 ) ;
#1450 = CARTESIAN_POINT ( 'NONE',  ( -2.286000000000000920, -6.524317827685718691E-17, 0.2540000000000000036 ) ) ;
#1451 = CARTESIAN_POINT ( 'NONE',  ( -2.706891911879467649, 0.008854846897020691651, 0.1994859367188842048 ) ) ;
#1452 = ADVANCED_FACE ( 'NONE', ( #272 ), #793, .T. ) ;
#1453 = CARTESIAN_POINT ( 'NONE',  ( -2.989098078686493132, 0.1459755759186024404, 0.2190845712681543378 ) ) ;
#1454 = CARTESIAN_POINT ( 'NONE',  ( 2.846071203894400714, 0.4491876064190183926, 1.295273555378754438 ) ) ;
#1455 = CARTESIAN_POINT ( 'NONE',  ( 1.034958192790384590, 0.1915902643951551410, 0.9094474303128093906 ) ) ;
#1456 = CARTESIAN_POINT ( 'NONE',  ( -2.658870299958305594, 0.001391535460451013206, 0.2314988871381087332 ) ) ;
#1457 = EDGE_CURVE ( 'NONE', #708, #1304, #768, .T. ) ;
#1458 = PRODUCT ( 'SR301A223JARTR1', 'SR301A223JARTR1', '', ( #456 ) ) ;
#1459 = CARTESIAN_POINT ( 'NONE',  ( 3.810000000000000497, 1.904999999999999583, -1.905000000000000027 ) ) ;
#1460 = ADVANCED_FACE ( 'NONE', ( #776 ), #99, .F. ) ;
#1461 = COLOUR_RGB ( '',0.7921568627450980005, 0.8196078431372548767, 0.9333333333333333481 ) ;
#1462 = CARTESIAN_POINT ( 'NONE',  ( 3.810000000000000497, 6.969999999999998863, 1.255000000000000115 ) ) ;
#1463 = CARTESIAN_POINT ( 'NONE',  ( 3.810000028527873450, 1.569597507462751729, -1.905000032735810311 ) ) ;
#1464 = EDGE_CURVE ( 'NONE', #697, #172, #1296, .T. ) ;
#1465 = DIRECTION ( 'NONE',  ( -1.000000000000000000, 4.268512490100416826E-16, 0.000000000000000000 ) ) ;
#1466 = CARTESIAN_POINT ( 'NONE',  ( 3.160000000000000586, 1.904999999999999583, -1.255000000000000115 ) ) ;
#1467 = B_SPLINE_CURVE_WITH_KNOTS ( 'NONE', 3,
 ( #1408, #903, #635, #162 ),
 .UNSPECIFIED., .F., .F.,
 ( 4, 4 ),
 ( 0.0002685994626883704810, 0.0002984849472793815197 ),
 .UNSPECIFIED. ) ;
#1468 = CARTESIAN_POINT ( 'NONE',  ( 2.540000000000000036, 0.000000000000000000, 0.000000000000000000 ) ) ;
#1469 = CARTESIAN_POINT ( 'NONE',  ( 2.717130755504430173, 0.2119623704566208910, -0.9868582866498637474 ) ) ;
#1470 = EDGE_CURVE ( 'NONE', #1185, #106, #1333, .T. ) ;
#1471 = DIRECTION ( 'NONE',  ( -0.000000000000000000, 0.000000000000000000, 1.000000000000000000 ) ) ;
#1472 = CARTESIAN_POINT ( 'NONE',  ( -3.810000000000000497, 6.969999999999998863, -1.255000000000000115 ) ) ;
#1473 = CARTESIAN_POINT ( 'NONE',  ( 3.197920000000000318, 0.8529825204850228770, -1.904999999999999805 ) ) ;
#1474 = ADVANCED_FACE ( 'NONE', ( #1339 ), #67, .T. ) ;
#1475 = CARTESIAN_POINT ( 'NONE',  ( 2.589551206592657806, 0.01961247283988286003, -0.4917849406146265201 ) ) ;
#1476 = CARTESIAN_POINT ( 'NONE',  ( 3.130565418414066770, 1.389140342214161494, -1.855113560394737071 ) ) ;
#1477 = DIRECTION ( 'NONE',  ( 0.000000000000000000, -1.000000000000000000, 0.000000000000000000 ) ) ;
#1478 = DIRECTION ( 'NONE',  ( 0.000000000000000000, 0.000000000000000000, 1.000000000000000000 ) ) ;
#1479 = EDGE_CURVE ( 'NONE', #484, #141, #802, .T. ) ;
#1480 = FILL_AREA_STYLE ('',( #401 ) ) ;
#1481 = ORIENTED_EDGE ( 'NONE', *, *, #389, .F. ) ;
#1482 = DIRECTION ( 'NONE',  ( 0.000000000000000000, 0.000000000000000000, 1.000000000000000000 ) ) ;
#1483 = AXIS2_PLACEMENT_3D ( 'NONE', #1176, #337, #536 ) ;
#1484 = DIRECTION ( 'NONE',  ( -0.000000000000000000, 1.000000000000000000, 0.000000000000000000 ) ) ;
#1485 = CARTESIAN_POINT ( 'NONE',  ( 3.661162196380557621, 1.083943090984647917, -1.125994363082523764 ) ) ;
#1486 = DIRECTION ( 'NONE',  ( 1.000000000000000000, 0.000000000000000000, 0.000000000000000000 ) ) ;
#1487 = CARTESIAN_POINT ( 'NONE',  ( 2.266403771888028107, 0.004127331941084637877, -0.3040404711068506738 ) ) ;
#1488 = CARTESIAN_POINT ( 'NONE',  ( -3.160000000000000586, 7.619999999999998330, 1.255000000000000115 ) ) ;
#1489 = CARTESIAN_POINT ( 'NONE',  ( 0.000000000000000000, 0.000000000000000000, 0.000000000000000000 ) ) ;
#1490 = DIRECTION ( 'NONE',  ( 4.268512490100416826E-16, 1.000000000000000000, 0.000000000000000000 ) ) ;
#1491 = CARTESIAN_POINT ( 'NONE',  ( 2.540000000000000036, -25.39999999999999858, 0.000000000000000000 ) ) ;
#1492 = DIRECTION ( 'NONE',  ( 0.000000000000000000, -1.000000000000000000, 0.000000000000000000 ) ) ;
#1493 = DIRECTION ( 'NONE',  ( 0.000000000000000000, 0.000000000000000000, 1.000000000000000000 ) ) ;
#1494 = EDGE_CURVE ( 'NONE', #1304, #673, #780, .T. ) ;
#1495 = DIRECTION ( 'NONE',  ( 0.000000000000000000, -0.000000000000000000, -1.000000000000000000 ) ) ;
#1496 = CARTESIAN_POINT ( 'NONE',  ( -3.047653938665032314, 0.9945490715292516493, -1.704293458065125222 ) ) ;
#1497 = AXIS2_PLACEMENT_3D ( 'NONE', #754, #1484, #877 ) ;
#1498 = CARTESIAN_POINT ( 'NONE',  ( -3.104464774512154079, 0.2482500256951165329, -0.5076948124116037464 ) ) ;
#1499 = ORIENTED_EDGE ( 'NONE', *, *, #254, .F. ) ;
#1500 = CARTESIAN_POINT ( 'NONE',  ( -3.618654596352544051, 0.9816296710903158473, 1.088007402965853299 ) ) ;
#1501 = DIRECTION ( 'NONE',  ( 0.000000000000000000, 0.000000000000000000, -1.000000000000000000 ) ) ;
#1502 = DIRECTION ( 'NONE',  ( 0.000000000000000000, 0.000000000000000000, -1.000000000000000000 ) ) ;
#1503 = CARTESIAN_POINT ( 'NONE',  ( 1.921514050554617548, 0.07083637072911599941, -0.6196808556766013609 ) ) ;
#1504 = DIRECTION ( 'NONE',  ( 0.000000000000000000, -0.000000000000000000, -1.000000000000000000 ) ) ;
#1505 =( NAMED_UNIT ( * ) PLANE_ANGLE_UNIT ( ) SI_UNIT ( $, .RADIAN. ) );
#1506 = DIRECTION ( 'NONE',  ( 0.000000000000000000, 1.000000000000000000, 0.000000000000000000 ) ) ;
#1507 = CARTESIAN_POINT ( 'NONE',  ( -2.983431617072496156, 0.1416060409646595630, 0.07578229597735650080 ) ) ;
#1508 = CARTESIAN_POINT ( 'NONE',  ( 3.022297252672580203, 0.1746714161705499035, 0.3393547894631371298 ) ) ;
#1509 = CARTESIAN_POINT ( 'NONE',  ( -3.022873379779288605, 0.9267443691424351870, 1.657253759701976747 ) ) ;
#1510 = DIRECTION ( 'NONE',  ( 1.000000000000000000, 4.268512490100416826E-16, 0.000000000000000000 ) ) ;
#1511 = CARTESIAN_POINT ( 'NONE',  ( -2.983431617072495712, 0.1416060409646592022, -0.07578229597735684775 ) ) ;
#1512 = CARTESIAN_POINT ( 'NONE',  ( 2.575297757040235780, -6.524317827685718691E-17, -0.2540000000000000036 ) ) ;
#1513 = EDGE_CURVE ( 'NONE', #146, #627, #258, .T. ) ;
#1514 = PLANE ( 'NONE',  #445 ) ;
#1515 = CARTESIAN_POINT ( 'NONE',  ( -3.160000000000000586, 1.904999999999999805, 1.905000000000000471 ) ) ;
#1516 = CARTESIAN_POINT ( 'NONE',  ( -2.775271135550730239, 0.02571469351461996150, 0.1108830103129606059 ) ) ;
#1517 = CARTESIAN_POINT ( 'NONE',  ( 2.984048293732363355, 0.1421052647489637888, 0.1639222856735775002 ) ) ;
#1518 = CARTESIAN_POINT ( 'NONE',  ( -3.523989093355710978, 0.7906674268200303279, -1.000019936532170917 ) ) ;
#1519 = CARTESIAN_POINT ( 'NONE',  ( 0.000000000000000000, 1.904999999999999583, 0.000000000000000000 ) ) ;
#1520 =( NAMED_UNIT ( * ) SI_UNIT ( $, .STERADIAN. ) SOLID_ANGLE_UNIT ( ) );
#1521 = DIRECTION ( 'NONE',  ( 0.000000000000000000, 0.000000000000000000, -1.000000000000000000 ) ) ;
#1522 = CARTESIAN_POINT ( 'NONE',  ( 2.793999999997754724, 0.03653058492483270137, 0.000000000000000000 ) ) ;
#1523 = EDGE_CURVE ( 'NONE', #1546, #701, #1467, .T. ) ;
#1524 = ADVANCED_FACE ( 'NONE', ( #751 ), #1001, .F. ) ;
#1525 = ORIENTED_EDGE ( 'NONE', *, *, #831, .T. ) ;
#1526 = CARTESIAN_POINT ( 'NONE',  ( -3.579470288410858902, 0.8842336660839053009, 1.054423155673153367 ) ) ;
#1527 = EDGE_CURVE ( 'NONE', #222, #593, #261, .T. ) ;
#1528 = CARTESIAN_POINT ( 'NONE',  ( 3.160000000000000586, 1.904999999999999583, 1.905000000000000027 ) ) ;
#1529 = CARTESIAN_POINT ( 'NONE',  ( 3.810000000000000497, 1.904999999999999583, 1.255000000000000115 ) ) ;
#1530 = CARTESIAN_POINT ( 'NONE',  ( -3.160000000000000586, 1.904999999999999805, -1.905000000000000471 ) ) ;
#1531 = EDGE_CURVE ( 'NONE', #1045, #1271, #1192, .T. ) ;
#1532 = AXIS2_PLACEMENT_3D ( 'NONE', #1180, #1013, #1006 ) ;
#1533 = ORIENTED_EDGE ( 'NONE', *, *, #1327, .T. ) ;
#1534 = DIRECTION ( 'NONE',  ( -0.000000000000000000, 1.000000000000000000, -0.000000000000000000 ) ) ;
#1535 = DIRECTION ( 'NONE',  ( 0.000000000000000000, 0.000000000000000000, -1.000000000000000000 ) ) ;
#1536 = EDGE_CURVE ( 'NONE', #1243, #693, #1282, .T. ) ;
#1537 = CARTESIAN_POINT ( 'NONE',  ( -2.247046349997106507, 0.008204366828386483804, 0.3534711322214090234 ) ) ;
#1538 = DIRECTION ( 'NONE',  ( 0.000000000000000000, -1.000000000000000000, 0.000000000000000000 ) ) ;
#1539 = CIRCLE ( 'NONE', #372, 0.2540000000000000591 ) ;
#1540 = CARTESIAN_POINT ( 'NONE',  ( 3.160000012243899370, 1.642644363216151371, 1.905000000000000249 ) ) ;
#1541 = AXIS2_PLACEMENT_3D ( 'NONE', #1250, #1490, #404 ) ;
#1542 = EDGE_CURVE ( 'NONE', #732, #1056, #1305, .T. ) ;
#1543 = CARTESIAN_POINT ( 'NONE',  ( -3.192023751578338508, 0.3338286922268002277, -0.6533775180816874251 ) ) ;
#1544 = CARTESIAN_POINT ( 'NONE',  ( 3.810000000000000497, 1.904999999999999583, 1.255000000000000115 ) ) ;
#1545 = CARTESIAN_POINT ( 'NONE',  ( -3.160000000000000586, 6.969999999999998863, -1.255000000000000115 ) ) ;
#1546 = VERTEX_POINT ( 'NONE', #1097 ) ;
#1547 = CARTESIAN_POINT ( 'NONE',  ( 1.921514050554617103, 0.07083637072911441734, 0.6196808556765991405 ) ) ;
#1548 = CARTESIAN_POINT ( 'NONE',  ( -2.794000000000045780, 0.03378315915836149069, 0.05634270521062084008 ) ) ;
#1549 =( GEOMETRIC_REPRESENTATION_CONTEXT ( 3 ) GLOBAL_UNCERTAINTY_ASSIGNED_CONTEXT ( ( #148 ) ) GLOBAL_UNIT_ASSIGNED_CONTEXT ( ( #55, #1505, #641 ) ) REPRESENTATION_CONTEXT ( 'NONE', 'WORKASPACE' ) );
#1550 = CARTESIAN_POINT ( 'NONE',  ( -3.160000000000000586, 1.904999999999999583, -1.255000000000000115 ) ) ;
#1551 = CARTESIAN_POINT ( 'NONE',  ( 3.160000000000000586, 6.969999999999998863, 1.255000000000000115 ) ) ;
#1552 = EDGE_CURVE ( 'NONE', #701, #1253, #1562, .T. ) ;
#1553 = B_SPLINE_CURVE_WITH_KNOTS ( 'NONE', 3,
 ( #1101, #1262, #900, #419, #158, #997, #1404, #1498, #171, #644, #358, #930 ),
 .UNSPECIFIED., .F., .F.,
 ( 4, 2, 2, 2, 2, 4 ),
 ( 0.000000000000000000, 0.0006521344281232922032, 0.001304268856246584406, 0.001956403284369876826, 0.002282470498431522603, 0.002608537712493168379 ),
 .UNSPECIFIED. ) ;
#1554 = CARTESIAN_POINT ( 'NONE',  ( 3.104464774512154079, 0.2482500256951165329, 0.5076948124116037464 ) ) ;
#1555 = CARTESIAN_POINT ( 'NONE',  ( 2.840950599519237230, 0.01682969317615149243, -0.4207231654235026319 ) ) ;
#1556 = AXIS2_PLACEMENT_3D ( 'NONE', #57, #202, #1444 ) ;
#1557 = CARTESIAN_POINT ( 'NONE',  ( 3.053336227209051845, 1.036620681845327852, 1.714072797414271987 ) ) ;
#1558 = MANIFOLD_SOLID_BREP ( 'Mirror2[3]', #1570 ) ;
#1559 =( NAMED_UNIT ( * ) SI_UNIT ( $, .STERADIAN. ) SOLID_ANGLE_UNIT ( ) );
#1560 = DIRECTION ( 'NONE',  ( 0.000000000000000000, -0.000000000000000000, 1.000000000000000000 ) ) ;
#1561 = CARTESIAN_POINT ( 'NONE',  ( -2.168404344971008868E-16, 6.969999999999998863, 1.905000000000000027 ) ) ;
#1562 = B_SPLINE_CURVE_WITH_KNOTS ( 'NONE', 3,
 ( #328, #22, #1411, #1402, #1257, #1004, #1496, #518, #528, #907 ),
 .UNSPECIFIED., .F., .F.,
 ( 4, 2, 2, 2, 4 ),
 ( 5.431579125120235020E-20, 0.0007166385844313535912, 0.001433277168862706966, 0.002149915753294060448, 0.002866554337725413931 ),
 .UNSPECIFIED. ) ;
#1563 = EDGE_LOOP ( 'NONE', ( #705, #43 ) ) ;
#1564 = SURFACE_SIDE_STYLE ('',( #330 ) ) ;
#1565 = DIRECTION ( 'NONE',  ( 0.000000000000000000, 0.000000000000000000, 1.000000000000000000 ) ) ;
#1566 = EDGE_LOOP ( 'NONE', ( #657, #1070, #101, #576 ) ) ;
#1567 = CARTESIAN_POINT ( 'NONE',  ( 0.000000000000000000, 7.619999999999998330, 0.000000000000000000 ) ) ;
#1568 = CARTESIAN_POINT ( 'NONE',  ( -3.810000000000000941, -6.524317827685718691E-17, 0.2540000000000000036 ) ) ;
#1569 = AXIS2_PLACEMENT_3D ( 'NONE', #967, #1212, #1378 ) ;
#1570 = CLOSED_SHELL ( 'NONE', ( #451, #1093, #871, #421 ) ) ;
#1571 = CARTESIAN_POINT ( 'NONE',  ( 3.160000000000000586, 6.969999999999998863, 0.000000000000000000 ) ) ;
#1572 = ADVANCED_FACE ( 'NONE', ( #290 ), #1384, .T. ) ;
ENDSEC;
END-ISO-10303-21;
